9997.903769000	1.344633698	5.006600000E-06	
9997.421641000	1.344633698	5.007400000E-06	
9996.939514000	1.344633579	5.010300000E-06	
9996.457386000	1.344634652	5.013700000E-06	
9995.975258000	1.344634533	5.015400000E-06	
9995.493130000	1.344635248	5.014300000E-06	
9995.011002000	1.344635129	5.011900000E-06	
9994.528874000	1.344635606	5.009600000E-06	
9994.046746000	1.344635487	5.008500000E-06	
9993.564618000	1.344635963	5.009300000E-06	
9993.082490000	1.344635725	5.011700000E-06	
9992.600362000	1.344636202	5.014100000E-06	
9992.118234000	1.344635963	5.015000000E-06	
9991.636106000	1.344636321	5.014400000E-06	
9991.153978000	1.344636202	5.013300000E-06	
9990.671850000	1.344636440	5.012100000E-06	
9990.189722000	1.344636321	5.011800000E-06	
9989.707594000	1.344636559	5.012900000E-06	
9989.225466000	1.344636440	5.015000000E-06	
9988.743338000	1.344636679	5.017000000E-06	
9988.261210000	1.344636559	5.018700000E-06	
9987.779082000	1.344636798	5.020000000E-06	
9987.296954000	1.344636559	5.020700000E-06	
9986.814826000	1.344636798	5.020900000E-06	
9986.332698000	1.344636679	5.021000000E-06	
9985.850570000	1.344636917	5.021500000E-06	
9985.368442000	1.344636679	5.022300000E-06	
9984.886314000	1.344636917	5.023600000E-06	
9984.404186000	1.344636798	5.025600000E-06	
9983.922058000	1.344636917	5.027900000E-06	
9983.439930000	1.344636798	5.030300000E-06	
9982.957802000	1.344637036	5.032500000E-06	
9982.475674000	1.344636798	5.034500000E-06	
9981.993546000	1.344637036	5.036000000E-06	
9981.511418000	1.344636798	5.037300000E-06	
9981.029290000	1.344637036	5.038700000E-06	
9980.547162000	1.344636917	5.040500000E-06	
9980.065034000	1.344637036	5.042400000E-06	
9979.582906000	1.344636917	5.044400000E-06	
9979.100778000	1.344637036	5.046300000E-06	
9978.618650000	1.344636917	5.047800000E-06	
9978.136522000	1.344637036	5.048900000E-06	
9977.654394000	1.344636917	5.050000000E-06	
9977.172266000	1.344637036	5.051000000E-06	
9976.690138000	1.344636917	5.051700000E-06	
9976.208010000	1.344637036	5.052100000E-06	
9975.725882000	1.344636917	5.052100000E-06	
9975.243754000	1.344637036	5.051600000E-06	
9974.761627000	1.344636917	5.050800000E-06	
9974.279499000	1.344637036	5.050100000E-06	
9973.797371000	1.344636917	5.049800000E-06	
9973.315243000	1.344637036	5.049700000E-06	
9972.833115000	1.344636917	5.050000000E-06	
9972.350987000	1.344637036	5.050600000E-06	
9971.868859000	1.344636917	5.051400000E-06	
9971.386731000	1.344637036	5.052200000E-06	
9970.904603000	1.344636917	5.053300000E-06	
9970.422475000	1.344637036	5.054300000E-06	
9969.940347000	1.344636798	5.054900000E-06	
9969.458219000	1.344637036	5.055100000E-06	
9968.976091000	1.344636798	5.054900000E-06	
9968.493963000	1.344636917	5.054300000E-06	
9968.011835000	1.344636798	5.053500000E-06	
9967.529707000	1.344636917	5.052800000E-06	
9967.047579000	1.344636798	5.052500000E-06	
9966.565451000	1.344636917	5.052300000E-06	
9966.083323000	1.344636798	5.052300000E-06	
9965.601195000	1.344636917	5.052400000E-06	
9965.119067000	1.344636798	5.052400000E-06	
9964.636939000	1.344636917	5.052000000E-06	
9964.154811000	1.344636679	5.051600000E-06	
9963.672683000	1.344636798	5.051200000E-06	
9963.190555000	1.344636679	5.050800000E-06	
9962.708427000	1.344636798	5.050700000E-06	
9962.226299000	1.344636679	5.051100000E-06	
9961.744171000	1.344636798	5.051900000E-06	
9961.262043000	1.344636679	5.053100000E-06	
9960.779915000	1.344636798	5.054600000E-06	
9960.297787000	1.344636559	5.056300000E-06	
9959.815659000	1.344636679	5.058300000E-06	
9959.333531000	1.344636559	5.060400000E-06	
9958.851403000	1.344636679	5.063000000E-06	
9958.369275000	1.344636559	5.065800000E-06	
9957.887147000	1.344636679	5.068600000E-06	
9957.405019000	1.344636440	5.071400000E-06	
9956.922891000	1.344636559	5.073900000E-06	
9956.440763000	1.344636440	5.076000000E-06	
9955.958635000	1.344636559	5.077900000E-06	
9955.476507000	1.344636440	5.079800000E-06	
9954.994379000	1.344636559	5.081700000E-06	
9954.512251000	1.344636440	5.083700000E-06	
9954.030123000	1.344636440	5.085800000E-06	
9953.547995000	1.344636321	5.088000000E-06	
9953.065867000	1.344636440	5.090200000E-06	
9952.583739000	1.344636321	5.092600000E-06	
9952.101612000	1.344636440	5.095100000E-06	
9951.619484000	1.344636321	5.097300000E-06	
9951.137356000	1.344636440	5.099000000E-06	
9950.655228000	1.344636202	5.100200000E-06	
9950.173100000	1.344636321	5.100800000E-06	
9949.690972000	1.344636202	5.101200000E-06	
9949.208844000	1.344636321	5.101600000E-06	
9948.726716000	1.344636202	5.102400000E-06	
9948.244588000	1.344636321	5.103500000E-06	
9947.762460000	1.344636083	5.104700000E-06	
9947.280332000	1.344636202	5.105600000E-06	
9946.798204000	1.344636083	5.106100000E-06	
9946.316076000	1.344636202	5.106200000E-06	
9945.833948000	1.344636083	5.106200000E-06	
9945.351820000	1.344636202	5.106500000E-06	
9944.869692000	1.344635963	5.107000000E-06	
9944.387564000	1.344636083	5.107600000E-06	
9943.905436000	1.344635963	5.108200000E-06	
9943.423308000	1.344636083	5.108600000E-06	
9942.941180000	1.344635963	5.108700000E-06	
9942.459052000	1.344636083	5.108700000E-06	
9941.976924000	1.344635844	5.108900000E-06	
9941.494796000	1.344635963	5.109500000E-06	
9941.012668000	1.344635844	5.110400000E-06	
9940.530540000	1.344635963	5.111500000E-06	
9940.048412000	1.344635844	5.112800000E-06	
9939.566284000	1.344635844	5.114200000E-06	
9939.084156000	1.344635725	5.115600000E-06	
9938.602028000	1.344635844	5.116600000E-06	
9938.119900000	1.344635725	5.117200000E-06	
9937.637772000	1.344635844	5.117300000E-06	
9937.155644000	1.344635606	5.117200000E-06	
9936.673516000	1.344635725	5.117300000E-06	
9936.191388000	1.344635606	5.117900000E-06	
9935.709260000	1.344635725	5.119000000E-06	
9935.227132000	1.344635606	5.120300000E-06	
9934.745004000	1.344635725	5.121400000E-06	
9934.262876000	1.344635487	5.122100000E-06	
9933.780748000	1.344635606	5.122300000E-06	
9933.298620000	1.344635487	5.122400000E-06	
9932.816492000	1.344635606	5.122700000E-06	
9932.334364000	1.344635367	5.123400000E-06	
9931.852236000	1.344635487	5.124600000E-06	
9931.370108000	1.344635367	5.126100000E-06	
9930.887980000	1.344635487	5.127400000E-06	
9930.405852000	1.344635367	5.128500000E-06	
9929.923725000	1.344635487	5.129400000E-06	
9929.441597000	1.344635248	5.130100000E-06	
9928.959469000	1.344635367	5.130700000E-06	
9928.477341000	1.344635248	5.131200000E-06	
9927.995213000	1.344635367	5.131500000E-06	
9927.513085000	1.344635129	5.131300000E-06	
9927.030957000	1.344635248	5.130600000E-06	
9926.548829000	1.344635129	5.129200000E-06	
9926.066701000	1.344635248	5.127400000E-06	
9925.584573000	1.344635129	5.125600000E-06	
9925.102445000	1.344635248	5.123900000E-06	
9924.620317000	1.344635010	5.122800000E-06	
9924.138189000	1.344635129	5.122000000E-06	
9923.656061000	1.344635010	5.121700000E-06	
9923.173933000	1.344635129	5.121600000E-06	
9922.691805000	1.344634891	5.121600000E-06	
9922.209677000	1.344635010	5.121700000E-06	
9921.727549000	1.344634891	5.121800000E-06	
9921.245421000	1.344635010	5.121800000E-06	
9920.763293000	1.344634891	5.121700000E-06	
9920.281165000	1.344634891	5.121700000E-06	
9919.799037000	1.344634771	5.121700000E-06	
9919.316909000	1.344634891	5.121700000E-06	
9918.834781000	1.344634771	5.121700000E-06	
9918.352653000	1.344634891	5.121400000E-06	
9917.870525000	1.344634652	5.120900000E-06	
9917.388397000	1.344634771	5.120200000E-06	
9916.906269000	1.344634652	5.119100000E-06	
9916.424141000	1.344634771	5.118000000E-06	
9915.942013000	1.344634533	5.116600000E-06	
9915.459885000	1.344634652	5.115000000E-06	
9914.977757000	1.344634533	5.113100000E-06	
9914.495629000	1.344634652	5.111000000E-06	
9914.013501000	1.344634533	5.108800000E-06	
9913.531373000	1.344634533	5.106600000E-06	
9913.049245000	1.344634414	5.104700000E-06	
9912.567117000	1.344634533	5.103000000E-06	
9912.084989000	1.344634414	5.101500000E-06	
9911.602861000	1.344634533	5.100200000E-06	
9911.120733000	1.344634295	5.099000000E-06	
9910.638605000	1.344634414	5.098100000E-06	
9910.156477000	1.344634295	5.097200000E-06	
9909.674349000	1.344634414	5.096300000E-06	
9909.192221000	1.344634175	5.095100000E-06	
9908.710093000	1.344634295	5.093300000E-06	
9908.227965000	1.344634175	5.090800000E-06	
9907.745838000	1.344634295	5.088000000E-06	
9907.263710000	1.344634056	5.085200000E-06	
9906.781582000	1.344634175	5.082700000E-06	
9906.299454000	1.344634056	5.080800000E-06	
9905.817326000	1.344634175	5.079300000E-06	
9905.335198000	1.344633937	5.078200000E-06	
9904.853070000	1.344634056	5.077200000E-06	
9904.370942000	1.344633937	5.076400000E-06	
9903.888814000	1.344634056	5.075800000E-06	
9903.406686000	1.344633818	5.075400000E-06	
9902.924558000	1.344633937	5.075100000E-06	
9902.442430000	1.344633818	5.075000000E-06	
9901.960302000	1.344633937	5.074800000E-06	
9901.478174000	1.344633698	5.074600000E-06	
9900.996046000	1.344633818	5.074300000E-06	
9900.513918000	1.344633698	5.074000000E-06	
9900.031790000	1.344633818	5.074000000E-06	
9899.549662000	1.344633579	5.074200000E-06	
9899.067534000	1.344633698	5.074600000E-06	
9898.585406000	1.344633579	5.075000000E-06	
9898.103278000	1.344633698	5.075400000E-06	
9897.621150000	1.344633460	5.075700000E-06	
9897.139022000	1.344633579	5.075900000E-06	
9896.656894000	1.344633460	5.076100000E-06	
9896.174766000	1.344633579	5.076200000E-06	
9895.692638000	1.344633341	5.076400000E-06	
9895.210510000	1.344633460	5.076800000E-06	
9894.728382000	1.344633341	5.077500000E-06	
9894.246254000	1.344633460	5.078600000E-06	
9893.764126000	1.344633222	5.079800000E-06	
9893.281998000	1.344633341	5.081300000E-06	
9892.799870000	1.344633222	5.082500000E-06	
9892.317742000	1.344633341	5.083500000E-06	
9891.835614000	1.344633102	5.084400000E-06	
9891.353486000	1.344633222	5.085400000E-06	
9890.871358000	1.344633102	5.086800000E-06	
9890.389230000	1.344633222	5.088400000E-06	
9889.907102000	1.344632983	5.090400000E-06	
9889.424974000	1.344633102	5.092300000E-06	
9888.942846000	1.344632983	5.093700000E-06	
9888.460718000	1.344633102	5.094800000E-06	
9887.978590000	1.344632864	5.095600000E-06	
9887.496462000	1.344632983	5.096600000E-06	
9887.014334000	1.344632864	5.097700000E-06	
9886.532206000	1.344632983	5.099300000E-06	
9886.050078000	1.344632745	5.100600000E-06	
9885.567951000	1.344632864	5.101200000E-06	
9885.085823000	1.344632745	5.102100000E-06	
9884.603695000	1.344632864	5.104200000E-06	
9884.121567000	1.344632626	5.106700000E-06	
9883.639439000	1.344632745	5.109300000E-06	
9883.157311000	1.344632626	5.111800000E-06	
9882.675183000	1.344632626	5.113700000E-06	
9882.193055000	1.344632506	5.114900000E-06	
9881.710927000	1.344632626	5.116100000E-06	
9881.228799000	1.344632506	5.117400000E-06	
9880.746671000	1.344632626	5.118300000E-06	
9880.264543000	1.344632387	5.118800000E-06	
9879.782415000	1.344632506	5.119300000E-06	
9879.300287000	1.344632387	5.119400000E-06	
9878.818159000	1.344632506	5.119200000E-06	
9878.336031000	1.344632268	5.119500000E-06	
9877.853903000	1.344632387	5.120700000E-06	
9877.371775000	1.344632268	5.122300000E-06	
9876.889647000	1.344632387	5.123600000E-06	
9876.407519000	1.344632149	5.124800000E-06	
9875.925391000	1.344632268	5.125500000E-06	
9875.443263000	1.344632149	5.125600000E-06	
9874.961135000	1.344632268	5.125700000E-06	
9874.479007000	1.344632030	5.126200000E-06	
9873.996879000	1.344632149	5.126600000E-06	
9873.514751000	1.344632030	5.127000000E-06	
9873.032623000	1.344632149	5.127600000E-06	
9872.550495000	1.344631910	5.128100000E-06	
9872.068367000	1.344632030	5.128100000E-06	
9871.586239000	1.344631910	5.127700000E-06	
9871.104111000	1.344632030	5.127400000E-06	
9870.621983000	1.344631791	5.126700000E-06	
9870.139855000	1.344631910	5.125400000E-06	
9869.657727000	1.344631791	5.124100000E-06	
9869.175599000	1.344631910	5.123000000E-06	
9868.693471000	1.344631672	5.122400000E-06	
9868.211343000	1.344631791	5.122900000E-06	
9867.729215000	1.344631672	5.124400000E-06	
9867.247087000	1.344631791	5.125800000E-06	
9866.764959000	1.344631553	5.126200000E-06	
9866.282831000	1.344631672	5.126000000E-06	
9865.800703000	1.344631553	5.125900000E-06	
9865.318575000	1.344631553	5.126000000E-06	
9864.836447000	1.344631433	5.126500000E-06	
9864.354319000	1.344631553	5.127000000E-06	
9863.872191000	1.344631433	5.126500000E-06	
9863.390063000	1.344631433	5.124800000E-06	
9862.907936000	1.344631314	5.122800000E-06	
9862.425808000	1.344631433	5.121400000E-06	
9861.943680000	1.344631314	5.120400000E-06	
9861.461552000	1.344631314	5.120200000E-06	
9860.979424000	1.344631195	5.121300000E-06	
9860.497296000	1.344631314	5.123000000E-06	
9860.015168000	1.344631076	5.124400000E-06	
9859.533040000	1.344631195	5.124900000E-06	
9859.050912000	1.344631076	5.124200000E-06	
9858.568784000	1.344631195	5.122400000E-06	
9858.086656000	1.344630957	5.121000000E-06	
9857.604528000	1.344631076	5.121100000E-06	
9857.122400000	1.344630957	5.122300000E-06	
9856.640272000	1.344631076	5.123500000E-06	
9856.158144000	1.344630837	5.124400000E-06	
9855.676016000	1.344630957	5.125000000E-06	
9855.193888000	1.344630837	5.125000000E-06	
9854.711760000	1.344630957	5.124700000E-06	
9854.229632000	1.344630718	5.124700000E-06	
9853.747504000	1.344630837	5.124800000E-06	
9853.265376000	1.344630718	5.124700000E-06	
9852.783248000	1.344630837	5.124800000E-06	
9852.301120000	1.344630599	5.124800000E-06	
9851.818992000	1.344630718	5.123900000E-06	
9851.336864000	1.344630599	5.122400000E-06	
9850.854736000	1.344630718	5.120900000E-06	
9850.372608000	1.344630480	5.120100000E-06	
9849.890480000	1.344630599	5.120100000E-06	
9849.408352000	1.344630480	5.121300000E-06	
9848.926224000	1.344630480	5.123500000E-06	
9848.444096000	1.344630361	5.125500000E-06	
9847.961968000	1.344630480	5.126600000E-06	
9847.479840000	1.344630361	5.127000000E-06	
9846.997712000	1.344630361	5.126900000E-06	
9846.515584000	1.344630241	5.126000000E-06	
9846.033456000	1.344630361	5.124500000E-06	
9845.551328000	1.344630241	5.122500000E-06	
9845.069200000	1.344630241	5.120000000E-06	
9844.587072000	1.344630122	5.117700000E-06	
9844.104944000	1.344630241	5.116800000E-06	
9843.622816000	1.344630003	5.117000000E-06	
9843.140688000	1.344630122	5.117400000E-06	
9842.658560000	1.344630003	5.117700000E-06	
9842.176432000	1.344630122	5.118400000E-06	
9841.694304000	1.344629884	5.119200000E-06	
9841.212176000	1.344630003	5.119700000E-06	
9840.730049000	1.344629884	5.119900000E-06	
9840.247921000	1.344630003	5.119400000E-06	
9839.765793000	1.344629765	5.118300000E-06	
9839.283665000	1.344629884	5.117400000E-06	
9838.801537000	1.344629765	5.116800000E-06	
9838.319409000	1.344629884	5.115900000E-06	
9837.837281000	1.344629645	5.114500000E-06	
9837.355153000	1.344629765	5.113600000E-06	
9836.873025000	1.344629645	5.113600000E-06	
9836.390897000	1.344629645	5.114200000E-06	
9835.908769000	1.344629526	5.115300000E-06	
9835.426641000	1.344629645	5.116600000E-06	
9834.944513000	1.344629526	5.117500000E-06	
9834.462385000	1.344629526	5.117700000E-06	
9833.980257000	1.344629407	5.117600000E-06	
9833.498129000	1.344629526	5.117600000E-06	
9833.016001000	1.344629288	5.117500000E-06	
9832.533873000	1.344629407	5.117800000E-06	
9832.051745000	1.344629288	5.118500000E-06	
9831.569617000	1.344629407	5.119400000E-06	
9831.087489000	1.344629169	5.120300000E-06	
9830.605361000	1.344629288	5.121400000E-06	
9830.123233000	1.344629169	5.122700000E-06	
9829.641105000	1.344629169	5.123000000E-06	
9829.158977000	1.344629049	5.122500000E-06	
9828.676849000	1.344629169	5.122000000E-06	
9828.194721000	1.344629049	5.121900000E-06	
9827.712593000	1.344629049	5.122200000E-06	
9827.230465000	1.344628930	5.123000000E-06	
9826.748337000	1.344629049	5.123800000E-06	
9826.266209000	1.344628811	5.124400000E-06	
9825.784081000	1.344628930	5.124800000E-06	
9825.301953000	1.344628811	5.125700000E-06	
9824.819825000	1.344628930	5.126800000E-06	
9824.337697000	1.344628692	5.127800000E-06	
9823.855569000	1.344628811	5.129600000E-06	
9823.373441000	1.344628692	5.132300000E-06	
9822.891313000	1.344628811	5.134900000E-06	
9822.409185000	1.344628572	5.136600000E-06	
9821.927057000	1.344628692	5.137200000E-06	
9821.444929000	1.344628572	5.136700000E-06	
9820.962801000	1.344628692	5.135500000E-06	
9820.480673000	1.344628453	5.134500000E-06	
9819.998545000	1.344628572	5.134300000E-06	
9819.516417000	1.344628453	5.134500000E-06	
9819.034289000	1.344628453	5.135000000E-06	
9818.552162000	1.344628334	5.135400000E-06	
9818.070034000	1.344628453	5.135300000E-06	
9817.587906000	1.344628334	5.134100000E-06	
9817.105778000	1.344628334	5.132800000E-06	
9816.623650000	1.344628215	5.132200000E-06	
9816.141522000	1.344628334	5.132100000E-06	
9815.659394000	1.344628096	5.132400000E-06	
9815.177266000	1.344628215	5.133300000E-06	
9814.695138000	1.344628096	5.134500000E-06	
9814.213010000	1.344628215	5.135500000E-06	
9813.730882000	1.344627976	5.136000000E-06	
9813.248754000	1.344628096	5.136300000E-06	
9812.766626000	1.344627976	5.135900000E-06	
9812.284498000	1.344627976	5.135400000E-06	
9811.802370000	1.344627857	5.135400000E-06	
9811.320242000	1.344627976	5.135800000E-06	
9810.838114000	1.344627857	5.136100000E-06	
9810.355986000	1.344627857	5.136400000E-06	
9809.873858000	1.344627738	5.137100000E-06	
9809.391730000	1.344627857	5.137500000E-06	
9808.909602000	1.344627619	5.137500000E-06	
9808.427474000	1.344627738	5.137400000E-06	
9807.945346000	1.344627619	5.137800000E-06	
9807.463218000	1.344627738	5.138500000E-06	
9806.981090000	1.344627500	5.139400000E-06	
9806.498962000	1.344627619	5.140600000E-06	
9806.016834000	1.344627500	5.141400000E-06	
9805.534706000	1.344627500	5.141900000E-06	
9805.052578000	1.344627380	5.142700000E-06	
9804.570450000	1.344627500	5.143400000E-06	
9804.088322000	1.344627380	5.143400000E-06	
9803.606194000	1.344627380	5.142900000E-06	
9803.124066000	1.344627261	5.142800000E-06	
9802.641938000	1.344627380	5.143300000E-06	
9802.159810000	1.344627142	5.144200000E-06	
9801.677682000	1.344627261	5.145600000E-06	
9801.195554000	1.344627142	5.147300000E-06	
9800.713426000	1.344627261	5.148800000E-06	
9800.231298000	1.344627023	5.149800000E-06	
9799.749170000	1.344627142	5.150300000E-06	
9799.267042000	1.344627023	5.150200000E-06	
9798.784914000	1.344627142	5.150000000E-06	
9798.302786000	1.344626904	5.151000000E-06	
9797.820658000	1.344627023	5.153700000E-06	
9797.338530000	1.344626904	5.156600000E-06	
9796.856402000	1.344626904	5.158700000E-06	
9796.374275000	1.344626784	5.159400000E-06	
9795.892147000	1.344626904	5.158700000E-06	
9795.410019000	1.344626784	5.156900000E-06	
9794.927891000	1.344626784	5.154900000E-06	
9794.445763000	1.344626665	5.153300000E-06	
9793.963635000	1.344626784	5.151700000E-06	
9793.481507000	1.344626546	5.150200000E-06	
9792.999379000	1.344626665	5.149200000E-06	
9792.517251000	1.344626546	5.148400000E-06	
9792.035123000	1.344626665	5.147600000E-06	
9791.552995000	1.344626427	5.147100000E-06	
9791.070867000	1.344626546	5.147200000E-06	
9790.588739000	1.344626427	5.147800000E-06	
9790.106611000	1.344626427	5.148700000E-06	
9789.624483000	1.344626307	5.150200000E-06	
9789.142355000	1.344626427	5.151500000E-06	
9788.660227000	1.344626307	5.151800000E-06	
9788.178099000	1.344626307	5.151300000E-06	
9787.695971000	1.344626188	5.150600000E-06	
9787.213843000	1.344626307	5.150200000E-06	
9786.731715000	1.344626069	5.150500000E-06	
9786.249587000	1.344626188	5.151700000E-06	
9785.767459000	1.344626069	5.153100000E-06	
9785.285331000	1.344626069	5.154000000E-06	
9784.803203000	1.344625950	5.154500000E-06	
9784.321075000	1.344626069	5.155300000E-06	
9783.838947000	1.344625950	5.155500000E-06	
9783.356819000	1.344625950	5.154800000E-06	
9782.874691000	1.344625831	5.153500000E-06	
9782.392563000	1.344625950	5.152200000E-06	
9781.910435000	1.344625711	5.151500000E-06	
9781.428307000	1.344625831	5.151900000E-06	
9780.946179000	1.344625711	5.153400000E-06	
9780.464051000	1.344625831	5.155300000E-06	
9779.981923000	1.344625592	5.157200000E-06	
9779.499795000	1.344625711	5.159600000E-06	
9779.017667000	1.344625592	5.162200000E-06	
9778.535539000	1.344625592	5.164300000E-06	
9778.053411000	1.344625473	5.165300000E-06	
9777.571283000	1.344625592	5.165400000E-06	
9777.089155000	1.344625473	5.164700000E-06	
9776.607027000	1.344625473	5.163600000E-06	
9776.124899000	1.344625354	5.163000000E-06	
9775.642771000	1.344625473	5.163300000E-06	
9775.160643000	1.344625235	5.164100000E-06	
9774.678515000	1.344625354	5.165400000E-06	
9774.196387000	1.344625235	5.167300000E-06	
9773.714260000	1.344625354	5.169100000E-06	
9773.232132000	1.344625115	5.170000000E-06	
9772.750004000	1.344625235	5.170100000E-06	
9772.267876000	1.344625115	5.169300000E-06	
9771.785748000	1.344625115	5.167700000E-06	
9771.303620000	1.344624996	5.165900000E-06	
9770.821492000	1.344625115	5.164700000E-06	
9770.339364000	1.344624877	5.164100000E-06	
9769.857236000	1.344624996	5.163800000E-06	
9769.375108000	1.344624877	5.164100000E-06	
9768.892980000	1.344624996	5.165000000E-06	
9768.410852000	1.344624758	5.165800000E-06	
9767.928724000	1.344624877	5.166200000E-06	
9767.446596000	1.344624758	5.166400000E-06	
9766.964468000	1.344624758	5.166400000E-06	
9766.482340000	1.344624639	5.166000000E-06	
9766.000212000	1.344624758	5.165600000E-06	
9765.518084000	1.344624639	5.165400000E-06	
9765.035956000	1.344624639	5.164800000E-06	
9764.553828000	1.344624519	5.164300000E-06	
9764.071700000	1.344624639	5.164600000E-06	
9763.589572000	1.344624400	5.166100000E-06	
9763.107444000	1.344624519	5.168300000E-06	
9762.625316000	1.344624400	5.170800000E-06	
9762.143188000	1.344624400	5.173400000E-06	
9761.661060000	1.344624281	5.175100000E-06	
9761.178932000	1.344624400	5.176000000E-06	
9760.696804000	1.344624162	5.176800000E-06	
9760.214676000	1.344624281	5.177600000E-06	
9759.732548000	1.344624162	5.178400000E-06	
9759.250420000	1.344624281	5.179200000E-06	
9758.768292000	1.344624043	5.180300000E-06	
9758.286164000	1.344624162	5.181500000E-06	
9757.804036000	1.344624043	5.182900000E-06	
9757.321908000	1.344624043	5.185300000E-06	
9756.839780000	1.344623923	5.188600000E-06	
9756.357652000	1.344624043	5.192300000E-06	
9755.875524000	1.344623804	5.196400000E-06	
9755.393396000	1.344623923	5.200700000E-06	
9754.911268000	1.344623804	5.204500000E-06	
9754.429140000	1.344623923	5.207100000E-06	
9753.947012000	1.344623685	5.209000000E-06	
9753.464884000	1.344623804	5.210700000E-06	
9752.982756000	1.344623685	5.212800000E-06	
9752.500628000	1.344623685	5.215800000E-06	
9752.018500000	1.344623566	5.219700000E-06	
9751.536373000	1.344623685	5.223400000E-06	
9751.054245000	1.344623566	5.226100000E-06	
9750.572117000	1.344623566	5.228400000E-06	
9750.089989000	1.344623446	5.230600000E-06	
9749.607861000	1.344623566	5.232300000E-06	
9749.125733000	1.344623327	5.233500000E-06	
9748.643605000	1.344623446	5.234200000E-06	
9748.161477000	1.344623327	5.234800000E-06	
9747.679349000	1.344623446	5.235500000E-06	
9747.197221000	1.344623208	5.237000000E-06	
9746.715093000	1.344623327	5.238700000E-06	
9746.232965000	1.344623208	5.239800000E-06	
9745.750837000	1.344623327	5.240100000E-06	
9745.268709000	1.344623089	5.240000000E-06	
9744.786581000	1.344623208	5.239100000E-06	
9744.304453000	1.344623089	5.237400000E-06	
9743.822325000	1.344623208	5.235700000E-06	
9743.340197000	1.344622970	5.234100000E-06	
9742.858069000	1.344623089	5.232400000E-06	
9742.375941000	1.344622970	5.230800000E-06	
9741.893813000	1.344622970	5.229600000E-06	
9741.411685000	1.344622850	5.228600000E-06	
9740.929557000	1.344622970	5.227700000E-06	
9740.447429000	1.344622731	5.227200000E-06	
9739.965301000	1.344622850	5.226900000E-06	
9739.483173000	1.344622731	5.226400000E-06	
9739.001045000	1.344622850	5.225500000E-06	
9738.518917000	1.344622612	5.224600000E-06	
9738.036789000	1.344622731	5.223400000E-06	
9737.554661000	1.344622612	5.221800000E-06	
9737.072533000	1.344622731	5.220100000E-06	
9736.590405000	1.344622493	5.218600000E-06	
9736.108277000	1.344622612	5.216900000E-06	
9735.626149000	1.344622493	5.215000000E-06	
9735.144021000	1.344622493	5.213500000E-06	
9734.661893000	1.344622374	5.212900000E-06	
9734.179765000	1.344622493	5.212700000E-06	
9733.697637000	1.344622254	5.213300000E-06	
9733.215509000	1.344622374	5.214100000E-06	
9732.733381000	1.344622254	5.214400000E-06	
9732.251253000	1.344622374	5.213700000E-06	
9731.769125000	1.344622135	5.212600000E-06	
9731.286997000	1.344622254	5.211400000E-06	
9730.804869000	1.344622135	5.210400000E-06	
9730.322741000	1.344622135	5.210700000E-06	
9729.840613000	1.344622016	5.212600000E-06	
9729.358486000	1.344622135	5.215400000E-06	
9728.876358000	1.344621897	5.218400000E-06	
9728.394230000	1.344622016	5.221500000E-06	
9727.912102000	1.344621897	5.224100000E-06	
9727.429974000	1.344622016	5.226000000E-06	
9726.947846000	1.344621778	5.227400000E-06	
9726.465718000	1.344621897	5.228400000E-06	
9725.983590000	1.344621778	5.228700000E-06	
9725.501462000	1.344621778	5.228300000E-06	
9725.019334000	1.344621658	5.227500000E-06	
9724.537206000	1.344621778	5.226200000E-06	
9724.055078000	1.344621658	5.224300000E-06	
9723.572950000	1.344621658	5.222500000E-06	
9723.090822000	1.344621539	5.221500000E-06	
9722.608694000	1.344621658	5.221100000E-06	
9722.126566000	1.344621420	5.220700000E-06	
9721.644438000	1.344621539	5.220100000E-06	
9721.162310000	1.344621420	5.219000000E-06	
9720.680182000	1.344621539	5.217100000E-06	
9720.198054000	1.344621301	5.215100000E-06	
9719.715926000	1.344621420	5.213500000E-06	
9719.233798000	1.344621301	5.212000000E-06	
9718.751670000	1.344621301	5.210400000E-06	
9718.269542000	1.344621181	5.208800000E-06	
9717.787414000	1.344621301	5.207100000E-06	
9717.305286000	1.344621062	5.205400000E-06	
9716.823158000	1.344621181	5.203900000E-06	
9716.341030000	1.344621062	5.203100000E-06	
9715.858902000	1.344621181	5.202100000E-06	
9715.376774000	1.344620943	5.200300000E-06	
9714.894646000	1.344621062	5.197900000E-06	
9714.412518000	1.344620943	5.195100000E-06	
9713.930390000	1.344620943	5.191800000E-06	
9713.448262000	1.344620824	5.188100000E-06	
9712.966134000	1.344620943	5.184400000E-06	
9712.484006000	1.344620705	5.180900000E-06	
9712.001878000	1.344620824	5.178200000E-06	
9711.519750000	1.344620705	5.176900000E-06	
9711.037622000	1.344620824	5.177000000E-06	
9710.555494000	1.344620585	5.177600000E-06	
9710.073366000	1.344620705	5.178000000E-06	
9709.591238000	1.344620585	5.178500000E-06	
9709.109110000	1.344620585	5.178800000E-06	
9708.626982000	1.344620466	5.178600000E-06	
9708.144854000	1.344620585	5.178200000E-06	
9707.662726000	1.344620347	5.178000000E-06	
9707.180599000	1.344620466	5.178000000E-06	
9706.698471000	1.344620347	5.178000000E-06	
9706.216343000	1.344620347	5.178400000E-06	
9705.734215000	1.344620228	5.178600000E-06	
9705.252087000	1.344620347	5.178400000E-06	
9704.769959000	1.344620109	5.178200000E-06	
9704.287831000	1.344620228	5.178500000E-06	
9703.805703000	1.344620109	5.179100000E-06	
9703.323575000	1.344620228	5.179700000E-06	
9702.841447000	1.344619989	5.180400000E-06	
9702.359319000	1.344620109	5.180400000E-06	
9701.877191000	1.344619989	5.179300000E-06	
9701.395063000	1.344619989	5.177600000E-06	
9700.912935000	1.344619870	5.176300000E-06	
9700.430807000	1.344619989	5.175700000E-06	
9699.948679000	1.344619751	5.175700000E-06	
9699.466551000	1.344619870	5.176300000E-06	
9698.984423000	1.344619751	5.177100000E-06	
9698.502295000	1.344619870	5.177500000E-06	
9698.020167000	1.344619632	5.178000000E-06	
9697.538039000	1.344619751	5.178800000E-06	
9697.055911000	1.344619632	5.179300000E-06	
9696.573783000	1.344619632	5.179300000E-06	
9696.091655000	1.344619513	5.179000000E-06	
9695.609527000	1.344619632	5.178400000E-06	
9695.127399000	1.344619393	5.177300000E-06	
9694.645271000	1.344619513	5.175600000E-06	
9694.163143000	1.344619393	5.173800000E-06	
9693.681015000	1.344619513	5.171600000E-06	
9693.198887000	1.344619274	5.169600000E-06	
9692.716759000	1.344619393	5.168500000E-06	
9692.234631000	1.344619155	5.168200000E-06	
9691.752503000	1.344619274	5.168200000E-06	
9691.270375000	1.344619155	5.167900000E-06	
9690.788247000	1.344619274	5.167300000E-06	
9690.306119000	1.344619036	5.166100000E-06	
9689.823991000	1.344619155	5.164200000E-06	
9689.341863000	1.344619036	5.162500000E-06	
9688.859735000	1.344619036	5.161100000E-06	
9688.377607000	1.344618917	5.160100000E-06	
9687.895479000	1.344619036	5.159700000E-06	
9687.413351000	1.344618797	5.159900000E-06	
9686.931223000	1.344618917	5.160100000E-06	
9686.449095000	1.344618797	5.159900000E-06	
9685.966967000	1.344618797	5.159800000E-06	
9685.484839000	1.344618678	5.160400000E-06	
9685.002711000	1.344618797	5.162000000E-06	
9684.520584000	1.344618559	5.164100000E-06	
9684.038456000	1.344618678	5.166200000E-06	
9683.556328000	1.344618559	5.167200000E-06	
9683.074200000	1.344618678	5.166800000E-06	
9682.592072000	1.344618440	5.165500000E-06	
9682.109944000	1.344618559	5.164200000E-06	
9681.627816000	1.344618440	5.163100000E-06	
9681.145688000	1.344618440	5.162500000E-06	
9680.663560000	1.344618320	5.162600000E-06	
9680.181432000	1.344618440	5.162900000E-06	
9679.699304000	1.344618201	5.162900000E-06	
9679.217176000	1.344618320	5.162800000E-06	
9678.735048000	1.344618201	5.162900000E-06	
9678.252920000	1.344618201	5.163100000E-06	
9677.770792000	1.344618082	5.163300000E-06	
9677.288664000	1.344618201	5.163700000E-06	
9676.806536000	1.344617963	5.164100000E-06	
9676.324408000	1.344618082	5.164000000E-06	
9675.842280000	1.344617963	5.164100000E-06	
9675.360152000	1.344618082	5.164400000E-06	
9674.878024000	1.344617844	5.164700000E-06	
9674.395896000	1.344617963	5.165100000E-06	
9673.913768000	1.344617844	5.166000000E-06	
9673.431640000	1.344617844	5.167100000E-06	
9672.949512000	1.344617724	5.167600000E-06	
9672.467384000	1.344617844	5.167500000E-06	
9671.985256000	1.344617605	5.167000000E-06	
9671.503128000	1.344617724	5.165900000E-06	
9671.021000000	1.344617605	5.164400000E-06	
9670.538872000	1.344617724	5.163100000E-06	
9670.056744000	1.344617486	5.161800000E-06	
9669.574616000	1.344617605	5.160400000E-06	
9669.092488000	1.344617486	5.159300000E-06	
9668.610360000	1.344617486	5.158800000E-06	
9668.128232000	1.344617367	5.158500000E-06	
9667.646104000	1.344617486	5.158400000E-06	
9667.163976000	1.344617248	5.158900000E-06	
9666.681848000	1.344617367	5.160000000E-06	
9666.199720000	1.344617248	5.161100000E-06	
9665.717592000	1.344617248	5.162100000E-06	
9665.235464000	1.344617128	5.162900000E-06	
9664.753336000	1.344617248	5.163000000E-06	
9664.271208000	1.344617009	5.162400000E-06	
9663.789080000	1.344617128	5.161800000E-06	
9663.306952000	1.344617009	5.161300000E-06	
9662.824824000	1.344617009	5.160700000E-06	
9662.342697000	1.344616890	5.160000000E-06	
9661.860569000	1.344617009	5.159500000E-06	
9661.378441000	1.344616771	5.159100000E-06	
9660.896313000	1.344616890	5.158600000E-06	
9660.414185000	1.344616771	5.158300000E-06	
9659.932057000	1.344616890	5.158200000E-06	
9659.449929000	1.344616652	5.158300000E-06	
9658.967801000	1.344616771	5.158700000E-06	
9658.485673000	1.344616652	5.159600000E-06	
9658.003545000	1.344616652	5.160200000E-06	
9657.521417000	1.344616532	5.160000000E-06	
9657.039289000	1.344616652	5.159000000E-06	
9656.557161000	1.344616413	5.157600000E-06	
9656.075033000	1.344616532	5.156300000E-06	
9655.592905000	1.344616413	5.155300000E-06	
9655.110777000	1.344616413	5.155100000E-06	
9654.628649000	1.344616294	5.155400000E-06	
9654.146521000	1.344616413	5.155700000E-06	
9653.664393000	1.344616175	5.156200000E-06	
9653.182265000	1.344616294	5.156600000E-06	
9652.700137000	1.344616175	5.156700000E-06	
9652.218009000	1.344616175	5.156500000E-06	
9651.735881000	1.344616055	5.156800000E-06	
9651.253753000	1.344616175	5.157300000E-06	
9650.771625000	1.344615936	5.157400000E-06	
9650.289497000	1.344616055	5.157300000E-06	
9649.807369000	1.344615936	5.156900000E-06	
9649.325241000	1.344616055	5.156300000E-06	
9648.843113000	1.344615817	5.155700000E-06	
9648.360985000	1.344615936	5.155900000E-06	
9647.878857000	1.344615698	5.157000000E-06	
9647.396729000	1.344615817	5.158900000E-06	
9646.914601000	1.344615698	5.161300000E-06	
9646.432473000	1.344615817	5.163600000E-06	
9645.950345000	1.344615579	5.164500000E-06	
9645.468217000	1.344615698	5.164200000E-06	
9644.986089000	1.344615579	5.163600000E-06	
9644.503961000	1.344615579	5.163500000E-06	
9644.021833000	1.344615459	5.163800000E-06	
9643.539705000	1.344615579	5.164800000E-06	
9643.057577000	1.344615340	5.166200000E-06	
9642.575449000	1.344615459	5.167800000E-06	
9642.093321000	1.344615340	5.169400000E-06	
9641.611193000	1.344615340	5.171200000E-06	
9641.129065000	1.344615221	5.172900000E-06	
9640.646937000	1.344615340	5.173800000E-06	
9640.164810000	1.344615102	5.174400000E-06	
9639.682682000	1.344615221	5.174700000E-06	
9639.200554000	1.344615102	5.174600000E-06	
9638.718426000	1.344615221	5.174100000E-06	
9638.236298000	1.344614983	5.173800000E-06	
9637.754170000	1.344615102	5.173300000E-06	
9637.272042000	1.344614983	5.172400000E-06	
9636.789914000	1.344614983	5.171200000E-06	
9636.307786000	1.344614863	5.170400000E-06	
9635.825658000	1.344614983	5.170000000E-06	
9635.343530000	1.344614744	5.169900000E-06	
9634.861402000	1.344614863	5.170200000E-06	
9634.379274000	1.344614744	5.170400000E-06	
9633.897146000	1.344614744	5.170400000E-06	
9633.415018000	1.344614625	5.170700000E-06	
9632.932890000	1.344614744	5.171700000E-06	
9632.450762000	1.344614506	5.172500000E-06	
9631.968634000	1.344614625	5.172500000E-06	
9631.486506000	1.344614506	5.172100000E-06	
9631.004378000	1.344614625	5.171700000E-06	
9630.522250000	1.344614387	5.171500000E-06	
9630.040122000	1.344614506	5.171200000E-06	
9629.557994000	1.344614267	5.170900000E-06	
9629.075866000	1.344614387	5.170100000E-06	
9628.593738000	1.344614267	5.168600000E-06	
9628.111610000	1.344614387	5.167100000E-06	
9627.629482000	1.344614148	5.165500000E-06	
9627.147354000	1.344614267	5.163400000E-06	
9626.665226000	1.344614148	5.161200000E-06	
9626.183098000	1.344614148	5.159700000E-06	
9625.700970000	1.344614029	5.159300000E-06	
9625.218842000	1.344614148	5.159700000E-06	
9624.736714000	1.344613910	5.160600000E-06	
9624.254586000	1.344614029	5.161800000E-06	
9623.772458000	1.344613910	5.162500000E-06	
9623.290330000	1.344613910	5.162800000E-06	
9622.808202000	1.344613791	5.163300000E-06	
9622.326074000	1.344613910	5.163700000E-06	
9621.843946000	1.344613671	5.163900000E-06	
9621.361818000	1.344613791	5.164200000E-06	
9620.879690000	1.344613671	5.164800000E-06	
9620.397562000	1.344613671	5.165300000E-06	
9619.915434000	1.344613552	5.165700000E-06	
9619.433306000	1.344613671	5.166400000E-06	
9618.951178000	1.344613433	5.166900000E-06	
9618.469050000	1.344613552	5.166500000E-06	
9617.986923000	1.344613433	5.165700000E-06	
9617.504795000	1.344613433	5.164800000E-06	
9617.022667000	1.344613314	5.164000000E-06	
9616.540539000	1.344613433	5.163500000E-06	
9616.058411000	1.344613194	5.163300000E-06	
9615.576283000	1.344613314	5.162800000E-06	
9615.094155000	1.344613194	5.162100000E-06	
9614.612027000	1.344613194	5.161900000E-06	
9614.129899000	1.344613075	5.163000000E-06	
9613.647771000	1.344613194	5.164800000E-06	
9613.165643000	1.344612956	5.166800000E-06	
9612.683515000	1.344613075	5.168600000E-06	
9612.201387000	1.344612956	5.170200000E-06	
9611.719259000	1.344612956	5.171800000E-06	
9611.237131000	1.344612837	5.173700000E-06	
9610.755003000	1.344612956	5.175700000E-06	
9610.272875000	1.344612718	5.177000000E-06	
9609.790747000	1.344612837	5.177400000E-06	
9609.308619000	1.344612718	5.177600000E-06	
9608.826491000	1.344612837	5.177700000E-06	
9608.344363000	1.344612598	5.177500000E-06	
9607.862235000	1.344612718	5.177400000E-06	
9607.380107000	1.344612479	5.177800000E-06	
9606.897979000	1.344612598	5.178600000E-06	
9606.415851000	1.344612479	5.180000000E-06	
9605.933723000	1.344612598	5.182100000E-06	
9605.451595000	1.344612360	5.184500000E-06	
9604.969467000	1.344612479	5.186500000E-06	
9604.487339000	1.344612360	5.187900000E-06	
9604.005211000	1.344612360	5.188900000E-06	
9603.523083000	1.344612241	5.189700000E-06	
9603.040955000	1.344612360	5.190400000E-06	
9602.558827000	1.344612122	5.191400000E-06	
9602.076699000	1.344612241	5.192200000E-06	
9601.594571000	1.344612122	5.192100000E-06	
9601.112443000	1.344612122	5.191300000E-06	
9600.630315000	1.344612002	5.190700000E-06	
9600.148187000	1.344612122	5.190500000E-06	
9599.666059000	1.344611883	5.191000000E-06	
9599.183931000	1.344612002	5.192300000E-06	
9598.701803000	1.344611883	5.194200000E-06	
9598.219675000	1.344611883	5.195900000E-06	
9597.737547000	1.344611764	5.197000000E-06	
9597.255419000	1.344611883	5.197100000E-06	
9596.773291000	1.344611645	5.195700000E-06	
9596.291163000	1.344611764	5.193400000E-06	
9595.809035000	1.344611645	5.191700000E-06	
9595.326908000	1.344611645	5.191400000E-06	
9594.844780000	1.344611526	5.192200000E-06	
9594.362652000	1.344611645	5.193000000E-06	
9593.880524000	1.344611406	5.193700000E-06	
9593.398396000	1.344611526	5.193700000E-06	
9592.916268000	1.344611406	5.193500000E-06	
9592.434140000	1.344611526	5.193300000E-06	
9591.952012000	1.344611287	5.193500000E-06	
9591.469884000	1.344611406	5.193500000E-06	
9590.987756000	1.344611168	5.193500000E-06	
9590.505628000	1.344611287	5.193800000E-06	
9590.023500000	1.344611168	5.194200000E-06	
9589.541372000	1.344611287	5.194600000E-06	
9589.059244000	1.344611049	5.194800000E-06	
9588.577116000	1.344611168	5.195300000E-06	
9588.094988000	1.344611049	5.195600000E-06	
9587.612860000	1.344611049	5.196300000E-06	
9587.130732000	1.344610929	5.197500000E-06	
9586.648604000	1.344611049	5.199200000E-06	
9586.166476000	1.344610810	5.200600000E-06	
9585.684348000	1.344610929	5.201400000E-06	
9585.202220000	1.344610810	5.201600000E-06	
9584.720092000	1.344610810	5.201300000E-06	
9584.237964000	1.344610691	5.200900000E-06	
9583.755836000	1.344610810	5.200900000E-06	
9583.273708000	1.344610572	5.201300000E-06	
9582.791580000	1.344610691	5.201700000E-06	
9582.309452000	1.344610572	5.202500000E-06	
9581.827324000	1.344610572	5.203300000E-06	
9581.345196000	1.344610453	5.203700000E-06	
9580.863068000	1.344610572	5.203300000E-06	
9580.380940000	1.344610333	5.202900000E-06	
9579.898812000	1.344610453	5.202900000E-06	
9579.416684000	1.344610333	5.203300000E-06	
9578.934556000	1.344610333	5.204000000E-06	
9578.452428000	1.344610214	5.204700000E-06	
9577.970300000	1.344610333	5.205100000E-06	
9577.488172000	1.344610095	5.205400000E-06	
9577.006044000	1.344610214	5.206200000E-06	
9576.523916000	1.344610095	5.207400000E-06	
9576.041788000	1.344610095	5.208200000E-06	
9575.559660000	1.344609976	5.208500000E-06	
9575.077532000	1.344610095	5.208300000E-06	
9574.595404000	1.344609857	5.207600000E-06	
9574.113276000	1.344609976	5.206700000E-06	
9573.631148000	1.344609857	5.206300000E-06	
9573.149021000	1.344609857	5.206800000E-06	
9572.666893000	1.344609737	5.208000000E-06	
9572.184765000	1.344609857	5.210000000E-06	
9571.702637000	1.344609618	5.212300000E-06	
9571.220509000	1.344609737	5.214400000E-06	
9570.738381000	1.344609618	5.216100000E-06	
9570.256253000	1.344609618	5.217600000E-06	
9569.774125000	1.344609499	5.219100000E-06	
9569.291997000	1.344609618	5.220000000E-06	
9568.809869000	1.344609380	5.220900000E-06	
9568.327741000	1.344609499	5.222100000E-06	
9567.845613000	1.344609380	5.223800000E-06	
9567.363485000	1.344609380	5.225400000E-06	
9566.881357000	1.344609261	5.226900000E-06	
9566.399229000	1.344609380	5.228100000E-06	
9565.917101000	1.344609141	5.229000000E-06	
9565.434973000	1.344609261	5.230000000E-06	
9564.952845000	1.344609141	5.231400000E-06	
9564.470717000	1.344609141	5.233100000E-06	
9563.988589000	1.344609022	5.234500000E-06	
9563.506461000	1.344609141	5.235900000E-06	
9563.024333000	1.344608903	5.237100000E-06	
9562.542205000	1.344609022	5.237600000E-06	
9562.060077000	1.344608903	5.237800000E-06	
9561.577949000	1.344608903	5.238400000E-06	
9561.095821000	1.344608784	5.239600000E-06	
9560.613693000	1.344608903	5.240700000E-06	
9560.131565000	1.344608665	5.241500000E-06	
9559.649437000	1.344608784	5.241700000E-06	
9559.167309000	1.344608665	5.241400000E-06	
9558.685181000	1.344608784	5.240900000E-06	
9558.203053000	1.344608545	5.240900000E-06	
9557.720925000	1.344608665	5.241100000E-06	
9557.238797000	1.344608426	5.241200000E-06	
9556.756669000	1.344608545	5.241600000E-06	
9556.274541000	1.344608426	5.242300000E-06	
9555.792413000	1.344608545	5.242800000E-06	
9555.310285000	1.344608307	5.242800000E-06	
9554.828157000	1.344608426	5.242700000E-06	
9554.346029000	1.344608188	5.242900000E-06	
9553.863901000	1.344608307	5.243100000E-06	
9553.381773000	1.344608188	5.243400000E-06	
9552.899645000	1.344608307	5.243300000E-06	
9552.417517000	1.344608068	5.242700000E-06	
9551.935389000	1.344608188	5.242000000E-06	
9551.453261000	1.344607949	5.242400000E-06	
9550.971134000	1.344608068	5.244000000E-06	
9550.489006000	1.344607949	5.246200000E-06	
9550.006878000	1.344608068	5.248700000E-06	
9549.524750000	1.344607830	5.251100000E-06	
9549.042622000	1.344607949	5.252700000E-06	
9548.560494000	1.344607711	5.253200000E-06	
9548.078366000	1.344607830	5.252900000E-06	
9547.596238000	1.344607711	5.252200000E-06	
9547.114110000	1.344607830	5.251400000E-06	
9546.631982000	1.344607592	5.251200000E-06	
9546.149854000	1.344607711	5.252000000E-06	
9545.667726000	1.344607472	5.253400000E-06	
9545.185598000	1.344607592	5.255000000E-06	
9544.703470000	1.344607472	5.256800000E-06	
9544.221342000	1.344607592	5.258300000E-06	
9543.739214000	1.344607353	5.259000000E-06	
9543.257086000	1.344607472	5.259300000E-06	
9542.774958000	1.344607234	5.259900000E-06	
9542.292830000	1.344607353	5.260600000E-06	
9541.810702000	1.344607234	5.260800000E-06	
9541.328574000	1.344607353	5.260500000E-06	
9540.846446000	1.344607115	5.259700000E-06	
9540.364318000	1.344607234	5.258500000E-06	
9539.882190000	1.344607115	5.257700000E-06	
9539.400062000	1.344607115	5.257700000E-06	
9538.917934000	1.344606996	5.258400000E-06	
9538.435806000	1.344607115	5.259300000E-06	
9537.953678000	1.344606876	5.260500000E-06	
9537.471550000	1.344606996	5.261600000E-06	
9536.989422000	1.344606876	5.261800000E-06	
9536.507294000	1.344606876	5.261000000E-06	
9536.025166000	1.344606757	5.260100000E-06	
9535.543038000	1.344606876	5.259600000E-06	
9535.060910000	1.344606638	5.259600000E-06	
9534.578782000	1.344606757	5.260400000E-06	
9534.096654000	1.344606519	5.261500000E-06	
9533.614526000	1.344606638	5.262400000E-06	
9533.132398000	1.344606519	5.263000000E-06	
9532.650270000	1.344606638	5.263900000E-06	
9532.168142000	1.344606400	5.264800000E-06	
9531.686014000	1.344606519	5.265600000E-06	
9531.203886000	1.344606280	5.266600000E-06	
9530.721758000	1.344606400	5.267800000E-06	
9530.239630000	1.344606280	5.268900000E-06	
9529.757502000	1.344606400	5.269800000E-06	
9529.275374000	1.344606161	5.270700000E-06	
9528.793247000	1.344606280	5.271700000E-06	
9528.311119000	1.344606042	5.272800000E-06	
9527.828991000	1.344606161	5.274300000E-06	
9527.346863000	1.344606042	5.275800000E-06	
9526.864735000	1.344606161	5.277100000E-06	
9526.382607000	1.344605923	5.277900000E-06	
9525.900479000	1.344606042	5.278500000E-06	
9525.418351000	1.344605803	5.278800000E-06	
9524.936223000	1.344605923	5.278700000E-06	
9524.454095000	1.344605803	5.278800000E-06	
9523.971967000	1.344605803	5.279500000E-06	
9523.489839000	1.344605684	5.280500000E-06	
9523.007711000	1.344605803	5.281500000E-06	
9522.525583000	1.344605565	5.282600000E-06	
9522.043455000	1.344605684	5.283600000E-06	
9521.561327000	1.344605565	5.284200000E-06	
9521.079199000	1.344605684	5.284600000E-06	
9520.597071000	1.344605446	5.285200000E-06	
9520.114943000	1.344605565	5.285800000E-06	
9519.632815000	1.344605327	5.286100000E-06	
9519.150687000	1.344605446	5.286500000E-06	
9518.668559000	1.344605327	5.286800000E-06	
9518.186431000	1.344605327	5.286700000E-06	
9517.704303000	1.344605207	5.286900000E-06	
9517.222175000	1.344605327	5.287900000E-06	
9516.740047000	1.344605088	5.289200000E-06	
9516.257919000	1.344605207	5.290400000E-06	
9515.775791000	1.344605088	5.291500000E-06	
9515.293663000	1.344605088	5.292200000E-06	
9514.811535000	1.344604969	5.292400000E-06	
9514.329407000	1.344605088	5.292100000E-06	
9513.847279000	1.344604850	5.291800000E-06	
9513.365151000	1.344604969	5.291600000E-06	
9512.883023000	1.344604850	5.291700000E-06	
9512.400895000	1.344604850	5.292600000E-06	
9511.918767000	1.344604731	5.294000000E-06	
9511.436639000	1.344604850	5.295200000E-06	
9510.954511000	1.344604611	5.296200000E-06	
9510.472383000	1.344604731	5.297400000E-06	
9509.990255000	1.344604611	5.298800000E-06	
9509.508127000	1.344604611	5.300400000E-06	
9509.025999000	1.344604492	5.302300000E-06	
9508.543871000	1.344604611	5.304300000E-06	
9508.061743000	1.344604373	5.305700000E-06	
9507.579615000	1.344604492	5.306300000E-06	
9507.097487000	1.344604373	5.306500000E-06	
9506.615359000	1.344604373	5.306500000E-06	
9506.133232000	1.344604254	5.306900000E-06	
9505.651104000	1.344604373	5.308000000E-06	
9505.168976000	1.344604135	5.309800000E-06	
9504.686848000	1.344604254	5.311500000E-06	
9504.204720000	1.344604015	5.312800000E-06	
9503.722592000	1.344604135	5.314100000E-06	
9503.240464000	1.344604015	5.315300000E-06	
9502.758336000	1.344604135	5.316400000E-06	
9502.276208000	1.344603896	5.317700000E-06	
9501.794080000	1.344604015	5.319400000E-06	
9501.311952000	1.344603777	5.321300000E-06	
9500.829824000	1.344603896	5.323000000E-06	
9500.347696000	1.344603777	5.324500000E-06	
9499.865568000	1.344603777	5.325800000E-06	
9499.383440000	1.344603658	5.326800000E-06	
9498.901312000	1.344603777	5.328000000E-06	
9498.419184000	1.344603539	5.329400000E-06	
9497.937056000	1.344603658	5.330600000E-06	
9497.454928000	1.344603539	5.331900000E-06	
9496.972800000	1.344603539	5.333300000E-06	
9496.490672000	1.344603419	5.334700000E-06	
9496.008544000	1.344603539	5.335700000E-06	
9495.526416000	1.344603300	5.336800000E-06	
9495.044288000	1.344603419	5.338300000E-06	
9494.562160000	1.344603300	5.340400000E-06	
9494.080032000	1.344603300	5.342700000E-06	
9493.597904000	1.344603181	5.345400000E-06	
9493.115776000	1.344603300	5.348200000E-06	
9492.633648000	1.344603062	5.351100000E-06	
9492.151520000	1.344603181	5.354400000E-06	
9491.669392000	1.344602942	5.357700000E-06	
9491.187264000	1.344603062	5.360300000E-06	
9490.705136000	1.344602942	5.362300000E-06	
9490.223008000	1.344603062	5.364500000E-06	
9489.740880000	1.344602823	5.367200000E-06	
9489.258752000	1.344602942	5.370100000E-06	
9488.776624000	1.344602704	5.372700000E-06	
9488.294496000	1.344602823	5.374600000E-06	
9487.812368000	1.344602704	5.376000000E-06	
9487.330240000	1.344602704	5.376900000E-06	
9486.848112000	1.344602585	5.378500000E-06	
9486.365984000	1.344602704	5.380900000E-06	
9485.883856000	1.344602466	5.383800000E-06	
9485.401728000	1.344602585	5.387100000E-06	
9484.919600000	1.344602466	5.390600000E-06	
9484.437472000	1.344602466	5.393700000E-06	
9483.955345000	1.344602346	5.396500000E-06	
9483.473217000	1.344602466	5.399500000E-06	
9482.991089000	1.344602227	5.403400000E-06	
9482.508961000	1.344602346	5.407900000E-06	
9482.026833000	1.344602227	5.413000000E-06	
9481.544705000	1.344602227	5.418500000E-06	
9481.062577000	1.344602108	5.423500000E-06	
9480.580449000	1.344602227	5.427500000E-06	
9480.098321000	1.344601989	5.430500000E-06	
9479.616193000	1.344602108	5.433200000E-06	
9479.134065000	1.344601989	5.436000000E-06	
9478.651937000	1.344601989	5.439600000E-06	
9478.169809000	1.344601870	5.443700000E-06	
9477.687681000	1.344601989	5.447400000E-06	
9477.205553000	1.344601750	5.449700000E-06	
9476.723425000	1.344601870	5.451300000E-06	
9476.241297000	1.344601750	5.452800000E-06	
9475.759169000	1.344601750	5.454800000E-06	
9475.277041000	1.344601631	5.457400000E-06	
9474.794913000	1.344601750	5.460700000E-06	
9474.312785000	1.344601512	5.464200000E-06	
9473.830657000	1.344601631	5.467600000E-06	
9473.348529000	1.344601512	5.471100000E-06	
9472.866401000	1.344601512	5.474600000E-06	
9472.384273000	1.344601393	5.477900000E-06	
9471.902145000	1.344601512	5.480900000E-06	
9471.420017000	1.344601274	5.484200000E-06	
9470.937889000	1.344601393	5.487400000E-06	
9470.455761000	1.344601274	5.489900000E-06	
9469.973633000	1.344601274	5.491900000E-06	
9469.491505000	1.344601154	5.493400000E-06	
9469.009377000	1.344601274	5.494500000E-06	
9468.527249000	1.344601035	5.496000000E-06	
9468.045121000	1.344601154	5.498300000E-06	
9467.562993000	1.344601035	5.501400000E-06	
9467.080865000	1.344601154	5.504500000E-06	
9466.598737000	1.344600916	5.507200000E-06	
9466.116609000	1.344601035	5.509300000E-06	
9465.634481000	1.344600797	5.510800000E-06	
9465.152353000	1.344600916	5.512100000E-06	
9464.670225000	1.344600797	5.513900000E-06	
9464.188097000	1.344600916	5.516300000E-06	
9463.705969000	1.344600677	5.518500000E-06	
9463.223841000	1.344600797	5.520700000E-06	
9462.741713000	1.344600558	5.522800000E-06	
9462.259585000	1.344600677	5.525000000E-06	
9461.777458000	1.344600558	5.527200000E-06	
9461.295330000	1.344600677	5.530000000E-06	
9460.813202000	1.344600439	5.533000000E-06	
9460.331074000	1.344600558	5.536000000E-06	
9459.848946000	1.344600439	5.538600000E-06	
9459.366818000	1.344600439	5.540800000E-06	
9458.884690000	1.344600320	5.542200000E-06	
9458.402562000	1.344600439	5.542800000E-06	
9457.920434000	1.344600201	5.543300000E-06	
9457.438306000	1.344600320	5.544100000E-06	
9456.956178000	1.344600201	5.545300000E-06	
9456.474050000	1.344600320	5.547200000E-06	
9455.991922000	1.344600081	5.549800000E-06	
9455.509794000	1.344600201	5.552500000E-06	
9455.027666000	1.344599962	5.554700000E-06	
9454.545538000	1.344600081	5.556500000E-06	
9454.063410000	1.344599962	5.557900000E-06	
9453.581282000	1.344600081	5.559100000E-06	
9453.099154000	1.344599843	5.560300000E-06	
9452.617026000	1.344599962	5.561900000E-06	
9452.134898000	1.344599724	5.563700000E-06	
9451.652770000	1.344599843	5.565800000E-06	
9451.170642000	1.344599724	5.568100000E-06	
9450.688514000	1.344599843	5.570600000E-06	
9450.206386000	1.344599605	5.572500000E-06	
9449.724258000	1.344599724	5.573600000E-06	
9449.242130000	1.344599605	5.574100000E-06	
9448.760002000	1.344599605	5.574500000E-06	
9448.277874000	1.344599485	5.574800000E-06	
9447.795746000	1.344599605	5.575300000E-06	
9447.313618000	1.344599366	5.576000000E-06	
9446.831490000	1.344599485	5.576500000E-06	
9446.349362000	1.344599366	5.576900000E-06	
9445.867234000	1.344599366	5.577600000E-06	
9445.385106000	1.344599247	5.578700000E-06	
9444.902978000	1.344599366	5.580000000E-06	
9444.420850000	1.344599128	5.581700000E-06	
9443.938722000	1.344599247	5.583500000E-06	
9443.456594000	1.344599128	5.585100000E-06	
9442.974466000	1.344599247	5.586300000E-06	
9442.492338000	1.344599009	5.587400000E-06	
9442.010210000	1.344599128	5.588600000E-06	
9441.528082000	1.344599009	5.589500000E-06	
9441.045954000	1.344599009	5.590100000E-06	
9440.563826000	1.344598889	5.590200000E-06	
9440.081698000	1.344599009	5.589500000E-06	
9439.599571000	1.344598770	5.588100000E-06	
9439.117443000	1.344598889	5.586600000E-06	
9438.635315000	1.344598770	5.585300000E-06	
9438.153187000	1.344598770	5.584200000E-06	
9437.671059000	1.344598651	5.583500000E-06	
9437.188931000	1.344598770	5.583500000E-06	
9436.706803000	1.344598532	5.583400000E-06	
9436.224675000	1.344598651	5.583400000E-06	
9435.742547000	1.344598532	5.583600000E-06	
9435.260419000	1.344598651	5.583800000E-06	
9434.778291000	1.344598413	5.584100000E-06	
9434.296163000	1.344598532	5.584400000E-06	
9433.814035000	1.344598293	5.584900000E-06	
9433.331907000	1.344598413	5.585400000E-06	
9432.849779000	1.344598293	5.585600000E-06	
9432.367651000	1.344598413	5.585400000E-06	
9431.885523000	1.344598174	5.584500000E-06	
9431.403395000	1.344598293	5.582600000E-06	
9430.921267000	1.344598174	5.580500000E-06	
9430.439139000	1.344598293	5.578500000E-06	
9429.957011000	1.344598055	5.576600000E-06	
9429.474883000	1.344598174	5.574500000E-06	
9428.992755000	1.344597936	5.572100000E-06	
9428.510627000	1.344598055	5.569300000E-06	
9428.028499000	1.344597936	5.565900000E-06	
9427.546371000	1.344598055	5.562100000E-06	
9427.064243000	1.344597816	5.558500000E-06	
9426.582115000	1.344597936	5.555000000E-06	
9426.099987000	1.344597816	5.551600000E-06	
9425.617859000	1.344597816	5.548700000E-06	
9425.135731000	1.344597697	5.545900000E-06	
9424.653603000	1.344597816	5.543000000E-06	
9424.171475000	1.344597578	5.540100000E-06	
9423.689347000	1.344597697	5.537800000E-06	
9423.207219000	1.344597578	5.535900000E-06	
9422.725091000	1.344597578	5.533600000E-06	
9422.242963000	1.344597459	5.530700000E-06	
9421.760835000	1.344597578	5.526700000E-06	
9421.278707000	1.344597340	5.521300000E-06	
9420.796579000	1.344597459	5.515000000E-06	
9420.314451000	1.344597340	5.508800000E-06	
9419.832323000	1.344597340	5.503200000E-06	
9419.350195000	1.344597220	5.498400000E-06	
9418.868067000	1.344597340	5.494300000E-06	
9418.385939000	1.344597101	5.490400000E-06	
9417.903811000	1.344597220	5.485900000E-06	
9417.421683000	1.344597101	5.480600000E-06	
9416.939556000	1.344597101	5.475400000E-06	
9416.457428000	1.344596982	5.471000000E-06	
9415.975300000	1.344597101	5.467600000E-06	
9415.493172000	1.344596863	5.465400000E-06	
9415.011044000	1.344596982	5.463700000E-06	
9414.528916000	1.344596744	5.461800000E-06	
9414.046788000	1.344596863	5.459200000E-06	
9413.564660000	1.344596744	5.456300000E-06	
9413.082532000	1.344596863	5.453100000E-06	
9412.600404000	1.344596624	5.449700000E-06	
9412.118276000	1.344596744	5.446200000E-06	
9411.636148000	1.344596505	5.443200000E-06	
9411.154020000	1.344596624	5.440400000E-06	
9410.671892000	1.344596505	5.437700000E-06	
9410.189764000	1.344596505	5.435200000E-06	
9409.707636000	1.344596386	5.432500000E-06	
9409.225508000	1.344596505	5.429400000E-06	
9408.743380000	1.344596267	5.426600000E-06	
9408.261252000	1.344596386	5.424600000E-06	
9407.779124000	1.344596148	5.423700000E-06	
9407.296996000	1.344596267	5.423600000E-06	
9406.814868000	1.344596148	5.423800000E-06	
9406.332740000	1.344596267	5.423700000E-06	
9405.850612000	1.344596028	5.422600000E-06	
9405.368484000	1.344596148	5.420900000E-06	
9404.886356000	1.344595909	5.419000000E-06	
9404.404228000	1.344596028	5.417000000E-06	
9403.922100000	1.344595909	5.415100000E-06	
9403.439972000	1.344595909	5.413700000E-06	
9402.957844000	1.344595790	5.412700000E-06	
9402.475716000	1.344595909	5.411700000E-06	
9401.993588000	1.344595671	5.410400000E-06	
9401.511460000	1.344595790	5.408900000E-06	
9401.029332000	1.344595671	5.407100000E-06	
9400.547204000	1.344595671	5.405200000E-06	
9400.065076000	1.344595551	5.403600000E-06	
9399.582948000	1.344595671	5.402300000E-06	
9399.100820000	1.344595432	5.400900000E-06	
9398.618692000	1.344595551	5.399300000E-06	
9398.136564000	1.344595313	5.397800000E-06	
9397.654436000	1.344595432	5.396400000E-06	
9397.172308000	1.344595313	5.395200000E-06	
9396.690180000	1.344595313	5.394600000E-06	
9396.208052000	1.344595194	5.394300000E-06	
9395.725924000	1.344595313	5.393800000E-06	
9395.243796000	1.344595075	5.392800000E-06	
9394.761669000	1.344595194	5.391500000E-06	
9394.279541000	1.344595075	5.389700000E-06	
9393.797413000	1.344595075	5.387700000E-06	
9393.315285000	1.344594955	5.385800000E-06	
9392.833157000	1.344595075	5.384200000E-06	
9392.351029000	1.344594836	5.382500000E-06	
9391.868901000	1.344594955	5.380900000E-06	
9391.386773000	1.344594717	5.379400000E-06	
9390.904645000	1.344594836	5.377600000E-06	
9390.422517000	1.344594717	5.375400000E-06	
9389.940389000	1.344594836	5.373300000E-06	
9389.458261000	1.344594598	5.371700000E-06	
9388.976133000	1.344594717	5.370600000E-06	
9388.494005000	1.344594479	5.369700000E-06	
9388.011877000	1.344594598	5.368800000E-06	
9387.529749000	1.344594479	5.367600000E-06	
9387.047621000	1.344594479	5.366000000E-06	
9386.565493000	1.344594359	5.364400000E-06	
9386.083365000	1.344594479	5.363300000E-06	
9385.601237000	1.344594240	5.362700000E-06	
9385.119109000	1.344594359	5.362700000E-06	
9384.636981000	1.344594121	5.363700000E-06	
9384.154853000	1.344594240	5.365300000E-06	
9383.672725000	1.344594121	5.366500000E-06	
9383.190597000	1.344594121	5.367000000E-06	
9382.708469000	1.344594002	5.367000000E-06	
9382.226341000	1.344594121	5.366500000E-06	
9381.744213000	1.344593883	5.365900000E-06	
9381.262085000	1.344594002	5.365800000E-06	
9380.779957000	1.344593763	5.366300000E-06	
9380.297829000	1.344593883	5.367000000E-06	
9379.815701000	1.344593763	5.367900000E-06	
9379.333573000	1.344593763	5.369000000E-06	
9378.851445000	1.344593644	5.370000000E-06	
9378.369317000	1.344593763	5.370700000E-06	
9377.887189000	1.344593525	5.371400000E-06	
9377.405061000	1.344593644	5.372000000E-06	
9376.922933000	1.344593525	5.372100000E-06	
9376.440805000	1.344593525	5.371700000E-06	
9375.958677000	1.344593406	5.371200000E-06	
9375.476549000	1.344593525	5.370700000E-06	
9374.994421000	1.344593287	5.370500000E-06	
9374.512293000	1.344593406	5.371100000E-06	
9374.030165000	1.344593167	5.372500000E-06	
9373.548037000	1.344593287	5.374100000E-06	
9373.065909000	1.344593167	5.375500000E-06	
9372.583782000	1.344593287	5.376600000E-06	
9372.101654000	1.344593048	5.377000000E-06	
9371.619526000	1.344593167	5.376700000E-06	
9371.137398000	1.344592929	5.376200000E-06	
9370.655270000	1.344593048	5.375800000E-06	
9370.173142000	1.344592929	5.375200000E-06	
9369.691014000	1.344593048	5.374200000E-06	
9369.208886000	1.344592810	5.372800000E-06	
9368.726758000	1.344592929	5.370600000E-06	
9368.244630000	1.344592690	5.367900000E-06	
9367.762502000	1.344592810	5.365600000E-06	
9367.280374000	1.344592690	5.364500000E-06	
9366.798246000	1.344592690	5.364600000E-06	
9366.316118000	1.344592571	5.365800000E-06	
9365.833990000	1.344592690	5.367500000E-06	
9365.351862000	1.344592452	5.368800000E-06	
9364.869734000	1.344592571	5.369300000E-06	
9364.387606000	1.344592333	5.369300000E-06	
9363.905478000	1.344592452	5.369100000E-06	
9363.423350000	1.344592333	5.369100000E-06	
9362.941222000	1.344592452	5.369300000E-06	
9362.459094000	1.344592214	5.369900000E-06	
9361.976966000	1.344592333	5.370600000E-06	
9361.494838000	1.344592094	5.370700000E-06	
9361.012710000	1.344592214	5.370500000E-06	
9360.530582000	1.344592094	5.370100000E-06	
9360.048454000	1.344592094	5.369400000E-06	
9359.566326000	1.344591975	5.368300000E-06	
9359.084198000	1.344592094	5.367000000E-06	
9358.602070000	1.344591856	5.365400000E-06	
9358.119942000	1.344591975	5.363500000E-06	
9357.637814000	1.344591856	5.361700000E-06	
9357.155686000	1.344591856	5.360100000E-06	
9356.673558000	1.344591737	5.358500000E-06	
9356.191430000	1.344591856	5.357100000E-06	
9355.709302000	1.344591618	5.356300000E-06	
9355.227174000	1.344591737	5.356000000E-06	
9354.745046000	1.344591498	5.356000000E-06	
9354.262918000	1.344591618	5.356100000E-06	
9353.780790000	1.344591498	5.356000000E-06	
9353.298662000	1.344591498	5.355500000E-06	
9352.816534000	1.344591379	5.354800000E-06	
9352.334406000	1.344591498	5.354000000E-06	
9351.852278000	1.344591260	5.353000000E-06	
9351.370150000	1.344591379	5.351600000E-06	
9350.888022000	1.344591260	5.349800000E-06	
9350.405895000	1.344591260	5.347900000E-06	
9349.923767000	1.344591141	5.345500000E-06	
9349.441639000	1.344591260	5.342500000E-06	
9348.959511000	1.344591022	5.339500000E-06	
9348.477383000	1.344591141	5.337000000E-06	
9347.995255000	1.344590902	5.335100000E-06	
9347.513127000	1.344591022	5.333800000E-06	
9347.030999000	1.344590902	5.332900000E-06	
9346.548871000	1.344591022	5.331900000E-06	
9346.066743000	1.344590783	5.330400000E-06	
9345.584615000	1.344590902	5.328500000E-06	
9345.102487000	1.344590664	5.326600000E-06	
9344.620359000	1.344590783	5.325100000E-06	
9344.138231000	1.344590664	5.324500000E-06	
9343.656103000	1.344590664	5.324800000E-06	
9343.173975000	1.344590545	5.325000000E-06	
9342.691847000	1.344590664	5.324500000E-06	
9342.209719000	1.344590425	5.323200000E-06	
9341.727591000	1.344590545	5.321500000E-06	
9341.245463000	1.344590306	5.320000000E-06	
9340.763335000	1.344590425	5.318900000E-06	
9340.281207000	1.344590306	5.318200000E-06	
9339.799079000	1.344590306	5.317300000E-06	
9339.316951000	1.344590187	5.315800000E-06	
9338.834823000	1.344590306	5.314000000E-06	
9338.352695000	1.344590068	5.312100000E-06	
9337.870567000	1.344590187	5.310100000E-06	
9337.388439000	1.344590068	5.308300000E-06	
9336.906311000	1.344590068	5.307100000E-06	
9336.424183000	1.344589949	5.306500000E-06	
9335.942055000	1.344590068	5.306000000E-06	
9335.459927000	1.344589829	5.305200000E-06	
9334.977799000	1.344589949	5.303900000E-06	
9334.495671000	1.344589710	5.301900000E-06	
9334.013543000	1.344589829	5.299700000E-06	
9333.531415000	1.344589710	5.297800000E-06	
9333.049287000	1.344589710	5.296300000E-06	
9332.567159000	1.344589591	5.295000000E-06	
9332.085031000	1.344589710	5.293900000E-06	
9331.602903000	1.344589472	5.292900000E-06	
9331.120775000	1.344589591	5.291800000E-06	
9330.638647000	1.344589353	5.290500000E-06	
9330.156519000	1.344589472	5.289300000E-06	
9329.674391000	1.344589353	5.288300000E-06	
9329.192263000	1.344589353	5.287600000E-06	
9328.710135000	1.344589233	5.287200000E-06	
9328.228007000	1.344589353	5.287100000E-06	
9327.745880000	1.344589114	5.286700000E-06	
9327.263752000	1.344589233	5.285800000E-06	
9326.781624000	1.344588995	5.284600000E-06	
9326.299496000	1.344589114	5.283300000E-06	
9325.817368000	1.344588995	5.281900000E-06	
9325.335240000	1.344588995	5.280900000E-06	
9324.853112000	1.344588876	5.280500000E-06	
9324.370984000	1.344588995	5.280300000E-06	
9323.888856000	1.344588757	5.279900000E-06	
9323.406728000	1.344588876	5.279100000E-06	
9322.924600000	1.344588637	5.277900000E-06	
9322.442472000	1.344588757	5.276500000E-06	
9321.960344000	1.344588637	5.275500000E-06	
9321.478216000	1.344588637	5.275100000E-06	
9320.996088000	1.344588518	5.274800000E-06	
9320.513960000	1.344588637	5.274400000E-06	
9320.031832000	1.344588399	5.274200000E-06	
9319.549704000	1.344588518	5.273900000E-06	
9319.067576000	1.344588280	5.273700000E-06	
9318.585448000	1.344588399	5.273700000E-06	
9318.103320000	1.344588280	5.274200000E-06	
9317.621192000	1.344588280	5.275000000E-06	
9317.139064000	1.344588161	5.275500000E-06	
9316.656936000	1.344588280	5.275600000E-06	
9316.174808000	1.344588041	5.275000000E-06	
9315.692680000	1.344588161	5.273500000E-06	
9315.210552000	1.344587922	5.271800000E-06	
9314.728424000	1.344588041	5.270500000E-06	
9314.246296000	1.344587922	5.269800000E-06	
9313.764168000	1.344587922	5.269600000E-06	
9313.282040000	1.344587803	5.269800000E-06	
9312.799912000	1.344587922	5.270300000E-06	
9312.317784000	1.344587684	5.270500000E-06	
9311.835656000	1.344587803	5.270400000E-06	
9311.353528000	1.344587564	5.270500000E-06	
9310.871400000	1.344587684	5.270800000E-06	
9310.389272000	1.344587564	5.271400000E-06	
9309.907144000	1.344587564	5.272400000E-06	
9309.425016000	1.344587445	5.273500000E-06	
9308.942888000	1.344587564	5.274200000E-06	
9308.460760000	1.344587326	5.274400000E-06	
9307.978632000	1.344587445	5.274700000E-06	
9307.496504000	1.344587207	5.275300000E-06	
9307.014376000	1.344587326	5.276300000E-06	
9306.532248000	1.344587207	5.277900000E-06	
9306.050120000	1.344587207	5.279800000E-06	
9305.567993000	1.344587088	5.281200000E-06	
9305.085865000	1.344587207	5.282100000E-06	
9304.603737000	1.344586968	5.282800000E-06	
9304.121609000	1.344587088	5.283400000E-06	
9303.639481000	1.344586849	5.284200000E-06	
9303.157353000	1.344586968	5.285800000E-06	
9302.675225000	1.344586849	5.288300000E-06	
9302.193097000	1.344586849	5.290900000E-06	
9301.710969000	1.344586730	5.293300000E-06	
9301.228841000	1.344586849	5.295400000E-06	
9300.746713000	1.344586611	5.297200000E-06	
9300.264585000	1.344586730	5.298700000E-06	
9299.782457000	1.344586492	5.300600000E-06	
9299.300329000	1.344586611	5.302600000E-06	
9298.818201000	1.344586492	5.304600000E-06	
9298.336073000	1.344586611	5.306100000E-06	
9297.853945000	1.344586372	5.307500000E-06	
9297.371817000	1.344586492	5.308900000E-06	
9296.889689000	1.344586253	5.310100000E-06	
9296.407561000	1.344586372	5.311100000E-06	
9295.925433000	1.344586253	5.312000000E-06	
9295.443305000	1.344586253	5.312500000E-06	
9294.961177000	1.344586134	5.312800000E-06	
9294.479049000	1.344586253	5.313100000E-06	
9293.996921000	1.344586015	5.313400000E-06	
9293.514793000	1.344586134	5.313500000E-06	
9293.032665000	1.344585896	5.313700000E-06	
9292.550537000	1.344586015	5.314200000E-06	
9292.068409000	1.344585896	5.315300000E-06	
9291.586281000	1.344585896	5.316900000E-06	
9291.104153000	1.344585776	5.319300000E-06	
9290.622025000	1.344585896	5.322000000E-06	
9290.139897000	1.344585657	5.324000000E-06	
9289.657769000	1.344585776	5.325400000E-06	
9289.175641000	1.344585538	5.326400000E-06	
9288.693513000	1.344585657	5.327300000E-06	
9288.211385000	1.344585538	5.328200000E-06	
9287.729257000	1.344585538	5.329300000E-06	
9287.247129000	1.344585419	5.330600000E-06	
9286.765001000	1.344585538	5.331800000E-06	
9286.282873000	1.344585299	5.333000000E-06	
9285.800745000	1.344585419	5.334200000E-06	
9285.318617000	1.344585180	5.335400000E-06	
9284.836489000	1.344585299	5.336500000E-06	
9284.354361000	1.344585180	5.338300000E-06	
9283.872233000	1.344585299	5.340700000E-06	
9283.390106000	1.344585061	5.343100000E-06	
9282.907978000	1.344585180	5.345000000E-06	
9282.425850000	1.344584942	5.346000000E-06	
9281.943722000	1.344585061	5.346100000E-06	
9281.461594000	1.344584942	5.345900000E-06	
9280.979466000	1.344584942	5.346200000E-06	
9280.497338000	1.344584823	5.347500000E-06	
9280.015210000	1.344584942	5.349200000E-06	
9279.533082000	1.344584703	5.351000000E-06	
9279.050954000	1.344584823	5.352600000E-06	
9278.568826000	1.344584703	5.353700000E-06	
9278.086698000	1.344584703	5.354300000E-06	
9277.604570000	1.344584584	5.354700000E-06	
9277.122442000	1.344584703	5.354800000E-06	
9276.640314000	1.344584465	5.354500000E-06	
9276.158186000	1.344584584	5.353500000E-06	
9275.676058000	1.344584346	5.352100000E-06	
9275.193930000	1.344584465	5.350700000E-06	
9274.711802000	1.344584346	5.349200000E-06	
9274.229674000	1.344584465	5.347900000E-06	
9273.747546000	1.344584227	5.347000000E-06	
9273.265418000	1.344584346	5.346500000E-06	
9272.783290000	1.344584107	5.346300000E-06	
9272.301162000	1.344584227	5.346300000E-06	
9271.819034000	1.344584107	5.346200000E-06	
9271.336906000	1.344584107	5.345200000E-06	
9270.854778000	1.344583988	5.343600000E-06	
9270.372650000	1.344584107	5.341700000E-06	
9269.890522000	1.344583869	5.339800000E-06	
9269.408394000	1.344583988	5.338300000E-06	
9268.926266000	1.344583750	5.337200000E-06	
9268.444138000	1.344583869	5.336700000E-06	
9267.962010000	1.344583750	5.336400000E-06	
9267.479882000	1.344583869	5.336200000E-06	
9266.997754000	1.344583631	5.336300000E-06	
9266.515626000	1.344583750	5.336300000E-06	
9266.033498000	1.344583511	5.336500000E-06	
9265.551370000	1.344583631	5.337000000E-06	
9265.069242000	1.344583511	5.337800000E-06	
9264.587114000	1.344583511	5.338200000E-06	
9264.104986000	1.344583392	5.337900000E-06	
9263.622858000	1.344583511	5.336800000E-06	
9263.140730000	1.344583273	5.334800000E-06	
9262.658602000	1.344583392	5.332100000E-06	
9262.176474000	1.344583154	5.329900000E-06	
9261.694346000	1.344583273	5.328700000E-06	
9261.212219000	1.344583154	5.328300000E-06	
9260.730091000	1.344583273	5.328300000E-06	
9260.247963000	1.344583035	5.328000000E-06	
9259.765835000	1.344583154	5.326800000E-06	
9259.283707000	1.344582915	5.324600000E-06	
9258.801579000	1.344583035	5.322400000E-06	
9258.319451000	1.344582915	5.320500000E-06	
9257.837323000	1.344582915	5.319000000E-06	
9257.355195000	1.344582796	5.317600000E-06	
9256.873067000	1.344582915	5.315900000E-06	
9256.390939000	1.344582677	5.313500000E-06	
9255.908811000	1.344582796	5.310200000E-06	
9255.426683000	1.344582558	5.306700000E-06	
9254.944555000	1.344582677	5.303500000E-06	
9254.462427000	1.344582558	5.300700000E-06	
9253.980299000	1.344582677	5.298200000E-06	
9253.498171000	1.344582438	5.295600000E-06	
9253.016043000	1.344582558	5.292500000E-06	
9252.533915000	1.344582319	5.289000000E-06	
9252.051787000	1.344582438	5.285200000E-06	
9251.569659000	1.344582319	5.281300000E-06	
9251.087531000	1.344582319	5.277300000E-06	
9250.605403000	1.344582200	5.273300000E-06	
9250.123275000	1.344582319	5.269900000E-06	
9249.641147000	1.344582081	5.266800000E-06	
9249.159019000	1.344582200	5.263500000E-06	
9248.676891000	1.344581962	5.259900000E-06	
9248.194763000	1.344582081	5.256300000E-06	
9247.712635000	1.344581962	5.253200000E-06	
9247.230507000	1.344581962	5.250700000E-06	
9246.748379000	1.344581842	5.249000000E-06	
9246.266251000	1.344581962	5.247500000E-06	
9245.784123000	1.344581723	5.245400000E-06	
9245.301995000	1.344581842	5.243300000E-06	
9244.819867000	1.344581604	5.241100000E-06	
9244.337739000	1.344581723	5.238900000E-06	
9243.855611000	1.344581604	5.236900000E-06	
9243.373483000	1.344581604	5.235100000E-06	
9242.891355000	1.344581485	5.233500000E-06	
9242.409227000	1.344581604	5.231700000E-06	
9241.927099000	1.344581366	5.229500000E-06	
9241.444971000	1.344581485	5.227100000E-06	
9240.962843000	1.344581246	5.224500000E-06	
9240.480715000	1.344581366	5.221700000E-06	
9239.998587000	1.344581246	5.219300000E-06	
9239.516459000	1.344581246	5.217200000E-06	
9239.034331000	1.344581127	5.215300000E-06	
9238.552204000	1.344581246	5.213600000E-06	
9238.070076000	1.344581008	5.211900000E-06	
9237.587948000	1.344581127	5.209800000E-06	
9237.105820000	1.344580889	5.207100000E-06	
9236.623692000	1.344581008	5.204200000E-06	
9236.141564000	1.344580889	5.201300000E-06	
9235.659436000	1.344580889	5.198600000E-06	
9235.177308000	1.344580770	5.196100000E-06	
9234.695180000	1.344580889	5.193900000E-06	
9234.213052000	1.344580650	5.191700000E-06	
9233.730924000	1.344580770	5.189100000E-06	
9233.248796000	1.344580531	5.185800000E-06	
9232.766668000	1.344580650	5.181900000E-06	
9232.284540000	1.344580531	5.178000000E-06	
9231.802412000	1.344580531	5.174300000E-06	
9231.320284000	1.344580412	5.171300000E-06	
9230.838156000	1.344580531	5.168600000E-06	
9230.356028000	1.344580293	5.165500000E-06	
9229.873900000	1.344580412	5.162100000E-06	
9229.391772000	1.344580173	5.158500000E-06	
9228.909644000	1.344580293	5.154900000E-06	
9228.427516000	1.344580173	5.151400000E-06	
9227.945388000	1.344580173	5.148100000E-06	
9227.463260000	1.344580054	5.145000000E-06	
9226.981132000	1.344580173	5.142100000E-06	
9226.499004000	1.344579935	5.139100000E-06	
9226.016876000	1.344580054	5.135800000E-06	
9225.534748000	1.344579816	5.132000000E-06	
9225.052620000	1.344579935	5.128000000E-06	
9224.570492000	1.344579697	5.124600000E-06	
9224.088364000	1.344579816	5.122000000E-06	
9223.606236000	1.344579697	5.119800000E-06	
9223.124108000	1.344579697	5.117900000E-06	
9222.641980000	1.344579577	5.115500000E-06	
9222.159852000	1.344579697	5.112500000E-06	
9221.677724000	1.344579458	5.109200000E-06	
9221.195596000	1.344579577	5.106400000E-06	
9220.713468000	1.344579339	5.104400000E-06	
9220.231340000	1.344579458	5.102700000E-06	
9219.749212000	1.344579220	5.100900000E-06	
9219.267084000	1.344579339	5.099000000E-06	
9218.784956000	1.344579220	5.097000000E-06	
9218.302828000	1.344579220	5.095100000E-06	
9217.820700000	1.344579101	5.093500000E-06	
9217.338572000	1.344579220	5.092000000E-06	
9216.856444000	1.344578981	5.090300000E-06	
9216.374317000	1.344579101	5.088700000E-06	
9215.892189000	1.344578862	5.087200000E-06	
9215.410061000	1.344578981	5.085600000E-06	
9214.927933000	1.344578743	5.083700000E-06	
9214.445805000	1.344578862	5.081400000E-06	
9213.963677000	1.344578743	5.079300000E-06	
9213.481549000	1.344578743	5.077500000E-06	
9212.999421000	1.344578624	5.076400000E-06	
9212.517293000	1.344578743	5.076100000E-06	
9212.035165000	1.344578505	5.075600000E-06	
9211.553037000	1.344578624	5.074800000E-06	
9211.070909000	1.344578385	5.073400000E-06	
9210.588781000	1.344578505	5.071800000E-06	
9210.106653000	1.344578385	5.070100000E-06	
9209.624525000	1.344578385	5.068400000E-06	
9209.142397000	1.344578266	5.067000000E-06	
9208.660269000	1.344578385	5.065500000E-06	
9208.178141000	1.344578147	5.063600000E-06	
9207.696013000	1.344578266	5.061500000E-06	
9207.213885000	1.344578028	5.059600000E-06	
9206.731757000	1.344578147	5.058000000E-06	
9206.249629000	1.344577909	5.057100000E-06	
9205.767501000	1.344578028	5.056700000E-06	
9205.285373000	1.344577909	5.056600000E-06	
9204.803245000	1.344577909	5.056300000E-06	
9204.321117000	1.344577789	5.055500000E-06	
9203.838989000	1.344577909	5.054300000E-06	
9203.356861000	1.344577670	5.052400000E-06	
9202.874733000	1.344577789	5.050400000E-06	
9202.392605000	1.344577551	5.049300000E-06	
9201.910477000	1.344577670	5.049100000E-06	
9201.428349000	1.344577432	5.049300000E-06	
9200.946221000	1.344577551	5.049700000E-06	
9200.464093000	1.344577312	5.049600000E-06	
9199.981965000	1.344577432	5.048800000E-06	
9199.499837000	1.344577312	5.047500000E-06	
9199.017709000	1.344577432	5.046200000E-06	
9198.535581000	1.344577193	5.045500000E-06	
9198.053453000	1.344577312	5.045300000E-06	
9197.571325000	1.344577074	5.045300000E-06	
9197.089197000	1.344577193	5.045200000E-06	
9196.607069000	1.344576955	5.044200000E-06	
9196.124941000	1.344577074	5.042300000E-06	
9195.642813000	1.344576955	5.040100000E-06	
9195.160685000	1.344576955	5.037800000E-06	
9194.678557000	1.344576836	5.035900000E-06	
9194.196430000	1.344576955	5.034600000E-06	
9193.714302000	1.344576716	5.034200000E-06	
9193.232174000	1.344576836	5.034300000E-06	
9192.750046000	1.344576597	5.034200000E-06	
9192.267918000	1.344576716	5.033500000E-06	
9191.785790000	1.344576478	5.032200000E-06	
9191.303662000	1.344576597	5.030600000E-06	
9190.821534000	1.344576478	5.029600000E-06	
9190.339406000	1.344576478	5.029400000E-06	
9189.857278000	1.344576359	5.029600000E-06	
9189.375150000	1.344576478	5.029600000E-06	
9188.893022000	1.344576240	5.029400000E-06	
9188.410894000	1.344576359	5.028900000E-06	
9187.928766000	1.344576120	5.028100000E-06	
9187.446638000	1.344576240	5.027100000E-06	
9186.964510000	1.344576001	5.026000000E-06	
9186.482382000	1.344576120	5.024700000E-06	
9186.000254000	1.344576001	5.023000000E-06	
9185.518126000	1.344576001	5.021300000E-06	
9185.035998000	1.344575882	5.019400000E-06	
9184.553870000	1.344576001	5.017500000E-06	
9184.071742000	1.344575763	5.015800000E-06	
9183.589614000	1.344575882	5.014800000E-06	
9183.107486000	1.344575644	5.014500000E-06	
9182.625358000	1.344575763	5.014600000E-06	
9182.143230000	1.344575524	5.014900000E-06	
9181.661102000	1.344575644	5.015200000E-06	
9181.178974000	1.344575524	5.014800000E-06	
9180.696846000	1.344575524	5.014100000E-06	
9180.214718000	1.344575405	5.013300000E-06	
9179.732590000	1.344575524	5.012700000E-06	
9179.250462000	1.344575286	5.012300000E-06	
9178.768334000	1.344575405	5.012000000E-06	
9178.286206000	1.344575167	5.011400000E-06	
9177.804078000	1.344575286	5.010600000E-06	
9177.321950000	1.344575047	5.009500000E-06	
9176.839822000	1.344575167	5.008400000E-06	
9176.357694000	1.344575047	5.007500000E-06	
9175.875566000	1.344575047	5.006800000E-06	
9175.393438000	1.344574928	5.006400000E-06	
9174.911310000	1.344575047	5.006200000E-06	
9174.429182000	1.344574809	5.005700000E-06	
9173.947054000	1.344574928	5.004700000E-06	
9173.464926000	1.344574690	5.003100000E-06	
9172.982798000	1.344574809	5.001500000E-06	
9172.500670000	1.344574571	5.000300000E-06	
9172.018543000	1.344574690	4.999600000E-06	
9171.536415000	1.344574451	4.999600000E-06	
9171.054287000	1.344574571	4.999700000E-06	
9170.572159000	1.344574451	4.999700000E-06	
9170.090031000	1.344574451	4.999400000E-06	
9169.607903000	1.344574332	4.998800000E-06	
9169.125775000	1.344574451	4.997700000E-06	
9168.643647000	1.344574213	4.996800000E-06	
9168.161519000	1.344574332	4.996600000E-06	
9167.679391000	1.344574094	4.997300000E-06	
9167.197263000	1.344574213	4.998300000E-06	
9166.715135000	1.344573975	4.998900000E-06	
9166.233007000	1.344574094	4.998400000E-06	
9165.750879000	1.344573975	4.996700000E-06	
9165.268751000	1.344573975	4.994800000E-06	
9164.786623000	1.344573855	4.993900000E-06	
9164.304495000	1.344573975	4.994200000E-06	
9163.822367000	1.344573736	4.995400000E-06	
9163.340239000	1.344573855	4.997000000E-06	
9162.858111000	1.344573617	4.998000000E-06	
9162.375983000	1.344573736	4.998100000E-06	
9161.893855000	1.344573498	4.997600000E-06	
9161.411727000	1.344573617	4.996800000E-06	
9160.929599000	1.344573498	4.996100000E-06	
9160.447471000	1.344573498	4.995800000E-06	
9159.965343000	1.344573379	4.995900000E-06	
9159.483215000	1.344573498	4.996600000E-06	
9159.001087000	1.344573259	4.997400000E-06	
9158.518959000	1.344573379	4.998300000E-06	
9158.036831000	1.344573140	4.999300000E-06	
9157.554703000	1.344573259	5.000000000E-06	
9157.072575000	1.344573021	5.000600000E-06	
9156.590447000	1.344573140	5.001300000E-06	
9156.108319000	1.344572902	5.002100000E-06	
9155.626191000	1.344573021	5.002900000E-06	
9155.144063000	1.344572902	5.003300000E-06	
9154.661935000	1.344572902	5.003400000E-06	
9154.179807000	1.344572783	5.003300000E-06	
9153.697679000	1.344572902	5.003300000E-06	
9153.215551000	1.344572663	5.003700000E-06	
9152.733423000	1.344572783	5.004300000E-06	
9152.251295000	1.344572544	5.004800000E-06	
9151.769167000	1.344572663	5.005000000E-06	
9151.287039000	1.344572425	5.005000000E-06	
9150.804911000	1.344572544	5.005100000E-06	
9150.322783000	1.344572425	5.005300000E-06	
9149.840655000	1.344572425	5.005600000E-06	
9149.358528000	1.344572306	5.006000000E-06	
9148.876400000	1.344572425	5.006300000E-06	
9148.394272000	1.344572186	5.006400000E-06	
9147.912144000	1.344572306	5.006400000E-06	
9147.430016000	1.344572067	5.006300000E-06	
9146.947888000	1.344572186	5.005600000E-06	
9146.465760000	1.344571948	5.004900000E-06	
9145.983632000	1.344572067	5.004500000E-06	
9145.501504000	1.344571948	5.004900000E-06	
9145.019376000	1.344571948	5.005800000E-06	
9144.537248000	1.344571829	5.006800000E-06	
9144.055120000	1.344571948	5.007100000E-06	
9143.572992000	1.344571710	5.006200000E-06	
9143.090864000	1.344571829	5.004700000E-06	
9142.608736000	1.344571590	5.003600000E-06	
9142.126608000	1.344571710	5.003300000E-06	
9141.644480000	1.344571471	5.003600000E-06	
9141.162352000	1.344571590	5.004000000E-06	
9140.680224000	1.344571471	5.003900000E-06	
9140.198096000	1.344571471	5.003300000E-06	
9139.715968000	1.344571352	5.002300000E-06	
9139.233840000	1.344571471	5.001400000E-06	
9138.751712000	1.344571233	5.000800000E-06	
9138.269584000	1.344571352	5.000400000E-06	
9137.787456000	1.344571114	5.000400000E-06	
9137.305328000	1.344571233	5.000600000E-06	
9136.823200000	1.344570994	5.000400000E-06	
9136.341072000	1.344571114	4.999800000E-06	
9135.858944000	1.344570875	4.999100000E-06	
9135.376816000	1.344570994	4.998400000E-06	
9134.894688000	1.344570875	4.998200000E-06	
9134.412560000	1.344570875	4.998600000E-06	
9133.930432000	1.344570756	4.999400000E-06	
9133.448304000	1.344570875	5.000100000E-06	
9132.966176000	1.344570637	5.000400000E-06	
9132.484048000	1.344570756	5.000600000E-06	
9132.001920000	1.344570518	5.001000000E-06	
9131.519792000	1.344570637	5.001300000E-06	
9131.037664000	1.344570398	5.001800000E-06	
9130.555536000	1.344570518	5.002100000E-06	
9130.073408000	1.344570398	5.001800000E-06	
9129.591280000	1.344570398	5.001200000E-06	
9129.109152000	1.344570279	5.000600000E-06	
9128.627024000	1.344570398	5.000100000E-06	
9128.144896000	1.344570160	4.999900000E-06	
9127.662768000	1.344570279	4.999800000E-06	
9127.180641000	1.344570041	5.000100000E-06	
9126.698513000	1.344570160	5.001000000E-06	
9126.216385000	1.344569921	5.001900000E-06	
9125.734257000	1.344570041	5.002700000E-06	
9125.252129000	1.344569802	5.003200000E-06	
9124.770001000	1.344569921	5.003200000E-06	
9124.287873000	1.344569802	5.003200000E-06	
9123.805745000	1.344569802	5.003700000E-06	
9123.323617000	1.344569683	5.004700000E-06	
9122.841489000	1.344569802	5.006000000E-06	
9122.359361000	1.344569564	5.007500000E-06	
9121.877233000	1.344569683	5.008900000E-06	
9121.395105000	1.344569445	5.009600000E-06	
9120.912977000	1.344569564	5.009900000E-06	
9120.430849000	1.344569325	5.009900000E-06	
9119.948721000	1.344569445	5.009600000E-06	
9119.466593000	1.344569325	5.009300000E-06	
9118.984465000	1.344569325	5.009400000E-06	
9118.502337000	1.344569206	5.009600000E-06	
9118.020209000	1.344569325	5.009600000E-06	
9117.538081000	1.344569087	5.009200000E-06	
9117.055953000	1.344569206	5.008300000E-06	
9116.573825000	1.344568968	5.007300000E-06	
9116.091697000	1.344569087	5.006800000E-06	
9115.609569000	1.344568849	5.007200000E-06	
9115.127441000	1.344568968	5.008300000E-06	
9114.645313000	1.344568729	5.009400000E-06	
9114.163185000	1.344568849	5.009800000E-06	
9113.681057000	1.344568729	5.009500000E-06	
9113.198929000	1.344568729	5.008800000E-06	
9112.716801000	1.344568610	5.008100000E-06	
9112.234673000	1.344568729	5.007900000E-06	
9111.752545000	1.344568491	5.008300000E-06	
9111.270417000	1.344568610	5.008900000E-06	
9110.788289000	1.344568372	5.009300000E-06	
9110.306161000	1.344568491	5.009300000E-06	
9109.824033000	1.344568253	5.008800000E-06	
9109.341905000	1.344568372	5.008100000E-06	
9108.859777000	1.344568133	5.007700000E-06	
9108.377649000	1.344568253	5.008000000E-06	
9107.895521000	1.344568133	5.008700000E-06	
9107.413393000	1.344568133	5.009500000E-06	
9106.931265000	1.344568014	5.010300000E-06	
9106.449137000	1.344568133	5.010700000E-06	
9105.967009000	1.344567895	5.010500000E-06	
9105.484881000	1.344568014	5.010300000E-06	
9105.002754000	1.344567776	5.010700000E-06	
9104.520626000	1.344567895	5.012000000E-06	
9104.038498000	1.344567657	5.014100000E-06	
9103.556370000	1.344567776	5.016200000E-06	
9103.074242000	1.344567537	5.017400000E-06	
9102.592114000	1.344567657	5.017400000E-06	
9102.109986000	1.344567537	5.016500000E-06	
9101.627858000	1.344567537	5.015500000E-06	
9101.145730000	1.344567418	5.015000000E-06	
9100.663602000	1.344567537	5.014900000E-06	
9100.181474000	1.344567299	5.015400000E-06	
9099.699346000	1.344567418	5.016400000E-06	
9099.217218000	1.344567180	5.017200000E-06	
9098.735090000	1.344567299	5.017600000E-06	
9098.252962000	1.344567060	5.017300000E-06	
9097.770834000	1.344567180	5.016600000E-06	
9097.288706000	1.344567060	5.016100000E-06	
9096.806578000	1.344567060	5.016300000E-06	
9096.324450000	1.344566941	5.017200000E-06	
9095.842322000	1.344566941	5.018200000E-06	
9095.360194000	1.344566822	5.019100000E-06	
9094.878066000	1.344566941	5.019400000E-06	
9094.395938000	1.344566703	5.019300000E-06	
9093.913810000	1.344566822	5.019000000E-06	
9093.431682000	1.344566584	5.019200000E-06	
9092.949554000	1.344566703	5.020200000E-06	
9092.467426000	1.344566464	5.021600000E-06	
9091.985298000	1.344566584	5.023200000E-06	
9091.503170000	1.344566345	5.024500000E-06	
9091.021042000	1.344566464	5.025100000E-06	
9090.538914000	1.344566345	5.025200000E-06	
9090.056786000	1.344566345	5.025300000E-06	
9089.574658000	1.344566226	5.025500000E-06	
9089.092530000	1.344566345	5.025900000E-06	
9088.610402000	1.344566107	5.026500000E-06	
9088.128274000	1.344566226	5.027600000E-06	
9087.646146000	1.344565988	5.028600000E-06	
9087.164018000	1.344566107	5.029500000E-06	
9086.681890000	1.344565868	5.030500000E-06	
9086.199762000	1.344565988	5.031700000E-06	
9085.717634000	1.344565749	5.033200000E-06	
9085.235506000	1.344565868	5.034800000E-06	
9084.753378000	1.344565749	5.036100000E-06	
9084.271250000	1.344565749	5.037100000E-06	
9083.789122000	1.344565630	5.037700000E-06	
9083.306994000	1.344565749	5.038200000E-06	
9082.824867000	1.344565511	5.038900000E-06	
9082.342739000	1.344565630	5.039600000E-06	
9081.860611000	1.344565392	5.040200000E-06	
9081.378483000	1.344565511	5.040900000E-06	
9080.896355000	1.344565272	5.041300000E-06	
9080.414227000	1.344565392	5.041200000E-06	
9079.932099000	1.344565272	5.040800000E-06	
9079.449971000	1.344565272	5.040600000E-06	
9078.967843000	1.344565153	5.041000000E-06	
9078.485715000	1.344565153	5.042000000E-06	
9078.003587000	1.344565034	5.043300000E-06	
9077.521459000	1.344565153	5.044500000E-06	
9077.039331000	1.344564915	5.044900000E-06	
9076.557203000	1.344565034	5.044700000E-06	
9076.075075000	1.344564795	5.044100000E-06	
9075.592947000	1.344564915	5.043400000E-06	
9075.110819000	1.344564676	5.042700000E-06	
9074.628691000	1.344564795	5.042600000E-06	
9074.146563000	1.344564557	5.043000000E-06	
9073.664435000	1.344564676	5.043500000E-06	
9073.182307000	1.344564557	5.043700000E-06	
9072.700179000	1.344564557	5.043700000E-06	
9072.218051000	1.344564438	5.043500000E-06	
9071.735923000	1.344564557	5.043500000E-06	
9071.253795000	1.344564319	5.044200000E-06	
9070.771667000	1.344564438	5.045600000E-06	
9070.289539000	1.344564199	5.047200000E-06	
9069.807411000	1.344564319	5.048700000E-06	
9069.325283000	1.344564080	5.049800000E-06	
9068.843155000	1.344564199	5.050100000E-06	
9068.361027000	1.344563961	5.049500000E-06	
9067.878899000	1.344564080	5.048800000E-06	
9067.396771000	1.344563961	5.048500000E-06	
9066.914643000	1.344563961	5.048900000E-06	
9066.432515000	1.344563842	5.049700000E-06	
9065.950387000	1.344563842	5.051000000E-06	
9065.468259000	1.344563723	5.052000000E-06	
9064.986131000	1.344563842	5.052400000E-06	
9064.504003000	1.344563603	5.052400000E-06	
9064.021875000	1.344563723	5.052500000E-06	
9063.539747000	1.344563484	5.053100000E-06	
9063.057619000	1.344563603	5.054200000E-06	
9062.575491000	1.344563365	5.056000000E-06	
9062.093363000	1.344563484	5.057900000E-06	
9061.611235000	1.344563246	5.059400000E-06	
9061.129107000	1.344563365	5.060400000E-06	
9060.646979000	1.344563246	5.061000000E-06	
9060.164852000	1.344563246	5.061100000E-06	
9059.682724000	1.344563127	5.061100000E-06	
9059.200596000	1.344563127	5.061500000E-06	
9058.718468000	1.344563007	5.062400000E-06	
9058.236340000	1.344563127	5.063500000E-06	
9057.754212000	1.344562888	5.064500000E-06	
9057.272084000	1.344563007	5.065500000E-06	
9056.789956000	1.344562769	5.066400000E-06	
9056.307828000	1.344562888	5.067200000E-06	
9055.825700000	1.344562650	5.068300000E-06	
9055.343572000	1.344562769	5.069600000E-06	
9054.861444000	1.344562531	5.070700000E-06	
9054.379316000	1.344562650	5.071500000E-06	
9053.897188000	1.344562531	5.072100000E-06	
9053.415060000	1.344562531	5.072300000E-06	
9052.932932000	1.344562411	5.072700000E-06	
9052.450804000	1.344562531	5.073700000E-06	
9051.968676000	1.344562292	5.075400000E-06	
9051.486548000	1.344562411	5.077600000E-06	
9051.004420000	1.344562173	5.079900000E-06	
9050.522292000	1.344562292	5.082100000E-06	
9050.040164000	1.344562054	5.083800000E-06	
9049.558036000	1.344562173	5.084900000E-06	
9049.075908000	1.344561934	5.086000000E-06	
9048.593780000	1.344562054	5.087200000E-06	
9048.111652000	1.344561815	5.088500000E-06	
9047.629524000	1.344561934	5.089900000E-06	
9047.147396000	1.344561815	5.091200000E-06	
9046.665268000	1.344561815	5.092200000E-06	
9046.183140000	1.344561696	5.092800000E-06	
9045.701012000	1.344561815	5.093500000E-06	
9045.218884000	1.344561577	5.094800000E-06	
9044.736756000	1.344561696	5.096700000E-06	
9044.254628000	1.344561458	5.098900000E-06	
9043.772500000	1.344561577	5.101000000E-06	
9043.290372000	1.344561338	5.102300000E-06	
9042.808244000	1.344561458	5.102700000E-06	
9042.326116000	1.344561219	5.102700000E-06	
9041.843988000	1.344561338	5.102800000E-06	
9041.361860000	1.344561100	5.103200000E-06	
9040.879732000	1.344561219	5.104300000E-06	
9040.397604000	1.344561100	5.106000000E-06	
9039.915476000	1.344561100	5.107900000E-06	
9039.433348000	1.344560981	5.109400000E-06	
9038.951220000	1.344561100	5.110600000E-06	
9038.469092000	1.344560862	5.111800000E-06	
9037.986965000	1.344560981	5.113000000E-06	
9037.504837000	1.344560742	5.114700000E-06	
9037.022709000	1.344560862	5.116900000E-06	
9036.540581000	1.344560623	5.119300000E-06	
9036.058453000	1.344560742	5.121400000E-06	
9035.576325000	1.344560504	5.122900000E-06	
9035.094197000	1.344560623	5.124100000E-06	
9034.612069000	1.344560385	5.125200000E-06	
9034.129941000	1.344560504	5.126600000E-06	
9033.647813000	1.344560385	5.128700000E-06	
9033.165685000	1.344560385	5.131300000E-06	
9032.683557000	1.344560266	5.133800000E-06	
9032.201429000	1.344560266	5.136200000E-06	
9031.719301000	1.344560146	5.138100000E-06	
9031.237173000	1.344560266	5.139500000E-06	
9030.755045000	1.344560027	5.140400000E-06	
9030.272917000	1.344560146	5.141500000E-06	
9029.790789000	1.344559908	5.143300000E-06	
9029.308661000	1.344560027	5.145600000E-06	
9028.826533000	1.344559789	5.148500000E-06	
9028.344405000	1.344559908	5.151500000E-06	
9027.862277000	1.344559669	5.154000000E-06	
9027.380149000	1.344559789	5.155700000E-06	
9026.898021000	1.344559669	5.156800000E-06	
9026.415893000	1.344559669	5.157600000E-06	
9025.933765000	1.344559550	5.158300000E-06	
9025.451637000	1.344559669	5.159300000E-06	
9024.969509000	1.344559431	5.160800000E-06	
9024.487381000	1.344559550	5.162600000E-06	
9024.005253000	1.344559312	5.164000000E-06	
9023.523125000	1.344559431	5.165100000E-06	
9023.040997000	1.344559193	5.166000000E-06	
9022.558869000	1.344559312	5.166900000E-06	
9022.076741000	1.344559073	5.168300000E-06	
9021.594613000	1.344559193	5.170400000E-06	
9021.112485000	1.344558954	5.172700000E-06	
9020.630357000	1.344559073	5.174600000E-06	
9020.148229000	1.344558954	5.175800000E-06	
9019.666101000	1.344558954	5.176300000E-06	
9019.183973000	1.344558835	5.176500000E-06	
9018.701845000	1.344558835	5.177100000E-06	
9018.219717000	1.344558716	5.178700000E-06	
9017.737589000	1.344558835	5.181000000E-06	
9017.255461000	1.344558597	5.183300000E-06	
9016.773333000	1.344558716	5.185400000E-06	
9016.291205000	1.344558477	5.187000000E-06	
9015.809078000	1.344558597	5.188000000E-06	
9015.326950000	1.344558358	5.188800000E-06	
9014.844822000	1.344558477	5.189700000E-06	
9014.362694000	1.344558239	5.190900000E-06	
9013.880566000	1.344558358	5.192100000E-06	
9013.398438000	1.344558120	5.193400000E-06	
9012.916310000	1.344558239	5.194800000E-06	
9012.434182000	1.344558120	5.196100000E-06	
9011.952054000	1.344558120	5.197600000E-06	
9011.469926000	1.344558001	5.200000000E-06	
9010.987798000	1.344558120	5.203000000E-06	
9010.505670000	1.344557881	5.206200000E-06	
9010.023542000	1.344558001	5.209000000E-06	
9009.541414000	1.344557762	5.211100000E-06	
9009.059286000	1.344557881	5.212500000E-06	
9008.577158000	1.344557643	5.213400000E-06	
9008.095030000	1.344557762	5.214400000E-06	
9007.612902000	1.344557524	5.215800000E-06	
9007.130774000	1.344557643	5.217600000E-06	
9006.648646000	1.344557405	5.219800000E-06	
9006.166518000	1.344557524	5.222200000E-06	
9005.684390000	1.344557405	5.224300000E-06	
9005.202262000	1.344557405	5.225900000E-06	
9004.720134000	1.344557285	5.227500000E-06	
9004.238006000	1.344557285	5.229300000E-06	
9003.755878000	1.344557166	5.231200000E-06	
9003.273750000	1.344557285	5.233200000E-06	
9002.791622000	1.344557047	5.235100000E-06	
9002.309494000	1.344557166	5.236700000E-06	
9001.827366000	1.344556928	5.237800000E-06	
9001.345238000	1.344557047	5.238900000E-06	
9000.863110000	1.344556808	5.240200000E-06	
9000.380982000	1.344556928	5.242000000E-06	
8999.898854000	1.344556689	5.244800000E-06	
8999.416726000	1.344556808	5.248400000E-06	
8998.934598000	1.344556570	5.252300000E-06	
8998.452470000	1.344556689	5.255700000E-06	
8997.970342000	1.344556570	5.258000000E-06	
8997.488214000	1.344556570	5.259400000E-06	
8997.006086000	1.344556451	5.260100000E-06	
8996.523958000	1.344556451	5.260700000E-06	
8996.041830000	1.344556332	5.262200000E-06	
8995.559702000	1.344556451	5.264500000E-06	
8995.077574000	1.344556212	5.267400000E-06	
8994.595446000	1.344556332	5.270600000E-06	
8994.113318000	1.344556093	5.273400000E-06	
8993.631191000	1.344556212	5.275700000E-06	
8993.149063000	1.344555974	5.277700000E-06	
8992.666935000	1.344556093	5.279800000E-06	
8992.184807000	1.344555855	5.282100000E-06	
8991.702679000	1.344555974	5.284500000E-06	
8991.220551000	1.344555736	5.286900000E-06	
8990.738423000	1.344555855	5.288900000E-06	
8990.256295000	1.344555736	5.290100000E-06	
8989.774167000	1.344555736	5.290600000E-06	
8989.292039000	1.344555616	5.291200000E-06	
8988.809911000	1.344555616	5.292400000E-06	
8988.327783000	1.344555497	5.294400000E-06	
8987.845655000	1.344555616	5.297300000E-06	
8987.363527000	1.344555378	5.300700000E-06	
8986.881399000	1.344555497	5.303800000E-06	
8986.399271000	1.344555259	5.306300000E-06	
8985.917143000	1.344555378	5.308400000E-06	
8985.435015000	1.344555140	5.310200000E-06	
8984.952887000	1.344555259	5.312000000E-06	
8984.470759000	1.344555020	5.314000000E-06	
8983.988631000	1.344555140	5.316500000E-06	
8983.506503000	1.344554901	5.319100000E-06	
8983.024375000	1.344555020	5.321600000E-06	
8982.542247000	1.344554782	5.324000000E-06	
8982.060119000	1.344554901	5.326100000E-06	
8981.577991000	1.344554782	5.328000000E-06	
8981.095863000	1.344554782	5.329900000E-06	
8980.613735000	1.344554663	5.332300000E-06	
8980.131607000	1.344554782	5.335000000E-06	
8979.649479000	1.344554543	5.337600000E-06	
8979.167351000	1.344554663	5.339800000E-06	
8978.685223000	1.344554424	5.341700000E-06	
8978.203095000	1.344554543	5.343300000E-06	
8977.720967000	1.344554305	5.345400000E-06	
8977.238839000	1.344554424	5.348300000E-06	
8976.756711000	1.344554186	5.351700000E-06	
8976.274583000	1.344554305	5.355000000E-06	
8975.792455000	1.344554067	5.358000000E-06	
8975.310327000	1.344554186	5.360500000E-06	
8974.828199000	1.344553947	5.362500000E-06	
8974.346071000	1.344554067	5.364400000E-06	
8973.863943000	1.344553828	5.366700000E-06	
8973.381815000	1.344553947	5.369200000E-06	
8972.899687000	1.344553828	5.371900000E-06	
8972.417559000	1.344553828	5.374600000E-06	
8971.935431000	1.344553709	5.377100000E-06	
8971.453303000	1.344553709	5.379000000E-06	
8970.971176000	1.344553590	5.380400000E-06	
8970.489048000	1.344553709	5.382000000E-06	
8970.006920000	1.344553471	5.384500000E-06	
8969.524792000	1.344553590	5.387800000E-06	
8969.042664000	1.344553351	5.391600000E-06	
8968.560536000	1.344553471	5.395300000E-06	
8968.078408000	1.344553232	5.398100000E-06	
8967.596280000	1.344553351	5.400000000E-06	
8967.114152000	1.344553113	5.401700000E-06	
8966.632024000	1.344553232	5.403900000E-06	
8966.149896000	1.344552994	5.407000000E-06	
8965.667768000	1.344553113	5.411100000E-06	
8965.185640000	1.344552875	5.415500000E-06	
8964.703512000	1.344552994	5.419600000E-06	
8964.221384000	1.344552755	5.423200000E-06	
8963.739256000	1.344552875	5.426500000E-06	
8963.257128000	1.344552755	5.429700000E-06	
8962.775000000	1.344552755	5.432900000E-06	
8962.292872000	1.344552636	5.436300000E-06	
8961.810744000	1.344552755	5.439800000E-06	
8961.328616000	1.344552517	5.443300000E-06	
8960.846488000	1.344552636	5.446600000E-06	
8960.364360000	1.344552398	5.450000000E-06	
8959.882232000	1.344552517	5.453400000E-06	
8959.400104000	1.344552279	5.456600000E-06	
8958.917976000	1.344552398	5.460100000E-06	
8958.435848000	1.344552159	5.464500000E-06	
8957.953720000	1.344552279	5.469600000E-06	
8957.471592000	1.344552040	5.474700000E-06	
8956.989464000	1.344552159	5.479700000E-06	
8956.507336000	1.344551921	5.483900000E-06	
8956.025208000	1.344552040	5.487400000E-06	
8955.543080000	1.344551802	5.490900000E-06	
8955.060952000	1.344551921	5.494500000E-06	
8954.578824000	1.344551682	5.498300000E-06	
8954.096696000	1.344551802	5.502300000E-06	
8953.614568000	1.344551682	5.506500000E-06	
8953.132440000	1.344551682	5.511100000E-06	
8952.650312000	1.344551563	5.515700000E-06	
8952.168184000	1.344551563	5.520400000E-06	
8951.686056000	1.344551444	5.525200000E-06	
8951.203928000	1.344551563	5.530100000E-06	
8950.721800000	1.344551325	5.535100000E-06	
8950.239672000	1.344551444	5.540300000E-06	
8949.757544000	1.344551206	5.545300000E-06	
8949.275416000	1.344551325	5.549900000E-06	
8948.793289000	1.344551086	5.554000000E-06	
8948.311161000	1.344551206	5.557700000E-06	
8947.829033000	1.344550967	5.561600000E-06	
8947.346905000	1.344551086	5.565800000E-06	
8946.864777000	1.344550848	5.570600000E-06	
8946.382649000	1.344550967	5.576000000E-06	
8945.900521000	1.344550729	5.581500000E-06	
8945.418393000	1.344550848	5.586800000E-06	
8944.936265000	1.344550729	5.591900000E-06	
8944.454137000	1.344550729	5.596700000E-06	
8943.972009000	1.344550610	5.601500000E-06	
8943.489881000	1.344550610	5.606400000E-06	
8943.007753000	1.344550490	5.611700000E-06	
8942.525625000	1.344550610	5.617000000E-06	
8942.043497000	1.344550371	5.622300000E-06	
8941.561369000	1.344550490	5.627500000E-06	
8941.079241000	1.344550252	5.632600000E-06	
8940.597113000	1.344550371	5.637700000E-06	
8940.114985000	1.344550133	5.643400000E-06	
8939.632857000	1.344550252	5.650000000E-06	
8939.150729000	1.344550014	5.657100000E-06	
8938.668601000	1.344550133	5.664300000E-06	
8938.186473000	1.344549894	5.671000000E-06	
8937.704345000	1.344550014	5.676900000E-06	
8937.222217000	1.344549775	5.682100000E-06	
8936.740089000	1.344549894	5.687300000E-06	
8936.257961000	1.344549775	5.693100000E-06	
8935.775833000	1.344549775	5.699400000E-06	
8935.293705000	1.344549656	5.705900000E-06	
8934.811577000	1.344549775	5.712200000E-06	
8934.329449000	1.344549537	5.717900000E-06	
8933.847321000	1.344549656	5.722900000E-06	
8933.365193000	1.344549417	5.727600000E-06	
8932.883065000	1.344549537	5.732500000E-06	
8932.400937000	1.344549298	5.737900000E-06	
8931.918809000	1.344549417	5.743800000E-06	
8931.436681000	1.344549179	5.750100000E-06	
8930.954553000	1.344549298	5.756200000E-06	
8930.472425000	1.344549060	5.761200000E-06	
8929.990297000	1.344549179	5.765200000E-06	
8929.508169000	1.344549060	5.768800000E-06	
8929.026041000	1.344549060	5.772500000E-06	
8928.543913000	1.344548941	5.776600000E-06	
8928.061785000	1.344549060	5.781300000E-06	
8927.579657000	1.344548821	5.786100000E-06	
8927.097529000	1.344548941	5.790400000E-06	
8926.615402000	1.344548702	5.794200000E-06	
8926.133274000	1.344548821	5.797600000E-06	
8925.651146000	1.344548583	5.800700000E-06	
8925.169018000	1.344548702	5.803200000E-06	
8924.686890000	1.344548464	5.805700000E-06	
8924.204762000	1.344548583	5.808300000E-06	
8923.722634000	1.344548464	5.810800000E-06	
8923.240506000	1.344548464	5.813000000E-06	
8922.758378000	1.344548345	5.814900000E-06	
8922.276250000	1.344548464	5.816400000E-06	
8921.794122000	1.344548225	5.817800000E-06	
8921.311994000	1.344548345	5.819400000E-06	
8920.829866000	1.344548106	5.821700000E-06	
8920.347738000	1.344548225	5.824200000E-06	
8919.865610000	1.344547987	5.826700000E-06	
8919.383482000	1.344548106	5.829000000E-06	
8918.901354000	1.344547868	5.830600000E-06	
8918.419226000	1.344547987	5.831400000E-06	
8917.937098000	1.344547749	5.832300000E-06	
8917.454970000	1.344547868	5.833800000E-06	
8916.972842000	1.344547749	5.835600000E-06	
8916.490714000	1.344547749	5.837600000E-06	
8916.008586000	1.344547629	5.839400000E-06	
8915.526458000	1.344547749	5.840900000E-06	
8915.044330000	1.344547510	5.842100000E-06	
8914.562202000	1.344547629	5.843200000E-06	
8914.080074000	1.344547391	5.844600000E-06	
8913.597946000	1.344547510	5.846000000E-06	
8913.115818000	1.344547272	5.847700000E-06	
8912.633690000	1.344547391	5.849600000E-06	
8912.151562000	1.344547153	5.851500000E-06	
8911.669434000	1.344547272	5.852700000E-06	
8911.187306000	1.344547033	5.853600000E-06	
8910.705178000	1.344547153	5.854500000E-06	
8910.223050000	1.344546914	5.855900000E-06	
8909.740922000	1.344547033	5.858100000E-06	
8909.258794000	1.344546795	5.861000000E-06	
8908.776666000	1.344546914	5.863900000E-06	
8908.294538000	1.344546676	5.866100000E-06	
8907.812410000	1.344546795	5.867600000E-06	
8907.330282000	1.344546676	5.868900000E-06	
8906.848154000	1.344546676	5.870200000E-06	
8906.366026000	1.344546556	5.872000000E-06	
8905.883898000	1.344546556	5.874700000E-06	
8905.401770000	1.344546437	5.878000000E-06	
8904.919642000	1.344546437	5.881300000E-06	
8904.437515000	1.344546318	5.884100000E-06	
8903.955387000	1.344546437	5.886600000E-06	
8903.473259000	1.344546199	5.888600000E-06	
8902.991131000	1.344546318	5.890600000E-06	
8902.509003000	1.344546080	5.893300000E-06	
8902.026875000	1.344546199	5.897000000E-06	
8901.544747000	1.344545960	5.901500000E-06	
8901.062619000	1.344546080	5.906400000E-06	
8900.580491000	1.344545841	5.911200000E-06	
8900.098363000	1.344545960	5.915600000E-06	
8899.616235000	1.344545722	5.919600000E-06	
8899.134107000	1.344545841	5.924000000E-06	
8898.651979000	1.344545603	5.929300000E-06	
8898.169851000	1.344545722	5.935000000E-06	
8897.687723000	1.344545484	5.940500000E-06	
8897.205595000	1.344545603	5.945600000E-06	
8896.723467000	1.344545364	5.949900000E-06	
8896.241339000	1.344545484	5.953600000E-06	
8895.759211000	1.344545245	5.957600000E-06	
8895.277083000	1.344545364	5.962500000E-06	
8894.794955000	1.344545126	5.968000000E-06	
8894.312827000	1.344545245	5.974100000E-06	
8893.830699000	1.344545007	5.980300000E-06	
8893.348571000	1.344545126	5.986300000E-06	
8892.866443000	1.344545007	5.991700000E-06	
8892.384315000	1.344545007	5.996700000E-06	
8891.902187000	1.344544888	6.001900000E-06	
8891.420059000	1.344544888	6.007600000E-06	
8890.937931000	1.344544768	6.013900000E-06	
8890.455803000	1.344544768	6.021100000E-06	
8889.973675000	1.344544649	6.028600000E-06	
8889.491547000	1.344544768	6.035900000E-06	
8889.009419000	1.344544530	6.043000000E-06	
8888.527291000	1.344544649	6.049800000E-06	
8888.045163000	1.344544411	6.056500000E-06	
8887.563035000	1.344544530	6.063200000E-06	
8887.080907000	1.344544291	6.069900000E-06	
8886.598779000	1.344544411	6.076600000E-06	
8886.116651000	1.344544172	6.082900000E-06	
8885.634523000	1.344544291	6.089000000E-06	
8885.152395000	1.344544053	6.094900000E-06	
8884.670267000	1.344544172	6.100500000E-06	
8884.188139000	1.344543934	6.106000000E-06	
8883.706011000	1.344544053	6.112100000E-06	
8883.223883000	1.344543815	6.118900000E-06	
8882.741755000	1.344543934	6.126100000E-06	
8882.259627000	1.344543695	6.133300000E-06	
8881.777500000	1.344543815	6.140100000E-06	
8881.295372000	1.344543695	6.146100000E-06	
8880.813244000	1.344543695	6.151600000E-06	
8880.331116000	1.344543576	6.157700000E-06	
8879.848988000	1.344543576	6.164700000E-06	
8879.366860000	1.344543457	6.172300000E-06	
8878.884732000	1.344543457	6.180300000E-06	
8878.402604000	1.344543338	6.188000000E-06	
8877.920476000	1.344543457	6.195100000E-06	
8877.438348000	1.344543219	6.201500000E-06	
8876.956220000	1.344543338	6.207600000E-06	
8876.474092000	1.344543099	6.213900000E-06	
8875.991964000	1.344543219	6.220300000E-06	
8875.509836000	1.344542980	6.227100000E-06	
8875.027708000	1.344543099	6.234300000E-06	
8874.545580000	1.344542861	6.241400000E-06	
8874.063452000	1.344542980	6.248100000E-06	
8873.581324000	1.344542742	6.254800000E-06	
8873.099196000	1.344542861	6.261600000E-06	
8872.617068000	1.344542623	6.268800000E-06	
8872.134940000	1.344542742	6.276400000E-06	
8871.652812000	1.344542503	6.284500000E-06	
8871.170684000	1.344542623	6.292300000E-06	
8870.688556000	1.344542503	6.299300000E-06	
8870.206428000	1.344542503	6.306000000E-06	
8869.724300000	1.344542384	6.312700000E-06	
8869.242172000	1.344542384	6.319700000E-06	
8868.760044000	1.344542265	6.327400000E-06	
8868.277916000	1.344542384	6.335800000E-06	
8867.795788000	1.344542146	6.344400000E-06	
8867.313660000	1.344542265	6.352600000E-06	
8866.831532000	1.344542027	6.360600000E-06	
8866.349404000	1.344542146	6.368000000E-06	
8865.867276000	1.344541907	6.374900000E-06	
8865.385148000	1.344542027	6.381600000E-06	
8864.903020000	1.344541788	6.388800000E-06	
8864.420892000	1.344541907	6.396600000E-06	
8863.938764000	1.344541669	6.404900000E-06	
8863.456636000	1.344541788	6.413600000E-06	
8862.974508000	1.344541550	6.422400000E-06	
8862.492380000	1.344541669	6.430800000E-06	
8862.010252000	1.344541430	6.438800000E-06	
8861.528124000	1.344541550	6.446900000E-06	
8861.045996000	1.344541430	6.455300000E-06	
8860.563868000	1.344541430	6.464000000E-06	
8860.081740000	1.344541311	6.472900000E-06	
8859.599613000	1.344541430	6.481900000E-06	
8859.117485000	1.344541192	6.490300000E-06	
8858.635357000	1.344541311	6.498000000E-06	
8858.153229000	1.344541073	6.506000000E-06	
8857.671101000	1.344541192	6.514600000E-06	
8857.188973000	1.344540954	6.523700000E-06	
8856.706845000	1.344541073	6.533300000E-06	
8856.224717000	1.344540834	6.542800000E-06	
8855.742589000	1.344540954	6.551800000E-06	
8855.260461000	1.344540715	6.560100000E-06	
8854.778333000	1.344540834	6.568400000E-06	
8854.296205000	1.344540596	6.576800000E-06	
8853.814077000	1.344540715	6.585300000E-06	
8853.331949000	1.344540596	6.594200000E-06	
8852.849821000	1.344540596	6.603600000E-06	
8852.367693000	1.344540477	6.612900000E-06	
8851.885565000	1.344540596	6.621900000E-06	
8851.403437000	1.344540358	6.630700000E-06	
8850.921309000	1.344540477	6.639400000E-06	
8850.439181000	1.344540238	6.648100000E-06	
8849.957053000	1.344540358	6.657000000E-06	
8849.474925000	1.344540119	6.666400000E-06	
8848.992797000	1.344540238	6.675800000E-06	
8848.510669000	1.344540000	6.684800000E-06	
8848.028541000	1.344540119	6.693500000E-06	
8847.546413000	1.344540000	6.701800000E-06	
8847.064285000	1.344540000	6.709900000E-06	
8846.582157000	1.344539881	6.718200000E-06	
8846.100029000	1.344540000	6.727200000E-06	
8845.617901000	1.344539762	6.736400000E-06	
8845.135773000	1.344539881	6.745500000E-06	
8844.653645000	1.344539642	6.754100000E-06	
8844.171517000	1.344539762	6.762300000E-06	
8843.689389000	1.344539523	6.769800000E-06	
8843.207261000	1.344539642	6.776900000E-06	
8842.725133000	1.344539404	6.784400000E-06	
8842.243005000	1.344539523	6.792200000E-06	
8841.760877000	1.344539404	6.800500000E-06	
8841.278749000	1.344539404	6.809000000E-06	
8840.796621000	1.344539285	6.817400000E-06	
8840.314493000	1.344539404	6.824700000E-06	
8839.832365000	1.344539165	6.831300000E-06	
8839.350237000	1.344539285	6.837600000E-06	
8838.868109000	1.344539046	6.843900000E-06	
8838.385981000	1.344539165	6.850100000E-06	
8837.903853000	1.344538927	6.856100000E-06	
8837.421726000	1.344539046	6.861600000E-06	
8836.939598000	1.344538927	6.866200000E-06	
8836.457470000	1.344539046	6.870100000E-06	
8835.975342000	1.344538808	6.873800000E-06	
8835.493214000	1.344538927	6.877600000E-06	
8835.011086000	1.344538689	6.881600000E-06	
8834.528958000	1.344538808	6.886000000E-06	
8834.046830000	1.344538569	6.890500000E-06	
8833.564702000	1.344538689	6.894400000E-06	
8833.082574000	1.344538569	6.897000000E-06	
8832.600446000	1.344538689	6.898600000E-06	
8832.118318000	1.344538450	6.899800000E-06	
8831.636190000	1.344538569	6.900900000E-06	
8831.154062000	1.344538331	6.902700000E-06	
8830.671934000	1.344538450	6.905200000E-06	
8830.189806000	1.344538212	6.907800000E-06	
8829.707678000	1.344538331	6.909900000E-06	
8829.225550000	1.344538093	6.911000000E-06	
8828.743422000	1.344538212	6.911100000E-06	
8828.261294000	1.344538093	6.910500000E-06	
8827.779166000	1.344538212	6.909800000E-06	
8827.297038000	1.344537973	6.909600000E-06	
8826.814910000	1.344538093	6.909300000E-06	
8826.332782000	1.344537854	6.908300000E-06	
8825.850654000	1.344537973	6.906800000E-06	
8825.368526000	1.344537735	6.904900000E-06	
8824.886398000	1.344537854	6.902600000E-06	
8824.404270000	1.344537616	6.900500000E-06	
8823.922142000	1.344537735	6.899200000E-06	
8823.440014000	1.344537497	6.898600000E-06	
8822.957886000	1.344537616	6.898400000E-06	
8822.475758000	1.344537497	6.898400000E-06	
8821.993630000	1.344537497	6.898000000E-06	
8821.511502000	1.344537377	6.896800000E-06	
8821.029374000	1.344537497	6.894900000E-06	
8820.547246000	1.344537258	6.893200000E-06	
8820.065118000	1.344537377	6.891500000E-06	
8819.582990000	1.344537139	6.890100000E-06	
8819.100862000	1.344537258	6.889000000E-06	
8818.618734000	1.344537020	6.888000000E-06	
8818.136606000	1.344537139	6.886800000E-06	
8817.654478000	1.344536901	6.885300000E-06	
8817.172350000	1.344537020	6.883800000E-06	
8816.690222000	1.344536781	6.882700000E-06	
8816.208094000	1.344536901	6.881800000E-06	
8815.725966000	1.344536662	6.881400000E-06	
8815.243839000	1.344536781	6.881200000E-06	
8814.761711000	1.344536543	6.880700000E-06	
8814.279583000	1.344536662	6.880100000E-06	
8813.797455000	1.344536424	6.879700000E-06	
8813.315327000	1.344536543	6.879600000E-06	
8812.833199000	1.344536424	6.879800000E-06	
8812.351071000	1.344536424	6.880200000E-06	
8811.868943000	1.344536304	6.880700000E-06	
8811.386815000	1.344536304	6.881200000E-06	
8810.904687000	1.344536185	6.881300000E-06	
8810.422559000	1.344536185	6.881500000E-06	
8809.940431000	1.344536066	6.881700000E-06	
8809.458303000	1.344536185	6.881900000E-06	
8808.976175000	1.344535947	6.882800000E-06	
8808.494047000	1.344536066	6.884500000E-06	
8808.011919000	1.344535828	6.886500000E-06	
8807.529791000	1.344535947	6.888500000E-06	
8807.047663000	1.344535708	6.890000000E-06	
8806.565535000	1.344535828	6.891000000E-06	
8806.083407000	1.344535589	6.891600000E-06	
8805.601279000	1.344535708	6.892600000E-06	
8805.119151000	1.344535470	6.894700000E-06	
8804.637023000	1.344535589	6.897600000E-06	
8804.154895000	1.344535351	6.900700000E-06	
8803.672767000	1.344535470	6.904000000E-06	
8803.190639000	1.344535232	6.907200000E-06	
8802.708511000	1.344535351	6.910100000E-06	
8802.226383000	1.344535112	6.912900000E-06	
8801.744255000	1.344535232	6.916100000E-06	
8801.262127000	1.344534993	6.919600000E-06	
8800.779999000	1.344535112	6.923600000E-06	
8800.297871000	1.344534874	6.928200000E-06	
8799.815743000	1.344534993	6.933400000E-06	
8799.333615000	1.344534755	6.938200000E-06	
8798.851487000	1.344534874	6.942700000E-06	
8798.369359000	1.344534636	6.947500000E-06	
8797.887231000	1.344534755	6.952700000E-06	
8797.405103000	1.344534516	6.958800000E-06	
8796.922975000	1.344534636	6.966300000E-06	
8796.440847000	1.344534397	6.974500000E-06	
8795.958719000	1.344534397	6.982500000E-06	
8795.476591000	1.344534278	6.989700000E-06	
8794.994463000	1.344534397	6.996400000E-06	
8794.512335000	1.344534159	7.003000000E-06	
8794.030207000	1.344534278	7.010000000E-06	
8793.548079000	1.344534039	7.018000000E-06	
8793.065951000	1.344534159	7.027000000E-06	
8792.583824000	1.344533920	7.036100000E-06	
8792.101696000	1.344534039	7.045200000E-06	
8791.619568000	1.344533801	7.054200000E-06	
8791.137440000	1.344533920	7.063000000E-06	
8790.655312000	1.344533682	7.071700000E-06	
8790.173184000	1.344533801	7.080800000E-06	
8789.691056000	1.344533563	7.090500000E-06	
8789.208928000	1.344533682	7.100500000E-06	
8788.726800000	1.344533443	7.110600000E-06	
8788.244672000	1.344533563	7.120900000E-06	
8787.762544000	1.344533324	7.131100000E-06	
8787.280416000	1.344533443	7.141200000E-06	
8786.798288000	1.344533205	7.151700000E-06	
8786.316160000	1.344533324	7.162800000E-06	
8785.834032000	1.344533086	7.174300000E-06	
8785.351904000	1.344533205	7.185800000E-06	
8784.869776000	1.344532967	7.197200000E-06	
8784.387648000	1.344533086	7.208000000E-06	
8783.905520000	1.344532847	7.218100000E-06	
8783.423392000	1.344532967	7.228100000E-06	
8782.941264000	1.344532728	7.238900000E-06	
8782.459136000	1.344532847	7.250000000E-06	
8781.977008000	1.344532609	7.261200000E-06	
8781.494880000	1.344532728	7.272400000E-06	
8781.012752000	1.344532490	7.283400000E-06	
8780.530624000	1.344532609	7.293900000E-06	
8780.048496000	1.344532371	7.304400000E-06	
8779.566368000	1.344532490	7.315300000E-06	
8779.084240000	1.344532251	7.326400000E-06	
8778.602112000	1.344532371	7.337800000E-06	
8778.119984000	1.344532132	7.349900000E-06	
8777.637856000	1.344532251	7.362100000E-06	
8777.155728000	1.344532013	7.373800000E-06	
8776.673600000	1.344532132	7.384700000E-06	
8776.191472000	1.344532013	7.395500000E-06	
8775.709344000	1.344532013	7.406200000E-06	
8775.227216000	1.344531894	7.417400000E-06	
8774.745088000	1.344531894	7.429400000E-06	
8774.262960000	1.344531775	7.441900000E-06	
8773.780832000	1.344531894	7.454000000E-06	
8773.298704000	1.344531655	7.465400000E-06	
8772.816576000	1.344531775	7.476200000E-06	
8772.334448000	1.344531536	7.486400000E-06	
8771.852320000	1.344531655	7.496700000E-06	
8771.370192000	1.344531417	7.507800000E-06	
8770.888064000	1.344531536	7.520100000E-06	
8770.405937000	1.344531298	7.532700000E-06	
8769.923809000	1.344531417	7.545300000E-06	
8769.441681000	1.344531178	7.557400000E-06	
8768.959553000	1.344531298	7.568800000E-06	
8768.477425000	1.344531059	7.579700000E-06	
8767.995297000	1.344531178	7.590500000E-06	
8767.513169000	1.344530940	7.601800000E-06	
8767.031041000	1.344531059	7.613500000E-06	
8766.548913000	1.344530940	7.625300000E-06	
8766.066785000	1.344530940	7.637500000E-06	
8765.584657000	1.344530821	7.649400000E-06	
8765.102529000	1.344530940	7.660900000E-06	
8764.620401000	1.344530702	7.672400000E-06	
8764.138273000	1.344530821	7.684100000E-06	
8763.656145000	1.344530582	7.695900000E-06	
8763.174017000	1.344530702	7.708000000E-06	
8762.691889000	1.344530463	7.720500000E-06	
8762.209761000	1.344530582	7.732800000E-06	
8761.727633000	1.344530344	7.744500000E-06	
8761.245505000	1.344530463	7.755700000E-06	
8760.763377000	1.344530225	7.767000000E-06	
8760.281249000	1.344530344	7.778500000E-06	
8759.799121000	1.344530106	7.790700000E-06	
8759.316993000	1.344530225	7.803800000E-06	
8758.834865000	1.344530106	7.817200000E-06	
8758.352737000	1.344530106	7.830000000E-06	
8757.870609000	1.344529986	7.842200000E-06	
8757.388481000	1.344530106	7.853800000E-06	
8756.906353000	1.344529867	7.865100000E-06	
8756.424225000	1.344529986	7.876500000E-06	
8755.942097000	1.344529748	7.888400000E-06	
8755.459969000	1.344529867	7.900500000E-06	
8754.977841000	1.344529629	7.912300000E-06	
8754.495713000	1.344529748	7.923700000E-06	
8754.013585000	1.344529510	7.934800000E-06	
8753.531457000	1.344529629	7.945600000E-06	
8753.049329000	1.344529510	7.956600000E-06	
8752.567201000	1.344529510	7.968200000E-06	
8752.085073000	1.344529390	7.980300000E-06	
8751.602945000	1.344529510	7.992500000E-06	
8751.120817000	1.344529271	8.004300000E-06	
8750.638689000	1.344529390	8.015400000E-06	
8750.156561000	1.344529152	8.025800000E-06	
8749.674433000	1.344529271	8.035500000E-06	
8749.192305000	1.344529033	8.045700000E-06	
8748.710177000	1.344529152	8.056700000E-06	
8748.228050000	1.344529033	8.067800000E-06	
8747.745922000	1.344529033	8.078900000E-06	
8747.263794000	1.344528913	8.089500000E-06	
8746.781666000	1.344529033	8.099300000E-06	
8746.299538000	1.344528794	8.108400000E-06	
8745.817410000	1.344528913	8.117400000E-06	
8745.335282000	1.344528675	8.126600000E-06	
8744.853154000	1.344528794	8.135700000E-06	
8744.371026000	1.344528556	8.144600000E-06	
8743.888898000	1.344528675	8.153400000E-06	
8743.406770000	1.344528556	8.161600000E-06	
8742.924642000	1.344528675	8.169100000E-06	
8742.442514000	1.344528437	8.176300000E-06	
8741.960386000	1.344528556	8.183500000E-06	
8741.478258000	1.344528317	8.190900000E-06	
8740.996130000	1.344528437	8.198500000E-06	
8740.514002000	1.344528198	8.206300000E-06	
8740.031874000	1.344528317	8.213800000E-06	
8739.549746000	1.344528079	8.220400000E-06	
8739.067618000	1.344528198	8.226400000E-06	
8738.585490000	1.344528079	8.232300000E-06	
8738.103362000	1.344528198	8.238200000E-06	
8737.621234000	1.344527960	8.244500000E-06	
8737.139106000	1.344528079	8.251200000E-06	
8736.656978000	1.344527841	8.257900000E-06	
8736.174850000	1.344527960	8.264100000E-06	
8735.692722000	1.344527721	8.269600000E-06	
8735.210594000	1.344527841	8.274500000E-06	
8734.728466000	1.344527721	8.279000000E-06	
8734.246338000	1.344527841	8.283400000E-06	
8733.764210000	1.344527602	8.288300000E-06	
8733.282082000	1.344527721	8.293800000E-06	
8732.799954000	1.344527483	8.299100000E-06	
8732.317826000	1.344527602	8.303800000E-06	
8731.835698000	1.344527364	8.307700000E-06	
8731.353570000	1.344527483	8.310400000E-06	
8730.871442000	1.344527364	8.312500000E-06	
8730.389314000	1.344527364	8.315100000E-06	
8729.907186000	1.344527245	8.318300000E-06	
8729.425058000	1.344527364	8.321900000E-06	
8728.942930000	1.344527125	8.325500000E-06	
8728.460802000	1.344527245	8.329200000E-06	
8727.978674000	1.344527006	8.332500000E-06	
8727.496546000	1.344527125	8.335500000E-06	
8727.014418000	1.344526887	8.338500000E-06	
8726.532290000	1.344527006	8.341400000E-06	
8726.050163000	1.344526887	8.343900000E-06	
8725.568035000	1.344526887	8.346200000E-06	
8725.085907000	1.344526768	8.348300000E-06	
8724.603779000	1.344526887	8.349800000E-06	
8724.121651000	1.344526649	8.350400000E-06	
8723.639523000	1.344526768	8.350600000E-06	
8723.157395000	1.344526529	8.350700000E-06	
8722.675267000	1.344526649	8.350800000E-06	
8722.193139000	1.344526410	8.351200000E-06	
8721.711011000	1.344526529	8.352100000E-06	
8721.228883000	1.344526410	8.352600000E-06	
8720.746755000	1.344526410	8.352400000E-06	
8720.264627000	1.344526291	8.351800000E-06	
8719.782499000	1.344526410	8.351100000E-06	
8719.300371000	1.344526172	8.350400000E-06	
8718.818243000	1.344526291	8.350100000E-06	
8718.336115000	1.344526052	8.350400000E-06	
8717.853987000	1.344526172	8.350800000E-06	
8717.371859000	1.344525933	8.350700000E-06	
8716.889731000	1.344526052	8.350200000E-06	
8716.407603000	1.344525814	8.349600000E-06	
8715.925475000	1.344525933	8.348700000E-06	
8715.443347000	1.344525695	8.347700000E-06	
8714.961219000	1.344525814	8.347200000E-06	
8714.479091000	1.344525695	8.347000000E-06	
8713.996963000	1.344525695	8.347100000E-06	
8713.514835000	1.344525576	8.347100000E-06	
8713.032707000	1.344525695	8.346700000E-06	
8712.550579000	1.344525456	8.345600000E-06	
8712.068451000	1.344525576	8.344100000E-06	
8711.586323000	1.344525337	8.343300000E-06	
8711.104195000	1.344525456	8.343200000E-06	
8710.622067000	1.344525218	8.343400000E-06	
8710.139939000	1.344525337	8.343700000E-06	
8709.657811000	1.344525099	8.343700000E-06	
8709.175683000	1.344525218	8.343000000E-06	
8708.693555000	1.344524980	8.342100000E-06	
8708.211427000	1.344525099	8.341500000E-06	
8707.729299000	1.344524860	8.341200000E-06	
8707.247171000	1.344524980	8.341200000E-06	
8706.765043000	1.344524741	8.341600000E-06	
8706.282915000	1.344524860	8.342100000E-06	
8705.800787000	1.344524622	8.342100000E-06	
8705.318659000	1.344524741	8.341600000E-06	
8704.836531000	1.344524622	8.341100000E-06	
8704.354403000	1.344524622	8.340900000E-06	
8703.872275000	1.344524503	8.341000000E-06	
8703.390148000	1.344524503	8.341200000E-06	
8702.908020000	1.344524384	8.341700000E-06	
8702.425892000	1.344524503	8.341600000E-06	
8701.943764000	1.344524264	8.340600000E-06	
8701.461636000	1.344524384	8.339200000E-06	
8700.979508000	1.344524145	8.337800000E-06	
8700.497380000	1.344524264	8.336700000E-06	
8700.015252000	1.344524026	8.336600000E-06	
8699.533124000	1.344524145	8.337400000E-06	
8699.050996000	1.344523907	8.338400000E-06	
8698.568868000	1.344524026	8.339100000E-06	
8698.086740000	1.344523787	8.339500000E-06	
8697.604612000	1.344523907	8.339600000E-06	
8697.122484000	1.344523668	8.339800000E-06	
8696.640356000	1.344523787	8.340300000E-06	
8696.158228000	1.344523549	8.341700000E-06	
8695.676100000	1.344523668	8.343700000E-06	
8695.193972000	1.344523430	8.345900000E-06	
8694.711844000	1.344523549	8.348000000E-06	
8694.229716000	1.344523311	8.349900000E-06	
8693.747588000	1.344523430	8.351300000E-06	
8693.265460000	1.344523191	8.353100000E-06	
8692.783332000	1.344523311	8.355700000E-06	
8692.301204000	1.344523072	8.359000000E-06	
8691.819076000	1.344523191	8.362700000E-06	
8691.336948000	1.344522953	8.366500000E-06	
8690.854820000	1.344523072	8.370000000E-06	
8690.372692000	1.344522834	8.372800000E-06	
8689.890564000	1.344522953	8.375100000E-06	
8689.408436000	1.344522715	8.378000000E-06	
8688.926308000	1.344522834	8.381700000E-06	
8688.444180000	1.344522595	8.386400000E-06	
8687.962052000	1.344522715	8.391900000E-06	
8687.479924000	1.344522476	8.397500000E-06	
8686.997796000	1.344522595	8.402500000E-06	
8686.515668000	1.344522357	8.406800000E-06	
8686.033540000	1.344522476	8.410900000E-06	
8685.551412000	1.344522238	8.415000000E-06	
8685.069284000	1.344522357	8.419200000E-06	
8684.587156000	1.344522119	8.424000000E-06	
8684.105028000	1.344522238	8.429200000E-06	
8683.622900000	1.344521999	8.434400000E-06	
8683.140772000	1.344522119	8.439200000E-06	
8682.658644000	1.344521880	8.444000000E-06	
8682.176516000	1.344521999	8.448800000E-06	
8681.694388000	1.344521761	8.453700000E-06	
8681.212261000	1.344521880	8.459000000E-06	
8680.730133000	1.344521642	8.464700000E-06	
8680.248005000	1.344521761	8.470400000E-06	
8679.765877000	1.344521523	8.475700000E-06	
8679.283749000	1.344521642	8.480600000E-06	
8678.801621000	1.344521403	8.485000000E-06	
8678.319493000	1.344521523	8.489100000E-06	
8677.837365000	1.344521284	8.493600000E-06	
8677.355237000	1.344521403	8.499200000E-06	
8676.873109000	1.344521165	8.505500000E-06	
8676.390981000	1.344521284	8.512200000E-06	
8675.908853000	1.344521046	8.518900000E-06	
8675.426725000	1.344521165	8.525500000E-06	
8674.944597000	1.344520926	8.531700000E-06	
8674.462469000	1.344520926	8.537900000E-06	
8673.980341000	1.344520807	8.544400000E-06	
8673.498213000	1.344520807	8.551000000E-06	
8673.016085000	1.344520688	8.557600000E-06	
8672.533957000	1.344520688	8.564600000E-06	
8672.051829000	1.344520450	8.571600000E-06	
8671.569701000	1.344520569	8.578300000E-06	
8671.087573000	1.344520330	8.585300000E-06	
8670.605445000	1.344520450	8.593100000E-06	
8670.123317000	1.344520211	8.601600000E-06	
8669.641189000	1.344520330	8.610700000E-06	
8669.159061000	1.344520092	8.620000000E-06	
8668.676933000	1.344520211	8.629200000E-06	
8668.194805000	1.344519973	8.638000000E-06	
8667.712677000	1.344520092	8.646700000E-06	
8667.230549000	1.344519854	8.655800000E-06	
8666.748421000	1.344519973	8.665600000E-06	
8666.266293000	1.344519734	8.676000000E-06	
8665.784165000	1.344519854	8.686900000E-06	
8665.302037000	1.344519615	8.698000000E-06	
8664.819909000	1.344519734	8.708600000E-06	
8664.337781000	1.344519496	8.718900000E-06	
8663.855653000	1.344519615	8.729500000E-06	
8663.373525000	1.344519377	8.740800000E-06	
8662.891397000	1.344519496	8.752700000E-06	
8662.409269000	1.344519258	8.765200000E-06	
8661.927141000	1.344519377	8.778000000E-06	
8661.445013000	1.344519138	8.790400000E-06	
8660.962885000	1.344519258	8.802400000E-06	
8660.480757000	1.344519019	8.814500000E-06	
8659.998629000	1.344519019	8.826800000E-06	
8659.516501000	1.344518900	8.839700000E-06	
8659.034374000	1.344518900	8.853500000E-06	
8658.552246000	1.344518661	8.868300000E-06	
8658.070118000	1.344518781	8.883400000E-06	
8657.587990000	1.344518542	8.898100000E-06	
8657.105862000	1.344518661	8.912400000E-06	
8656.623734000	1.344518423	8.926500000E-06	
8656.141606000	1.344518542	8.940500000E-06	
8655.659478000	1.344518304	8.955300000E-06	
8655.177350000	1.344518423	8.971200000E-06	
8654.695222000	1.344518185	8.988000000E-06	
8654.213094000	1.344518304	9.005300000E-06	
8653.730966000	1.344518065	9.023000000E-06	
8653.248838000	1.344518185	9.040500000E-06	
8652.766710000	1.344517946	9.057400000E-06	
8652.284582000	1.344518065	9.074200000E-06	
8651.802454000	1.344517827	9.091500000E-06	
8651.320326000	1.344517946	9.109500000E-06	
8650.838198000	1.344517708	9.128500000E-06	
8650.356070000	1.344517827	9.148300000E-06	
8649.873942000	1.344517589	9.168600000E-06	
8649.391814000	1.344517708	9.188800000E-06	
8648.909686000	1.344517469	9.209000000E-06	
8648.427558000	1.344517589	9.229600000E-06	
8647.945430000	1.344517350	9.250700000E-06	
8647.463302000	1.344517469	9.272400000E-06	
8646.981174000	1.344517231	9.294800000E-06	
8646.499046000	1.344517231	9.317600000E-06	
8646.016918000	1.344517112	9.340300000E-06	
8645.534790000	1.344517112	9.362800000E-06	
8645.052662000	1.344516993	9.385500000E-06	
8644.570534000	1.344516993	9.408500000E-06	
8644.088406000	1.344516873	9.431900000E-06	
8643.606278000	1.344516873	9.456000000E-06	
8643.124150000	1.344516635	9.480800000E-06	
8642.642022000	1.344516754	9.505900000E-06	
8642.159894000	1.344516635	9.531100000E-06	
8641.677766000	1.344516635	9.556400000E-06	
8641.195638000	1.344516516	9.581900000E-06	
8640.713510000	1.344516516	9.607500000E-06	
8640.231382000	1.344516397	9.633900000E-06	
8639.749254000	1.344516397	9.661200000E-06	
8639.267126000	1.344516277	9.688800000E-06	
8638.784998000	1.344516277	9.716200000E-06	
8638.302870000	1.344516158	9.743100000E-06	
8637.820742000	1.344516277	9.769600000E-06	
8637.338614000	1.344516039	9.796100000E-06	
8636.856486000	1.344516158	9.823100000E-06	
8636.374359000	1.344515920	9.851300000E-06	
8635.892231000	1.344516039	9.880000000E-06	
8635.410103000	1.344515800	9.909000000E-06	
8634.927975000	1.344515920	9.938200000E-06	
8634.445847000	1.344515681	9.967300000E-06	
8633.963719000	1.344515800	9.996000000E-06	
8633.481591000	1.344515562	1.002490000E-05	
8632.999463000	1.344515681	1.005410000E-05	
8632.517335000	1.344515443	1.008350000E-05	
8632.035207000	1.344515562	1.011320000E-05	
8631.553079000	1.344515324	1.014290000E-05	
8631.070951000	1.344515443	1.017230000E-05	
8630.588823000	1.344515324	1.020080000E-05	
8630.106695000	1.344515324	1.022890000E-05	
8629.624567000	1.344515204	1.025760000E-05	
8629.142439000	1.344515324	1.028690000E-05	
8628.660311000	1.344515085	1.031710000E-05	
8628.178183000	1.344515204	1.034830000E-05	
8627.696055000	1.344514966	1.037940000E-05	
8627.213927000	1.344515085	1.040980000E-05	
8626.731799000	1.344514847	1.043940000E-05	
8626.249671000	1.344514966	1.046860000E-05	
8625.767543000	1.344514847	1.049790000E-05	
8625.285415000	1.344514966	1.052750000E-05	
8624.803287000	1.344514728	1.055750000E-05	
8624.321159000	1.344514847	1.058770000E-05	
8623.839031000	1.344514608	1.061720000E-05	
8623.356903000	1.344514728	1.064600000E-05	
8622.874775000	1.344514489	1.067430000E-05	
8622.392647000	1.344514608	1.070200000E-05	
8621.910519000	1.344514489	1.072970000E-05	
8621.428391000	1.344514608	1.075780000E-05	
8620.946263000	1.344514370	1.078640000E-05	
8620.464135000	1.344514489	1.081490000E-05	
8619.982007000	1.344514251	1.084290000E-05	
8619.499879000	1.344514489	1.087020000E-05	
8619.017751000	1.344514251	1.089660000E-05	
8618.535623000	1.344514370	1.092230000E-05	
8618.053495000	1.344514132	1.094830000E-05	
8617.571367000	1.344514251	1.097470000E-05	
8617.089239000	1.344514132	1.100140000E-05	
8616.607111000	1.344514251	1.102830000E-05	
8616.124983000	1.344514012	1.105470000E-05	
8615.642855000	1.344514132	1.108010000E-05	
8615.160727000	1.344513893	1.110400000E-05	
8614.678599000	1.344514132	1.112710000E-05	
8614.196472000	1.344513893	1.115010000E-05	
8613.714344000	1.344514012	1.117310000E-05	
8613.232216000	1.344513774	1.119610000E-05	
8612.750088000	1.344514012	1.121870000E-05	
8612.267960000	1.344513774	1.124030000E-05	
8611.785832000	1.344513893	1.126040000E-05	
8611.303704000	1.344513655	1.127970000E-05	
8610.821576000	1.344513893	1.129850000E-05	
8610.339448000	1.344513655	1.131700000E-05	
8609.857320000	1.344513774	1.133540000E-05	
8609.375192000	1.344513535	1.135400000E-05	
8608.893064000	1.344513774	1.137250000E-05	
8608.410936000	1.344513535	1.139000000E-05	
8607.928808000	1.344513655	1.140630000E-05	
8607.446680000	1.344513416	1.142170000E-05	
8606.964552000	1.344513655	1.143620000E-05	
8606.482424000	1.344513416	1.145020000E-05	
8606.000296000	1.344513535	1.146410000E-05	
8605.518168000	1.344513416	1.147770000E-05	
8605.036040000	1.344513535	1.149030000E-05	
8604.553912000	1.344513297	1.150180000E-05	
8604.071784000	1.344513416	1.151230000E-05	
8603.589656000	1.344513297	1.152200000E-05	
8603.107528000	1.344513416	1.153140000E-05	
8602.625400000	1.344513178	1.154110000E-05	
8602.143272000	1.344513297	1.155080000E-05	
8601.661144000	1.344513178	1.155960000E-05	
8601.179016000	1.344513297	1.156730000E-05	
8600.696888000	1.344513059	1.157400000E-05	
8600.214760000	1.344513178	1.157980000E-05	
8599.732632000	1.344513059	1.158520000E-05	
8599.250504000	1.344513178	1.159050000E-05	
8598.768376000	1.344512939	1.159570000E-05	
8598.286248000	1.344513059	1.160060000E-05	
8597.804120000	1.344512939	1.160520000E-05	
8597.321992000	1.344513059	1.160950000E-05	
8596.839864000	1.344512820	1.161300000E-05	
8596.357736000	1.344512939	1.161560000E-05	
8595.875608000	1.344512820	1.161830000E-05	
8595.393480000	1.344512939	1.162150000E-05	
8594.911352000	1.344512701	1.162510000E-05	
8594.429224000	1.344512820	1.162870000E-05	
8593.947096000	1.344512701	1.163160000E-05	
8593.464968000	1.344512820	1.163310000E-05	
8592.982840000	1.344512582	1.163330000E-05	
8592.500712000	1.344512701	1.163300000E-05	
8592.018585000	1.344512463	1.163300000E-05	
8591.536457000	1.344512582	1.163330000E-05	
8591.054329000	1.344512463	1.163410000E-05	
8590.572201000	1.344512582	1.163520000E-05	
8590.090073000	1.344512343	1.163580000E-05	
8589.607945000	1.344512463	1.163530000E-05	
8589.125817000	1.344512343	1.163400000E-05	
8588.643689000	1.344512463	1.163240000E-05	
8588.161561000	1.344512224	1.163080000E-05	
8587.679433000	1.344512343	1.162940000E-05	
8587.197305000	1.344512224	1.162850000E-05	
8586.715177000	1.344512343	1.162730000E-05	
8586.233049000	1.344512105	1.162520000E-05	
8585.750921000	1.344512224	1.162240000E-05	
8585.268793000	1.344511986	1.161920000E-05	
8584.786665000	1.344512105	1.161600000E-05	
8584.304537000	1.344511986	1.161360000E-05	
8583.822409000	1.344512105	1.161210000E-05	
8583.340281000	1.344511867	1.161130000E-05	
8582.858153000	1.344511986	1.161010000E-05	
8582.376025000	1.344511747	1.160830000E-05	
8581.893897000	1.344511867	1.160560000E-05	
8581.411769000	1.344511747	1.160220000E-05	
8580.929641000	1.344511867	1.159870000E-05	
8580.447513000	1.344511628	1.159570000E-05	
8579.965385000	1.344511747	1.159320000E-05	
8579.483257000	1.344511509	1.159060000E-05	
8579.001129000	1.344511628	1.158770000E-05	
8578.519001000	1.344511509	1.158460000E-05	
8578.036873000	1.344511628	1.158110000E-05	
8577.554745000	1.344511390	1.157750000E-05	
8577.072617000	1.344511509	1.157450000E-05	
8576.590489000	1.344511271	1.157250000E-05	
8576.108361000	1.344511390	1.157120000E-05	
8575.626233000	1.344511151	1.157040000E-05	
8575.144105000	1.344511271	1.156990000E-05	
8574.661977000	1.344511151	1.156860000E-05	
8574.179849000	1.344511271	1.156640000E-05	
8573.697721000	1.344511032	1.156380000E-05	
8573.215593000	1.344511151	1.156120000E-05	
8572.733465000	1.344510913	1.155900000E-05	
8572.251337000	1.344511032	1.155730000E-05	
8571.769209000	1.344510794	1.155570000E-05	
8571.287081000	1.344510913	1.155380000E-05	
8570.804953000	1.344510794	1.155120000E-05	
8570.322825000	1.344510913	1.154850000E-05	
8569.840698000	1.344510674	1.154620000E-05	
8569.358570000	1.344510794	1.154410000E-05	
8568.876442000	1.344510555	1.154240000E-05	
8568.394314000	1.344510674	1.154160000E-05	
8567.912186000	1.344510436	1.154090000E-05	
8567.430058000	1.344510555	1.154020000E-05	
8566.947930000	1.344510436	1.153950000E-05	
8566.465802000	1.344510436	1.153860000E-05	
8565.983674000	1.344510317	1.153740000E-05	
8565.501546000	1.344510436	1.153630000E-05	
8565.019418000	1.344510198	1.153560000E-05	
8564.537290000	1.344510317	1.153550000E-05	
8564.055162000	1.344510078	1.153540000E-05	
8563.573034000	1.344510198	1.153520000E-05	
8563.090906000	1.344509959	1.153490000E-05	
8562.608778000	1.344510078	1.153410000E-05	
8562.126650000	1.344509959	1.153330000E-05	
8561.644522000	1.344510078	1.153270000E-05	
8561.162394000	1.344509840	1.153230000E-05	
8560.680266000	1.344509959	1.153170000E-05	
8560.198138000	1.344509721	1.153090000E-05	
8559.716010000	1.344509840	1.153000000E-05	
8559.233882000	1.344509602	1.152900000E-05	
8558.751754000	1.344509721	1.152830000E-05	
8558.269626000	1.344509482	1.152850000E-05	
8557.787498000	1.344509602	1.152930000E-05	
8557.305370000	1.344509482	1.153060000E-05	
8556.823242000	1.344509482	1.153240000E-05	
8556.341114000	1.344509363	1.153430000E-05	
8555.858986000	1.344509482	1.153560000E-05	
8555.376858000	1.344509244	1.153620000E-05	
8554.894730000	1.344509363	1.153670000E-05	
8554.412602000	1.344509125	1.153770000E-05	
8553.930474000	1.344509244	1.153930000E-05	
8553.448346000	1.344509006	1.154140000E-05	
8552.966218000	1.344509125	1.154380000E-05	
8552.484090000	1.344508886	1.154570000E-05	
8552.001962000	1.344509006	1.154660000E-05	
8551.519834000	1.344508886	1.154720000E-05	
8551.037706000	1.344509006	1.154790000E-05	
8550.555578000	1.344508767	1.154910000E-05	
8550.073450000	1.344508886	1.155120000E-05	
8549.591322000	1.344508648	1.155440000E-05	
8549.109194000	1.344508767	1.155790000E-05	
8548.627066000	1.344508529	1.156090000E-05	
8548.144938000	1.344508648	1.156370000E-05	
8547.662810000	1.344508410	1.156650000E-05	
8547.180683000	1.344508529	1.156960000E-05	
8546.698555000	1.344508290	1.157350000E-05	
8546.216427000	1.344508410	1.157830000E-05	
8545.734299000	1.344508290	1.158350000E-05	
8545.252171000	1.344508290	1.158850000E-05	
8544.770043000	1.344508171	1.159310000E-05	
8544.287915000	1.344508290	1.159700000E-05	
8543.805787000	1.344508052	1.160040000E-05	
8543.323659000	1.344508171	1.160400000E-05	
8542.841531000	1.344507933	1.160870000E-05	
8542.359403000	1.344508052	1.161440000E-05	
8541.877275000	1.344507813	1.162020000E-05	
8541.395147000	1.344507933	1.162610000E-05	
8540.913019000	1.344507694	1.163160000E-05	
8540.430891000	1.344507813	1.163670000E-05	
8539.948763000	1.344507694	1.164160000E-05	
8539.466635000	1.344507694	1.164690000E-05	
8538.984507000	1.344507575	1.165270000E-05	
8538.502379000	1.344507694	1.165890000E-05	
8538.020251000	1.344507456	1.166580000E-05	
8537.538123000	1.344507575	1.167300000E-05	
8537.055995000	1.344507337	1.167980000E-05	
8536.573867000	1.344507456	1.168630000E-05	
8536.091739000	1.344507217	1.169290000E-05	
8535.609611000	1.344507337	1.169990000E-05	
8535.127483000	1.344507098	1.170710000E-05	
8534.645355000	1.344507217	1.171450000E-05	
8534.163227000	1.344507098	1.172200000E-05	
8533.681099000	1.344507217	1.172940000E-05	
8533.198971000	1.344506979	1.173630000E-05	
8532.716843000	1.344507098	1.174310000E-05	
8532.234715000	1.344506860	1.175010000E-05	
8531.752587000	1.344506979	1.175730000E-05	
8531.270459000	1.344506741	1.176540000E-05	
8530.788331000	1.344506860	1.177410000E-05	
8530.306203000	1.344506741	1.178260000E-05	
8529.824075000	1.344506741	1.179020000E-05	
8529.341947000	1.344506621	1.179740000E-05	
8528.859819000	1.344506741	1.180420000E-05	
8528.377691000	1.344506502	1.181120000E-05	
8527.895563000	1.344506621	1.181850000E-05	
8527.413435000	1.344506383	1.182650000E-05	
8526.931307000	1.344506502	1.183470000E-05	
8526.449179000	1.344506264	1.184260000E-05	
8525.967051000	1.344506383	1.185030000E-05	
8525.484923000	1.344506264	1.185760000E-05	
8525.002796000	1.344506383	1.186450000E-05	
8524.520668000	1.344506145	1.187160000E-05	
8524.038540000	1.344506264	1.187950000E-05	
8523.556412000	1.344506025	1.188770000E-05	
8523.074284000	1.344506145	1.189580000E-05	
8522.592156000	1.344505906	1.190340000E-05	
8522.110028000	1.344506145	1.191040000E-05	
8521.627900000	1.344505906	1.191680000E-05	
8521.145772000	1.344506025	1.192280000E-05	
8520.663644000	1.344505787	1.192920000E-05	
8520.181516000	1.344505906	1.193600000E-05	
8519.699388000	1.344505668	1.194270000E-05	
8519.217260000	1.344505787	1.194940000E-05	
8518.735132000	1.344505668	1.195540000E-05	
8518.253004000	1.344505787	1.196040000E-05	
8517.770876000	1.344505548	1.196470000E-05	
8517.288748000	1.344505668	1.196920000E-05	
8516.806620000	1.344505429	1.197410000E-05	
8516.324492000	1.344505548	1.197910000E-05	
8515.842364000	1.344505429	1.198450000E-05	
8515.360236000	1.344505548	1.198980000E-05	
8514.878108000	1.344505310	1.199450000E-05	
8514.395980000	1.344505429	1.199840000E-05	
8513.913852000	1.344505191	1.200210000E-05	
8513.431724000	1.344505310	1.200570000E-05	
8512.949596000	1.344505191	1.200940000E-05	
8512.467468000	1.344505310	1.201330000E-05	
8511.985340000	1.344505072	1.201750000E-05	
8511.503212000	1.344505191	1.202120000E-05	
8511.021084000	1.344504952	1.202410000E-05	
8510.538956000	1.344505072	1.202620000E-05	
8510.056828000	1.344504952	1.202780000E-05	
8509.574700000	1.344505072	1.202910000E-05	
8509.092572000	1.344504833	1.203060000E-05	
8508.610444000	1.344504952	1.203240000E-05	
8508.128316000	1.344504714	1.203380000E-05	
8507.646188000	1.344504833	1.203440000E-05	
8507.164060000	1.344504714	1.203440000E-05	
8506.681932000	1.344504833	1.203410000E-05	
8506.199804000	1.344504595	1.203370000E-05	
8505.717676000	1.344504714	1.203360000E-05	
8505.235548000	1.344504476	1.203380000E-05	
8504.753420000	1.344504595	1.203380000E-05	
8504.271292000	1.344504476	1.203330000E-05	
8503.789164000	1.344504595	1.203250000E-05	
8503.307036000	1.344504356	1.203120000E-05	
8502.824909000	1.344504476	1.202900000E-05	
8502.342781000	1.344504237	1.202650000E-05	
8501.860653000	1.344504356	1.202430000E-05	
8501.378525000	1.344504237	1.202240000E-05	
8500.896397000	1.344504356	1.202070000E-05	
8500.414269000	1.344504118	1.201890000E-05	
8499.932141000	1.344504237	1.201650000E-05	
8499.450013000	1.344503999	1.201330000E-05	
8498.967885000	1.344504118	1.200960000E-05	
8498.485757000	1.344503999	1.200610000E-05	
8498.003629000	1.344503999	1.200270000E-05	
8497.521501000	1.344503880	1.199950000E-05	
8497.039373000	1.344503999	1.199660000E-05	
8496.557245000	1.344503760	1.199360000E-05	
8496.075117000	1.344503880	1.199000000E-05	
8495.592989000	1.344503641	1.198550000E-05	
8495.110861000	1.344503760	1.198070000E-05	
8494.628733000	1.344503641	1.197610000E-05	
8494.146605000	1.344503760	1.197170000E-05	
8493.664477000	1.344503522	1.196810000E-05	
8493.182349000	1.344503641	1.196510000E-05	
8492.700221000	1.344503403	1.196160000E-05	
8492.218093000	1.344503522	1.195740000E-05	
8491.735965000	1.344503403	1.195260000E-05	
8491.253837000	1.344503403	1.194710000E-05	
8490.771709000	1.344503284	1.194160000E-05	
8490.289581000	1.344503403	1.193680000E-05	
8489.807453000	1.344503164	1.193290000E-05	
8489.325325000	1.344503284	1.192920000E-05	
8488.843197000	1.344503045	1.192500000E-05	
8488.361069000	1.344503164	1.192010000E-05	
8487.878941000	1.344502926	1.191460000E-05	
8487.396813000	1.344503045	1.190850000E-05	
8486.914685000	1.344502926	1.190290000E-05	
8486.432557000	1.344503045	1.189820000E-05	
8485.950429000	1.344502807	1.189390000E-05	
8485.468301000	1.344502926	1.188970000E-05	
8484.986173000	1.344502687	1.188530000E-05	
8484.504045000	1.344502807	1.188020000E-05	
8484.021917000	1.344502568	1.187450000E-05	
8483.539789000	1.344502687	1.186890000E-05	
8483.057661000	1.344502568	1.186400000E-05	
8482.575533000	1.344502568	1.185960000E-05	
8482.093405000	1.344502449	1.185500000E-05	
8481.611277000	1.344502568	1.185040000E-05	
8481.129149000	1.344502330	1.184550000E-05	
8480.647022000	1.344502449	1.184030000E-05	
8480.164894000	1.344502211	1.183520000E-05	
8479.682766000	1.344502330	1.183060000E-05	
8479.200638000	1.344502091	1.182650000E-05	
8478.718510000	1.344502211	1.182280000E-05	
8478.236382000	1.344502091	1.181930000E-05	
8477.754254000	1.344502211	1.181560000E-05	
8477.272126000	1.344501972	1.181110000E-05	
8476.789998000	1.344502091	1.180570000E-05	
8476.307870000	1.344501853	1.180040000E-05	
8475.825742000	1.344501972	1.179530000E-05	
8475.343614000	1.344501734	1.179080000E-05	
8474.861486000	1.344501853	1.178700000E-05	
8474.379358000	1.344501615	1.178350000E-05	
8473.897230000	1.344501734	1.177980000E-05	
8473.415102000	1.344501495	1.177580000E-05	
8472.932974000	1.344501615	1.177180000E-05	
8472.450846000	1.344501495	1.176820000E-05	
8471.968718000	1.344501495	1.176510000E-05	
8471.486590000	1.344501376	1.176280000E-05	
8471.004462000	1.344501495	1.176110000E-05	
8470.522334000	1.344501257	1.175920000E-05	
8470.040206000	1.344501376	1.175680000E-05	
8469.558078000	1.344501138	1.175430000E-05	
8469.075950000	1.344501257	1.175150000E-05	
8468.593822000	1.344501019	1.174880000E-05	
8468.111694000	1.344501138	1.174650000E-05	
8467.629566000	1.344500899	1.174480000E-05	
8467.147438000	1.344501019	1.174330000E-05	
8466.665310000	1.344500780	1.174180000E-05	
8466.183182000	1.344500899	1.174000000E-05	
8465.701054000	1.344500780	1.173790000E-05	
8465.218926000	1.344500899	1.173540000E-05	
8464.736798000	1.344500661	1.173370000E-05	
8464.254670000	1.344500780	1.173290000E-05	
8463.772542000	1.344500542	1.173300000E-05	
8463.290414000	1.344500661	1.173350000E-05	
8462.808286000	1.344500422	1.173400000E-05	
8462.326158000	1.344500542	1.173400000E-05	
8461.844030000	1.344500303	1.173330000E-05	
8461.361902000	1.344500422	1.173250000E-05	
8460.879774000	1.344500184	1.173220000E-05	
8460.397646000	1.344500303	1.173240000E-05	
8459.915518000	1.344500065	1.173290000E-05	
8459.433390000	1.344500184	1.173370000E-05	
8458.951262000	1.344499946	1.173440000E-05	
8458.469134000	1.344500184	1.173480000E-05	
8457.987007000	1.344499946	1.173530000E-05	
8457.504879000	1.344500065	1.173620000E-05	
8457.022751000	1.344499826	1.173750000E-05	
8456.540623000	1.344499946	1.173910000E-05	
8456.058495000	1.344499707	1.174110000E-05	
8455.576367000	1.344499826	1.174310000E-05	
8455.094239000	1.344499588	1.174460000E-05	
8454.612111000	1.344499707	1.174580000E-05	
8454.129983000	1.344499469	1.174710000E-05	
8453.647855000	1.344499588	1.174870000E-05	
8453.165727000	1.344499350	1.175100000E-05	
8452.683599000	1.344499469	1.175440000E-05	
8452.201471000	1.344499230	1.175850000E-05	
8451.719343000	1.344499350	1.176270000E-05	
8451.237215000	1.344499111	1.176670000E-05	
8450.755087000	1.344499350	1.177040000E-05	
8450.272959000	1.344499111	1.177390000E-05	
8449.790831000	1.344499230	1.177730000E-05	
8449.308703000	1.344498992	1.178130000E-05	
8448.826575000	1.344499111	1.178590000E-05	
8448.344447000	1.344498873	1.179060000E-05	
8447.862319000	1.344498992	1.179530000E-05	
8447.380191000	1.344498754	1.180000000E-05	
8446.898063000	1.344498873	1.180460000E-05	
8446.415935000	1.344498634	1.180930000E-05	
8445.933807000	1.344498754	1.181450000E-05	
8445.451679000	1.344498515	1.182040000E-05	
8444.969551000	1.344498634	1.182670000E-05	
8444.487423000	1.344498515	1.183310000E-05	
8444.005295000	1.344498634	1.183990000E-05	
8443.523167000	1.344498396	1.184650000E-05	
8443.041039000	1.344498515	1.185280000E-05	
8442.558911000	1.344498277	1.185950000E-05	
8442.076783000	1.344498396	1.186710000E-05	
8441.594655000	1.344498158	1.187560000E-05	
8441.112527000	1.344498277	1.188450000E-05	
8440.630399000	1.344498038	1.189350000E-05	
8440.148271000	1.344498158	1.190190000E-05	
8439.666143000	1.344498038	1.190950000E-05	
8439.184015000	1.344498158	1.191660000E-05	
8438.701887000	1.344497919	1.192390000E-05	
8438.219759000	1.344498038	1.193170000E-05	
8437.737631000	1.344497800	1.194000000E-05	
8437.255503000	1.344497919	1.194920000E-05	
8436.773375000	1.344497681	1.195860000E-05	
8436.291247000	1.344497800	1.196730000E-05	
8435.809120000	1.344497681	1.197550000E-05	
8435.326992000	1.344497800	1.198350000E-05	
8434.844864000	1.344497561	1.199170000E-05	
8434.362736000	1.344497681	1.200050000E-05	
8433.880608000	1.344497442	1.201010000E-05	
8433.398480000	1.344497561	1.202020000E-05	
8432.916352000	1.344497323	1.203000000E-05	
8432.434224000	1.344497442	1.203940000E-05	
8431.952096000	1.344497204	1.204840000E-05	
8431.469968000	1.344497442	1.205700000E-05	
8430.987840000	1.344497204	1.206590000E-05	
8430.505712000	1.344497323	1.207560000E-05	
8430.023584000	1.344497085	1.208630000E-05	
8429.541456000	1.344497204	1.209740000E-05	
8429.059328000	1.344496965	1.210820000E-05	
8428.577200000	1.344497204	1.211840000E-05	
8428.095072000	1.344496965	1.212780000E-05	
8427.612944000	1.344497085	1.213620000E-05	
8427.130816000	1.344496846	1.214460000E-05	
8426.648688000	1.344496965	1.215310000E-05	
8426.166560000	1.344496846	1.216190000E-05	
8425.684432000	1.344496965	1.217090000E-05	
8425.202304000	1.344496727	1.217960000E-05	
8424.720176000	1.344496846	1.218770000E-05	
8424.238048000	1.344496608	1.219500000E-05	
8423.755920000	1.344496727	1.220220000E-05	
8423.273792000	1.344496608	1.220980000E-05	
8422.791664000	1.344496727	1.221790000E-05	
8422.309536000	1.344496489	1.222630000E-05	
8421.827408000	1.344496608	1.223510000E-05	
8421.345280000	1.344496489	1.224330000E-05	
8420.863152000	1.344496608	1.225050000E-05	
8420.381024000	1.344496369	1.225700000E-05	
8419.898896000	1.344496489	1.226310000E-05	
8419.416768000	1.344496250	1.226920000E-05	
8418.934640000	1.344496489	1.227550000E-05	
8418.452512000	1.344496250	1.228210000E-05	
8417.970384000	1.344496369	1.228860000E-05	
8417.488256000	1.344496250	1.229410000E-05	
8417.006128000	1.344496369	1.229860000E-05	
8416.524000000	1.344496131	1.230280000E-05	
8416.041872000	1.344496250	1.230660000E-05	
8415.559744000	1.344496012	1.231030000E-05	
8415.077616000	1.344496250	1.231410000E-05	
8414.595488000	1.344496012	1.231770000E-05	
8414.113360000	1.344496131	1.232060000E-05	
8413.631233000	1.344496012	1.232260000E-05	
8413.149105000	1.344496131	1.232420000E-05	
8412.666977000	1.344495893	1.232550000E-05	
8412.184849000	1.344496012	1.232680000E-05	
8411.702721000	1.344495893	1.232860000E-05	
8411.220593000	1.344496012	1.233060000E-05	
8410.738465000	1.344495773	1.233190000E-05	
8410.256337000	1.344495893	1.233250000E-05	
8409.774209000	1.344495773	1.233230000E-05	
8409.292081000	1.344495893	1.233120000E-05	
8408.809953000	1.344495654	1.232940000E-05	
8408.327825000	1.344495773	1.232750000E-05	
8407.845697000	1.344495654	1.232540000E-05	
8407.363569000	1.344495773	1.232290000E-05	
8406.881441000	1.344495654	1.231960000E-05	
8406.399313000	1.344495773	1.231540000E-05	
8405.917185000	1.344495535	1.231020000E-05	
8405.435057000	1.344495654	1.230380000E-05	
8404.952929000	1.344495535	1.229750000E-05	
8404.470801000	1.344495654	1.229140000E-05	
8403.988673000	1.344495416	1.228550000E-05	
8403.506545000	1.344495654	1.227940000E-05	
8403.024417000	1.344495416	1.227260000E-05	
8402.542289000	1.344495535	1.226440000E-05	
8402.060161000	1.344495416	1.225430000E-05	
8401.578033000	1.344495535	1.224270000E-05	
8401.095905000	1.344495296	1.223070000E-05	
8400.613777000	1.344495535	1.221840000E-05	
8400.131649000	1.344495296	1.220620000E-05	
8399.649521000	1.344495416	1.219380000E-05	
8399.167393000	1.344495296	1.218050000E-05	
8398.685265000	1.344495416	1.216570000E-05	
8398.203137000	1.344495177	1.214960000E-05	
8397.721009000	1.344495416	1.213250000E-05	
8397.238881000	1.344495177	1.211500000E-05	
8396.756753000	1.344495296	1.209720000E-05	
8396.274625000	1.344495177	1.207960000E-05	
8395.792497000	1.344495296	1.206160000E-05	
8395.310369000	1.344495058	1.204240000E-05	
8394.828241000	1.344495296	1.202170000E-05	
8394.346113000	1.344495058	1.199990000E-05	
8393.863985000	1.344495177	1.197690000E-05	
8393.381857000	1.344495058	1.195360000E-05	
8392.899729000	1.344495177	1.193030000E-05	
8392.417601000	1.344494939	1.190680000E-05	
8391.935473000	1.344495177	1.188230000E-05	
8391.453346000	1.344494939	1.185680000E-05	
8390.971218000	1.344495058	1.183010000E-05	
8390.489090000	1.344494939	1.180220000E-05	
8390.006962000	1.344495058	1.177360000E-05	
8389.524834000	1.344494820	1.174490000E-05	
8389.042706000	1.344494939	1.171610000E-05	
8388.560578000	1.344494820	1.168690000E-05	
8388.078450000	1.344494939	1.165700000E-05	
8387.596322000	1.344494700	1.162610000E-05	
8387.114194000	1.344494820	1.159420000E-05	
8386.632066000	1.344494700	1.156140000E-05	
8386.149938000	1.344494820	1.152850000E-05	
8385.667810000	1.344494581	1.149570000E-05	
8385.185682000	1.344494820	1.146250000E-05	
8384.703554000	1.344494581	1.142890000E-05	
8384.221426000	1.344494700	1.139480000E-05	
8383.739298000	1.344494462	1.135950000E-05	
8383.257170000	1.344494581	1.132320000E-05	
8382.775042000	1.344494462	1.128650000E-05	
8382.292914000	1.344494581	1.124960000E-05	
8381.810786000	1.344494343	1.121260000E-05	
8381.328658000	1.344494462	1.117530000E-05	
8380.846530000	1.344494343	1.113770000E-05	
8380.364402000	1.344494462	1.109930000E-05	
8379.882274000	1.344494224	1.105970000E-05	
8379.400146000	1.344494343	1.101940000E-05	
8378.918018000	1.344494224	1.097890000E-05	
8378.435890000	1.344494343	1.093820000E-05	
8377.953762000	1.344494104	1.089760000E-05	
8377.471634000	1.344494224	1.085720000E-05	
8376.989506000	1.344493985	1.081640000E-05	
8376.507378000	1.344494104	1.077470000E-05	
8376.025250000	1.344493985	1.073230000E-05	
8375.543122000	1.344494104	1.068940000E-05	
8375.060994000	1.344493866	1.064630000E-05	
8374.578866000	1.344493985	1.060340000E-05	
8374.096738000	1.344493747	1.056120000E-05	
8373.614610000	1.344493866	1.051920000E-05	
8373.132482000	1.344493747	1.047670000E-05	
8372.650354000	1.344493747	1.043390000E-05	
8372.168226000	1.344493628	1.039080000E-05	
8371.686098000	1.344493747	1.034700000E-05	
8371.203970000	1.344493508	1.030320000E-05	
8370.721842000	1.344493628	1.025970000E-05	
8370.239714000	1.344493389	1.021640000E-05	
8369.757586000	1.344493508	1.017290000E-05	
8369.275458000	1.344493270	1.012920000E-05	
8368.793331000	1.344493389	1.008540000E-05	
8368.311203000	1.344493151	1.004110000E-05	
8367.829075000	1.344493270	9.996800000E-06	
8367.346947000	1.344493032	9.953200000E-06	
8366.864819000	1.344493270	9.910500000E-06	
8366.382691000	1.344493032	9.868300000E-06	
8365.900563000	1.344493151	9.826600000E-06	
8365.418435000	1.344492912	9.784700000E-06	
8364.936307000	1.344493032	9.742100000E-06	
8364.454179000	1.344492793	9.698900000E-06	
8363.972051000	1.344492912	9.656200000E-06	
8363.489923000	1.344492674	9.614400000E-06	
8363.007795000	1.344492793	9.573200000E-06	
8362.525667000	1.344492555	9.532500000E-06	
8362.043539000	1.344492674	9.492000000E-06	
8361.561411000	1.344492435	9.451000000E-06	
8361.079283000	1.344492555	9.409300000E-06	
8360.597155000	1.344492316	9.367600000E-06	
8360.115027000	1.344492435	9.326000000E-06	
8359.632899000	1.344492197	9.285000000E-06	
8359.150771000	1.344492316	9.244700000E-06	
8358.668643000	1.344492078	9.205400000E-06	
8358.186515000	1.344492197	9.166100000E-06	
8357.704387000	1.344491959	9.126400000E-06	
8357.222259000	1.344492078	9.086600000E-06	
8356.740131000	1.344491720	9.047000000E-06	
8356.258003000	1.344491839	9.007700000E-06	
8355.775875000	1.344491601	8.969300000E-06	
8355.293747000	1.344491720	8.931900000E-06	
8354.811619000	1.344491482	8.895100000E-06	
8354.329491000	1.344491601	8.858500000E-06	
8353.847363000	1.344491363	8.821800000E-06	
8353.365235000	1.344491482	8.785100000E-06	
8352.883107000	1.344491243	8.748400000E-06	
8352.400979000	1.344491363	8.712000000E-06	
8351.918851000	1.344491124	8.676700000E-06	
8351.436723000	1.344491243	8.642000000E-06	
8350.954595000	1.344491005	8.607200000E-06	
8350.472467000	1.344491124	8.572400000E-06	
8349.990339000	1.344490886	8.537400000E-06	
8349.508211000	1.344490886	8.501900000E-06	
8349.026083000	1.344490647	8.466700000E-06	
8348.543955000	1.344490767	8.432100000E-06	
8348.061827000	1.344490528	8.398300000E-06	
8347.579699000	1.344490647	8.365100000E-06	
8347.097571000	1.344490409	8.332400000E-06	
8346.615444000	1.344490528	8.300400000E-06	
8346.133316000	1.344490290	8.268200000E-06	
8345.651188000	1.344490409	8.236100000E-06	
8345.169060000	1.344490170	8.204500000E-06	
8344.686932000	1.344490170	8.173600000E-06	
8344.204804000	1.344489932	8.142900000E-06	
8343.722676000	1.344490051	8.112900000E-06	
8343.240548000	1.344489813	8.083200000E-06	
8342.758420000	1.344489932	8.053200000E-06	
8342.276292000	1.344489694	8.022900000E-06	
8341.794164000	1.344489813	7.992700000E-06	
8341.312036000	1.344489574	7.963200000E-06	
8340.829908000	1.344489574	7.934200000E-06	
8340.347780000	1.344489336	7.906000000E-06	
8339.865652000	1.344489455	7.878800000E-06	
8339.383524000	1.344489217	7.851700000E-06	
8338.901396000	1.344489336	7.824500000E-06	
8338.419268000	1.344489098	7.797600000E-06	
8337.937140000	1.344489217	7.770900000E-06	
8337.455012000	1.344488859	7.744300000E-06	
8336.972884000	1.344488978	7.718300000E-06	
8336.490756000	1.344488740	7.692900000E-06	
8336.008628000	1.344488859	7.667800000E-06	
8335.526500000	1.344488621	7.642500000E-06	
8335.044372000	1.344488740	7.617200000E-06	
8334.562244000	1.344488502	7.592000000E-06	
8334.080116000	1.344488621	7.566800000E-06	
8333.597988000	1.344488263	7.542400000E-06	
8333.115860000	1.344488382	7.519200000E-06	
8332.633732000	1.344488144	7.496600000E-06	
8332.151604000	1.344488263	7.474000000E-06	
8331.669476000	1.344488025	7.451200000E-06	
8331.187348000	1.344488144	7.428200000E-06	
8330.705220000	1.344487786	7.404700000E-06	
8330.223092000	1.344487906	7.381500000E-06	
8329.740964000	1.344487667	7.359200000E-06	
8329.258836000	1.344487786	7.337800000E-06	
8328.776708000	1.344487548	7.316600000E-06	
8328.294580000	1.344487667	7.295900000E-06	
8327.812452000	1.344487429	7.275300000E-06	
8327.330324000	1.344487429	7.254400000E-06	
8326.848196000	1.344487190	7.233400000E-06	
8326.366068000	1.344487309	7.212900000E-06	
8325.883940000	1.344487071	7.193000000E-06	
8325.401812000	1.344487190	7.173400000E-06	
8324.919684000	1.344486952	7.154200000E-06	
8324.437557000	1.344486952	7.135500000E-06	
8323.955429000	1.344486713	7.116300000E-06	
8323.473301000	1.344486833	7.096900000E-06	
8322.991173000	1.344486594	7.077600000E-06	
8322.509045000	1.344486713	7.058700000E-06	
8322.026917000	1.344486475	7.040400000E-06	
8321.544789000	1.344486475	7.023000000E-06	
8321.062661000	1.344486237	7.006200000E-06	
8320.580533000	1.344486356	6.989300000E-06	
8320.098405000	1.344486117	6.972200000E-06	
8319.616277000	1.344486237	6.955200000E-06	
8319.134149000	1.344485998	6.938500000E-06	
8318.652021000	1.344486117	6.921900000E-06	
8318.169893000	1.344485760	6.905900000E-06	
8317.687765000	1.344485879	6.890600000E-06	
8317.205637000	1.344485641	6.875400000E-06	
8316.723509000	1.344485760	6.860300000E-06	
8316.241381000	1.344485521	6.845400000E-06	
8315.759253000	1.344485641	6.830400000E-06	
8315.277125000	1.344485283	6.815200000E-06	
8314.794997000	1.344485402	6.800100000E-06	
8314.312869000	1.344485164	6.785800000E-06	
8313.830741000	1.344485283	6.771800000E-06	
8313.348613000	1.344485044	6.757800000E-06	
8312.866485000	1.344485164	6.744000000E-06	
8312.384357000	1.344484925	6.729900000E-06	
8311.902229000	1.344484925	6.715400000E-06	
8311.420101000	1.344484687	6.701400000E-06	
8310.937973000	1.344484806	6.688300000E-06	
8310.455845000	1.344484568	6.676100000E-06	
8309.973717000	1.344484687	6.664200000E-06	
8309.491589000	1.344484448	6.652500000E-06	
8309.009461000	1.344484448	6.640300000E-06	
8308.527333000	1.344484210	6.627400000E-06	
8308.045205000	1.344484329	6.614100000E-06	
8307.563077000	1.344484091	6.601200000E-06	
8307.080949000	1.344484210	6.588800000E-06	
8306.598821000	1.344483972	6.576700000E-06	
8306.116693000	1.344483972	6.565300000E-06	
8305.634565000	1.344483733	6.554200000E-06	
8305.152437000	1.344483852	6.542900000E-06	
8304.670309000	1.344483614	6.531200000E-06	
8304.188181000	1.344483733	6.519700000E-06	
8303.706053000	1.344483495	6.508500000E-06	
8303.223925000	1.344483614	6.497600000E-06	
8302.741797000	1.344483256	6.487200000E-06	
8302.259670000	1.344483376	6.477300000E-06	
8301.777542000	1.344483137	6.466900000E-06	
8301.295414000	1.344483256	6.456200000E-06	
8300.813286000	1.344483018	6.445700000E-06	
8300.331158000	1.344483137	6.435500000E-06	
8299.849030000	1.344482899	6.425700000E-06	
8299.366902000	1.344482899	6.416700000E-06	
8298.884774000	1.344482660	6.408300000E-06	
8298.402646000	1.344482780	6.399900000E-06	
8297.920518000	1.344482541	6.391000000E-06	
8297.438390000	1.344482660	6.382100000E-06	
8296.956262000	1.344482422	6.373000000E-06	
8296.474134000	1.344482422	6.363800000E-06	
8295.992006000	1.344482183	6.355100000E-06	
8295.509878000	1.344482303	6.347100000E-06	
8295.027750000	1.344482064	6.338900000E-06	
8294.545622000	1.344482183	6.330700000E-06	
8294.063494000	1.344481945	6.322500000E-06	
8293.581366000	1.344482064	6.314100000E-06	
8293.099238000	1.344481707	6.305600000E-06	
8292.617110000	1.344481826	6.297600000E-06	
8292.134982000	1.344481587	6.290400000E-06	
8291.652854000	1.344481707	6.283700000E-06	
8291.170726000	1.344481468	6.277100000E-06	
8290.688598000	1.344481587	6.270700000E-06	
8290.206470000	1.344481349	6.264000000E-06	
8289.724342000	1.344481349	6.256400000E-06	
8289.242214000	1.344481111	6.248700000E-06	
8288.760086000	1.344481230	6.241400000E-06	
8288.277958000	1.344480991	6.234700000E-06	
8287.795830000	1.344481111	6.228500000E-06	
8287.313702000	1.344480872	6.223000000E-06	
8286.831574000	1.344480991	6.217700000E-06	
8286.349446000	1.344480753	6.211700000E-06	
8285.867318000	1.344480753	6.205200000E-06	
8285.385190000	1.344480515	6.198700000E-06	
8284.903062000	1.344480634	6.192100000E-06	
8284.420934000	1.344480395	6.185500000E-06	
8283.938806000	1.344480515	6.179700000E-06	
8283.456678000	1.344480276	6.174300000E-06	
8282.974550000	1.344480395	6.168700000E-06	
8282.492422000	1.344480038	6.162800000E-06	
8282.010294000	1.344480157	6.156900000E-06	
8281.528166000	1.344479918	6.151000000E-06	
8281.046038000	1.344480038	6.145100000E-06	
8280.563910000	1.344479799	6.140000000E-06	
8280.081782000	1.344479918	6.135600000E-06	
8279.599655000	1.344479680	6.131000000E-06	
8279.117527000	1.344479680	6.126200000E-06	
8278.635399000	1.344479442	6.121200000E-06	
8278.153271000	1.344479561	6.115600000E-06	
8277.671143000	1.344479322	6.109600000E-06	
8277.189015000	1.344479442	6.104200000E-06	
8276.706887000	1.344479203	6.099700000E-06	
8276.224759000	1.344479322	6.095700000E-06	
8275.742631000	1.344479084	6.091500000E-06	
8275.260503000	1.344479084	6.087100000E-06	
8274.778375000	1.344478846	6.082200000E-06	
8274.296247000	1.344478965	6.076500000E-06	
8273.814119000	1.344478726	6.071200000E-06	
8273.331991000	1.344478846	6.066600000E-06	
8272.849863000	1.344478607	6.062400000E-06	
8272.367735000	1.344478726	6.058400000E-06	
8271.885607000	1.344478488	6.054400000E-06	
8271.403479000	1.344478488	6.050000000E-06	
8270.921351000	1.344478250	6.044900000E-06	
8270.439223000	1.344478369	6.039700000E-06	
8269.957095000	1.344478130	6.035400000E-06	
8269.474967000	1.344478250	6.031800000E-06	
8268.992839000	1.344478011	6.028800000E-06	
8268.510711000	1.344478130	6.026400000E-06	
8268.028583000	1.344477892	6.023800000E-06	
8267.546455000	1.344477892	6.020200000E-06	
8267.064327000	1.344477654	6.016000000E-06	
8266.582199000	1.344477773	6.011600000E-06	
8266.100071000	1.344477534	6.007500000E-06	
8265.617943000	1.344477654	6.003800000E-06	
8265.135815000	1.344477415	6.000900000E-06	
8264.653687000	1.344477534	5.998500000E-06	
8264.171559000	1.344477296	5.995600000E-06	
8263.689431000	1.344477296	5.992300000E-06	
8263.207303000	1.344477057	5.989100000E-06	
8262.725175000	1.344477177	5.985800000E-06	
8262.243047000	1.344476938	5.982400000E-06	
8261.760919000	1.344477057	5.979400000E-06	
8261.278791000	1.344476819	5.976500000E-06	
8260.796663000	1.344476938	5.973400000E-06	
8260.314535000	1.344476700	5.970200000E-06	
8259.832407000	1.344476700	5.966900000E-06	
8259.350279000	1.344476461	5.963500000E-06	
8258.868151000	1.344476581	5.959900000E-06	
8258.386023000	1.344476342	5.957100000E-06	
8257.903895000	1.344476461	5.955000000E-06	
8257.421768000	1.344476223	5.952700000E-06	
8256.939640000	1.344476342	5.950500000E-06	
8256.457512000	1.344476104	5.948200000E-06	
8255.975384000	1.344476223	5.945500000E-06	
8255.493256000	1.344475985	5.942400000E-06	
8255.011128000	1.344475985	5.939600000E-06	
8254.529000000	1.344475746	5.937200000E-06	
8254.046872000	1.344475865	5.934700000E-06	
8253.564744000	1.344475627	5.932100000E-06	
8253.082616000	1.344475746	5.929600000E-06	
8252.600488000	1.344475508	5.926800000E-06	
8252.118360000	1.344475627	5.923500000E-06	
8251.636232000	1.344475389	5.920700000E-06	
8251.154104000	1.344475389	5.918700000E-06	
8250.671976000	1.344475150	5.917200000E-06	
8250.189848000	1.344475269	5.916100000E-06	
8249.707720000	1.344475031	5.915300000E-06	
8249.225592000	1.344475150	5.914100000E-06	
8248.743464000	1.344474912	5.911800000E-06	
8248.261336000	1.344475031	5.908900000E-06	
8247.779208000	1.344474792	5.906200000E-06	
8247.297080000	1.344474912	5.904000000E-06	
8246.814952000	1.344474673	5.902600000E-06	
8246.332824000	1.344474673	5.902300000E-06	
8245.850696000	1.344474435	5.902000000E-06	
8245.368568000	1.344474554	5.900700000E-06	
8244.886440000	1.344474316	5.898900000E-06	
8244.404312000	1.344474435	5.896800000E-06	
8243.922184000	1.344474196	5.894500000E-06	
8243.440056000	1.344474316	5.892300000E-06	
8242.957928000	1.344474077	5.890600000E-06	
8242.475800000	1.344474196	5.889300000E-06	
8241.993672000	1.344473958	5.887700000E-06	
8241.511544000	1.344473958	5.885900000E-06	
8241.029416000	1.344473720	5.884000000E-06	
8240.547288000	1.344473839	5.881700000E-06	
8240.065160000	1.344473600	5.879600000E-06	
8239.583032000	1.344473720	5.878100000E-06	
8239.100904000	1.344473481	5.877200000E-06	
8238.618776000	1.344473600	5.876400000E-06	
8238.136648000	1.344473362	5.875400000E-06	
8237.654520000	1.344473481	5.874200000E-06	
8237.172392000	1.344473243	5.872200000E-06	
8236.690264000	1.344473243	5.869500000E-06	
8236.208136000	1.344473004	5.867200000E-06	
8235.726008000	1.344473124	5.865300000E-06	
8235.243881000	1.344472885	5.863300000E-06	
8234.761753000	1.344473004	5.861400000E-06	
8234.279625000	1.344472766	5.859400000E-06	
8233.797497000	1.344472885	5.857200000E-06	
8233.315369000	1.344472647	5.854800000E-06	
8232.833241000	1.344472766	5.852900000E-06	
8232.351113000	1.344472528	5.851700000E-06	
8231.868985000	1.344472647	5.850700000E-06	
8231.386857000	1.344472289	5.849800000E-06	
8230.904729000	1.344472408	5.849200000E-06	
8230.422601000	1.344472170	5.848000000E-06	
8229.940473000	1.344472289	5.845700000E-06	
8229.458345000	1.344472051	5.843100000E-06	
8228.976217000	1.344472170	5.840700000E-06	
8228.494089000	1.344471931	5.838300000E-06	
8228.011961000	1.344472051	5.836400000E-06	
8227.529833000	1.344471812	5.835100000E-06	
8227.047705000	1.344471931	5.833800000E-06	
8226.565577000	1.344471693	5.832200000E-06	
8226.083449000	1.344471693	5.830500000E-06	
8225.601321000	1.344471455	5.828900000E-06	
8225.119193000	1.344471574	5.827100000E-06	
8224.637065000	1.344471335	5.825300000E-06	
8224.154937000	1.344471455	5.824100000E-06	
8223.672809000	1.344471216	5.822600000E-06	
8223.190681000	1.344471335	5.820600000E-06	
8222.708553000	1.344471097	5.818400000E-06	
8222.226425000	1.344471216	5.816100000E-06	
8221.744297000	1.344470978	5.813800000E-06	
8221.262169000	1.344470978	5.811800000E-06	
8220.780041000	1.344470739	5.810600000E-06	
8220.297913000	1.344470859	5.809700000E-06	
8219.815785000	1.344470620	5.808600000E-06	
8219.333657000	1.344470739	5.807500000E-06	
8218.851529000	1.344470501	5.806100000E-06	
8218.369401000	1.344470620	5.803800000E-06	
8217.887273000	1.344470382	5.801000000E-06	
8217.405145000	1.344470501	5.798400000E-06	
8216.923017000	1.344470263	5.796100000E-06	
8216.440889000	1.344470382	5.793800000E-06	
8215.958761000	1.344470143	5.791600000E-06	
8215.476633000	1.344470143	5.789600000E-06	
8214.994505000	1.344469905	5.787100000E-06	
8214.512377000	1.344470024	5.784100000E-06	
8214.030249000	1.344469786	5.781600000E-06	
8213.548121000	1.344469905	5.779400000E-06	
8213.065994000	1.344469666	5.777400000E-06	
8212.583866000	1.344469786	5.775600000E-06	
8212.101738000	1.344469547	5.773800000E-06	
8211.619610000	1.344469666	5.771200000E-06	
8211.137482000	1.344469428	5.767800000E-06	
8210.655354000	1.344469547	5.764200000E-06	
8210.173226000	1.344469309	5.761100000E-06	
8209.691098000	1.344469428	5.758200000E-06	
8209.208970000	1.344469070	5.755900000E-06	
8208.726842000	1.344469190	5.754200000E-06	
8208.244714000	1.344468951	5.752200000E-06	
8207.762586000	1.344469070	5.749500000E-06	
8207.280458000	1.344468832	5.746300000E-06	
8206.798330000	1.344468951	5.742800000E-06	
8206.316202000	1.344468713	5.738900000E-06	
8205.834074000	1.344468832	5.735100000E-06	
8205.351946000	1.344468594	5.732000000E-06	
8204.869818000	1.344468713	5.729100000E-06	
8204.387690000	1.344468474	5.725900000E-06	
8203.905562000	1.344468474	5.722700000E-06	
8203.423434000	1.344468236	5.719600000E-06	
8202.941306000	1.344468355	5.716100000E-06	
8202.459178000	1.344468117	5.712800000E-06	
8201.977050000	1.344468236	5.710000000E-06	
8201.494922000	1.344467998	5.707300000E-06	
8201.012794000	1.344468117	5.704400000E-06	
8200.530666000	1.344467878	5.701400000E-06	
8200.048538000	1.344467998	5.698200000E-06	
8199.566410000	1.344467759	5.694400000E-06	
8199.084282000	1.344467878	5.690500000E-06	
8198.602154000	1.344467521	5.687500000E-06	
8198.120026000	1.344467640	5.685000000E-06	
8197.637898000	1.344467402	5.682400000E-06	
8197.155770000	1.344467521	5.680100000E-06	
8196.673642000	1.344467282	5.677600000E-06	
8196.191514000	1.344467402	5.674300000E-06	
8195.709386000	1.344467163	5.670500000E-06	
8195.227258000	1.344467282	5.667000000E-06	
8194.745130000	1.344467044	5.664000000E-06	
8194.263002000	1.344467163	5.661300000E-06	
8193.780874000	1.344466925	5.659200000E-06	
8193.298746000	1.344466925	5.657100000E-06	
8192.816618000	1.344466686	5.654300000E-06	
8192.334490000	1.344466805	5.650700000E-06	
8191.852362000	1.344466567	5.647000000E-06	
8191.370234000	1.344466686	5.643600000E-06	
8190.888106000	1.344466448	5.640500000E-06	
8190.405979000	1.344466567	5.638100000E-06	
8189.923851000	1.344466329	5.636200000E-06	
8189.441723000	1.344466448	5.633900000E-06	
8188.959595000	1.344466209	5.630800000E-06	
8188.477467000	1.344466329	5.627400000E-06	
8187.995339000	1.344465971	5.624200000E-06	
8187.513211000	1.344466090	5.621000000E-06	
8187.031083000	1.344465852	5.618500000E-06	
8186.548955000	1.344465971	5.616600000E-06	
8186.066827000	1.344465733	5.614400000E-06	
8185.584699000	1.344465852	5.611400000E-06	
8185.102571000	1.344465613	5.608000000E-06	
8184.620443000	1.344465733	5.604300000E-06	
8184.138315000	1.344465494	5.600300000E-06	
8183.656187000	1.344465613	5.596600000E-06	
8183.174059000	1.344465375	5.593600000E-06	
8182.691931000	1.344465375	5.590800000E-06	
8182.209803000	1.344465137	5.587600000E-06	
8181.727675000	1.344465256	5.584300000E-06	
8181.245547000	1.344465017	5.580800000E-06	
8180.763419000	1.344465137	5.576900000E-06	
8180.281291000	1.344464898	5.573300000E-06	
8179.799163000	1.344465017	5.570600000E-06	
8179.317035000	1.344464779	5.568100000E-06	
8178.834907000	1.344464898	5.565500000E-06	
8178.352779000	1.344464660	5.563000000E-06	
8177.870651000	1.344464660	5.560500000E-06	
8177.388523000	1.344464421	5.557400000E-06	
8176.906395000	1.344464540	5.554100000E-06	
8176.424267000	1.344464302	5.551400000E-06	
8175.942139000	1.344464421	5.548900000E-06	
8175.460011000	1.344464183	5.546400000E-06	
8174.977883000	1.344464302	5.544300000E-06	
8174.495755000	1.344464064	5.542000000E-06	
8174.013627000	1.344464183	5.538900000E-06	
8173.531499000	1.344463944	5.535200000E-06	
8173.049371000	1.344463944	5.531800000E-06	
8172.567243000	1.344463706	5.528700000E-06	
8172.085115000	1.344463825	5.525900000E-06	
8171.602987000	1.344463587	5.523700000E-06	
8171.120859000	1.344463706	5.521900000E-06	
8170.638731000	1.344463468	5.519500000E-06	
8170.156603000	1.344463587	5.516500000E-06	
8169.674475000	1.344463348	5.513400000E-06	
8169.192347000	1.344463468	5.510200000E-06	
8168.710219000	1.344463229	5.507200000E-06	
8168.228092000	1.344463229	5.505200000E-06	
8167.745964000	1.344462991	5.504100000E-06	
8167.263836000	1.344463110	5.503200000E-06	
8166.781708000	1.344462872	5.501800000E-06	
8166.299580000	1.344462991	5.500100000E-06	
8165.817452000	1.344462752	5.497700000E-06	
8165.335324000	1.344462872	5.494700000E-06	
8164.853196000	1.344462633	5.491900000E-06	
8164.371068000	1.344462752	5.489900000E-06	
8163.888940000	1.344462514	5.488100000E-06	
8163.406812000	1.344462514	5.486200000E-06	
8162.924684000	1.344462276	5.484200000E-06	
8162.442556000	1.344462395	5.481700000E-06	
8161.960428000	1.344462156	5.478500000E-06	
8161.478300000	1.344462276	5.475200000E-06	
8160.996172000	1.344462037	5.472700000E-06	
8160.514044000	1.344462156	5.470600000E-06	
8160.031916000	1.344461918	5.468500000E-06	
8159.549788000	1.344462037	5.466600000E-06	
8159.067660000	1.344461799	5.464500000E-06	
8158.585532000	1.344461799	5.461600000E-06	
8158.103404000	1.344461560	5.458800000E-06	
8157.621276000	1.344461679	5.456500000E-06	
8157.139148000	1.344461441	5.454400000E-06	
8156.657020000	1.344461560	5.452300000E-06	
8156.174892000	1.344461322	5.450400000E-06	
8155.692764000	1.344461441	5.448500000E-06	
8155.210636000	1.344461203	5.446000000E-06	
8154.728508000	1.344461322	5.443400000E-06	
8154.246380000	1.344461083	5.441200000E-06	
8153.764252000	1.344461083	5.439000000E-06	
8153.282124000	1.344460845	5.436800000E-06	
8152.799996000	1.344460964	5.435100000E-06	
8152.317868000	1.344460726	5.433500000E-06	
8151.835740000	1.344460845	5.431300000E-06	
8151.353612000	1.344460607	5.428600000E-06	
8150.871484000	1.344460726	5.425700000E-06	
8150.389356000	1.344460487	5.422800000E-06	
8149.907228000	1.344460607	5.419900000E-06	
8149.425100000	1.344460368	5.417600000E-06	
8148.942972000	1.344460368	5.415900000E-06	
8148.460844000	1.344460130	5.413700000E-06	
8147.978716000	1.344460249	5.411000000E-06	
8147.496588000	1.344460011	5.408200000E-06	
8147.014460000	1.344460130	5.405300000E-06	
8146.532332000	1.344459891	5.402300000E-06	
8146.050205000	1.344460011	5.399900000E-06	
8145.568077000	1.344459772	5.398200000E-06	
8145.085949000	1.344459891	5.396400000E-06	
8144.603821000	1.344459534	5.394200000E-06	
8144.121693000	1.344459653	5.392000000E-06	
8143.639565000	1.344459414	5.389400000E-06	
8143.157437000	1.344459534	5.386200000E-06	
8142.675309000	1.344459295	5.383500000E-06	
8142.193181000	1.344459414	5.381600000E-06	
8141.711053000	1.344459176	5.379900000E-06	
8141.228925000	1.344459295	5.378300000E-06	
8140.746797000	1.344459057	5.376800000E-06	
8140.264669000	1.344459176	5.374800000E-06	
8139.782541000	1.344458818	5.372000000E-06	
8139.300413000	1.344458938	5.369100000E-06	
8138.818285000	1.344458699	5.366700000E-06	
8138.336157000	1.344458818	5.364600000E-06	
8137.854029000	1.344458580	5.363000000E-06	
8137.371901000	1.344458699	5.362100000E-06	
8136.889773000	1.344458461	5.361100000E-06	
8136.407645000	1.344458580	5.359300000E-06	
8135.925517000	1.344458222	5.357100000E-06	
8135.443389000	1.344458342	5.355100000E-06	
8134.961261000	1.344458103	5.353100000E-06	
8134.479133000	1.344458222	5.351400000E-06	
8133.997005000	1.344457984	5.350300000E-06	
8133.514877000	1.344458103	5.349500000E-06	
8133.032749000	1.344457865	5.347900000E-06	
8132.550621000	1.344457984	5.346000000E-06	
8132.068493000	1.344457746	5.344500000E-06	
8131.586365000	1.344457865	5.343100000E-06	
8131.104237000	1.344457507	5.342000000E-06	
8130.622109000	1.344457626	5.341600000E-06	
8130.139981000	1.344457388	5.341600000E-06	
8129.657853000	1.344457507	5.341100000E-06	
8129.175725000	1.344457269	5.340100000E-06	
8128.693597000	1.344457388	5.339000000E-06	
8128.211469000	1.344457150	5.337200000E-06	
8127.729341000	1.344457269	5.335100000E-06	
8127.247213000	1.344457030	5.333500000E-06	
8126.765085000	1.344457030	5.332400000E-06	
8126.282957000	1.344456792	5.331200000E-06	
8125.800829000	1.344456911	5.329800000E-06	
8125.318701000	1.344456673	5.328400000E-06	
8124.836573000	1.344456792	5.326500000E-06	
8124.354445000	1.344456553	5.324400000E-06	
8123.872318000	1.344456673	5.322800000E-06	
8123.390190000	1.344456434	5.322000000E-06	
8122.908062000	1.344456553	5.321100000E-06	
8122.425934000	1.344456315	5.319800000E-06	
8121.943806000	1.344456315	5.318500000E-06	
8121.461678000	1.344456077	5.316500000E-06	
8120.979550000	1.344456196	5.313800000E-06	
8120.497422000	1.344455957	5.311700000E-06	
8120.015294000	1.344456077	5.310300000E-06	
8119.533166000	1.344455838	5.309000000E-06	
8119.051038000	1.344455957	5.307700000E-06	
8118.568910000	1.344455719	5.306600000E-06	
8118.086782000	1.344455838	5.305200000E-06	
8117.604654000	1.344455481	5.302900000E-06	
8117.122526000	1.344455600	5.300400000E-06	
8116.640398000	1.344455361	5.298400000E-06	
8116.158270000	1.344455481	5.296400000E-06	
8115.676142000	1.344455242	5.294700000E-06	
8115.194014000	1.344455361	5.293700000E-06	
8114.711886000	1.344455123	5.292500000E-06	
8114.229758000	1.344455242	5.290600000E-06	
8113.747630000	1.344455004	5.288400000E-06	
8113.265502000	1.344455004	5.286300000E-06	
8112.783374000	1.344454765	5.284300000E-06	
8112.301246000	1.344454885	5.282500000E-06	
8111.819118000	1.344454646	5.281700000E-06	
8111.336990000	1.344454765	5.281100000E-06	
8110.854862000	1.344454527	5.279900000E-06	
8110.372734000	1.344454646	5.278500000E-06	
8109.890606000	1.344454408	5.277100000E-06	
8109.408478000	1.344454527	5.275600000E-06	
8108.926350000	1.344454169	5.274200000E-06	
8108.444222000	1.344454288	5.273500000E-06	
8107.962094000	1.344454050	5.273000000E-06	
8107.479966000	1.344454169	5.272200000E-06	
8106.997838000	1.344453931	5.271000000E-06	
8106.515710000	1.344454050	5.269800000E-06	
8106.033582000	1.344453812	5.268200000E-06	
8105.551454000	1.344453931	5.266100000E-06	
8105.069326000	1.344453692	5.264600000E-06	
8104.587198000	1.344453692	5.263800000E-06	
8104.105070000	1.344453454	5.262900000E-06	
8103.622942000	1.344453573	5.262000000E-06	
8103.140814000	1.344453335	5.261000000E-06	
8102.658686000	1.344453454	5.259500000E-06	
8102.176558000	1.344453216	5.257300000E-06	
8101.694430000	1.344453335	5.255400000E-06	
8101.212303000	1.344453096	5.253800000E-06	
8100.730175000	1.344453216	5.252200000E-06	
8100.248047000	1.344452858	5.250900000E-06	
8099.765919000	1.344452977	5.250100000E-06	
8099.283791000	1.344452739	5.249000000E-06	
8098.801663000	1.344452858	5.247300000E-06	
8098.319535000	1.344452620	5.245700000E-06	
8097.837407000	1.344452739	5.244500000E-06	
8097.355279000	1.344452500	5.243300000E-06	
8096.873151000	1.344452620	5.242300000E-06	
8096.391023000	1.344452381	5.241700000E-06	
8095.908895000	1.344452381	5.240900000E-06	
8095.426767000	1.344452143	5.239400000E-06	
8094.944639000	1.344452262	5.237700000E-06	
8094.462511000	1.344452024	5.236200000E-06	
8093.980383000	1.344452143	5.234500000E-06	
8093.498255000	1.344451904	5.233200000E-06	
8093.016127000	1.344452024	5.232800000E-06	
8092.533999000	1.344451785	5.232300000E-06	
8092.051871000	1.344451904	5.231000000E-06	
8091.569743000	1.344451547	5.229500000E-06	
8091.087615000	1.344451666	5.227900000E-06	
8090.605487000	1.344451427	5.226000000E-06	
8090.123359000	1.344451547	5.224300000E-06	
8089.641231000	1.344451308	5.223500000E-06	
8089.159103000	1.344451427	5.223000000E-06	
8088.676975000	1.344451189	5.222300000E-06	
8088.194847000	1.344451308	5.221500000E-06	
8087.712719000	1.344450951	5.220500000E-06	
8087.230591000	1.344451070	5.218700000E-06	
8086.748463000	1.344450831	5.216800000E-06	
8086.266335000	1.344450951	5.215700000E-06	
8085.784207000	1.344450712	5.215400000E-06	
8085.302079000	1.344450831	5.215000000E-06	
8084.819951000	1.344450593	5.214600000E-06	
8084.337823000	1.344450712	5.214000000E-06	
8083.855695000	1.344450474	5.212500000E-06	
8083.373567000	1.344450474	5.210400000E-06	
8082.891439000	1.344450235	5.209200000E-06	
8082.409311000	1.344450355	5.208600000E-06	
8081.927183000	1.344450116	5.208100000E-06	
8081.445055000	1.344450235	5.208000000E-06	
8080.962927000	1.344449997	5.208100000E-06	
8080.480799000	1.344450116	5.207500000E-06	
8079.998671000	1.344449878	5.206300000E-06	
8079.516543000	1.344449878	5.205100000E-06	
8079.034416000	1.344449639	5.204200000E-06	
8078.552288000	1.344449759	5.203200000E-06	
8078.070160000	1.344449520	5.202600000E-06	
8077.588032000	1.344449639	5.202600000E-06	
8077.105904000	1.344449401	5.202400000E-06	
8076.623776000	1.344449520	5.201700000E-06	
8076.141648000	1.344449282	5.201000000E-06	
8075.659520000	1.344449401	5.200300000E-06	
8075.177392000	1.344449043	5.199500000E-06	
8074.695264000	1.344449162	5.199100000E-06	
8074.213136000	1.344448924	5.199300000E-06	
8073.731008000	1.344449043	5.199500000E-06	
8073.248880000	1.344448805	5.199200000E-06	
8072.766752000	1.344448924	5.198900000E-06	
8072.284624000	1.344448686	5.198600000E-06	
8071.802496000	1.344448805	5.197800000E-06	
8071.320368000	1.344448447	5.197100000E-06	
8070.838240000	1.344448566	5.197200000E-06	
8070.356112000	1.344448328	5.197400000E-06	
8069.873984000	1.344448447	5.197500000E-06	
8069.391856000	1.344448209	5.197700000E-06	
8068.909728000	1.344448328	5.197700000E-06	
8068.427600000	1.344448090	5.197100000E-06	
8067.945472000	1.344448209	5.196200000E-06	
8067.463344000	1.344447851	5.195900000E-06	
8066.981216000	1.344447970	5.195900000E-06	
8066.499088000	1.344447732	5.195600000E-06	
8066.016960000	1.344447851	5.195300000E-06	
8065.534832000	1.344447613	5.195000000E-06	
8065.052704000	1.344447732	5.193900000E-06	
8064.570576000	1.344447494	5.192700000E-06	
8064.088448000	1.344447613	5.192000000E-06	
8063.606320000	1.344447374	5.191900000E-06	
8063.124192000	1.344447374	5.191800000E-06	
8062.642064000	1.344447136	5.192100000E-06	
8062.159936000	1.344447255	5.192700000E-06	
8061.677808000	1.344447017	5.192600000E-06	
8061.195680000	1.344447136	5.191900000E-06	
8060.713552000	1.344446898	5.191400000E-06	
8060.231424000	1.344447017	5.191100000E-06	
8059.749296000	1.344446778	5.190900000E-06	
8059.267168000	1.344446778	5.191400000E-06	
8058.785040000	1.344446540	5.192300000E-06	
8058.302912000	1.344446659	5.192700000E-06	
8057.820784000	1.344446421	5.192300000E-06	
8057.338656000	1.344446540	5.191900000E-06	
8056.856529000	1.344446301	5.191800000E-06	
8056.374401000	1.344446421	5.191700000E-06	
8055.892273000	1.344446182	5.192200000E-06	
8055.410145000	1.344446182	5.193400000E-06	
8054.928017000	1.344445944	5.194200000E-06	
8054.445889000	1.344446063	5.194500000E-06	
8053.963761000	1.344445825	5.194900000E-06	
8053.481633000	1.344445944	5.195200000E-06	
8052.999505000	1.344445705	5.195300000E-06	
8052.517377000	1.344445825	5.196000000E-06	
8052.035249000	1.344445586	5.197600000E-06	
8051.553121000	1.344445705	5.199300000E-06	
8051.070993000	1.344445348	5.200600000E-06	
8050.588865000	1.344445467	5.201900000E-06	
8050.106737000	1.344445229	5.202700000E-06	
8049.624609000	1.344445348	5.202700000E-06	
8049.142481000	1.344445109	5.202800000E-06	
8048.660353000	1.344445229	5.203700000E-06	
8048.178225000	1.344444990	5.204900000E-06	
8047.696097000	1.344445109	5.206100000E-06	
8047.213969000	1.344444752	5.207200000E-06	
8046.731841000	1.344444871	5.207900000E-06	
8046.249713000	1.344444633	5.207700000E-06	
8045.767585000	1.344444752	5.207100000E-06	
8045.285457000	1.344444513	5.207200000E-06	
8044.803329000	1.344444633	5.207300000E-06	
8044.321201000	1.344444394	5.207400000E-06	
8043.839073000	1.344444513	5.207800000E-06	
8043.356945000	1.344444275	5.208400000E-06	
8042.874817000	1.344444275	5.208200000E-06	
8042.392689000	1.344444036	5.207700000E-06	
8041.910561000	1.344444156	5.207300000E-06	
8041.428433000	1.344443917	5.207300000E-06	
8040.946305000	1.344444036	5.207200000E-06	
8040.464177000	1.344443798	5.207900000E-06	
8039.982049000	1.344443917	5.208900000E-06	
8039.499921000	1.344443679	5.209200000E-06	
8039.017793000	1.344443679	5.209200000E-06	
8038.535665000	1.344443440	5.209400000E-06	
8038.053537000	1.344443560	5.209800000E-06	
8037.571409000	1.344443321	5.210100000E-06	
8037.089281000	1.344443440	5.210900000E-06	
8036.607153000	1.344443202	5.212200000E-06	
8036.125025000	1.344443321	5.213100000E-06	
8035.642897000	1.344443083	5.213300000E-06	
8035.160769000	1.344443202	5.213400000E-06	
8034.678642000	1.344442844	5.213400000E-06	
8034.196514000	1.344442964	5.213200000E-06	
8033.714386000	1.344442725	5.213800000E-06	
8033.232258000	1.344442844	5.215100000E-06	
8032.750130000	1.344442606	5.216000000E-06	
8032.268002000	1.344442725	5.216600000E-06	
8031.785874000	1.344442487	5.217200000E-06	
8031.303746000	1.344442606	5.217600000E-06	
8030.821618000	1.344442248	5.217700000E-06	
8030.339490000	1.344442368	5.218300000E-06	
8029.857362000	1.344442129	5.219900000E-06	
8029.375234000	1.344442248	5.221600000E-06	
8028.893106000	1.344442010	5.223100000E-06	
8028.410978000	1.344442129	5.224700000E-06	
8027.928850000	1.344441891	5.226000000E-06	
8027.446722000	1.344442010	5.226400000E-06	
8026.964594000	1.344441652	5.227000000E-06	
8026.482466000	1.344441772	5.228000000E-06	
8026.000338000	1.344441533	5.228800000E-06	
8025.518210000	1.344441652	5.229500000E-06	
8025.036082000	1.344441414	5.230400000E-06	
8024.553954000	1.344441533	5.231200000E-06	
8024.071826000	1.344441295	5.231100000E-06	
8023.589698000	1.344441414	5.230500000E-06	
8023.107570000	1.344441175	5.230200000E-06	
8022.625442000	1.344441295	5.229800000E-06	
8022.143314000	1.344440937	5.229500000E-06	
8021.661186000	1.344441056	5.230000000E-06	
8021.179058000	1.344440818	5.230700000E-06	
8020.696930000	1.344440937	5.230800000E-06	
8020.214802000	1.344440699	5.230500000E-06	
8019.732674000	1.344440818	5.230500000E-06	
8019.250546000	1.344440579	5.230600000E-06	
8018.768418000	1.344440699	5.230600000E-06	
8018.286290000	1.344440341	5.231100000E-06	
8017.804162000	1.344440460	5.232000000E-06	
8017.322034000	1.344440222	5.232200000E-06	
8016.839906000	1.344440341	5.231900000E-06	
8016.357778000	1.344440103	5.231700000E-06	
8015.875650000	1.344440222	5.231300000E-06	
8015.393522000	1.344439983	5.230800000E-06	
8014.911394000	1.344440103	5.231000000E-06	
8014.429266000	1.344439864	5.231800000E-06	
8013.947138000	1.344439864	5.232500000E-06	
8013.465010000	1.344439626	5.232800000E-06	
8012.982882000	1.344439745	5.232900000E-06	
8012.500754000	1.344439507	5.232300000E-06	
8012.018627000	1.344439626	5.231100000E-06	
8011.536499000	1.344439387	5.230700000E-06	
8011.054371000	1.344439507	5.231200000E-06	
8010.572243000	1.344439268	5.231800000E-06	
8010.090115000	1.344439387	5.232400000E-06	
8009.607987000	1.344439030	5.232900000E-06	
8009.125859000	1.344439149	5.232900000E-06	
8008.643731000	1.344438910	5.232300000E-06	
8008.161603000	1.344439030	5.231800000E-06	
8007.679475000	1.344438791	5.232000000E-06	
8007.197347000	1.344438910	5.232100000E-06	
8006.715219000	1.344438672	5.232200000E-06	
8006.233091000	1.344438791	5.232800000E-06	
8005.750963000	1.344438434	5.233000000E-06	
8005.268835000	1.344438553	5.232300000E-06	
8004.786707000	1.344438314	5.231500000E-06	
8004.304579000	1.344438434	5.231100000E-06	
8003.822451000	1.344438195	5.230600000E-06	
8003.340323000	1.344438314	5.230300000E-06	
8002.858195000	1.344438076	5.230500000E-06	
8002.376067000	1.344438195	5.230800000E-06	
8001.893939000	1.344437957	5.230200000E-06	
8001.411811000	1.344437957	5.229200000E-06	
8000.929683000	1.344437718	5.228400000E-06	
8000.447555000	1.344437838	5.227700000E-06	
7999.965427000	1.344437599	5.227300000E-06	
7999.483299000	1.344437718	5.227700000E-06	
7999.001171000	1.344437480	5.228400000E-06	
7998.519043000	1.344437599	5.228500000E-06	
7998.036915000	1.344437361	5.228200000E-06	
7997.554787000	1.344437361	5.228000000E-06	
7997.072659000	1.344437122	5.227600000E-06	
7996.590531000	1.344437242	5.227100000E-06	
7996.108403000	1.344437003	5.227400000E-06	
7995.626275000	1.344437122	5.228100000E-06	
7995.144147000	1.344436884	5.228300000E-06	
7994.662019000	1.344437003	5.228400000E-06	
7994.179891000	1.344436765	5.228500000E-06	
7993.697763000	1.344436884	5.228000000E-06	
7993.215635000	1.344436526	5.227300000E-06	
7992.733507000	1.344436646	5.227100000E-06	
7992.251379000	1.344436407	5.227500000E-06	
7991.769251000	1.344436526	5.227700000E-06	
7991.287123000	1.344436288	5.227600000E-06	
7990.804995000	1.344436407	5.227500000E-06	
7990.322867000	1.344436169	5.226700000E-06	
7989.840740000	1.344436288	5.225200000E-06	
7989.358612000	1.344435930	5.224200000E-06	
7988.876484000	1.344436049	5.223900000E-06	
7988.394356000	1.344435811	5.223600000E-06	
7987.912228000	1.344435930	5.223700000E-06	
7987.430100000	1.344435692	5.224100000E-06	
7986.947972000	1.344435811	5.224100000E-06	
7986.465844000	1.344435573	5.223200000E-06	
7985.983716000	1.344435692	5.222400000E-06	
7985.501588000	1.344435334	5.221800000E-06	
7985.019460000	1.344435453	5.221000000E-06	
7984.537332000	1.344435215	5.220200000E-06	
7984.055204000	1.344435334	5.220000000E-06	
7983.573076000	1.344435096	5.219600000E-06	
7983.090948000	1.344435215	5.218500000E-06	
7982.608820000	1.344434977	5.217300000E-06	
7982.126692000	1.344435096	5.216100000E-06	
7981.644564000	1.344434857	5.214700000E-06	
7981.162436000	1.344434857	5.213500000E-06	
7980.680308000	1.344434619	5.213100000E-06	
7980.198180000	1.344434738	5.212800000E-06	
7979.716052000	1.344434500	5.211700000E-06	
7979.233924000	1.344434619	5.210300000E-06	
7978.751796000	1.344434381	5.208900000E-06	
7978.269668000	1.344434500	5.207300000E-06	
7977.787540000	1.344434261	5.206000000E-06	
7977.305412000	1.344434381	5.205500000E-06	
7976.823284000	1.344434023	5.205500000E-06	
7976.341156000	1.344434142	5.205200000E-06	
7975.859028000	1.344433904	5.204800000E-06	
7975.376900000	1.344434023	5.204400000E-06	
7974.894772000	1.344433784	5.203400000E-06	
7974.412644000	1.344433904	5.202100000E-06	
7973.930516000	1.344433665	5.201500000E-06	
7973.448388000	1.344433784	5.201400000E-06	
7972.966260000	1.344433427	5.200900000E-06	
7972.484132000	1.344433546	5.200400000E-06	
7972.002004000	1.344433308	5.199700000E-06	
7971.519876000	1.344433427	5.198200000E-06	
7971.037748000	1.344433188	5.196300000E-06	
7970.555620000	1.344433308	5.194900000E-06	
7970.073492000	1.344433069	5.194200000E-06	
7969.591364000	1.344433188	5.193500000E-06	
7969.109236000	1.344432831	5.192800000E-06	
7968.627108000	1.344432950	5.192400000E-06	
7968.144980000	1.344432712	5.191400000E-06	
7967.662853000	1.344432831	5.189600000E-06	
7967.180725000	1.344432592	5.188200000E-06	
7966.698597000	1.344432712	5.187200000E-06	
7966.216469000	1.344432473	5.185900000E-06	
7965.734341000	1.344432592	5.184700000E-06	
7965.252213000	1.344432235	5.183800000E-06	
7964.770085000	1.344432354	5.182600000E-06	
7964.287957000	1.344432116	5.180600000E-06	
7963.805829000	1.344432235	5.178600000E-06	
7963.323701000	1.344431996	5.177000000E-06	
7962.841573000	1.344432116	5.175200000E-06	
7962.359445000	1.344431877	5.173700000E-06	
7961.877317000	1.344431996	5.173100000E-06	
7961.395189000	1.344431639	5.172400000E-06	
7960.913061000	1.344431758	5.171100000E-06	
7960.430933000	1.344431520	5.169800000E-06	
7959.948805000	1.344431639	5.168400000E-06	
7959.466677000	1.344431400	5.166600000E-06	
7958.984549000	1.344431520	5.164800000E-06	
7958.502421000	1.344431281	5.163800000E-06	
7958.020293000	1.344431400	5.162700000E-06	
7957.538165000	1.344431043	5.161100000E-06	
7957.056037000	1.344431162	5.159700000E-06	
7956.573909000	1.344430923	5.158300000E-06	
7956.091781000	1.344431043	5.156400000E-06	
7955.609653000	1.344430804	5.154600000E-06	
7955.127525000	1.344430923	5.153500000E-06	
7954.645397000	1.344430685	5.152600000E-06	
7954.163269000	1.344430804	5.151400000E-06	
7953.681141000	1.344430447	5.150300000E-06	
7953.199013000	1.344430566	5.149300000E-06	
7952.716885000	1.344430327	5.147700000E-06	
7952.234757000	1.344430447	5.145700000E-06	
7951.752629000	1.344430208	5.144300000E-06	
7951.270501000	1.344430327	5.143200000E-06	
7950.788373000	1.344430089	5.141900000E-06	
7950.306245000	1.344430089	5.140900000E-06	
7949.824117000	1.344429851	5.139900000E-06	
7949.341989000	1.344429970	5.138000000E-06	
7948.859861000	1.344429731	5.135200000E-06	
7948.377733000	1.344429851	5.132500000E-06	
7947.895605000	1.344429612	5.130300000E-06	
7947.413477000	1.344429731	5.128200000E-06	
7946.931349000	1.344429374	5.126500000E-06	
7946.449221000	1.344429493	5.125200000E-06	
7945.967093000	1.344429255	5.123200000E-06	
7945.484966000	1.344429374	5.120300000E-06	
7945.002838000	1.344429135	5.117500000E-06	
7944.520710000	1.344429255	5.114700000E-06	
7944.038582000	1.344429016	5.111900000E-06	
7943.556454000	1.344429135	5.109600000E-06	
7943.074326000	1.344428778	5.108300000E-06	
7942.592198000	1.344428897	5.106900000E-06	
7942.110070000	1.344428658	5.105000000E-06	
7941.627942000	1.344428778	5.102900000E-06	
7941.145814000	1.344428539	5.100700000E-06	
7940.663686000	1.344428658	5.097900000E-06	
7940.181558000	1.344428420	5.095700000E-06	
7939.699430000	1.344428539	5.094400000E-06	
7939.217302000	1.344428182	5.093000000E-06	
7938.735174000	1.344428301	5.091200000E-06	
7938.253046000	1.344428062	5.089000000E-06	
7937.770918000	1.344428182	5.086500000E-06	
7937.288790000	1.344427943	5.083400000E-06	
7936.806662000	1.344428062	5.080500000E-06	
7936.324534000	1.344427705	5.078600000E-06	
7935.842406000	1.344427824	5.077200000E-06	
7935.360278000	1.344427586	5.075500000E-06	
7934.878150000	1.344427705	5.074100000E-06	
7934.396022000	1.344427466	5.072500000E-06	
7933.913894000	1.344427586	5.070400000E-06	
7933.431766000	1.344427347	5.068300000E-06	
7932.949638000	1.344427466	5.067000000E-06	
7932.467510000	1.344427109	5.066000000E-06	
7931.985382000	1.344427228	5.064900000E-06	
7931.503254000	1.344426990	5.064100000E-06	
7931.021126000	1.344427109	5.063300000E-06	
7930.538998000	1.344426870	5.061600000E-06	
7930.056870000	1.344426990	5.059300000E-06	
7929.574742000	1.344426632	5.057300000E-06	
7929.092614000	1.344426751	5.055400000E-06	
7928.610486000	1.344426513	5.053400000E-06	
7928.128358000	1.344426632	5.051900000E-06	
7927.646230000	1.344426394	5.050500000E-06	
7927.164102000	1.344426513	5.048400000E-06	
7926.681974000	1.344426274	5.045700000E-06	
7926.199846000	1.344426274	5.043200000E-06	
7925.717718000	1.344426036	5.040900000E-06	
7925.235590000	1.344426155	5.038400000E-06	
7924.753462000	1.344425917	5.036600000E-06	
7924.271334000	1.344426036	5.035400000E-06	
7923.789206000	1.344425797	5.033900000E-06	
7923.307078000	1.344425917	5.032000000E-06	
7922.824951000	1.344425559	5.030200000E-06	
7922.342823000	1.344425678	5.028200000E-06	
7921.860695000	1.344425440	5.026100000E-06	
7921.378567000	1.344425559	5.024500000E-06	
7920.896439000	1.344425321	5.023800000E-06	
7920.414311000	1.344425440	5.022900000E-06	
7919.932183000	1.344425082	5.021500000E-06	
7919.450055000	1.344425201	5.020300000E-06	
7918.967927000	1.344424963	5.018700000E-06	
7918.485799000	1.344425082	5.016600000E-06	
7918.003671000	1.344424844	5.014600000E-06	
7917.521543000	1.344424963	5.013100000E-06	
7917.039415000	1.344424725	5.011400000E-06	
7916.557287000	1.344424725	5.009500000E-06	
7916.075159000	1.344424486	5.008100000E-06	
7915.593031000	1.344424605	5.007000000E-06	
7915.110903000	1.344424367	5.005500000E-06	
7914.628775000	1.344424486	5.004500000E-06	
7914.146647000	1.344424248	5.004200000E-06	
7913.664519000	1.344424367	5.003800000E-06	
7913.182391000	1.344424009	5.003000000E-06	
7912.700263000	1.344424129	5.002500000E-06	
7912.218135000	1.344423890	5.001800000E-06	
7911.736007000	1.344424009	5.000600000E-06	
7911.253879000	1.344423771	4.999300000E-06	
7910.771751000	1.344423890	4.998500000E-06	
7910.289623000	1.344423532	4.997800000E-06	
7909.807495000	1.344423652	4.997100000E-06	
7909.325367000	1.344423413	4.997000000E-06	
7908.843239000	1.344423532	4.997000000E-06	
7908.361111000	1.344423294	4.996100000E-06	
7907.878983000	1.344423413	4.994500000E-06	
7907.396855000	1.344423056	4.993200000E-06	
7906.914727000	1.344423175	4.991700000E-06	
7906.432599000	1.344422936	4.990200000E-06	
7905.950471000	1.344423056	4.989300000E-06	
7905.468343000	1.344422817	4.988800000E-06	
7904.986215000	1.344422936	4.987900000E-06	
7904.504087000	1.344422579	4.986800000E-06	
7904.021959000	1.344422698	4.986000000E-06	
7903.539831000	1.344422460	4.985000000E-06	
7903.057703000	1.344422579	4.984000000E-06	
7902.575575000	1.344422340	4.983700000E-06	
7902.093447000	1.344422460	4.984200000E-06	
7901.611319000	1.344422221	4.984400000E-06	
7901.129191000	1.344422221	4.984200000E-06	
7900.647064000	1.344421983	4.983700000E-06	
7900.164936000	1.344422102	4.982700000E-06	
7899.682808000	1.344421864	4.981000000E-06	
7899.200680000	1.344421983	4.980000000E-06	
7898.718552000	1.344421744	4.979700000E-06	
7898.236424000	1.344421864	4.979300000E-06	
7897.754296000	1.344421506	4.978600000E-06	
7897.272168000	1.344421625	4.977900000E-06	
7896.790040000	1.344421387	4.976800000E-06	
7896.307912000	1.344421506	4.975100000E-06	
7895.825784000	1.344421268	4.973800000E-06	
7895.343656000	1.344421387	4.973200000E-06	
7894.861528000	1.344421029	4.972600000E-06	
7894.379400000	1.344421148	4.971900000E-06	
7893.897272000	1.344420910	4.971500000E-06	
7893.415144000	1.344421029	4.971000000E-06	
7892.933016000	1.344420791	4.969800000E-06	
7892.450888000	1.344420910	4.968600000E-06	
7891.968760000	1.344420552	4.968000000E-06	
7891.486632000	1.344420671	4.967600000E-06	
7891.004504000	1.344420433	4.967300000E-06	
7890.522376000	1.344420552	4.967600000E-06	
7890.040248000	1.344420314	4.967800000E-06	
7889.558120000	1.344420433	4.967100000E-06	
7889.075992000	1.344420075	4.966100000E-06	
7888.593864000	1.344420195	4.965200000E-06	
7888.111736000	1.344419956	4.964300000E-06	
7887.629608000	1.344420075	4.963500000E-06	
7887.147480000	1.344419837	4.963300000E-06	
7886.665352000	1.344419956	4.963300000E-06	
7886.183224000	1.344419599	4.962500000E-06	
7885.701096000	1.344419718	4.961200000E-06	
7885.218968000	1.344419479	4.960200000E-06	
7884.736840000	1.344419599	4.958900000E-06	
7884.254712000	1.344419360	4.957600000E-06	
7883.772584000	1.344419479	4.957100000E-06	
7883.290456000	1.344419122	4.957000000E-06	
7882.808328000	1.344419241	4.956700000E-06	
7882.326200000	1.344419003	4.956100000E-06	
7881.844072000	1.344419122	4.955600000E-06	
7881.361944000	1.344418883	4.954600000E-06	
7880.879816000	1.344419003	4.953200000E-06	
7880.397688000	1.344418645	4.952400000E-06	
7879.915560000	1.344418764	4.952300000E-06	
7879.433432000	1.344418526	4.951900000E-06	
7878.951304000	1.344418645	4.951500000E-06	
7878.469177000	1.344418406	4.951500000E-06	
7877.987049000	1.344418526	4.951000000E-06	
7877.504921000	1.344418287	4.949800000E-06	
7877.022793000	1.344418287	4.948800000E-06	
7876.540665000	1.344418049	4.948300000E-06	
7876.058537000	1.344418168	4.947600000E-06	
7875.576409000	1.344417930	4.947000000E-06	
7875.094281000	1.344418049	4.946900000E-06	
7874.612153000	1.344417810	4.946400000E-06	
7874.130025000	1.344417810	4.945300000E-06	
7873.647897000	1.344417572	4.944500000E-06	
7873.165769000	1.344417691	4.944200000E-06	
7872.683641000	1.344417453	4.943800000E-06	
7872.201513000	1.344417572	4.943400000E-06	
7871.719385000	1.344417334	4.943400000E-06	
7871.237257000	1.344417334	4.943200000E-06	
7870.755129000	1.344417095	4.942500000E-06	
7870.273001000	1.344417214	4.941900000E-06	
7869.790873000	1.344416976	4.941800000E-06	
7869.308745000	1.344417095	4.941600000E-06	
7868.826617000	1.344416857	4.941300000E-06	
7868.344489000	1.344416857	4.941600000E-06	
7867.862361000	1.344416618	4.941700000E-06	
7867.380233000	1.344416738	4.941100000E-06	
7866.898105000	1.344416499	4.940400000E-06	
7866.415977000	1.344416618	4.939900000E-06	
7865.933849000	1.344416380	4.939000000E-06	
7865.451721000	1.344416499	4.938000000E-06	
7864.969593000	1.344416142	4.937500000E-06	
7864.487465000	1.344416261	4.937400000E-06	
7864.005337000	1.344416022	4.936700000E-06	
7863.523209000	1.344416142	4.936100000E-06	
7863.041081000	1.344415903	4.935700000E-06	
7862.558953000	1.344416022	4.934800000E-06	
7862.076825000	1.344415665	4.934000000E-06	
7861.594697000	1.344415784	4.934000000E-06	
7861.112569000	1.344415545	4.934500000E-06	
7860.630441000	1.344415665	4.934700000E-06	
7860.148313000	1.344415426	4.934600000E-06	
7859.666185000	1.344415545	4.934400000E-06	
7859.184057000	1.344415188	4.933400000E-06	
7858.701929000	1.344415307	4.932000000E-06	
7858.219801000	1.344415069	4.931100000E-06	
7857.737673000	1.344415188	4.931000000E-06	
7857.255545000	1.344414949	4.930900000E-06	
7856.773417000	1.344414949	4.931400000E-06	
7856.291290000	1.344414711	4.932300000E-06	
7855.809162000	1.344414830	4.932700000E-06	
7855.327034000	1.344414592	4.932300000E-06	
7854.844906000	1.344414711	4.931700000E-06	
7854.362778000	1.344414353	4.931300000E-06	
7853.880650000	1.344414473	4.930800000E-06	
7853.398522000	1.344414234	4.930700000E-06	
7852.916394000	1.344414353	4.931300000E-06	
7852.434266000	1.344414115	4.931400000E-06	
7851.952138000	1.344414234	4.930700000E-06	
7851.470010000	1.344413877	4.930000000E-06	
7850.987882000	1.344413996	4.929600000E-06	
7850.505754000	1.344413757	4.929100000E-06	
7850.023626000	1.344413877	4.929000000E-06	
7849.541498000	1.344413638	4.929500000E-06	
7849.059370000	1.344413757	4.929900000E-06	
7848.577242000	1.344413400	4.929500000E-06	
7848.095114000	1.344413519	4.929100000E-06	
7847.612986000	1.344413280	4.928900000E-06	
7847.130858000	1.344413400	4.928400000E-06	
7846.648730000	1.344413161	4.928000000E-06	
7846.166602000	1.344413280	4.928300000E-06	
7845.684474000	1.344412923	4.928700000E-06	
7845.202346000	1.344413042	4.928700000E-06	
7844.720218000	1.344412804	4.928800000E-06	
7844.238090000	1.344412923	4.928900000E-06	
7843.755962000	1.344412684	4.928500000E-06	
7843.273834000	1.344412804	4.928100000E-06	
7842.791706000	1.344412446	4.928600000E-06	
7842.309578000	1.344412565	4.929200000E-06	
7841.827450000	1.344412327	4.929300000E-06	
7841.345322000	1.344412446	4.929300000E-06	
7840.863194000	1.344412208	4.929300000E-06	
7840.381066000	1.344412327	4.928600000E-06	
7839.898938000	1.344411969	4.927700000E-06	
7839.416810000	1.344412088	4.927500000E-06	
7838.934682000	1.344411850	4.927500000E-06	
7838.452554000	1.344411969	4.927200000E-06	
7837.970426000	1.344411731	4.927300000E-06	
7837.488298000	1.344411850	4.927600000E-06	
7837.006170000	1.344411492	4.927300000E-06	
7836.524042000	1.344411612	4.926600000E-06	
7836.041914000	1.344411373	4.926400000E-06	
7835.559786000	1.344411492	4.926500000E-06	
7835.077658000	1.344411254	4.926600000E-06	
7834.595530000	1.344411373	4.926900000E-06	
7834.113402000	1.344411016	4.927400000E-06	
7833.631275000	1.344411135	4.927200000E-06	
7833.149147000	1.344410896	4.926400000E-06	
7832.667019000	1.344411016	4.925700000E-06	
7832.184891000	1.344410777	4.925300000E-06	
7831.702763000	1.344410777	4.924900000E-06	
7831.220635000	1.344410539	4.924900000E-06	
7830.738507000	1.344410658	4.925600000E-06	
7830.256379000	1.344410419	4.925900000E-06	
7829.774251000	1.344410539	4.925500000E-06	
7829.292123000	1.344410181	4.925200000E-06	
7828.809995000	1.344410300	4.924900000E-06	
7828.327867000	1.344410062	4.924300000E-06	
7827.845739000	1.344410181	4.924100000E-06	
7827.363611000	1.344409943	4.924600000E-06	
7826.881483000	1.344410062	4.925200000E-06	
7826.399355000	1.344409704	4.925200000E-06	
7825.917227000	1.344409823	4.925300000E-06	
7825.435099000	1.344409585	4.925300000E-06	
7824.952971000	1.344409704	4.924700000E-06	
7824.470843000	1.344409466	4.924500000E-06	
7823.988715000	1.344409585	4.925300000E-06	
7823.506587000	1.344409227	4.926300000E-06	
7823.024459000	1.344409347	4.927100000E-06	
7822.542331000	1.344409108	4.927800000E-06	
7822.060203000	1.344409227	4.928300000E-06	
7821.578075000	1.344408989	4.928100000E-06	
7821.095947000	1.344409108	4.927700000E-06	
7820.613819000	1.344408751	4.928000000E-06	
7820.131691000	1.344408870	4.928400000E-06	
7819.649563000	1.344408631	4.928800000E-06	
7819.167435000	1.344408751	4.929700000E-06	
7818.685307000	1.344408393	4.930800000E-06	
7818.203179000	1.344408512	4.931400000E-06	
7817.721051000	1.344408274	4.931600000E-06	
7817.238923000	1.344408393	4.932000000E-06	
7816.756795000	1.344408154	4.932400000E-06	
7816.274667000	1.344408274	4.932500000E-06	
7815.792539000	1.344407916	4.933200000E-06	
7815.310411000	1.344408035	4.934400000E-06	
7814.828283000	1.344407797	4.934900000E-06	
7814.346155000	1.344407916	4.934800000E-06	
7813.864027000	1.344407678	4.935000000E-06	
7813.381899000	1.344407797	4.935100000E-06	
7812.899771000	1.344407439	4.935100000E-06	
7812.417643000	1.344407558	4.935700000E-06	
7811.935515000	1.344407320	4.936800000E-06	
7811.453388000	1.344407439	4.937400000E-06	
7810.971260000	1.344407201	4.937400000E-06	
7810.489132000	1.344407320	4.937500000E-06	
7810.007004000	1.344406962	4.937800000E-06	
7809.524876000	1.344407082	4.937800000E-06	
7809.042748000	1.344406843	4.938400000E-06	
7808.560620000	1.344406962	4.939700000E-06	
7808.078492000	1.344406605	4.940900000E-06	
7807.596364000	1.344406724	4.941800000E-06	
7807.114236000	1.344406486	4.943000000E-06	
7806.632108000	1.344406605	4.944000000E-06	
7806.149980000	1.344406366	4.944300000E-06	
7805.667852000	1.344406486	4.944700000E-06	
7805.185724000	1.344406128	4.945500000E-06	
7804.703596000	1.344406247	4.946100000E-06	
7804.221468000	1.344406009	4.946400000E-06	
7803.739340000	1.344406128	4.946800000E-06	
7803.257212000	1.344405890	4.947100000E-06	
7802.775084000	1.344406009	4.946500000E-06	
7802.292956000	1.344405651	4.946200000E-06	
7801.810828000	1.344405770	4.946700000E-06	
7801.328700000	1.344405532	4.947600000E-06	
7800.846572000	1.344405651	4.948500000E-06	
7800.364444000	1.344405413	4.949700000E-06	
7799.882316000	1.344405532	4.950500000E-06	
7799.400188000	1.344405174	4.950500000E-06	
7798.918060000	1.344405293	4.950200000E-06	
7798.435932000	1.344405055	4.950600000E-06	
7797.953804000	1.344405174	4.951000000E-06	
7797.471676000	1.344404936	4.951100000E-06	
7796.989548000	1.344404936	4.951700000E-06	
7796.507420000	1.344404697	4.952100000E-06	
7796.025292000	1.344404817	4.951900000E-06	
7795.543164000	1.344404578	4.951500000E-06	
7795.061036000	1.344404697	4.951500000E-06	
7794.578908000	1.344404340	4.951400000E-06	
7794.096780000	1.344404459	4.951000000E-06	
7793.614652000	1.344404221	4.951000000E-06	
7793.132524000	1.344404340	4.951400000E-06	
7792.650396000	1.344404101	4.951000000E-06	
7792.168268000	1.344404221	4.950000000E-06	
7791.686140000	1.344403863	4.949400000E-06	
7791.204012000	1.344403982	4.948700000E-06	
7790.721884000	1.344403744	4.948300000E-06	
7790.239756000	1.344403863	4.948800000E-06	
7789.757628000	1.344403625	4.950000000E-06	
7789.275501000	1.344403744	4.950700000E-06	
7788.793373000	1.344403386	4.950700000E-06	
7788.311245000	1.344403505	4.950700000E-06	
7787.829117000	1.344403267	4.950300000E-06	
7787.346989000	1.344403386	4.949500000E-06	
7786.864861000	1.344403028	4.949300000E-06	
7786.382733000	1.344403148	4.949500000E-06	
7785.900605000	1.344402909	4.949500000E-06	
7785.418477000	1.344403028	4.949100000E-06	
7784.936349000	1.344402790	4.949000000E-06	
7784.454221000	1.344402909	4.948500000E-06	
7783.972093000	1.344402552	4.947500000E-06	
7783.489965000	1.344402671	4.946800000E-06	
7783.007837000	1.344402432	4.946700000E-06	
7782.525709000	1.344402552	4.946500000E-06	
7782.043581000	1.344402313	4.946200000E-06	
7781.561453000	1.344402432	4.946500000E-06	
7781.079325000	1.344402075	4.946600000E-06	
7780.597197000	1.344402194	4.946000000E-06	
7780.115069000	1.344401956	4.945500000E-06	
7779.632941000	1.344402075	4.945400000E-06	
7779.150813000	1.344401717	4.945300000E-06	
7778.668685000	1.344401836	4.945300000E-06	
7778.186557000	1.344401598	4.945700000E-06	
7777.704429000	1.344401717	4.946100000E-06	
7777.222301000	1.344401479	4.945800000E-06	
7776.740173000	1.344401598	4.945200000E-06	
7776.258045000	1.344401240	4.944900000E-06	
7775.775917000	1.344401360	4.944300000E-06	
7775.293789000	1.344401121	4.943600000E-06	
7774.811661000	1.344401240	4.943500000E-06	
7774.329533000	1.344401002	4.943500000E-06	
7773.847405000	1.344401121	4.943000000E-06	
7773.365277000	1.344400764	4.942500000E-06	
7772.883149000	1.344400883	4.942200000E-06	
7772.401021000	1.344400644	4.941600000E-06	
7771.918893000	1.344400764	4.941000000E-06	
7771.436765000	1.344400406	4.941000000E-06	
7770.954637000	1.344400525	4.941400000E-06	
7770.472509000	1.344400287	4.941400000E-06	
7769.990381000	1.344400406	4.941400000E-06	
7769.508253000	1.344400167	4.941600000E-06	
7769.026125000	1.344400287	4.941400000E-06	
7768.543997000	1.344399929	4.941000000E-06	
7768.061869000	1.344400048	4.941000000E-06	
7767.579741000	1.344399810	4.941300000E-06	
7767.097614000	1.344399929	4.941200000E-06	
7766.615486000	1.344399571	4.940900000E-06	
7766.133358000	1.344399691	4.941000000E-06	
7765.651230000	1.344399452	4.940800000E-06	
7765.169102000	1.344399571	4.940200000E-06	
7764.686974000	1.344399333	4.940100000E-06	
7764.204846000	1.344399452	4.940700000E-06	
7763.722718000	1.344399095	4.941000000E-06	
7763.240590000	1.344399214	4.941500000E-06	
7762.758462000	1.344398975	4.942100000E-06	
7762.276334000	1.344399095	4.941900000E-06	
7761.794206000	1.344398737	4.941000000E-06	
7761.312078000	1.344398856	4.940100000E-06	
7760.829950000	1.344398618	4.939900000E-06	
7760.347822000	1.344398737	4.939800000E-06	
7759.865694000	1.344398499	4.939800000E-06	
7759.383566000	1.344398618	4.940400000E-06	
7758.901438000	1.344398260	4.940600000E-06	
7758.419310000	1.344398379	4.940000000E-06	
7757.937182000	1.344398141	4.939400000E-06	
7757.455054000	1.344398260	4.938900000E-06	
7756.972926000	1.344397902	4.938200000E-06	
7756.490798000	1.344398022	4.937700000E-06	
7756.008670000	1.344397783	4.937900000E-06	
7755.526542000	1.344397902	4.938200000E-06	
7755.044414000	1.344397664	4.937800000E-06	
7754.562286000	1.344397783	4.937300000E-06	
7754.080158000	1.344397426	4.937100000E-06	
7753.598030000	1.344397545	4.936700000E-06	
7753.115902000	1.344397306	4.936600000E-06	
7752.633774000	1.344397426	4.937400000E-06	
7752.151646000	1.344397068	4.938500000E-06	
7751.669518000	1.344397187	4.939100000E-06	
7751.187390000	1.344396949	4.939300000E-06	
7750.705262000	1.344397068	4.939500000E-06	
7750.223134000	1.344396830	4.939100000E-06	
7749.741006000	1.344396830	4.938600000E-06	
7749.258878000	1.344396591	4.938700000E-06	
7748.776750000	1.344396710	4.939200000E-06	
7748.294622000	1.344396472	4.939300000E-06	
7747.812494000	1.344396591	4.939700000E-06	
7747.330366000	1.344396234	4.940400000E-06	
7746.848238000	1.344396353	4.940500000E-06	
7746.366110000	1.344396114	4.940400000E-06	
7745.883982000	1.344396234	4.940700000E-06	
7745.401854000	1.344395876	4.941500000E-06	
7744.919726000	1.344395995	4.942100000E-06	
7744.437599000	1.344395757	4.942700000E-06	
7743.955471000	1.344395876	4.943500000E-06	
7743.473343000	1.344395638	4.943700000E-06	
7742.991215000	1.344395757	4.943500000E-06	
7742.509087000	1.344395399	4.943900000E-06	
7742.026959000	1.344395518	4.944800000E-06	
7741.544831000	1.344395280	4.945400000E-06	
7741.062703000	1.344395399	4.946300000E-06	
7740.580575000	1.344395041	4.947700000E-06	
7740.098447000	1.344395161	4.948700000E-06	
7739.616319000	1.344394922	4.949300000E-06	
7739.134191000	1.344395041	4.950100000E-06	
7738.652063000	1.344394684	4.951200000E-06	
7738.169935000	1.344394803	4.952100000E-06	
7737.687807000	1.344394565	4.953200000E-06	
7737.205679000	1.344394684	4.954900000E-06	
7736.723551000	1.344394445	4.956400000E-06	
7736.241423000	1.344394565	4.957300000E-06	
7735.759295000	1.344394207	4.958400000E-06	
7735.277167000	1.344394326	4.959600000E-06	
7734.795039000	1.344394088	4.960400000E-06	
7734.312911000	1.344394207	4.961400000E-06	
7733.830783000	1.344393849	4.963000000E-06	
7733.348655000	1.344393969	4.964800000E-06	
7732.866527000	1.344393730	4.966100000E-06	
7732.384399000	1.344393849	4.967400000E-06	
7731.902271000	1.344393492	4.968900000E-06	
7731.420143000	1.344393611	4.969900000E-06	
7730.938015000	1.344393373	4.971100000E-06	
7730.455887000	1.344393492	4.973000000E-06	
7729.973759000	1.344393253	4.975000000E-06	
7729.491631000	1.344393373	4.976700000E-06	
7729.009503000	1.344393015	4.978500000E-06	
7728.527375000	1.344393134	4.980300000E-06	
7728.045247000	1.344392896	4.981700000E-06	
7727.563119000	1.344393015	4.982800000E-06	
7727.080991000	1.344392657	4.984700000E-06	
7726.598863000	1.344392776	4.987000000E-06	
7726.116735000	1.344392538	4.988900000E-06	
7725.634607000	1.344392657	4.990900000E-06	
7725.152479000	1.344392300	4.992900000E-06	
7724.670351000	1.344392419	4.994100000E-06	
7724.188223000	1.344392180	4.994800000E-06	
7723.706095000	1.344392300	4.995800000E-06	
7723.223967000	1.344392061	4.997200000E-06	
7722.741839000	1.344392180	4.998600000E-06	
7722.259712000	1.344391823	5.000500000E-06	
7721.777584000	1.344391942	5.002700000E-06	
7721.295456000	1.344391704	5.004400000E-06	
7720.813328000	1.344391823	5.005500000E-06	
7720.331200000	1.344391465	5.006700000E-06	
7719.849072000	1.344391584	5.008100000E-06	
7719.366944000	1.344391346	5.009100000E-06	
7718.884816000	1.344391465	5.010600000E-06	
7718.402688000	1.344391108	5.012600000E-06	
7717.920560000	1.344391227	5.014400000E-06	
7717.438432000	1.344390988	5.015600000E-06	
7716.956304000	1.344391108	5.016700000E-06	
7716.474176000	1.344390869	5.017900000E-06	
7715.992048000	1.344390988	5.018800000E-06	
7715.509920000	1.344390631	5.020100000E-06	
7715.027792000	1.344390750	5.022200000E-06	
7714.545664000	1.344390512	5.024200000E-06	
7714.063536000	1.344390631	5.025700000E-06	
7713.581408000	1.344390273	5.027500000E-06	
7713.099280000	1.344390392	5.029200000E-06	
7712.617152000	1.344390154	5.030500000E-06	
7712.135024000	1.344390273	5.032000000E-06	
7711.652896000	1.344389915	5.034100000E-06	
7711.170768000	1.344390035	5.036400000E-06	
7710.688640000	1.344389796	5.038400000E-06	
7710.206512000	1.344389915	5.040500000E-06	
7709.724384000	1.344389677	5.042600000E-06	
7709.242256000	1.344389796	5.043900000E-06	
7708.760128000	1.344389439	5.045300000E-06	
7708.278000000	1.344389558	5.047300000E-06	
7707.795872000	1.344389319	5.049300000E-06	
7707.313744000	1.344389439	5.051100000E-06	
7706.831616000	1.344389081	5.053200000E-06	
7706.349488000	1.344389200	5.055500000E-06	
7705.867360000	1.344388962	5.057500000E-06	
7705.385232000	1.344389081	5.059500000E-06	
7704.903104000	1.344388723	5.062300000E-06	
7704.420976000	1.344388843	5.065300000E-06	
7703.938848000	1.344388604	5.068000000E-06	
7703.456720000	1.344388723	5.070800000E-06	
7702.974592000	1.344388366	5.073800000E-06	
7702.492464000	1.344388485	5.076100000E-06	
7702.010336000	1.344388247	5.078200000E-06	
7701.528208000	1.344388366	5.080700000E-06	
7701.046080000	1.344388127	5.083300000E-06	
7700.563952000	1.344388247	5.085700000E-06	
7700.081825000	1.344387889	5.088700000E-06	
7699.599697000	1.344388008	5.092200000E-06	
7699.117569000	1.344387770	5.095200000E-06	
7698.635441000	1.344387889	5.097700000E-06	
7698.153313000	1.344387531	5.100300000E-06	
7697.671185000	1.344387650	5.102800000E-06	
7697.189057000	1.344387412	5.105200000E-06	
7696.706929000	1.344387531	5.108200000E-06	
7696.224801000	1.344387174	5.112000000E-06	
7695.742673000	1.344387293	5.115700000E-06	
7695.260545000	1.344387054	5.118900000E-06	
7694.778417000	1.344387174	5.122400000E-06	
7694.296289000	1.344386935	5.125700000E-06	
7693.814161000	1.344387054	5.128700000E-06	
7693.332033000	1.344386697	5.132200000E-06	
7692.849905000	1.344386816	5.136300000E-06	
7692.367777000	1.344386578	5.140300000E-06	
7691.885649000	1.344386697	5.144200000E-06	
7691.403521000	1.344386339	5.148100000E-06	
7690.921393000	1.344386458	5.151700000E-06	
7690.439265000	1.344386220	5.154500000E-06	
7689.957137000	1.344386339	5.157300000E-06	
7689.475009000	1.344385982	5.160800000E-06	
7688.992881000	1.344386101	5.164600000E-06	
7688.510753000	1.344385862	5.168400000E-06	
7688.028625000	1.344385982	5.172500000E-06	
7687.546497000	1.344385743	5.176400000E-06	
7687.064369000	1.344385862	5.179400000E-06	
7686.582241000	1.344385505	5.182300000E-06	
7686.100113000	1.344385624	5.185500000E-06	
7685.617985000	1.344385386	5.188600000E-06	
7685.135857000	1.344385505	5.191600000E-06	
7684.653729000	1.344385147	5.195100000E-06	
7684.171601000	1.344385266	5.198800000E-06	
7683.689473000	1.344385028	5.201700000E-06	
7683.207345000	1.344385147	5.204400000E-06	
7682.725217000	1.344384909	5.207500000E-06	
7682.243089000	1.344385028	5.210400000E-06	
7681.760961000	1.344384670	5.212900000E-06	
7681.278833000	1.344384789	5.215800000E-06	
7680.796705000	1.344384551	5.218500000E-06	
7680.314577000	1.344384670	5.220700000E-06	
7679.832449000	1.344384313	5.222300000E-06	
7679.350321000	1.344384432	5.223900000E-06	
7678.868193000	1.344384193	5.225300000E-06	
7678.386065000	1.344384313	5.226500000E-06	
7677.903938000	1.344384074	5.228300000E-06	
7677.421810000	1.344384193	5.230500000E-06	
7676.939682000	1.344383836	5.231900000E-06	
7676.457554000	1.344383955	5.232700000E-06	
7675.975426000	1.344383717	5.233400000E-06	
7675.493298000	1.344383836	5.233900000E-06	
7675.011170000	1.344383478	5.234200000E-06	
7674.529042000	1.344383597	5.234800000E-06	
7674.046914000	1.344383359	5.235900000E-06	
7673.564786000	1.344383478	5.236600000E-06	
7673.082658000	1.344383240	5.236900000E-06	
7672.600530000	1.344383359	5.237200000E-06	
7672.118402000	1.344383001	5.236800000E-06	
7671.636274000	1.344383121	5.235700000E-06	
7671.154146000	1.344382882	5.234900000E-06	
7670.672018000	1.344383001	5.234400000E-06	
7670.189890000	1.344382763	5.233700000E-06	
7669.707762000	1.344382882	5.232600000E-06	
7669.225634000	1.344382524	5.231600000E-06	
7668.743506000	1.344382644	5.230300000E-06	
7668.261378000	1.344382405	5.228200000E-06	
7667.779250000	1.344382524	5.226200000E-06	
7667.297122000	1.344382167	5.224700000E-06	
7666.814994000	1.344382286	5.223200000E-06	
7666.332866000	1.344382048	5.221700000E-06	
7665.850738000	1.344382167	5.220600000E-06	
7665.368610000	1.344381809	5.219000000E-06	
7664.886482000	1.344381928	5.216500000E-06	
7664.404354000	1.344381690	5.213900000E-06	
7663.922226000	1.344381809	5.211600000E-06	
7663.440098000	1.344381571	5.209300000E-06	
7662.957970000	1.344381690	5.207200000E-06	
7662.475842000	1.344381332	5.205900000E-06	
7661.993714000	1.344381452	5.205000000E-06	
7661.511586000	1.344381213	5.203800000E-06	
7661.029458000	1.344381332	5.202300000E-06	
7660.547330000	1.344380975	5.200900000E-06	
7660.065202000	1.344381094	5.198700000E-06	
7659.583074000	1.344380856	5.196200000E-06	
7659.100946000	1.344380975	5.194000000E-06	
7658.618818000	1.344380617	5.191900000E-06	
7658.136690000	1.344380736	5.189400000E-06	
7657.654562000	1.344380498	5.186900000E-06	
7657.172434000	1.344380617	5.184800000E-06	
7656.690306000	1.344380260	5.182700000E-06	
7656.208178000	1.344380379	5.180400000E-06	
7655.726050000	1.344380140	5.178900000E-06	
7655.243923000	1.344380260	5.177900000E-06	
7654.761795000	1.344379902	5.176500000E-06	
7654.279667000	1.344380021	5.175200000E-06	
7653.797539000	1.344379783	5.174100000E-06	
7653.315411000	1.344379902	5.172800000E-06	
7652.833283000	1.344379663	5.171200000E-06	
7652.351155000	1.344379783	5.170100000E-06	
7651.869027000	1.344379425	5.169200000E-06	
7651.386899000	1.344379544	5.168000000E-06	
7650.904771000	1.344379306	5.166800000E-06	
7650.422643000	1.344379425	5.166100000E-06	
7649.940515000	1.344379067	5.165200000E-06	
7649.458387000	1.344379187	5.163700000E-06	
7648.976259000	1.344378948	5.162700000E-06	
7648.494131000	1.344379067	5.161900000E-06	
7648.012003000	1.344378710	5.160900000E-06	
7647.529875000	1.344378829	5.160000000E-06	
7647.047747000	1.344378591	5.159400000E-06	
7646.565619000	1.344378710	5.158600000E-06	
7646.083491000	1.344378352	5.157700000E-06	
7645.601363000	1.344378471	5.157000000E-06	
7645.119235000	1.344378233	5.157000000E-06	
7644.637107000	1.344378352	5.156800000E-06	
7644.154979000	1.344377995	5.157000000E-06	
7643.672851000	1.344378114	5.157800000E-06	
7643.190723000	1.344377875	5.158500000E-06	
7642.708595000	1.344377995	5.158600000E-06	
7642.226467000	1.344377637	5.158700000E-06	
7641.744339000	1.344377756	5.159100000E-06	
7641.262211000	1.344377518	5.159300000E-06	
7640.780083000	1.344377637	5.159900000E-06	
7640.297955000	1.344377279	5.161200000E-06	
7639.815827000	1.344377398	5.162700000E-06	
7639.333699000	1.344377160	5.163600000E-06	
7638.851571000	1.344377279	5.164000000E-06	
7638.369443000	1.344376922	5.164300000E-06	
7637.887315000	1.344377041	5.164000000E-06	
7637.405187000	1.344376802	5.164000000E-06	
7636.923059000	1.344376922	5.165000000E-06	
7636.440931000	1.344376564	5.166700000E-06	
7635.958803000	1.344376683	5.168200000E-06	
7635.476675000	1.344376445	5.169700000E-06	
7634.994547000	1.344376564	5.171000000E-06	
7634.512419000	1.344376206	5.171800000E-06	
7634.030291000	1.344376326	5.172200000E-06	
7633.548163000	1.344376087	5.173100000E-06	
7633.066036000	1.344376206	5.174300000E-06	
7632.583908000	1.344375849	5.175300000E-06	
7632.101780000	1.344375968	5.176500000E-06	
7631.619652000	1.344375730	5.178000000E-06	
7631.137524000	1.344375849	5.178800000E-06	
7630.655396000	1.344375491	5.179300000E-06	
7630.173268000	1.344375610	5.180100000E-06	
7629.691140000	1.344375372	5.181400000E-06	
7629.209012000	1.344375491	5.182600000E-06	
7628.726884000	1.344375134	5.184100000E-06	
7628.244756000	1.344375253	5.186000000E-06	
7627.762628000	1.344375014	5.187300000E-06	
7627.280500000	1.344375134	5.188000000E-06	
7626.798372000	1.344374776	5.188900000E-06	
7626.316244000	1.344374895	5.190100000E-06	
7625.834116000	1.344374657	5.191000000E-06	
7625.351988000	1.344374776	5.192000000E-06	
7624.869860000	1.344374418	5.193400000E-06	
7624.387732000	1.344374537	5.194600000E-06	
7623.905604000	1.344374299	5.195600000E-06	
7623.423476000	1.344374418	5.196900000E-06	
7622.941348000	1.344374061	5.198600000E-06	
7622.459220000	1.344374180	5.199900000E-06	
7621.977092000	1.344373941	5.201300000E-06	
7621.494964000	1.344374061	5.203200000E-06	
7621.012836000	1.344373703	5.205000000E-06	
7620.530708000	1.344373822	5.206400000E-06	
7620.048580000	1.344373584	5.207900000E-06	
7619.566452000	1.344373703	5.209300000E-06	
7619.084324000	1.344373345	5.210500000E-06	
7618.602196000	1.344373465	5.211700000E-06	
7618.120068000	1.344373226	5.213500000E-06	
7617.637940000	1.344373345	5.215200000E-06	
7617.155812000	1.344372988	5.216200000E-06	
7616.673684000	1.344373107	5.217000000E-06	
7616.191556000	1.344372869	5.217800000E-06	
7615.709428000	1.344372988	5.217800000E-06	
7615.227300000	1.344372630	5.217700000E-06	
7614.745172000	1.344372749	5.218000000E-06	
7614.263044000	1.344372511	5.218200000E-06	
7613.780916000	1.344372630	5.218100000E-06	
7613.298788000	1.344372272	5.218000000E-06	
7612.816660000	1.344372392	5.218100000E-06	
7612.334532000	1.344372153	5.217700000E-06	
7611.852404000	1.344372272	5.216900000E-06	
7611.370276000	1.344371915	5.216700000E-06	
7610.888149000	1.344372034	5.216600000E-06	
7610.406021000	1.344371796	5.216200000E-06	
7609.923893000	1.344371915	5.216000000E-06	
7609.441765000	1.344371557	5.215800000E-06	
7608.959637000	1.344371676	5.214800000E-06	
7608.477509000	1.344371438	5.213400000E-06	
7607.995381000	1.344371557	5.212300000E-06	
7607.513253000	1.344371200	5.211200000E-06	
7607.031125000	1.344371319	5.209800000E-06	
7606.548997000	1.344371080	5.208500000E-06	
7606.066869000	1.344371200	5.207500000E-06	
7605.584741000	1.344370842	5.205900000E-06	
7605.102613000	1.344370961	5.203800000E-06	
7604.620485000	1.344370723	5.201800000E-06	
7604.138357000	1.344370842	5.199700000E-06	
7603.656229000	1.344370484	5.197400000E-06	
7603.174101000	1.344370604	5.195400000E-06	
7602.691973000	1.344370365	5.194000000E-06	
7602.209845000	1.344370484	5.192600000E-06	
7601.727717000	1.344370127	5.190900000E-06	
7601.245589000	1.344370246	5.189400000E-06	
7600.763461000	1.344370008	5.188000000E-06	
7600.281333000	1.344370127	5.186400000E-06	
7599.799205000	1.344369769	5.185100000E-06	
7599.317077000	1.344369888	5.184500000E-06	
7598.834949000	1.344369650	5.183800000E-06	
7598.352821000	1.344369769	5.182600000E-06	
7597.870693000	1.344369411	5.181700000E-06	
7597.388565000	1.344369531	5.180500000E-06	
7596.906437000	1.344369292	5.179000000E-06	
7596.424309000	1.344369411	5.177700000E-06	
7595.942181000	1.344369054	5.177100000E-06	
7595.460053000	1.344369173	5.176800000E-06	
7594.977925000	1.344368935	5.176400000E-06	
7594.495797000	1.344369054	5.176300000E-06	
7594.013669000	1.344368696	5.176200000E-06	
7593.531541000	1.344368815	5.175300000E-06	
7593.049413000	1.344368458	5.174500000E-06	
7592.567285000	1.344368577	5.174300000E-06	
7592.085157000	1.344368339	5.174200000E-06	
7591.603029000	1.344368458	5.174300000E-06	
7591.120901000	1.344368100	5.174700000E-06	
7590.638773000	1.344368219	5.175400000E-06	
7590.156645000	1.344367981	5.175600000E-06	
7589.674517000	1.344368100	5.175800000E-06	
7589.192389000	1.344367743	5.176600000E-06	
7588.710262000	1.344367862	5.177400000E-06	
7588.228134000	1.344367623	5.178100000E-06	
7587.746006000	1.344367743	5.179300000E-06	
7587.263878000	1.344367385	5.180600000E-06	
7586.781750000	1.344367504	5.181400000E-06	
7586.299622000	1.344367146	5.182000000E-06	
7585.817494000	1.344367266	5.182800000E-06	
7585.335366000	1.344367027	5.183800000E-06	
7584.853238000	1.344367146	5.184600000E-06	
7584.371110000	1.344366789	5.185900000E-06	
7583.888982000	1.344366908	5.187700000E-06	
7583.406854000	1.344366670	5.189000000E-06	
7582.924726000	1.344366789	5.190000000E-06	
7582.442598000	1.344366431	5.191100000E-06	
7581.960470000	1.344366550	5.192100000E-06	
7581.478342000	1.344366312	5.192800000E-06	
7580.996214000	1.344366431	5.194000000E-06	
7580.514086000	1.344366074	5.195600000E-06	
7580.031958000	1.344366193	5.196900000E-06	
7579.549830000	1.344365835	5.198100000E-06	
7579.067702000	1.344365954	5.199600000E-06	
7578.585574000	1.344365716	5.201000000E-06	
7578.103446000	1.344365835	5.201900000E-06	
7577.621318000	1.344365478	5.203400000E-06	
7577.139190000	1.344365597	5.205500000E-06	
7576.657062000	1.344365358	5.207600000E-06	
7576.174934000	1.344365478	5.209700000E-06	
7575.692806000	1.344365120	5.212000000E-06	
7575.210678000	1.344365239	5.213900000E-06	
7574.728550000	1.344365001	5.214900000E-06	
7574.246422000	1.344365120	5.215900000E-06	
7573.764294000	1.344364762	5.217400000E-06	
7573.282166000	1.344364882	5.219100000E-06	
7572.800038000	1.344364643	5.220800000E-06	
7572.317910000	1.344364643	5.223000000E-06	
7571.835782000	1.344364405	5.225300000E-06	
7571.353654000	1.344364524	5.226900000E-06	
7570.871526000	1.344364166	5.228800000E-06	
7570.389398000	1.344364285	5.231000000E-06	
7569.907270000	1.344364047	5.233100000E-06	
7569.425142000	1.344364166	5.235300000E-06	
7568.943014000	1.344363809	5.237800000E-06	
7568.460886000	1.344363928	5.240400000E-06	
7567.978758000	1.344363689	5.242100000E-06	
7567.496630000	1.344363809	5.243600000E-06	
7567.014502000	1.344363451	5.245200000E-06	
7566.532374000	1.344363570	5.246500000E-06	
7566.050247000	1.344363332	5.247700000E-06	
7565.568119000	1.344363332	5.249600000E-06	
7565.085991000	1.344363093	5.251700000E-06	
7564.603863000	1.344363213	5.253400000E-06	
7564.121735000	1.344362855	5.254900000E-06	
7563.639607000	1.344362974	5.256400000E-06	
7563.157479000	1.344362736	5.257800000E-06	
7562.675351000	1.344362855	5.259000000E-06	
7562.193223000	1.344362497	5.260800000E-06	
7561.711095000	1.344362617	5.263000000E-06	
7561.228967000	1.344362378	5.264700000E-06	
7560.746839000	1.344362497	5.266300000E-06	
7560.264711000	1.344362140	5.268100000E-06	
7559.782583000	1.344362259	5.269500000E-06	
7559.300455000	1.344361901	5.270600000E-06	
7558.818327000	1.344362020	5.272000000E-06	
7558.336199000	1.344361782	5.273800000E-06	
7557.854071000	1.344361901	5.275600000E-06	
7557.371943000	1.344361544	5.277400000E-06	
7556.889815000	1.344361663	5.279400000E-06	
7556.407687000	1.344361424	5.280800000E-06	
7555.925559000	1.344361544	5.281500000E-06	
7555.443431000	1.344361186	5.282500000E-06	
7554.961303000	1.344361305	5.284000000E-06	
7554.479175000	1.344361067	5.285300000E-06	
7553.997047000	1.344361186	5.286900000E-06	
7553.514919000	1.344360828	5.288900000E-06	
7553.032791000	1.344360948	5.290700000E-06	
7552.550663000	1.344360590	5.292100000E-06	
7552.068535000	1.344360709	5.293600000E-06	
7551.586407000	1.344360471	5.295500000E-06	
7551.104279000	1.344360590	5.297400000E-06	
7550.622151000	1.344360232	5.299400000E-06	
7550.140023000	1.344360352	5.302100000E-06	
7549.657895000	1.344360113	5.304600000E-06	
7549.175767000	1.344360232	5.306400000E-06	
7548.693639000	1.344359875	5.308000000E-06	
7548.211511000	1.344359994	5.309600000E-06	
7547.729383000	1.344359636	5.310700000E-06	
7547.247255000	1.344359756	5.311800000E-06	
7546.765127000	1.344359517	5.313400000E-06	
7546.282999000	1.344359636	5.315300000E-06	
7545.800871000	1.344359279	5.316600000E-06	
7545.318743000	1.344359398	5.318000000E-06	
7544.836615000	1.344359159	5.319700000E-06	
7544.354487000	1.344359279	5.321000000E-06	
7543.872360000	1.344358921	5.322500000E-06	
7543.390232000	1.344359040	5.324400000E-06	
7542.908104000	1.344358683	5.326500000E-06	
7542.425976000	1.344358802	5.328300000E-06	
7541.943848000	1.344358563	5.330100000E-06	
7541.461720000	1.344358683	5.332100000E-06	
7540.979592000	1.344358325	5.333800000E-06	
7540.497464000	1.344358444	5.335000000E-06	
7540.015336000	1.344358206	5.336600000E-06	
7539.533208000	1.344358325	5.338500000E-06	
7539.051080000	1.344357967	5.340200000E-06	
7538.568952000	1.344358087	5.342100000E-06	
7538.086824000	1.344357729	5.344200000E-06	
7537.604696000	1.344357848	5.345700000E-06	
7537.122568000	1.344357610	5.346800000E-06	
7536.640440000	1.344357729	5.348100000E-06	
7536.158312000	1.344357371	5.349800000E-06	
7535.676184000	1.344357491	5.351100000E-06	
7535.194056000	1.344357133	5.352500000E-06	
7534.711928000	1.344357252	5.354300000E-06	
7534.229800000	1.344357014	5.355900000E-06	
7533.747672000	1.344357133	5.357200000E-06	
7533.265544000	1.344356775	5.358900000E-06	
7532.783416000	1.344356894	5.360800000E-06	
7532.301288000	1.344356656	5.362500000E-06	
7531.819160000	1.344356775	5.364600000E-06	
7531.337032000	1.344356418	5.367000000E-06	
7530.854904000	1.344356537	5.369300000E-06	
7530.372776000	1.344356179	5.371100000E-06	
7529.890648000	1.344356298	5.373000000E-06	
7529.408520000	1.344356060	5.375000000E-06	
7528.926392000	1.344356179	5.376600000E-06	
7528.444264000	1.344355822	5.378300000E-06	
7527.962136000	1.344355941	5.380500000E-06	
7527.480008000	1.344355583	5.382500000E-06	
7526.997880000	1.344355702	5.384100000E-06	
7526.515752000	1.344355464	5.385700000E-06	
7526.033624000	1.344355583	5.387600000E-06	
7525.551496000	1.344355226	5.389300000E-06	
7525.069368000	1.344355345	5.391200000E-06	
7524.587240000	1.344354987	5.393800000E-06	
7524.105112000	1.344355106	5.396600000E-06	
7523.622984000	1.344354868	5.398900000E-06	
7523.140856000	1.344354987	5.401200000E-06	
7522.658728000	1.344354630	5.403600000E-06	
7522.176600000	1.344354749	5.405500000E-06	
7521.694473000	1.344354510	5.407400000E-06	
7521.212345000	1.344354510	5.409800000E-06	
7520.730217000	1.344354272	5.412500000E-06	
7520.248089000	1.344354391	5.415100000E-06	
7519.765961000	1.344354033	5.417800000E-06	
7519.283833000	1.344354153	5.420700000E-06	
7518.801705000	1.344353795	5.423200000E-06	
7518.319577000	1.344353914	5.425500000E-06	
7517.837449000	1.344353676	5.428300000E-06	
7517.355321000	1.344353795	5.431300000E-06	
7516.873193000	1.344353437	5.433900000E-06	
7516.391065000	1.344353557	5.436700000E-06	
7515.908937000	1.344353199	5.439800000E-06	
7515.426809000	1.344353318	5.442400000E-06	
7514.944681000	1.344353080	5.444700000E-06	
7514.462553000	1.344353199	5.447300000E-06	
7513.980425000	1.344352841	5.450200000E-06	
7513.498297000	1.344352961	5.453100000E-06	
7513.016169000	1.344352603	5.456200000E-06	
7512.534041000	1.344352722	5.459600000E-06	
7512.051913000	1.344352484	5.462600000E-06	
7511.569785000	1.344352603	5.465100000E-06	
7511.087657000	1.344352245	5.468000000E-06	
7510.605529000	1.344352365	5.470900000E-06	
7510.123401000	1.344352007	5.473600000E-06	
7509.641273000	1.344352126	5.476600000E-06	
7509.159145000	1.344351888	5.480000000E-06	
7508.677017000	1.344352007	5.483300000E-06	
7508.194889000	1.344351649	5.486300000E-06	
7507.712761000	1.344351768	5.489500000E-06	
7507.230633000	1.344351411	5.492800000E-06	
7506.748505000	1.344351530	5.495800000E-06	
7506.266377000	1.344351292	5.499100000E-06	
7505.784249000	1.344351411	5.503000000E-06	
7505.302121000	1.344351053	5.506700000E-06	
7504.819993000	1.344351172	5.510000000E-06	
7504.337865000	1.344350815	5.513500000E-06	
7503.855737000	1.344350934	5.517000000E-06	
7503.373609000	1.344350696	5.520300000E-06	
7502.891481000	1.344350696	5.523800000E-06	
7502.409353000	1.344350457	5.528000000E-06	
7501.927225000	1.344350576	5.532200000E-06	
7501.445097000	1.344350219	5.536100000E-06	
7500.962969000	1.344350338	5.540300000E-06	
7500.480841000	1.344349980	5.544400000E-06	
7499.998713000	1.344350100	5.548100000E-06	
7499.516586000	1.344349861	5.551800000E-06	
7499.034458000	1.344349980	5.556000000E-06	
7498.552330000	1.344349623	5.560200000E-06	
7498.070202000	1.344349742	5.564600000E-06	
7497.588074000	1.344349384	5.569400000E-06	
7497.105946000	1.344349504	5.574600000E-06	
7496.623818000	1.344349265	5.579300000E-06	
7496.141690000	1.344349265	5.583800000E-06	
7495.659562000	1.344349027	5.588600000E-06	
7495.177434000	1.344349146	5.593400000E-06	
7494.695306000	1.344348788	5.597900000E-06	
7494.213178000	1.344348907	5.602900000E-06	
7493.731050000	1.344348550	5.608300000E-06	
7493.248922000	1.344348669	5.613500000E-06	
7492.766794000	1.344348431	5.618700000E-06	
7492.284666000	1.344348550	5.624100000E-06	
7491.802538000	1.344348192	5.629600000E-06	
7491.320410000	1.344348311	5.634900000E-06	
7490.838282000	1.344347954	5.640500000E-06	
7490.356154000	1.344348073	5.646600000E-06	
7489.874026000	1.344347715	5.652500000E-06	
7489.391898000	1.344347835	5.658300000E-06	
7488.909770000	1.344347596	5.664400000E-06	
7488.427642000	1.344347715	5.670200000E-06	
7487.945514000	1.344347358	5.675800000E-06	
7487.463386000	1.344347477	5.681700000E-06	
7486.981258000	1.344347119	5.688100000E-06	
7486.499130000	1.344347239	5.694400000E-06	
7486.017002000	1.344346881	5.700500000E-06	
7485.534874000	1.344347000	5.707000000E-06	
7485.052746000	1.344346762	5.713400000E-06	
7484.570618000	1.344346881	5.719300000E-06	
7484.088490000	1.344346523	5.725500000E-06	
7483.606362000	1.344346642	5.732400000E-06	
7483.124234000	1.344346285	5.739200000E-06	
7482.642106000	1.344346404	5.746000000E-06	
7482.159978000	1.344346046	5.752900000E-06	
7481.677850000	1.344346166	5.759700000E-06	
7481.195722000	1.344345927	5.766100000E-06	
7480.713594000	1.344346046	5.772800000E-06	
7480.231466000	1.344345689	5.780100000E-06	
7479.749338000	1.344345808	5.787800000E-06	
7479.267210000	1.344345450	5.795300000E-06	
7478.785082000	1.344345570	5.803200000E-06	
7478.302954000	1.344345212	5.810900000E-06	
7477.820826000	1.344345331	5.817900000E-06	
7477.338698000	1.344345093	5.824800000E-06	
7476.856571000	1.344345093	5.832000000E-06	
7476.374443000	1.344344854	5.839300000E-06	
7475.892315000	1.344344974	5.846600000E-06	
7475.410187000	1.344344616	5.854400000E-06	
7474.928059000	1.344344735	5.862400000E-06	
7474.445931000	1.344344378	5.870000000E-06	
7473.963803000	1.344344497	5.877700000E-06	
7473.481675000	1.344344139	5.886000000E-06	
7472.999547000	1.344344258	5.894400000E-06	
7472.517419000	1.344344020	5.902800000E-06	
7472.035291000	1.344344139	5.911800000E-06	
7471.553163000	1.344343781	5.920900000E-06	
7471.071035000	1.344343901	5.929600000E-06	
7470.588907000	1.344343543	5.938100000E-06	
7470.106779000	1.344343662	5.946700000E-06	
7469.624651000	1.344343305	5.955100000E-06	
7469.142523000	1.344343424	5.963500000E-06	
7468.660395000	1.344343185	5.972500000E-06	
7468.178267000	1.344343185	5.982100000E-06	
7467.696139000	1.344342947	5.991500000E-06	
7467.214011000	1.344343066	6.000600000E-06	
7466.731883000	1.344342709	6.009900000E-06	
7466.249755000	1.344342828	6.019000000E-06	
7465.767627000	1.344342470	6.028000000E-06	
7465.285499000	1.344342589	6.037600000E-06	
7464.803371000	1.344342232	6.047700000E-06	
7464.321243000	1.344342351	6.057700000E-06	
7463.839115000	1.344341993	6.067600000E-06	
7463.356987000	1.344342113	6.078000000E-06	
7462.874859000	1.344341874	6.088200000E-06	
7462.392731000	1.344341993	6.098100000E-06	
7461.910603000	1.344341636	6.108700000E-06	
7461.428475000	1.344341755	6.119800000E-06	
7460.946347000	1.344341397	6.131200000E-06	
7460.464219000	1.344341516	6.142700000E-06	
7459.982091000	1.344341159	6.154600000E-06	
7459.499963000	1.344341278	6.166000000E-06	
7459.017835000	1.344340920	6.176900000E-06	
7458.535707000	1.344341040	6.187700000E-06	
7458.053579000	1.344340682	6.199000000E-06	
7457.571451000	1.344340801	6.210200000E-06	
7457.089323000	1.344340563	6.221600000E-06	
7456.607195000	1.344340682	6.233700000E-06	
7456.125067000	1.344340324	6.246000000E-06	
7455.642939000	1.344340444	6.258100000E-06	
7455.160811000	1.344340086	6.270600000E-06	
7454.678684000	1.344340205	6.283500000E-06	
7454.196556000	1.344339848	6.296300000E-06	
7453.714428000	1.344339967	6.308900000E-06	
7453.232300000	1.344339609	6.322100000E-06	
7452.750172000	1.344339728	6.335700000E-06	
7452.268044000	1.344339371	6.349200000E-06	
7451.785916000	1.344339490	6.363000000E-06	
7451.303788000	1.344339252	6.377200000E-06	
7450.821660000	1.344339252	6.391100000E-06	
7450.339532000	1.344339013	6.404800000E-06	
7449.857404000	1.344339132	6.419000000E-06	
7449.375276000	1.344338775	6.433600000E-06	
7448.893148000	1.344338894	6.448400000E-06	
7448.411020000	1.344338536	6.463400000E-06	
7447.928892000	1.344338655	6.478800000E-06	
7447.446764000	1.344338298	6.494100000E-06	
7446.964636000	1.344338417	6.509200000E-06	
7446.482508000	1.344338059	6.524800000E-06	
7446.000380000	1.344338179	6.540700000E-06	
7445.518252000	1.344337821	6.556300000E-06	
7445.036124000	1.344337940	6.572300000E-06	
7444.553996000	1.344337583	6.588800000E-06	
7444.071868000	1.344337702	6.605100000E-06	
7443.589740000	1.344337463	6.621400000E-06	
7443.107612000	1.344337463	6.638100000E-06	
7442.625484000	1.344337225	6.655400000E-06	
7442.143356000	1.344337344	6.673100000E-06	
7441.661228000	1.344336987	6.691300000E-06	
7441.179100000	1.344337106	6.710100000E-06	
7440.696972000	1.344336748	6.728500000E-06	
7440.214844000	1.344336867	6.746400000E-06	
7439.732716000	1.344336510	6.764500000E-06	
7439.250588000	1.344336629	6.783000000E-06	
7438.768460000	1.344336271	6.801700000E-06	
7438.286332000	1.344336390	6.820700000E-06	
7437.804204000	1.344336033	6.840300000E-06	
7437.322076000	1.344336152	6.860000000E-06	
7436.839948000	1.344335794	6.879300000E-06	
7436.357820000	1.344335914	6.898800000E-06	
7435.875692000	1.344335556	6.918900000E-06	
7435.393564000	1.344335675	6.939200000E-06	
7434.911436000	1.344335437	6.959900000E-06	
7434.429308000	1.344335437	6.981700000E-06	
7433.947180000	1.344335198	7.003600000E-06	
7433.465052000	1.344335198	7.025200000E-06	
7432.982924000	1.344334960	7.047000000E-06	
7432.500797000	1.344335079	7.069200000E-06	
7432.018669000	1.344334722	7.091500000E-06	
7431.536541000	1.344334841	7.114000000E-06	
7431.054413000	1.344334483	7.137400000E-06	
7430.572285000	1.344334602	7.161100000E-06	
7430.090157000	1.344334245	7.184800000E-06	
7429.608029000	1.344334364	7.209000000E-06	
7429.125901000	1.344334006	7.233900000E-06	
7428.643773000	1.344334126	7.258600000E-06	
7428.161645000	1.344333768	7.283700000E-06	
7427.679517000	1.344333887	7.309500000E-06	
7427.197389000	1.344333529	7.335700000E-06	
7426.715261000	1.344333649	7.362100000E-06	
7426.233133000	1.344333291	7.388900000E-06	
7425.751005000	1.344333410	7.416200000E-06	
7425.268877000	1.344333053	7.443500000E-06	
7424.786749000	1.344333172	7.471000000E-06	
7424.304621000	1.344332814	7.499600000E-06	
7423.822493000	1.344332933	7.528800000E-06	
7423.340365000	1.344332576	7.558300000E-06	
7422.858237000	1.344332695	7.588600000E-06	
7422.376109000	1.344332337	7.619600000E-06	
7421.893981000	1.344332457	7.650800000E-06	
7421.411853000	1.344332099	7.682200000E-06	
7420.929725000	1.344332218	7.714300000E-06	
7420.447597000	1.344331861	7.746800000E-06	
7419.965469000	1.344331980	7.779500000E-06	
7419.483341000	1.344331622	7.812600000E-06	
7419.001213000	1.344331741	7.846600000E-06	
7418.519085000	1.344331384	7.880900000E-06	
7418.036957000	1.344331503	7.915300000E-06	
7417.554829000	1.344331264	7.950500000E-06	
7417.072701000	1.344331264	7.986200000E-06	
7416.590573000	1.344331026	8.022100000E-06	
7416.108445000	1.344331026	8.058900000E-06	
7415.626317000	1.344330788	8.096800000E-06	
7415.144189000	1.344330788	8.135300000E-06	
7414.662061000	1.344330549	8.174100000E-06	
7414.179933000	1.344330549	8.213700000E-06	
7413.697805000	1.344330311	8.253900000E-06	
7413.215677000	1.344330430	8.294400000E-06	
7412.733549000	1.344330072	8.335700000E-06	
7412.251421000	1.344330192	8.378100000E-06	
7411.769293000	1.344329834	8.421000000E-06	
7411.287165000	1.344329953	8.464600000E-06	
7410.805037000	1.344329596	8.509200000E-06	
7410.322910000	1.344329715	8.554700000E-06	
7409.840782000	1.344329357	8.600400000E-06	
7409.358654000	1.344329476	8.646600000E-06	
7408.876526000	1.344329119	8.693600000E-06	
7408.394398000	1.344329238	8.741300000E-06	
7407.912270000	1.344328880	8.789400000E-06	
7407.430142000	1.344329000	8.838800000E-06	
7406.948014000	1.344328642	8.889100000E-06	
7406.465886000	1.344328761	8.939800000E-06	
7405.983758000	1.344328403	8.991400000E-06	
7405.501630000	1.344328523	9.044300000E-06	
7405.019502000	1.344328165	9.098200000E-06	
7404.537374000	1.344328284	9.153000000E-06	
7404.055246000	1.344327927	9.208900000E-06	
7403.573118000	1.344328046	9.266000000E-06	
7403.090990000	1.344327807	9.323500000E-06	
7402.608862000	1.344327807	9.381500000E-06	
7402.126734000	1.344327569	9.440800000E-06	
7401.644606000	1.344327688	9.501000000E-06	
7401.162478000	1.344327331	9.562000000E-06	
7400.680350000	1.344327450	9.624600000E-06	
7400.198222000	1.344327092	9.688700000E-06	
7399.716094000	1.344327211	9.753300000E-06	
7399.233966000	1.344326854	9.818400000E-06	
7398.751838000	1.344326973	9.884300000E-06	
7398.269710000	1.344326735	9.951000000E-06	
7397.787582000	1.344326854	1.001850000E-05	
7397.305454000	1.344326496	1.008760000E-05	
7396.823326000	1.344326615	1.015850000E-05	
7396.341198000	1.344326258	1.022990000E-05	
7395.859070000	1.344326377	1.030180000E-05	
7395.376942000	1.344326138	1.037460000E-05	
7394.894814000	1.344326258	1.044780000E-05	
7394.412686000	1.344325900	1.052180000E-05	
7393.930558000	1.344326019	1.059710000E-05	
7393.448430000	1.344325662	1.067410000E-05	
7392.966302000	1.344325781	1.075200000E-05	
7392.484174000	1.344325542	1.083060000E-05	
7392.002046000	1.344325662	1.091010000E-05	
7391.519918000	1.344325304	1.099020000E-05	
7391.037790000	1.344325542	1.107030000E-05	
7390.555662000	1.344325185	1.115110000E-05	
7390.073534000	1.344325304	1.123280000E-05	
7389.591406000	1.344325066	1.131510000E-05	
7389.109278000	1.344325185	1.139790000E-05	
7388.627150000	1.344324946	1.148120000E-05	
7388.145022000	1.344325066	1.156460000E-05	
7387.662895000	1.344324708	1.164750000E-05	
7387.180767000	1.344324946	1.173060000E-05	
7386.698639000	1.344324589	1.181480000E-05	
7386.216511000	1.344324827	1.189950000E-05	
7385.734383000	1.344324470	1.198420000E-05	
7385.252255000	1.344324708	1.206910000E-05	
7384.770127000	1.344324350	1.215360000E-05	
7384.287999000	1.344324589	1.223690000E-05	
7383.805871000	1.344324231	1.231970000E-05	
7383.323743000	1.344324470	1.240210000E-05	
7382.841615000	1.344324231	1.248360000E-05	
7382.359487000	1.344324350	1.256390000E-05	
7381.877359000	1.344324112	1.264370000E-05	
7381.395231000	1.344324350	1.272250000E-05	
7380.913103000	1.344323993	1.279950000E-05	
7380.430975000	1.344324231	1.287470000E-05	
7379.948847000	1.344323993	1.294860000E-05	
7379.466719000	1.344324231	1.302070000E-05	
7378.984591000	1.344323874	1.309100000E-05	
7378.502463000	1.344324112	1.316000000E-05	
7378.020335000	1.344323874	1.322710000E-05	
7377.538207000	1.344324112	1.329140000E-05	
7377.056079000	1.344323874	1.335270000E-05	
7376.573951000	1.344324112	1.341160000E-05	
7376.091823000	1.344323874	1.346760000E-05	
7375.609695000	1.344323993	1.352080000E-05	
7375.127567000	1.344323874	1.357180000E-05	
7374.645439000	1.344323993	1.362050000E-05	
7374.163311000	1.344323874	1.366550000E-05	
7373.681183000	1.344323993	1.370700000E-05	
7373.199055000	1.344323874	1.374520000E-05	
7372.716927000	1.344323993	1.377960000E-05	
7372.234799000	1.344323754	1.381020000E-05	
7371.752671000	1.344323993	1.383760000E-05	
7371.270543000	1.344323754	1.386180000E-05	
7370.788415000	1.344323993	1.388230000E-05	
7370.306287000	1.344323754	1.389890000E-05	
7369.824159000	1.344323993	1.391210000E-05	
7369.342031000	1.344323754	1.392140000E-05	
7368.859903000	1.344323993	1.392650000E-05	
7368.377775000	1.344323754	1.392870000E-05	
7367.895647000	1.344323993	1.392820000E-05	
7367.413519000	1.344323754	1.392460000E-05	
7366.931391000	1.344323993	1.391780000E-05	
7366.449263000	1.344323754	1.390790000E-05	
7365.967135000	1.344323993	1.389430000E-05	
7365.485008000	1.344323754	1.387680000E-05	
7365.002880000	1.344323993	1.385650000E-05	
7364.520752000	1.344323754	1.383410000E-05	
7364.038624000	1.344323993	1.380930000E-05	
7363.556496000	1.344323754	1.378220000E-05	
7363.074368000	1.344323993	1.375360000E-05	
7362.592240000	1.344323635	1.372280000E-05	
7362.110112000	1.344323874	1.368930000E-05	
7361.627984000	1.344323635	1.365370000E-05	
7361.145856000	1.344323874	1.361630000E-05	
7360.663728000	1.344323635	1.357710000E-05	
7360.181600000	1.344323754	1.353660000E-05	
7359.699472000	1.344323516	1.349540000E-05	
7359.217344000	1.344323635	1.345330000E-05	
7358.735216000	1.344323397	1.340960000E-05	
7358.253088000	1.344323635	1.336510000E-05	
7357.770960000	1.344323277	1.332050000E-05	
7357.288832000	1.344323516	1.327580000E-05	
7356.806704000	1.344323277	1.323120000E-05	
7356.324576000	1.344323397	1.318740000E-05	
7355.842448000	1.344323158	1.314380000E-05	
7355.360320000	1.344323277	1.309960000E-05	
7354.878192000	1.344323039	1.305520000E-05	
7354.396064000	1.344323158	1.301090000E-05	
7353.913936000	1.344322801	1.296670000E-05	
7353.431808000	1.344323039	1.292240000E-05	
7352.949680000	1.344322681	1.287920000E-05	
7352.467552000	1.344322801	1.283680000E-05	
7351.985424000	1.344322562	1.279490000E-05	
7351.503296000	1.344322681	1.275390000E-05	
7351.021168000	1.344322443	1.271410000E-05	
7350.539040000	1.344322562	1.267500000E-05	
7350.056912000	1.344322205	1.263650000E-05	
7349.574784000	1.344322324	1.259920000E-05	
7349.092656000	1.344322085	1.256320000E-05	
7348.610528000	1.344322205	1.252770000E-05	
7348.128400000	1.344321847	1.249320000E-05	
7347.646272000	1.344321966	1.245990000E-05	
7347.164144000	1.344321728	1.242730000E-05	
7346.682016000	1.344321847	1.239530000E-05	
7346.199888000	1.344321489	1.236480000E-05	
7345.717760000	1.344321609	1.233570000E-05	
7345.235632000	1.344321370	1.230750000E-05	
7344.753504000	1.344321489	1.228030000E-05	
7344.271376000	1.344321132	1.225430000E-05	
7343.789248000	1.344321251	1.222910000E-05	
7343.307121000	1.344320893	1.220410000E-05	
7342.824993000	1.344321012	1.218000000E-05	
7342.342865000	1.344320774	1.215700000E-05	
7341.860737000	1.344320893	1.213470000E-05	
7341.378609000	1.344320536	1.211340000E-05	
7340.896481000	1.344320655	1.209370000E-05	
7340.414353000	1.344320297	1.207480000E-05	
7339.932225000	1.344320416	1.205610000E-05	
7339.450097000	1.344320178	1.203830000E-05	
7338.967969000	1.344320297	1.202140000E-05	
7338.485841000	1.344319940	1.200530000E-05	
7338.003713000	1.344320059	1.199020000E-05	
7337.521585000	1.344319701	1.197650000E-05	
7337.039457000	1.344319820	1.196370000E-05	
7336.557329000	1.344319463	1.195120000E-05	
7336.075201000	1.344319582	1.193940000E-05	
7335.593073000	1.344319344	1.192870000E-05	
7335.110945000	1.344319463	1.191860000E-05	
7334.628817000	1.344319105	1.190920000E-05	
7334.146689000	1.344319224	1.190080000E-05	
7333.664561000	1.344318867	1.189280000E-05	
7333.182433000	1.344318986	1.188480000E-05	
7332.700305000	1.344318628	1.187710000E-05	
7332.218177000	1.344318748	1.187010000E-05	
7331.736049000	1.344318509	1.186360000E-05	
7331.253921000	1.344318628	1.185770000E-05	
7330.771793000	1.344318271	1.185320000E-05	
7330.289665000	1.344318390	1.184990000E-05	
7329.807537000	1.344318032	1.184700000E-05	
7329.325409000	1.344318151	1.184500000E-05	
7328.843281000	1.344317794	1.184370000E-05	
7328.361153000	1.344317913	1.184260000E-05	
7327.879025000	1.344317555	1.184170000E-05	
7327.396897000	1.344317675	1.184160000E-05	
7326.914769000	1.344317436	1.184220000E-05	
7326.432641000	1.344317555	1.184310000E-05	
7325.950513000	1.344317198	1.184440000E-05	
7325.468385000	1.344317317	1.184680000E-05	
7324.986257000	1.344316959	1.184930000E-05	
7324.504129000	1.344317079	1.185200000E-05	
7324.022001000	1.344316721	1.185530000E-05	
7323.539873000	1.344316840	1.185910000E-05	
7323.057745000	1.344316483	1.186300000E-05	
7322.575617000	1.344316602	1.186750000E-05	
7322.093489000	1.344316363	1.187300000E-05	
7321.611361000	1.344316483	1.187870000E-05	
7321.129234000	1.344316125	1.188400000E-05	
7320.647106000	1.344316244	1.188940000E-05	
7320.164978000	1.344315886	1.189520000E-05	
7319.682850000	1.344316006	1.190100000E-05	
7319.200722000	1.344315648	1.190770000E-05	
7318.718594000	1.344315767	1.191570000E-05	
7318.236466000	1.344315529	1.192410000E-05	
7317.754338000	1.344315648	1.193240000E-05	
7317.272210000	1.344315290	1.194090000E-05	
7316.790082000	1.344315410	1.194920000E-05	
7316.307954000	1.344315052	1.195710000E-05	
7315.825826000	1.344315171	1.196500000E-05	
7315.343698000	1.344314814	1.197360000E-05	
7314.861570000	1.344314933	1.198260000E-05	
7314.379442000	1.344314694	1.199170000E-05	
7313.897314000	1.344314814	1.200130000E-05	
7313.415186000	1.344314456	1.201140000E-05	
7312.933058000	1.344314575	1.202130000E-05	
7312.450930000	1.344314218	1.203120000E-05	
7311.968802000	1.344314337	1.204190000E-05	
7311.486674000	1.344313979	1.205280000E-05	
7311.004546000	1.344314218	1.206350000E-05	
7310.522418000	1.344313860	1.207430000E-05	
7310.040290000	1.344313979	1.208510000E-05	
7309.558162000	1.344313622	1.209540000E-05	
7309.076034000	1.344313741	1.210570000E-05	
7308.593906000	1.344313383	1.211690000E-05	
7308.111778000	1.344313502	1.212870000E-05	
7307.629650000	1.344313145	1.214060000E-05	
7307.147522000	1.344313383	1.215310000E-05	
7306.665394000	1.344313025	1.216590000E-05	
7306.183266000	1.344313145	1.217850000E-05	
7305.701138000	1.344312787	1.219100000E-05	
7305.219010000	1.344312906	1.220400000E-05	
7304.736882000	1.344312549	1.221740000E-05	
7304.254754000	1.344312668	1.223080000E-05	
7303.772626000	1.344312429	1.224460000E-05	
7303.290498000	1.344312549	1.225920000E-05	
7302.808370000	1.344312191	1.227390000E-05	
7302.326242000	1.344312310	1.228870000E-05	
7301.844114000	1.344311953	1.230440000E-05	
7301.361986000	1.344312072	1.232070000E-05	
7300.879858000	1.344311714	1.233710000E-05	
7300.397730000	1.344311833	1.235400000E-05	
7299.915602000	1.344311595	1.237150000E-05	
7299.433474000	1.344311595	1.238900000E-05	
7298.951346000	1.344311357	1.240640000E-05	
7298.469219000	1.344311476	1.242450000E-05	
7297.987091000	1.344311118	1.244310000E-05	
7297.504963000	1.344311237	1.246180000E-05	
7297.022835000	1.344310880	1.248130000E-05	
7296.540707000	1.344310999	1.250170000E-05	
7296.058579000	1.344310641	1.252250000E-05	
7295.576451000	1.344310760	1.254360000E-05	
7295.094323000	1.344310522	1.256540000E-05	
7294.612195000	1.344310641	1.258790000E-05	
7294.130067000	1.344310284	1.261050000E-05	
7293.647939000	1.344310403	1.263340000E-05	
7293.165811000	1.344310045	1.265730000E-05	
7292.683683000	1.344310164	1.268150000E-05	
7292.201555000	1.344309807	1.270600000E-05	
7291.719427000	1.344309926	1.273130000E-05	
7291.237299000	1.344309688	1.275750000E-05	
7290.755171000	1.344309807	1.278390000E-05	
7290.273043000	1.344309449	1.281080000E-05	
7289.790915000	1.344309568	1.283870000E-05	
7289.308787000	1.344309211	1.286740000E-05	
7288.826659000	1.344309330	1.289650000E-05	
7288.344531000	1.344308972	1.292670000E-05	
7287.862403000	1.344309092	1.295780000E-05	
7287.380275000	1.344308853	1.298880000E-05	
7286.898147000	1.344308972	1.301980000E-05	
7286.416019000	1.344308615	1.305170000E-05	
7285.933891000	1.344308734	1.308420000E-05	
7285.451763000	1.344308376	1.311720000E-05	
7284.969635000	1.344308496	1.315120000E-05	
7284.487507000	1.344308257	1.318610000E-05	
7284.005379000	1.344308376	1.322100000E-05	
7283.523251000	1.344308019	1.325610000E-05	
7283.041123000	1.344308138	1.329170000E-05	
7282.558995000	1.344307780	1.332770000E-05	
7282.076867000	1.344307899	1.336380000E-05	
7281.594739000	1.344307661	1.340070000E-05	
7281.112611000	1.344307780	1.343890000E-05	
7280.630483000	1.344307423	1.347740000E-05	
7280.148355000	1.344307542	1.351630000E-05	
7279.666227000	1.344307184	1.355580000E-05	
7279.184099000	1.344307423	1.359540000E-05	
7278.701971000	1.344307065	1.363490000E-05	
7278.219843000	1.344307184	1.367480000E-05	
7277.737715000	1.344306827	1.371560000E-05	
7277.255587000	1.344306946	1.375660000E-05	
7276.773459000	1.344306707	1.379770000E-05	
7276.291332000	1.344306827	1.383930000E-05	
7275.809204000	1.344306469	1.388080000E-05	
7275.327076000	1.344306588	1.392200000E-05	
7274.844948000	1.344306350	1.396350000E-05	
7274.362820000	1.344306469	1.400570000E-05	
7273.880692000	1.344306111	1.404790000E-05	
7273.398564000	1.344306350	1.409010000E-05	
7272.916436000	1.344305992	1.413240000E-05	
7272.434308000	1.344306111	1.417470000E-05	
7271.952180000	1.344305873	1.421660000E-05	
7271.470052000	1.344305992	1.425850000E-05	
7270.987924000	1.344305634	1.430100000E-05	
7270.505796000	1.344305754	1.434390000E-05	
7270.023668000	1.344305515	1.438700000E-05	
7269.541540000	1.344305634	1.443070000E-05	
7269.059412000	1.344305396	1.447460000E-05	
7268.577284000	1.344305515	1.451760000E-05	
7268.095156000	1.344305158	1.456040000E-05	
7267.613028000	1.344305396	1.460340000E-05	
7267.130900000	1.344305038	1.464610000E-05	
7266.648772000	1.344305158	1.468850000E-05	
7266.166644000	1.344304919	1.473140000E-05	
7265.684516000	1.344305038	1.477470000E-05	
7265.202388000	1.344304800	1.481750000E-05	
7264.720260000	1.344304919	1.486000000E-05	
7264.238132000	1.344304562	1.490270000E-05	
7263.756004000	1.344304800	1.494510000E-05	
7263.273876000	1.344304442	1.498740000E-05	
7262.791748000	1.344304681	1.503020000E-05	
7262.309620000	1.344304323	1.507320000E-05	
7261.827492000	1.344304442	1.511570000E-05	
7261.345364000	1.344304204	1.515780000E-05	
7260.863236000	1.344304323	1.519990000E-05	
7260.381108000	1.344304085	1.524150000E-05	
7259.898980000	1.344304204	1.528250000E-05	
7259.416852000	1.344303966	1.532400000E-05	
7258.934724000	1.344304085	1.536600000E-05	
7258.452596000	1.344303846	1.540780000E-05	
7257.970468000	1.344303966	1.544950000E-05	
7257.488340000	1.344303727	1.549100000E-05	
7257.006212000	1.344303846	1.553190000E-05	
7256.524084000	1.344303608	1.557200000E-05	
7256.041956000	1.344303727	1.561200000E-05	
7255.559828000	1.344303489	1.565200000E-05	
7255.077700000	1.344303727	1.569140000E-05	
7254.595572000	1.344303370	1.573020000E-05	
7254.113445000	1.344303608	1.576880000E-05	
7253.631317000	1.344303250	1.580650000E-05	
7253.149189000	1.344303489	1.584280000E-05	
7252.667061000	1.344303250	1.587840000E-05	
7252.184933000	1.344303370	1.591380000E-05	
7251.702805000	1.344303131	1.594830000E-05	
7251.220677000	1.344303250	1.598200000E-05	
7250.738549000	1.344303012	1.601510000E-05	
7250.256421000	1.344303250	1.604690000E-05	
7249.774293000	1.344303012	1.607680000E-05	
7249.292165000	1.344303131	1.610520000E-05	
7248.810037000	1.344302893	1.613260000E-05	
7248.327909000	1.344303131	1.615820000E-05	
7247.845781000	1.344302773	1.618210000E-05	
7247.363653000	1.344303012	1.620480000E-05	
7246.881525000	1.344302773	1.622580000E-05	
7246.399397000	1.344303012	1.624430000E-05	
7245.917269000	1.344302654	1.626080000E-05	
7245.435141000	1.344302893	1.627560000E-05	
7244.953013000	1.344302654	1.628840000E-05	
7244.470885000	1.344302893	1.629940000E-05	
7243.988757000	1.344302535	1.630890000E-05	
7243.506629000	1.344302773	1.631630000E-05	
7243.024501000	1.344302535	1.632090000E-05	
7242.542373000	1.344302773	1.632310000E-05	
7242.060245000	1.344302535	1.632320000E-05	
7241.578117000	1.344302654	1.632080000E-05	
7241.095989000	1.344302416	1.631640000E-05	
7240.613861000	1.344302654	1.631050000E-05	
7240.131733000	1.344302416	1.630310000E-05	
7239.649605000	1.344302535	1.629350000E-05	
7239.167477000	1.344302297	1.628180000E-05	
7238.685349000	1.344302535	1.626830000E-05	
7238.203221000	1.344302177	1.625250000E-05	
7237.721093000	1.344302416	1.623440000E-05	
7237.238965000	1.344302177	1.621530000E-05	
7236.756837000	1.344302297	1.619510000E-05	
7236.274709000	1.344302058	1.617310000E-05	
7235.792581000	1.344302297	1.614970000E-05	
7235.310453000	1.344302058	1.612490000E-05	
7234.828325000	1.344302177	1.609840000E-05	
7234.346197000	1.344301939	1.607060000E-05	
7233.864069000	1.344302058	1.604260000E-05	
7233.381941000	1.344301820	1.601460000E-05	
7232.899813000	1.344302058	1.598590000E-05	
7232.417685000	1.344301701	1.595650000E-05	
7231.935558000	1.344301939	1.592660000E-05	
7231.453430000	1.344301581	1.589550000E-05	
7230.971302000	1.344301820	1.586320000E-05	
7230.489174000	1.344301462	1.583080000E-05	
7230.007046000	1.344301701	1.579860000E-05	
7229.524918000	1.344301343	1.576620000E-05	
7229.042790000	1.344301581	1.573410000E-05	
7228.560662000	1.344301224	1.570280000E-05	
7228.078534000	1.344301462	1.567140000E-05	
7227.596406000	1.344301105	1.563950000E-05	
7227.114278000	1.344301343	1.560760000E-05	
7226.632150000	1.344300985	1.557620000E-05	
7226.150022000	1.344301105	1.554490000E-05	
7225.667894000	1.344300866	1.551410000E-05	
7225.185766000	1.344300985	1.548420000E-05	
7224.703638000	1.344300747	1.545450000E-05	
7224.221510000	1.344300866	1.542460000E-05	
7223.739382000	1.344300508	1.539520000E-05	
7223.257254000	1.344300747	1.536660000E-05	
7222.775126000	1.344300389	1.533850000E-05	
7222.292998000	1.344300508	1.531100000E-05	
7221.810870000	1.344300270	1.528440000E-05	
7221.328742000	1.344300389	1.525850000E-05	
7220.846614000	1.344300032	1.523260000E-05	
7220.364486000	1.344300270	1.520730000E-05	
7219.882358000	1.344299912	1.518250000E-05	
7219.400230000	1.344300032	1.515780000E-05	
7218.918102000	1.344299793	1.513330000E-05	
7218.435974000	1.344299912	1.510990000E-05	
7217.953846000	1.344299555	1.508730000E-05	
7217.471718000	1.344299793	1.506500000E-05	
7216.989590000	1.344299436	1.504330000E-05	
7216.507462000	1.344299555	1.502210000E-05	
7216.025334000	1.344299316	1.500100000E-05	
7215.543206000	1.344299436	1.497990000E-05	
7215.061078000	1.344299078	1.495960000E-05	
7214.578950000	1.344299197	1.494010000E-05	
7214.096822000	1.344298959	1.492060000E-05	
7213.614694000	1.344299078	1.490140000E-05	
7213.132566000	1.344298720	1.488290000E-05	
7212.650438000	1.344298959	1.486420000E-05	
7212.168310000	1.344298601	1.484540000E-05	
7211.686182000	1.344298720	1.482700000E-05	
7211.204054000	1.344298482	1.480920000E-05	
7210.721926000	1.344298601	1.479140000E-05	
7210.239798000	1.344298244	1.477400000E-05	
7209.757670000	1.344298363	1.475730000E-05	
7209.275543000	1.344298124	1.474020000E-05	
7208.793415000	1.344298244	1.472260000E-05	
7208.311287000	1.344297886	1.470530000E-05	
7207.829159000	1.344298005	1.468840000E-05	
7207.347031000	1.344297767	1.467180000E-05	
7206.864903000	1.344297886	1.465570000E-05	
7206.382775000	1.344297528	1.464030000E-05	
7205.900647000	1.344297767	1.462460000E-05	
7205.418519000	1.344297409	1.460830000E-05	
7204.936391000	1.344297528	1.459190000E-05	
7204.454263000	1.344297171	1.457570000E-05	
7203.972135000	1.344297409	1.455940000E-05	
7203.490007000	1.344297051	1.454330000E-05	
7203.007879000	1.344297171	1.452800000E-05	
7202.525751000	1.344296932	1.451260000E-05	
7202.043623000	1.344297051	1.449700000E-05	
7201.561495000	1.344296694	1.448150000E-05	
7201.079367000	1.344296813	1.446610000E-05	
7200.597239000	1.344296575	1.445040000E-05	
7200.115111000	1.344296694	1.443480000E-05	
7199.632983000	1.344296336	1.441990000E-05	
7199.150855000	1.344296455	1.440540000E-05	
7198.668727000	1.344296217	1.439070000E-05	
7198.186599000	1.344296336	1.437620000E-05	
7197.704471000	1.344295979	1.436180000E-05	
7197.222343000	1.344296098	1.434710000E-05	
7196.740215000	1.344295859	1.433270000E-05	
7196.258087000	1.344295979	1.431880000E-05	
7195.775959000	1.344295621	1.430520000E-05	
7195.293831000	1.344295740	1.429150000E-05	
7194.811703000	1.344295502	1.427790000E-05	
7194.329575000	1.344295621	1.426460000E-05	
7193.847447000	1.344295263	1.425070000E-05	
7193.365319000	1.344295382	1.423660000E-05	
7192.883191000	1.344295144	1.422300000E-05	
7192.401063000	1.344295263	1.420960000E-05	
7191.918935000	1.344294906	1.419620000E-05	
7191.436807000	1.344295025	1.418330000E-05	
7190.954679000	1.344294786	1.417090000E-05	
7190.472551000	1.344294906	1.415840000E-05	
7189.990423000	1.344294548	1.414580000E-05	
7189.508295000	1.344294667	1.413350000E-05	
7189.026167000	1.344294429	1.412140000E-05	
7188.544039000	1.344294548	1.410900000E-05	
7188.061911000	1.344294190	1.409710000E-05	
7187.579783000	1.344294310	1.408560000E-05	
7187.097656000	1.344294071	1.407370000E-05	
7186.615528000	1.344294190	1.406130000E-05	
7186.133400000	1.344293833	1.404900000E-05	
7185.651272000	1.344293952	1.403660000E-05	
7185.169144000	1.344293714	1.402400000E-05	
7184.687016000	1.344293833	1.401170000E-05	
7184.204888000	1.344293475	1.400010000E-05	
7183.722760000	1.344293594	1.398860000E-05	
7183.240632000	1.344293356	1.397680000E-05	
7182.758504000	1.344293475	1.396510000E-05	
7182.276376000	1.344293118	1.395310000E-05	
7181.794248000	1.344293237	1.394050000E-05	
7181.312120000	1.344292998	1.392800000E-05	
7180.829992000	1.344293118	1.391610000E-05	
7180.347864000	1.344292760	1.390410000E-05	
7179.865736000	1.344292879	1.389170000E-05	
7179.383608000	1.344292641	1.387930000E-05	
7178.901480000	1.344292760	1.386720000E-05	
7178.419352000	1.344292402	1.385480000E-05	
7177.937224000	1.344292521	1.384270000E-05	
7177.455096000	1.344292283	1.383120000E-05	
7176.972968000	1.344292402	1.381970000E-05	
7176.490840000	1.344292045	1.380810000E-05	
7176.008712000	1.344292164	1.379700000E-05	
7175.526584000	1.344291806	1.378590000E-05	
7175.044456000	1.344292045	1.377390000E-05	
7174.562328000	1.344291687	1.376150000E-05	
7174.080200000	1.344291806	1.374910000E-05	
7173.598072000	1.344291449	1.373690000E-05	
7173.115944000	1.344291687	1.372450000E-05	
7172.633816000	1.344291329	1.371260000E-05	
7172.151688000	1.344291449	1.370110000E-05	
7171.669560000	1.344291091	1.368920000E-05	
7171.187432000	1.344291210	1.367700000E-05	
7170.705304000	1.344290972	1.366510000E-05	
7170.223176000	1.344291091	1.365320000E-05	
7169.741048000	1.344290733	1.364130000E-05	
7169.258920000	1.344290853	1.363000000E-05	
7168.776792000	1.344290614	1.361930000E-05	
7168.294664000	1.344290733	1.360870000E-05	
7167.812536000	1.344290376	1.359790000E-05	
7167.330408000	1.344290495	1.358750000E-05	
7166.848280000	1.344290137	1.357700000E-05	
7166.366152000	1.344290376	1.356620000E-05	
7165.884024000	1.344290018	1.355580000E-05	
7165.401896000	1.344290137	1.354610000E-05	
7164.919769000	1.344289780	1.353620000E-05	
7164.437641000	1.344289899	1.352620000E-05	
7163.955513000	1.344289660	1.351620000E-05	
7163.473385000	1.344289780	1.350590000E-05	
7162.991257000	1.344289422	1.349510000E-05	
7162.509129000	1.344289541	1.348460000E-05	
7162.027001000	1.344289303	1.347480000E-05	
7161.544873000	1.344289422	1.346500000E-05	
7161.062745000	1.344289064	1.345490000E-05	
7160.580617000	1.344289184	1.344510000E-05	
7160.098489000	1.344288826	1.343530000E-05	
7159.616361000	1.344289064	1.342510000E-05	
7159.134233000	1.344288707	1.341540000E-05	
7158.652105000	1.344288826	1.340630000E-05	
7158.169977000	1.344288468	1.339720000E-05	
7157.687849000	1.344288707	1.338810000E-05	
7157.205721000	1.344288349	1.337940000E-05	
7156.723593000	1.344288468	1.337090000E-05	
7156.241465000	1.344288111	1.336210000E-05	
7155.759337000	1.344288230	1.335350000E-05	
7155.277209000	1.344287992	1.334570000E-05	
7154.795081000	1.344288111	1.333820000E-05	
7154.312953000	1.344287753	1.333060000E-05	
7153.830825000	1.344287872	1.332330000E-05	
7153.348697000	1.344287515	1.331570000E-05	
7152.866569000	1.344287753	1.330740000E-05	
7152.384441000	1.344287395	1.329890000E-05	
7151.902313000	1.344287515	1.329090000E-05	
7151.420185000	1.344287157	1.328310000E-05	
7150.938057000	1.344287276	1.327540000E-05	
7150.455929000	1.344287038	1.326820000E-05	
7149.973801000	1.344287157	1.326140000E-05	
7149.491673000	1.344286799	1.325400000E-05	
7149.009545000	1.344286919	1.324640000E-05	
7148.527417000	1.344286680	1.323900000E-05	
7148.045289000	1.344286799	1.323160000E-05	
7147.563161000	1.344286442	1.322420000E-05	
7147.081033000	1.344286561	1.321740000E-05	
7146.598905000	1.344286323	1.321090000E-05	
7146.116777000	1.344286442	1.320400000E-05	
7145.634649000	1.344286084	1.319650000E-05	
7145.152521000	1.344286203	1.318900000E-05	
7144.670393000	1.344285846	1.318130000E-05	
7144.188265000	1.344286084	1.317300000E-05	
7143.706137000	1.344285727	1.316500000E-05	
7143.224009000	1.344285846	1.315740000E-05	
7142.741881000	1.344285488	1.314930000E-05	
7142.259754000	1.344285727	1.314120000E-05	
7141.777626000	1.344285369	1.313310000E-05	
7141.295498000	1.344285488	1.312450000E-05	
7140.813370000	1.344285131	1.311540000E-05	
7140.331242000	1.344285250	1.310620000E-05	
7139.849114000	1.344285011	1.309730000E-05	
7139.366986000	1.344285131	1.308810000E-05	
7138.884858000	1.344284773	1.307860000E-05	
7138.402730000	1.344285011	1.306940000E-05	
7137.920602000	1.344284654	1.305980000E-05	
7137.438474000	1.344284773	1.304940000E-05	
7136.956346000	1.344284415	1.303910000E-05	
7136.474218000	1.344284654	1.302900000E-05	
7135.992090000	1.344284296	1.301880000E-05	
7135.509962000	1.344284415	1.300840000E-05	
7135.027834000	1.344284058	1.299820000E-05	
7134.545706000	1.344284177	1.298770000E-05	
7134.063578000	1.344283938	1.297660000E-05	
7133.581450000	1.344284058	1.296530000E-05	
7133.099322000	1.344283700	1.295440000E-05	
7132.617194000	1.344283819	1.294300000E-05	
7132.135066000	1.344283581	1.293120000E-05	
7131.652938000	1.344283700	1.291980000E-05	
7131.170810000	1.344283342	1.290820000E-05	
7130.688682000	1.344283462	1.289610000E-05	
7130.206554000	1.344283223	1.288380000E-05	
7129.724426000	1.344283342	1.287150000E-05	
7129.242298000	1.344282985	1.285920000E-05	
7128.760170000	1.344283104	1.284680000E-05	
7128.278042000	1.344282866	1.283490000E-05	
7127.795914000	1.344282985	1.282310000E-05	
7127.313786000	1.344282627	1.281060000E-05	
7126.831658000	1.344282746	1.279760000E-05	
7126.349530000	1.344282389	1.278470000E-05	
7125.867402000	1.344282627	1.277140000E-05	
7125.385274000	1.344282269	1.275810000E-05	
7124.903146000	1.344282389	1.274540000E-05	
7124.421018000	1.344282031	1.273300000E-05	
7123.938890000	1.344282269	1.272010000E-05	
7123.456762000	1.344281912	1.270670000E-05	
7122.974634000	1.344282031	1.269310000E-05	
7122.492506000	1.344281673	1.267900000E-05	
7122.010378000	1.344281912	1.266420000E-05	
7121.528250000	1.344281554	1.264990000E-05	
7121.046122000	1.344281673	1.263570000E-05	
7120.563994000	1.344281316	1.262110000E-05	
7120.081867000	1.344281435	1.260650000E-05	
7119.599739000	1.344281197	1.259210000E-05	
7119.117611000	1.344281316	1.257710000E-05	
7118.635483000	1.344280958	1.256140000E-05	
7118.153355000	1.344281077	1.254550000E-05	
7117.671227000	1.344280839	1.252990000E-05	
7117.189099000	1.344280958	1.251430000E-05	
7116.706971000	1.344280601	1.249880000E-05	
7116.224843000	1.344280720	1.248380000E-05	
7115.742715000	1.344280362	1.246850000E-05	
7115.260587000	1.344280601	1.245250000E-05	
7114.778459000	1.344280243	1.243630000E-05	
7114.296331000	1.344280362	1.242000000E-05	
7113.814203000	1.344280005	1.240350000E-05	
7113.332075000	1.344280243	1.238710000E-05	
7112.849947000	1.344279885	1.237100000E-05	
7112.367819000	1.344280005	1.235470000E-05	
7111.885691000	1.344279647	1.233780000E-05	
7111.403563000	1.344279766	1.232070000E-05	
7110.921435000	1.344279528	1.230370000E-05	
7110.439307000	1.344279647	1.228620000E-05	
7109.957179000	1.344279289	1.226860000E-05	
7109.475051000	1.344279408	1.225130000E-05	
7108.992923000	1.344279051	1.223390000E-05	
7108.510795000	1.344279289	1.221620000E-05	
7108.028667000	1.344278932	1.219840000E-05	
7107.546539000	1.344279051	1.218050000E-05	
7107.064411000	1.344278693	1.216220000E-05	
7106.582283000	1.344278812	1.214370000E-05	
7106.100155000	1.344278574	1.212590000E-05	
7105.618027000	1.344278693	1.210840000E-05	
7105.135899000	1.344278336	1.209050000E-05	
7104.653771000	1.344278455	1.207260000E-05	
7104.171643000	1.344278097	1.205480000E-05	
7103.689515000	1.344278336	1.203650000E-05	
7103.207387000	1.344277978	1.201770000E-05	
7102.725259000	1.344278097	1.199930000E-05	
7102.243131000	1.344277740	1.198100000E-05	
7101.761003000	1.344277859	1.196220000E-05	
7101.278875000	1.344277620	1.194330000E-05	
7100.796747000	1.344277740	1.192440000E-05	
7100.314619000	1.344277382	1.190500000E-05	
7099.832491000	1.344277501	1.188510000E-05	
7099.350363000	1.344277143	1.186570000E-05	
7098.868235000	1.344277263	1.184650000E-05	
7098.386107000	1.344277024	1.182690000E-05	
7097.903980000	1.344277143	1.180720000E-05	
7097.421852000	1.344276786	1.178750000E-05	
7096.939724000	1.344276905	1.176730000E-05	
7096.457596000	1.344276547	1.174640000E-05	
7095.975468000	1.344276786	1.172560000E-05	
7095.493340000	1.344276428	1.170520000E-05	
7095.011212000	1.344276547	1.168460000E-05	
7094.529084000	1.344276190	1.166440000E-05	
7094.046956000	1.344276309	1.164470000E-05	
7093.564828000	1.344275951	1.162460000E-05	
7093.082700000	1.344276071	1.160400000E-05	
7092.600572000	1.344275832	1.158340000E-05	
7092.118444000	1.344275951	1.156280000E-05	
7091.636316000	1.344275594	1.154180000E-05	
7091.154188000	1.344275713	1.152080000E-05	
7090.672060000	1.344275355	1.150000000E-05	
7090.189932000	1.344275475	1.147900000E-05	
7089.707804000	1.344275117	1.145730000E-05	
7089.225676000	1.344275355	1.143560000E-05	
7088.743548000	1.344274998	1.141400000E-05	
7088.261420000	1.344275117	1.139200000E-05	
7087.779292000	1.344274759	1.137020000E-05	
7087.297164000	1.344274879	1.134890000E-05	
7086.815036000	1.344274521	1.132750000E-05	
7086.332908000	1.344274640	1.130560000E-05	
7085.850780000	1.344274402	1.128370000E-05	
7085.368652000	1.344274521	1.126170000E-05	
7084.886524000	1.344274163	1.123910000E-05	
7084.404396000	1.344274282	1.121630000E-05	
7083.922268000	1.344273925	1.119440000E-05	
7083.440140000	1.344274044	1.117280000E-05	
7082.958012000	1.344273686	1.115130000E-05	
7082.475884000	1.344273806	1.113010000E-05	
7081.993756000	1.344273567	1.110900000E-05	
7081.511628000	1.344273686	1.108740000E-05	
7081.029500000	1.344273329	1.106540000E-05	
7080.547372000	1.344273448	1.104360000E-05	
7080.065244000	1.344273090	1.102180000E-05	
7079.583116000	1.344273210	1.099970000E-05	
7079.100988000	1.344272852	1.097780000E-05	
7078.618860000	1.344272971	1.095640000E-05	
7078.136732000	1.344272614	1.093470000E-05	
7077.654604000	1.344272733	1.091270000E-05	
7077.172476000	1.344272375	1.089110000E-05	
7076.690348000	1.344272494	1.086990000E-05	
7076.208220000	1.344272256	1.084860000E-05	
7075.726093000	1.344272375	1.082780000E-05	
7075.243965000	1.344272017	1.080750000E-05	
7074.761837000	1.344272137	1.078700000E-05	
7074.279709000	1.344271779	1.076610000E-05	
7073.797581000	1.344271898	1.074550000E-05	
7073.315453000	1.344271541	1.072540000E-05	
7072.833325000	1.344271660	1.070540000E-05	
7072.351197000	1.344271302	1.068610000E-05	
7071.869069000	1.344271421	1.066780000E-05	
7071.386941000	1.344271064	1.064940000E-05	
7070.904813000	1.344271183	1.063090000E-05	
7070.422685000	1.344270825	1.061270000E-05	
7069.940557000	1.344270945	1.059450000E-05	
7069.458429000	1.344270587	1.057600000E-05	
7068.976301000	1.344270706	1.055750000E-05	
7068.494173000	1.344270349	1.053970000E-05	
7068.012045000	1.344270468	1.052210000E-05	
7067.529917000	1.344270110	1.050470000E-05	
7067.047789000	1.344270349	1.048800000E-05	
7066.565661000	1.344269991	1.047160000E-05	
7066.083533000	1.344270110	1.045480000E-05	
7065.601405000	1.344269753	1.043840000E-05	
7065.119277000	1.344269872	1.042290000E-05	
7064.637149000	1.344269514	1.040790000E-05	
7064.155021000	1.344269633	1.039300000E-05	
7063.672893000	1.344269276	1.037840000E-05	
7063.190765000	1.344269395	1.036410000E-05	
7062.708637000	1.344269037	1.034930000E-05	
7062.226509000	1.344269156	1.033470000E-05	
7061.744381000	1.344268799	1.032080000E-05	
7061.262253000	1.344268918	1.030730000E-05	
7060.780125000	1.344268560	1.029400000E-05	
7060.297997000	1.344268680	1.028120000E-05	
7059.815869000	1.344268322	1.026880000E-05	
7059.333741000	1.344268441	1.025600000E-05	
7058.851613000	1.344268084	1.024330000E-05	
7058.369485000	1.344268203	1.023110000E-05	
7057.887357000	1.344267845	1.021920000E-05	
7057.405229000	1.344267964	1.020720000E-05	
7056.923101000	1.344267607	1.019570000E-05	
7056.440973000	1.344267726	1.018480000E-05	
7055.958845000	1.344267368	1.017360000E-05	
7055.476717000	1.344267488	1.016220000E-05	
7054.994589000	1.344267130	1.015130000E-05	
7054.512461000	1.344267249	1.014060000E-05	
7054.030333000	1.344266891	1.013010000E-05	
7053.548205000	1.344267011	1.012030000E-05	
7053.066078000	1.344266653	1.011100000E-05	
7052.583950000	1.344266772	1.010160000E-05	
7052.101822000	1.344266415	1.009160000E-05	
7051.619694000	1.344266534	1.008200000E-05	
7051.137566000	1.344266295	1.007230000E-05	
7050.655438000	1.344266415	1.006240000E-05	
7050.173310000	1.344266057	1.005300000E-05	
7049.691182000	1.344266176	1.004420000E-05	
7049.209054000	1.344265819	1.003520000E-05	
7048.726926000	1.344265938	1.002620000E-05	
7048.244798000	1.344265580	1.001730000E-05	
7047.762670000	1.344265699	1.000850000E-05	
7047.280542000	1.344265342	9.999400000E-06	
7046.798414000	1.344265461	9.990600000E-06	
7046.316286000	1.344265103	9.982500000E-06	
7045.834158000	1.344265223	9.974500000E-06	
7045.352030000	1.344264865	9.966500000E-06	
7044.869902000	1.344264984	9.958900000E-06	
7044.387774000	1.344264627	9.951100000E-06	
7043.905646000	1.344264746	9.942800000E-06	
7043.423518000	1.344264388	9.934500000E-06	
7042.941390000	1.344264507	9.926600000E-06	
7042.459262000	1.344264150	9.918700000E-06	
7041.977134000	1.344264269	9.910800000E-06	
7041.495006000	1.344263911	9.903400000E-06	
7041.012878000	1.344264030	9.896300000E-06	
7040.530750000	1.344263673	9.888900000E-06	
7040.048622000	1.344263792	9.881500000E-06	
7039.566494000	1.344263434	9.874700000E-06	
7039.084366000	1.344263554	9.867900000E-06	
7038.602238000	1.344263196	9.861100000E-06	
7038.120110000	1.344263434	9.854700000E-06	
7037.637982000	1.344263077	9.848500000E-06	
7037.155854000	1.344263196	9.841900000E-06	
7036.673726000	1.344262838	9.835200000E-06	
7036.191598000	1.344262958	9.828700000E-06	
7035.709470000	1.344262600	9.822000000E-06	
7035.227342000	1.344262719	9.815300000E-06	
7034.745214000	1.344262362	9.809300000E-06	
7034.263086000	1.344262481	9.803800000E-06	
7033.780958000	1.344262123	9.798100000E-06	
7033.298830000	1.344262242	9.792400000E-06	
7032.816702000	1.344261885	9.786700000E-06	
7032.334574000	1.344262004	9.780700000E-06	
7031.852446000	1.344261646	9.774200000E-06	
7031.370318000	1.344261765	9.767900000E-06	
7030.888191000	1.344261408	9.762000000E-06	
7030.406063000	1.344261527	9.755900000E-06	
7029.923935000	1.344261169	9.749600000E-06	
7029.441807000	1.344261408	9.743400000E-06	
7028.959679000	1.344261050	9.736700000E-06	
7028.477551000	1.344261169	9.729400000E-06	
7027.995423000	1.344260812	9.722200000E-06	
7027.513295000	1.344260931	9.715400000E-06	
7027.031167000	1.344260573	9.708500000E-06	
7026.549039000	1.344260693	9.701400000E-06	
7026.066911000	1.344260335	9.694200000E-06	
7025.584783000	1.344260454	9.686600000E-06	
7025.102655000	1.344260097	9.678100000E-06	
7024.620527000	1.344260216	9.669600000E-06	
7024.138399000	1.344259858	9.661300000E-06	
7023.656271000	1.344259977	9.652800000E-06	
7023.174143000	1.344259620	9.643900000E-06	
7022.692015000	1.344259858	9.635100000E-06	
7022.209887000	1.344259501	9.625700000E-06	
7021.727759000	1.344259620	9.615500000E-06	
7021.245631000	1.344259262	9.605200000E-06	
7020.763503000	1.344259381	9.594900000E-06	
7020.281375000	1.344259024	9.584600000E-06	
7019.799247000	1.344259143	9.574100000E-06	
7019.317119000	1.344258785	9.563700000E-06	
7018.834991000	1.344258904	9.553200000E-06	
7018.352863000	1.344258547	9.541700000E-06	
7017.870735000	1.344258666	9.529800000E-06	
7017.388607000	1.344258308	9.518000000E-06	
7016.906479000	1.344258547	9.505900000E-06	
7016.424351000	1.344258070	9.493700000E-06	
7015.942223000	1.344258308	9.481900000E-06	
7015.460095000	1.344257951	9.469800000E-06	
7014.977967000	1.344258070	9.457100000E-06	
7014.495839000	1.344257712	9.444000000E-06	
7014.013711000	1.344257832	9.431200000E-06	
7013.531583000	1.344257474	9.418400000E-06	
7013.049455000	1.344257593	9.405700000E-06	
7012.567327000	1.344257236	9.393600000E-06	
7012.085199000	1.344257355	9.381900000E-06	
7011.603071000	1.344256997	9.369600000E-06	
7011.120943000	1.344257116	9.357300000E-06	
7010.638815000	1.344256759	9.345100000E-06	
7010.156687000	1.344256878	9.332500000E-06	
7009.674559000	1.344256520	9.319700000E-06	
7009.192431000	1.344256639	9.307400000E-06	
7008.710304000	1.344256282	9.295600000E-06	
7008.228176000	1.344256401	9.283900000E-06	
7007.746048000	1.344256043	9.272200000E-06	
7007.263920000	1.344256163	9.260800000E-06	
7006.781792000	1.344255805	9.249000000E-06	
7006.299664000	1.344255924	9.236800000E-06	
7005.817536000	1.344255567	9.225000000E-06	
7005.335408000	1.344255686	9.213800000E-06	
7004.853280000	1.344255328	9.202800000E-06	
7004.371152000	1.344255447	9.192200000E-06	
7003.889024000	1.344255090	9.182100000E-06	
7003.406896000	1.344255209	9.172000000E-06	
7002.924768000	1.344254851	9.161600000E-06	
7002.442640000	1.344254971	9.151500000E-06	
7001.960512000	1.344254613	9.141900000E-06	
7001.478384000	1.344254732	9.132200000E-06	
7000.996256000	1.344254375	9.122700000E-06	
7000.514128000	1.344254494	9.113900000E-06	
7000.032000000	1.344254136	9.105300000E-06	
6999.549872000	1.344254255	9.096500000E-06	
6999.067744000	1.344253898	9.087900000E-06	
6998.585616000	1.344254017	9.079700000E-06	
6998.103488000	1.344253659	9.071400000E-06	
6997.621360000	1.344253778	9.063300000E-06	
6997.139232000	1.344253421	9.055600000E-06	
6996.657104000	1.344253540	9.048100000E-06	
6996.174976000	1.344253182	9.040100000E-06	
6995.692848000	1.344253302	9.032300000E-06	
6995.210720000	1.344252944	9.024600000E-06	
6994.728592000	1.344253063	9.016800000E-06	
6994.246464000	1.344252706	9.009100000E-06	
6993.764336000	1.344252825	9.002100000E-06	
6993.282208000	1.344252467	8.995400000E-06	
6992.800080000	1.344252586	8.988500000E-06	
6992.317952000	1.344252229	8.981600000E-06	
6991.835824000	1.344252348	8.975000000E-06	
6991.353696000	1.344251990	8.968300000E-06	
6990.871568000	1.344252110	8.961400000E-06	
6990.389440000	1.344251752	8.955100000E-06	
6989.907312000	1.344251871	8.949100000E-06	
6989.425184000	1.344251513	8.942900000E-06	
6988.943056000	1.344251633	8.936900000E-06	
6988.460928000	1.344251275	8.931200000E-06	
6987.978800000	1.344251394	8.925400000E-06	
6987.496672000	1.344251037	8.919400000E-06	
6987.014544000	1.344251156	8.913600000E-06	
6986.532417000	1.344250798	8.908200000E-06	
6986.050289000	1.344250917	8.902700000E-06	
6985.568161000	1.344250560	8.897400000E-06	
6985.086033000	1.344250679	8.892300000E-06	
6984.603905000	1.344250321	8.886800000E-06	
6984.121777000	1.344250441	8.880700000E-06	
6983.639649000	1.344250083	8.875000000E-06	
6983.157521000	1.344250202	8.869400000E-06	
6982.675393000	1.344249845	8.863900000E-06	
6982.193265000	1.344249964	8.859000000E-06	
6981.711137000	1.344249606	8.854900000E-06	
6981.229009000	1.344249725	8.850900000E-06	
6980.746881000	1.344249368	8.846500000E-06	
6980.264753000	1.344249487	8.842200000E-06	
6979.782625000	1.344249129	8.838100000E-06	
6979.300497000	1.344249249	8.833900000E-06	
6978.818369000	1.344248891	8.830100000E-06	
6978.336241000	1.344249010	8.827100000E-06	
6977.854113000	1.344248652	8.824000000E-06	
6977.371985000	1.344248772	8.820700000E-06	
6976.889857000	1.344248414	8.817500000E-06	
6976.407729000	1.344248533	8.814400000E-06	
6975.925601000	1.344248176	8.810900000E-06	
6975.443473000	1.344248295	8.807600000E-06	
6974.961345000	1.344247937	8.804900000E-06	
6974.479217000	1.344248056	8.802500000E-06	
6973.997089000	1.344247699	8.800000000E-06	
6973.514961000	1.344247818	8.797700000E-06	
6973.032833000	1.344247460	8.795500000E-06	
6972.550705000	1.344247580	8.793000000E-06	
6972.068577000	1.344247222	8.790800000E-06	
6971.586449000	1.344247341	8.789400000E-06	
6971.104321000	1.344246984	8.788400000E-06	
6970.622193000	1.344247103	8.787400000E-06	
6970.140065000	1.344246745	8.786500000E-06	
6969.657937000	1.344246864	8.785600000E-06	
6969.175809000	1.344246507	8.784200000E-06	
6968.693681000	1.344246626	8.782700000E-06	
6968.211553000	1.344246268	8.781900000E-06	
6967.729425000	1.344246387	8.781500000E-06	
6967.247297000	1.344246030	8.781000000E-06	
6966.765169000	1.344246149	8.780700000E-06	
6966.283041000	1.344245791	8.780500000E-06	
6965.800913000	1.344245911	8.779900000E-06	
6965.318785000	1.344245553	8.778900000E-06	
6964.836657000	1.344245672	8.778200000E-06	
6964.354529000	1.344245315	8.777600000E-06	
6963.872402000	1.344245434	8.776900000E-06	
6963.390274000	1.344245076	8.776600000E-06	
6962.908146000	1.344245195	8.776800000E-06	
6962.426018000	1.344244838	8.776900000E-06	
6961.943890000	1.344244957	8.776500000E-06	
6961.461762000	1.344244599	8.776300000E-06	
6960.979634000	1.344244719	8.776300000E-06	
6960.497506000	1.344244361	8.776200000E-06	
6960.015378000	1.344244480	8.776400000E-06	
6959.533250000	1.344244123	8.776900000E-06	
6959.051122000	1.344244242	8.777300000E-06	
6958.568994000	1.344243884	8.777500000E-06	
6958.086866000	1.344244003	8.777700000E-06	
6957.604738000	1.344243646	8.777800000E-06	
6957.122610000	1.344243765	8.777300000E-06	
6956.640482000	1.344243407	8.777000000E-06	
6956.158354000	1.344243526	8.777200000E-06	
6955.676226000	1.344243169	8.777300000E-06	
6955.194098000	1.344243288	8.777400000E-06	
6954.711970000	1.344242930	8.777700000E-06	
6954.229842000	1.344243050	8.777900000E-06	
6953.747714000	1.344242692	8.777700000E-06	
6953.265586000	1.344242811	8.777500000E-06	
6952.783458000	1.344242454	8.777700000E-06	
6952.301330000	1.344242573	8.778000000E-06	
6951.819202000	1.344242215	8.778100000E-06	
6951.337074000	1.344242334	8.778600000E-06	
6950.854946000	1.344241977	8.779000000E-06	
6950.372818000	1.344242096	8.778800000E-06	
6949.890690000	1.344241738	8.778300000E-06	
6949.408562000	1.344241858	8.778100000E-06	
6948.926434000	1.344241500	8.778000000E-06	
6948.444306000	1.344241619	8.777800000E-06	
6947.962178000	1.344241261	8.777600000E-06	
6947.480050000	1.344241381	8.777500000E-06	
6946.997922000	1.344241023	8.776800000E-06	
6946.515794000	1.344241142	8.775900000E-06	
6946.033666000	1.344240785	8.775300000E-06	
6945.551538000	1.344240904	8.774800000E-06	
6945.069410000	1.344240546	8.774100000E-06	
6944.587282000	1.344240665	8.773600000E-06	
6944.105154000	1.344240308	8.773000000E-06	
6943.623026000	1.344240546	8.771800000E-06	
6943.140898000	1.344240189	8.770200000E-06	
6942.658770000	1.344240308	8.768900000E-06	
6942.176642000	1.344239950	8.767600000E-06	
6941.694515000	1.344240069	8.766100000E-06	
6941.212387000	1.344239712	8.765000000E-06	
6940.730259000	1.344239831	8.764100000E-06	
6940.248131000	1.344239473	8.762800000E-06	
6939.766003000	1.344239593	8.761100000E-06	
6939.283875000	1.344239235	8.759400000E-06	
6938.801747000	1.344239354	8.757400000E-06	
6938.319619000	1.344238997	8.755200000E-06	
6937.837491000	1.344239116	8.753100000E-06	
6937.355363000	1.344238758	8.751400000E-06	
6936.873235000	1.344238877	8.749500000E-06	
6936.391107000	1.344238520	8.747200000E-06	
6935.908979000	1.344238639	8.744900000E-06	
6935.426851000	1.344238281	8.742300000E-06	
6934.944723000	1.344238400	8.739400000E-06	
6934.462595000	1.344238043	8.736500000E-06	
6933.980467000	1.344238162	8.734100000E-06	
6933.498339000	1.344237804	8.731600000E-06	
6933.016211000	1.344237924	8.729200000E-06	
6932.534083000	1.344237566	8.727000000E-06	
6932.051955000	1.344237685	8.724500000E-06	
6931.569827000	1.344237328	8.721600000E-06	
6931.087699000	1.344237447	8.718600000E-06	
6930.605571000	1.344237089	8.716100000E-06	
6930.123443000	1.344237208	8.713700000E-06	
6929.641315000	1.344236851	8.711100000E-06	
6929.159187000	1.344237089	8.708700000E-06	
6928.677059000	1.344236732	8.706100000E-06	
6928.194931000	1.344236851	8.702800000E-06	
6927.712803000	1.344236493	8.699300000E-06	
6927.230675000	1.344236612	8.696000000E-06	
6926.748547000	1.344236255	8.692500000E-06	
6926.266419000	1.344236374	8.689000000E-06	
6925.784291000	1.344236016	8.685800000E-06	
6925.302163000	1.344236135	8.682500000E-06	
6924.820035000	1.344235778	8.678700000E-06	
6924.337907000	1.344235897	8.674600000E-06	
6923.855779000	1.344235539	8.670600000E-06	
6923.373651000	1.344235659	8.666400000E-06	
6922.891523000	1.344235301	8.662100000E-06	
6922.409395000	1.344235420	8.658000000E-06	
6921.927267000	1.344235063	8.653900000E-06	
6921.445139000	1.344235182	8.649300000E-06	
6920.963011000	1.344234824	8.644200000E-06	
6920.480883000	1.344234943	8.639000000E-06	
6919.998755000	1.344234586	8.633500000E-06	
6919.516628000	1.344234705	8.627900000E-06	
6919.034500000	1.344234347	8.622600000E-06	
6918.552372000	1.344234467	8.617600000E-06	
6918.070244000	1.344234109	8.612200000E-06	
6917.588116000	1.344234228	8.606500000E-06	
6917.105988000	1.344233871	8.600400000E-06	
6916.623860000	1.344233990	8.593700000E-06	
6916.141732000	1.344233632	8.586500000E-06	
6915.659604000	1.344233871	8.579200000E-06	
6915.177476000	1.344233513	8.572000000E-06	
6914.695348000	1.344233632	8.564800000E-06	
6914.213220000	1.344233274	8.557400000E-06	
6913.731092000	1.344233394	8.550300000E-06	
6913.248964000	1.344233036	8.542900000E-06	
6912.766836000	1.344233155	8.535100000E-06	
6912.284708000	1.344232798	8.527600000E-06	
6911.802580000	1.344232917	8.520300000E-06	
6911.320452000	1.344232559	8.512900000E-06	
6910.838324000	1.344232678	8.505400000E-06	
6910.356196000	1.344232321	8.498000000E-06	
6909.874068000	1.344232440	8.490400000E-06	
6909.391940000	1.344232082	8.481900000E-06	
6908.909812000	1.344232202	8.473200000E-06	
6908.427684000	1.344231844	8.464700000E-06	
6907.945556000	1.344231963	8.456200000E-06	
6907.463428000	1.344231606	8.448100000E-06	
6906.981300000	1.344231725	8.440600000E-06	
6906.499172000	1.344231367	8.433200000E-06	
6906.017044000	1.344231486	8.425500000E-06	
6905.534916000	1.344231129	8.417700000E-06	
6905.052788000	1.344231248	8.410000000E-06	
6904.570660000	1.344230890	8.402300000E-06	
6904.088532000	1.344231009	8.394600000E-06	
6903.606404000	1.344230652	8.387400000E-06	
6903.124276000	1.344230771	8.380300000E-06	
6902.642148000	1.344230294	8.372800000E-06	
6902.160020000	1.344230533	8.365400000E-06	
6901.677892000	1.344230056	8.358200000E-06	
6901.195764000	1.344230294	8.351000000E-06	
6900.713636000	1.344229817	8.344100000E-06	
6900.231508000	1.344229937	8.337900000E-06	
6899.749380000	1.344229579	8.332000000E-06	
6899.267252000	1.344229698	8.326000000E-06	
6898.785124000	1.344229341	8.320000000E-06	
6898.302996000	1.344229460	8.314200000E-06	
6897.820868000	1.344229102	8.308300000E-06	
6897.338741000	1.344229221	8.302300000E-06	
6896.856613000	1.344228864	8.296900000E-06	
6896.374485000	1.344228983	8.292200000E-06	
6895.892357000	1.344228625	8.287500000E-06	
6895.410229000	1.344228745	8.283000000E-06	
6894.928101000	1.344228387	8.278700000E-06	
6894.445973000	1.344228506	8.274400000E-06	
6893.963845000	1.344228148	8.270100000E-06	
6893.481717000	1.344228268	8.266500000E-06	
6892.999589000	1.344227910	8.263500000E-06	
6892.517461000	1.344228029	8.260700000E-06	
6892.035333000	1.344227672	8.257900000E-06	
6891.553205000	1.344227791	8.255600000E-06	
6891.071077000	1.344227314	8.253100000E-06	
6890.588949000	1.344227433	8.250400000E-06	
6890.106821000	1.344227076	8.248100000E-06	
6889.624693000	1.344227195	8.246300000E-06	
6889.142565000	1.344226837	8.244700000E-06	
6888.660437000	1.344226956	8.243500000E-06	
6888.178309000	1.344226599	8.242900000E-06	
6887.696181000	1.344226718	8.242600000E-06	
6887.214053000	1.344226360	8.242200000E-06	
6886.731925000	1.344226480	8.242000000E-06	
6886.249797000	1.344226122	8.242300000E-06	
6885.767669000	1.344226241	8.242800000E-06	
6885.285541000	1.344225883	8.243800000E-06	
6884.803413000	1.344226003	8.245700000E-06	
6884.321285000	1.344225645	8.247700000E-06	
6883.839157000	1.344225764	8.249600000E-06	
6883.357029000	1.344225287	8.251600000E-06	
6882.874901000	1.344225407	8.253700000E-06	
6882.392773000	1.344225049	8.255800000E-06	
6881.910645000	1.344225168	8.258000000E-06	
6881.428517000	1.344224811	8.261100000E-06	
6880.946389000	1.344224930	8.264900000E-06	
6880.464261000	1.344224572	8.269000000E-06	
6879.982133000	1.344224691	8.273700000E-06	
6879.500005000	1.344224334	8.278800000E-06	
6879.017877000	1.344224453	8.283700000E-06	
6878.535749000	1.344224095	8.288800000E-06	
6878.053621000	1.344224215	8.294400000E-06	
6877.571493000	1.344223857	8.300300000E-06	
6877.089365000	1.344223976	8.306400000E-06	
6876.607237000	1.344223619	8.312600000E-06	
6876.125109000	1.344223738	8.318900000E-06	
6875.642981000	1.344223380	8.325100000E-06	
6875.160853000	1.344223499	8.331200000E-06	
6874.678726000	1.344223142	8.338000000E-06	
6874.196598000	1.344223261	8.345200000E-06	
6873.714470000	1.344222903	8.352700000E-06	
6873.232342000	1.344223022	8.360600000E-06	
6872.750214000	1.344222665	8.368600000E-06	
6872.268086000	1.344222784	8.376400000E-06	
6871.785958000	1.344222426	8.383900000E-06	
6871.303830000	1.344222546	8.391300000E-06	
6870.821702000	1.344222188	8.398900000E-06	
6870.339574000	1.344222307	8.406300000E-06	
6869.857446000	1.344221950	8.414000000E-06	
6869.375318000	1.344222069	8.422200000E-06	
6868.893190000	1.344221711	8.430200000E-06	
6868.411062000	1.344221830	8.437900000E-06	
6867.928934000	1.344221473	8.445600000E-06	
6867.446806000	1.344221592	8.453200000E-06	
6866.964678000	1.344221234	8.460700000E-06	
6866.482550000	1.344221354	8.468400000E-06	
6866.000422000	1.344220996	8.476300000E-06	
6865.518294000	1.344221115	8.484000000E-06	
6865.036166000	1.344220757	8.491200000E-06	
6864.554038000	1.344220877	8.497900000E-06	
6864.071910000	1.344220519	8.504200000E-06	
6863.589782000	1.344220638	8.510000000E-06	
6863.107654000	1.344220281	8.515600000E-06	
6862.625526000	1.344220400	8.521200000E-06	
6862.143398000	1.344220042	8.526500000E-06	
6861.661270000	1.344220281	8.531400000E-06	
6861.179142000	1.344219804	8.535900000E-06	
6860.697014000	1.344220042	8.539900000E-06	
6860.214886000	1.344219685	8.543200000E-06	
6859.732758000	1.344219804	8.546100000E-06	
6859.250630000	1.344219446	8.548900000E-06	
6858.768502000	1.344219565	8.551600000E-06	
6858.286374000	1.344219208	8.553600000E-06	
6857.804246000	1.344219327	8.555200000E-06	
6857.322118000	1.344218969	8.556100000E-06	
6856.839990000	1.344219089	8.556100000E-06	
6856.357862000	1.344218731	8.555400000E-06	
6855.875734000	1.344218969	8.554700000E-06	
6855.393606000	1.344218493	8.553800000E-06	
6854.911478000	1.344218731	8.552600000E-06	
6854.429350000	1.344218373	8.551100000E-06	
6853.947222000	1.344218493	8.549100000E-06	
6853.465094000	1.344218135	8.546200000E-06	
6852.982966000	1.344218254	8.542500000E-06	
6852.500839000	1.344217896	8.538400000E-06	
6852.018711000	1.344218016	8.534000000E-06	
6851.536583000	1.344217658	8.529200000E-06	
6851.054455000	1.344217777	8.524200000E-06	
6850.572327000	1.344217420	8.518900000E-06	
6850.090199000	1.344217658	8.513000000E-06	
6849.608071000	1.344217181	8.506500000E-06	
6849.125943000	1.344217420	8.499600000E-06	
6848.643815000	1.344217062	8.492700000E-06	
6848.161687000	1.344217181	8.485500000E-06	
6847.679559000	1.344216824	8.478400000E-06	
6847.197431000	1.344216943	8.471600000E-06	
6846.715303000	1.344216585	8.464300000E-06	
6846.233175000	1.344216704	8.456600000E-06	
6845.751047000	1.344216347	8.448600000E-06	
6845.268919000	1.344216466	8.440400000E-06	
6844.786791000	1.344216108	8.432100000E-06	
6844.304663000	1.344216228	8.423900000E-06	
6843.822535000	1.344215870	8.415900000E-06	
6843.340407000	1.344215989	8.407900000E-06	
6842.858279000	1.344215631	8.399500000E-06	
6842.376151000	1.344215870	8.391100000E-06	
6841.894023000	1.344215393	8.382400000E-06	
6841.411895000	1.344215631	8.373500000E-06	
6840.929767000	1.344215274	8.364800000E-06	
6840.447639000	1.344215393	8.356300000E-06	
6839.965511000	1.344215035	8.347700000E-06	
6839.483383000	1.344215155	8.339100000E-06	
6839.001255000	1.344214797	8.330500000E-06	
6838.519127000	1.344214916	8.321600000E-06	
6838.036999000	1.344214559	8.312300000E-06	
6837.554871000	1.344214678	8.302700000E-06	
6837.072743000	1.344214320	8.293300000E-06	
6836.590615000	1.344214439	8.284100000E-06	
6836.108487000	1.344214082	8.275000000E-06	
6835.626359000	1.344214201	8.266000000E-06	
6835.144231000	1.344213843	8.256600000E-06	
6834.662103000	1.344213963	8.246600000E-06	
6834.179975000	1.344213605	8.236400000E-06	
6833.697847000	1.344213724	8.226300000E-06	
6833.215719000	1.344213367	8.216300000E-06	
6832.733591000	1.344213486	8.206400000E-06	
6832.251463000	1.344213128	8.196600000E-06	
6831.769335000	1.344213247	8.186900000E-06	
6831.287207000	1.344212890	8.176500000E-06	
6830.805079000	1.344213009	8.165700000E-06	
6830.322952000	1.344212651	8.154400000E-06	
6829.840824000	1.344212890	8.142500000E-06	
6829.358696000	1.344212413	8.130400000E-06	
6828.876568000	1.344212651	8.118600000E-06	
6828.394440000	1.344212294	8.106900000E-06	
6827.912312000	1.344212413	8.094900000E-06	
6827.430184000	1.344212055	8.082300000E-06	
6826.948056000	1.344212174	8.069300000E-06	
6826.465928000	1.344211817	8.055700000E-06	
6825.983800000	1.344211936	8.041800000E-06	
6825.501672000	1.344211578	8.027900000E-06	
6825.019544000	1.344211698	8.014200000E-06	
6824.537416000	1.344211340	8.000100000E-06	
6824.055288000	1.344211459	7.985600000E-06	
6823.573160000	1.344211102	7.970700000E-06	
6823.091032000	1.344211221	7.955500000E-06	
6822.608904000	1.344210863	7.939900000E-06	
6822.126776000	1.344210982	7.924200000E-06	
6821.644648000	1.344210625	7.908700000E-06	
6821.162520000	1.344210744	7.892900000E-06	
6820.680392000	1.344210386	7.876700000E-06	
6820.198264000	1.344210505	7.860100000E-06	
6819.716136000	1.344210148	7.843000000E-06	
6819.234008000	1.344210267	7.825300000E-06	
6818.751880000	1.344209909	7.807600000E-06	
6818.269752000	1.344210029	7.790100000E-06	
6817.787624000	1.344209671	7.772600000E-06	
6817.305496000	1.344209790	7.755000000E-06	
6816.823368000	1.344209433	7.737400000E-06	
6816.341240000	1.344209552	7.719500000E-06	
6815.859112000	1.344209194	7.701200000E-06	
6815.376984000	1.344209313	7.682800000E-06	
6814.894856000	1.344208956	7.664600000E-06	
6814.412728000	1.344209075	7.646500000E-06	
6813.930600000	1.344208717	7.628500000E-06	
6813.448472000	1.344208837	7.610700000E-06	
6812.966344000	1.344208479	7.592700000E-06	
6812.484216000	1.344208598	7.574300000E-06	
6812.002088000	1.344208241	7.555900000E-06	
6811.519960000	1.344208360	7.537600000E-06	
6811.037832000	1.344207883	7.519500000E-06	
6810.555704000	1.344208121	7.501700000E-06	
6810.073576000	1.344207644	7.484100000E-06	
6809.591448000	1.344207764	7.466800000E-06	
6809.109320000	1.344207406	7.449200000E-06	
6808.627192000	1.344207525	7.431400000E-06	
6808.145065000	1.344207168	7.413600000E-06	
6807.662937000	1.344207287	7.395800000E-06	
6807.180809000	1.344206929	7.378100000E-06	
6806.698681000	1.344207048	7.361000000E-06	
6806.216553000	1.344206691	7.344300000E-06	
6805.734425000	1.344206810	7.327800000E-06	
6805.252297000	1.344206333	7.311300000E-06	
6804.770169000	1.344206572	7.295100000E-06	
6804.288041000	1.344206095	7.279000000E-06	
6803.805913000	1.344206214	7.262800000E-06	
6803.323785000	1.344205856	7.247200000E-06	
6802.841657000	1.344205976	7.232000000E-06	
6802.359529000	1.344205618	7.216900000E-06	
6801.877401000	1.344205737	7.201900000E-06	
6801.395273000	1.344205379	7.186900000E-06	
6800.913145000	1.344205499	7.171800000E-06	
6800.431017000	1.344205022	7.156600000E-06	
6799.948889000	1.344205141	7.141800000E-06	
6799.466761000	1.344204783	7.127300000E-06	
6798.984633000	1.344204903	7.113200000E-06	
6798.502505000	1.344204545	7.099300000E-06	
6798.020377000	1.344204664	7.085900000E-06	
6797.538249000	1.344204307	7.072600000E-06	
6797.056121000	1.344204426	7.059300000E-06	
6796.573993000	1.344203949	7.046300000E-06	
6796.091865000	1.344204068	7.033600000E-06	
6795.609737000	1.344203711	7.021300000E-06	
6795.127609000	1.344203830	7.009600000E-06	
6794.645481000	1.344203472	6.998300000E-06	
6794.163353000	1.344203591	6.987200000E-06	
6793.681225000	1.344203234	6.976000000E-06	
6793.199097000	1.344203353	6.964800000E-06	
6792.716969000	1.344202876	6.953700000E-06	
6792.234841000	1.344202995	6.942800000E-06	
6791.752713000	1.344202638	6.932300000E-06	
6791.270585000	1.344202757	6.922500000E-06	
6790.788457000	1.344202399	6.913200000E-06	
6790.306329000	1.344202518	6.904200000E-06	
6789.824201000	1.344202042	6.895600000E-06	
6789.342073000	1.344202161	6.887400000E-06	
6788.859945000	1.344201803	6.879400000E-06	
6788.377817000	1.344201922	6.871900000E-06	
6787.895689000	1.344201565	6.864800000E-06	
6787.413561000	1.344201684	6.858200000E-06	
6786.931433000	1.344201326	6.851800000E-06	
6786.449305000	1.344201446	6.845600000E-06	
6785.967177000	1.344200969	6.839500000E-06	
6785.485050000	1.344201088	6.833300000E-06	
6785.002922000	1.344200730	6.827200000E-06	
6784.520794000	1.344200850	6.821600000E-06	
6784.038666000	1.344200492	6.816800000E-06	
6783.556538000	1.344200611	6.812600000E-06	
6783.074410000	1.344200134	6.808600000E-06	
6782.592282000	1.344200253	6.804800000E-06	
6782.110154000	1.344199896	6.800800000E-06	
6781.628026000	1.344200015	6.796900000E-06	
6781.145898000	1.344199657	6.793700000E-06	
6780.663770000	1.344199777	6.791000000E-06	
6780.181642000	1.344199419	6.788600000E-06	
6779.699514000	1.344199538	6.786500000E-06	
6779.217386000	1.344199061	6.784600000E-06	
6778.735258000	1.344199181	6.782500000E-06	
6778.253130000	1.344198823	6.780700000E-06	
6777.771002000	1.344198942	6.779200000E-06	
6777.288874000	1.344198585	6.778300000E-06	
6776.806746000	1.344198704	6.777800000E-06	
6776.324618000	1.344198346	6.777700000E-06	
6775.842490000	1.344198465	6.777800000E-06	
6775.360362000	1.344197989	6.777600000E-06	
6774.878234000	1.344198108	6.777200000E-06	
6774.396106000	1.344197750	6.776900000E-06	
6773.913978000	1.344197869	6.776700000E-06	
6773.431850000	1.344197512	6.776600000E-06	
6772.949722000	1.344197631	6.776900000E-06	
6772.467594000	1.344197273	6.777300000E-06	
6771.985466000	1.344197392	6.777600000E-06	
6771.503338000	1.344196916	6.777700000E-06	
6771.021210000	1.344197035	6.777800000E-06	
6770.539082000	1.344196677	6.777900000E-06	
6770.056954000	1.344196796	6.778100000E-06	
6769.574826000	1.344196439	6.778700000E-06	
6769.092698000	1.344196558	6.779500000E-06	
6768.610570000	1.344196200	6.780400000E-06	
6768.128442000	1.344196320	6.781000000E-06	
6767.646314000	1.344195962	6.781600000E-06	
6767.164186000	1.344196081	6.781900000E-06	
6766.682058000	1.344195604	6.781900000E-06	
6766.199930000	1.344195843	6.781400000E-06	
6765.717802000	1.344195366	6.780900000E-06	
6765.235674000	1.344195485	6.780100000E-06	
6764.753546000	1.344195127	6.779100000E-06	
6764.271418000	1.344195247	6.778000000E-06	
6763.789290000	1.344194889	6.776400000E-06	
6763.307163000	1.344195008	6.774400000E-06	
6762.825035000	1.344194651	6.772200000E-06	
6762.342907000	1.344194770	6.769900000E-06	
6761.860779000	1.344194412	6.767500000E-06	
6761.378651000	1.344194531	6.765000000E-06	
6760.896523000	1.344194174	6.762400000E-06	
6760.414395000	1.344194293	6.759500000E-06	
6759.932267000	1.344193935	6.755800000E-06	
6759.450139000	1.344194055	6.751500000E-06	
6758.968011000	1.344193697	6.746900000E-06	
6758.485883000	1.344193816	6.742100000E-06	
6758.003755000	1.344193339	6.737400000E-06	
6757.521627000	1.344193578	6.732700000E-06	
6757.039499000	1.344193101	6.727800000E-06	
6756.557371000	1.344193339	6.722400000E-06	
6756.075243000	1.344192863	6.716300000E-06	
6755.593115000	1.344192982	6.709700000E-06	
6755.110987000	1.344192624	6.702700000E-06	
6754.628859000	1.344192743	6.695400000E-06	
6754.146731000	1.344192386	6.688000000E-06	
6753.664603000	1.344192505	6.680500000E-06	
6753.182475000	1.344192147	6.672600000E-06	
6752.700347000	1.344192266	6.664300000E-06	
6752.218219000	1.344191909	6.655700000E-06	
6751.736091000	1.344192028	6.646800000E-06	
6751.253963000	1.344191670	6.637900000E-06	
6750.771835000	1.344191790	6.629200000E-06	
6750.289707000	1.344191432	6.620400000E-06	
6749.807579000	1.344191551	6.611400000E-06	
6749.325451000	1.344191074	6.601900000E-06	
6748.843323000	1.344191313	6.592000000E-06	
6748.361195000	1.344190836	6.581600000E-06	
6747.879067000	1.344190955	6.570500000E-06	
6747.396939000	1.344190598	6.559500000E-06	
6746.914811000	1.344190717	6.548500000E-06	
6746.432683000	1.344190359	6.537600000E-06	
6745.950555000	1.344190478	6.526900000E-06	
6745.468427000	1.344190121	6.516000000E-06	
6744.986299000	1.344190240	6.504800000E-06	
6744.504171000	1.344189882	6.493100000E-06	
6744.022043000	1.344190001	6.481100000E-06	
6743.539915000	1.344189644	6.469200000E-06	
6743.057787000	1.344189763	6.457300000E-06	
6742.575659000	1.344189286	6.445600000E-06	
6742.093531000	1.344189405	6.434000000E-06	
6741.611403000	1.344189048	6.422200000E-06	
6741.129276000	1.344189167	6.410100000E-06	
6740.647148000	1.344188809	6.398000000E-06	
6740.165020000	1.344188929	6.385700000E-06	
6739.682892000	1.344188571	6.373500000E-06	
6739.200764000	1.344188690	6.361400000E-06	
6738.718636000	1.344188333	6.349300000E-06	
6738.236508000	1.344188452	6.337300000E-06	
6737.754380000	1.344187975	6.324900000E-06	
6737.272252000	1.344188094	6.312300000E-06	
6736.790124000	1.344187737	6.299600000E-06	
6736.307996000	1.344187856	6.286800000E-06	
6735.825868000	1.344187498	6.274300000E-06	
6735.343740000	1.344187617	6.262300000E-06	
6734.861612000	1.344187260	6.250700000E-06	
6734.379484000	1.344187379	6.239200000E-06	
6733.897356000	1.344186902	6.227600000E-06	
6733.415228000	1.344187021	6.215800000E-06	
6732.933100000	1.344186664	6.204000000E-06	
6732.450972000	1.344186783	6.192300000E-06	
6731.968844000	1.344186425	6.180900000E-06	
6731.486716000	1.344186544	6.169800000E-06	
6731.004588000	1.344186068	6.158700000E-06	
6730.522460000	1.344186306	6.147600000E-06	
6730.040332000	1.344185829	6.136500000E-06	
6729.558204000	1.344185948	6.125300000E-06	
6729.076076000	1.344185591	6.114200000E-06	
6728.593948000	1.344185710	6.103400000E-06	
6728.111820000	1.344185352	6.093000000E-06	
6727.629692000	1.344185472	6.082700000E-06	
6727.147564000	1.344184995	6.072400000E-06	
6726.665436000	1.344185114	6.062100000E-06	
6726.183308000	1.344184756	6.051800000E-06	
6725.701180000	1.344184875	6.041400000E-06	
6725.219052000	1.344184518	6.031300000E-06	
6724.736924000	1.344184637	6.021400000E-06	
6724.254796000	1.344184160	6.011800000E-06	
6723.772668000	1.344184399	6.002400000E-06	
6723.290540000	1.344183922	5.993100000E-06	
6722.808412000	1.344184041	5.983800000E-06	
6722.326284000	1.344183683	5.974500000E-06	
6721.844156000	1.344183803	5.965200000E-06	
6721.362028000	1.344183445	5.956100000E-06	
6720.879900000	1.344183564	5.947100000E-06	
6720.397772000	1.344183087	5.938400000E-06	
6719.915644000	1.344183207	5.929800000E-06	
6719.433516000	1.344182849	5.921100000E-06	
6718.951389000	1.344182968	5.912200000E-06	
6718.469261000	1.344182611	5.903100000E-06	
6717.987133000	1.344182730	5.894000000E-06	
6717.505005000	1.344182253	5.885000000E-06	
6717.022877000	1.344182372	5.876300000E-06	
6716.540749000	1.344182014	5.867800000E-06	
6716.058621000	1.344182134	5.859100000E-06	
6715.576493000	1.344181776	5.850300000E-06	
6715.094365000	1.344181895	5.841400000E-06	
6714.612237000	1.344181418	5.832500000E-06	
6714.130109000	1.344181538	5.823500000E-06	
6713.647981000	1.344181180	5.814800000E-06	
6713.165853000	1.344181299	5.806300000E-06	
6712.683725000	1.344180942	5.798000000E-06	
6712.201597000	1.344181061	5.789800000E-06	
6711.719469000	1.344180584	5.781600000E-06	
6711.237341000	1.344180703	5.773200000E-06	
6710.755213000	1.344180346	5.764700000E-06	
6710.273085000	1.344180465	5.756100000E-06	
6709.790957000	1.344180107	5.747900000E-06	
6709.308829000	1.344180226	5.739900000E-06	
6708.826701000	1.344179749	5.732000000E-06	
6708.344573000	1.344179869	5.724300000E-06	
6707.862445000	1.344179511	5.716300000E-06	
6707.380317000	1.344179630	5.708000000E-06	
6706.898189000	1.344179273	5.699600000E-06	
6706.416061000	1.344179392	5.691300000E-06	
6705.933933000	1.344178915	5.683400000E-06	
6705.451805000	1.344179034	5.675800000E-06	
6704.969677000	1.344178677	5.668500000E-06	
6704.487549000	1.344178796	5.661300000E-06	
6704.005421000	1.344178319	5.653900000E-06	
6703.523293000	1.344178438	5.646300000E-06	
6703.041165000	1.344178081	5.638500000E-06	
6702.559037000	1.344178200	5.630700000E-06	
6702.076909000	1.344177842	5.623000000E-06	
6701.594781000	1.344177961	5.616000000E-06	
6701.112653000	1.344177485	5.609200000E-06	
6700.630525000	1.344177604	5.602600000E-06	
6700.148397000	1.344177246	5.595900000E-06	
6699.666269000	1.344177365	5.589100000E-06	
6699.184141000	1.344177008	5.582200000E-06	
6698.702013000	1.344177127	5.575400000E-06	
6698.219885000	1.344176650	5.569000000E-06	
6697.737757000	1.344176769	5.562700000E-06	
6697.255629000	1.344176412	5.556400000E-06	
6696.773501000	1.344176531	5.550000000E-06	
6696.291374000	1.344176054	5.543500000E-06	
6695.809246000	1.344176173	5.536700000E-06	
6695.327118000	1.344175816	5.529800000E-06	
6694.844990000	1.344175935	5.523000000E-06	
6694.362862000	1.344175577	5.516600000E-06	
6693.880734000	1.344175696	5.510400000E-06	
6693.398606000	1.344175220	5.504500000E-06	
6692.916478000	1.344175339	5.498700000E-06	
6692.434350000	1.344174981	5.493000000E-06	
6691.952222000	1.344175100	5.487300000E-06	
6691.470094000	1.344174623	5.481900000E-06	
6690.987966000	1.344174862	5.476500000E-06	
6690.505838000	1.344174385	5.471200000E-06	
6690.023710000	1.344174504	5.465900000E-06	
6689.541582000	1.344174147	5.460800000E-06	
6689.059454000	1.344174266	5.455600000E-06	
6688.577326000	1.344173789	5.450300000E-06	
6688.095198000	1.344173908	5.444900000E-06	
6687.613070000	1.344173551	5.439600000E-06	
6687.130942000	1.344173670	5.434200000E-06	
6686.648814000	1.344173312	5.428900000E-06	
6686.166686000	1.344173431	5.424000000E-06	
6685.684558000	1.344172955	5.419000000E-06	
6685.202430000	1.344173074	5.413900000E-06	
6684.720302000	1.344172716	5.408700000E-06	
6684.238174000	1.344172835	5.403400000E-06	
6683.756046000	1.344172359	5.398200000E-06	
6683.273918000	1.344172478	5.393400000E-06	
6682.791790000	1.344172120	5.388900000E-06	
6682.309662000	1.344172239	5.384700000E-06	
6681.827534000	1.344171882	5.380300000E-06	
6681.345406000	1.344172001	5.375900000E-06	
6680.863278000	1.344171524	5.371400000E-06	
6680.381150000	1.344171643	5.366700000E-06	
6679.899022000	1.344171286	5.362200000E-06	
6679.416894000	1.344171405	5.358100000E-06	
6678.934766000	1.344170928	5.354200000E-06	
6678.452638000	1.344171047	5.350300000E-06	
6677.970510000	1.344170690	5.346200000E-06	
6677.488382000	1.344170809	5.342100000E-06	
6677.006254000	1.344170332	5.337600000E-06	
6676.524126000	1.344170570	5.333200000E-06	
6676.041998000	1.344170094	5.329200000E-06	
6675.559870000	1.344170213	5.325600000E-06	
6675.077742000	1.344169855	5.322100000E-06	
6674.595614000	1.344169974	5.318700000E-06	
6674.113487000	1.344169497	5.315100000E-06	
6673.631359000	1.344169617	5.311200000E-06	
6673.149231000	1.344169259	5.307300000E-06	
6672.667103000	1.344169378	5.303700000E-06	
6672.184975000	1.344168901	5.300500000E-06	
6671.702847000	1.344169021	5.297400000E-06	
6671.220719000	1.344168663	5.294400000E-06	
6670.738591000	1.344168782	5.291500000E-06	
6670.256463000	1.344168425	5.288200000E-06	
6669.774335000	1.344168544	5.284700000E-06	
6669.292207000	1.344168067	5.281400000E-06	
6668.810079000	1.344168186	5.278200000E-06	
6668.327951000	1.344167829	5.275000000E-06	
6667.845823000	1.344167948	5.272100000E-06	
6667.363695000	1.344167471	5.269300000E-06	
6666.881567000	1.344167590	5.266300000E-06	
6666.399439000	1.344167233	5.263300000E-06	
6665.917311000	1.344167352	5.260300000E-06	
6665.435183000	1.344166875	5.257400000E-06	
6664.953055000	1.344167113	5.254500000E-06	
6664.470927000	1.344166636	5.251700000E-06	
6663.988799000	1.344166756	5.249300000E-06	
6663.506671000	1.344166398	5.246900000E-06	
6663.024543000	1.344166517	5.244600000E-06	
6662.542415000	1.344166040	5.242300000E-06	
6662.060287000	1.344166160	5.239700000E-06	
6661.578159000	1.344165802	5.236900000E-06	
6661.096031000	1.344165921	5.234200000E-06	
6660.613903000	1.344165444	5.231800000E-06	
6660.131775000	1.344165564	5.229400000E-06	
6659.649647000	1.344165206	5.226900000E-06	
6659.167519000	1.344165325	5.224400000E-06	
6658.685391000	1.344164968	5.222000000E-06	
6658.203263000	1.344165087	5.219400000E-06	
6657.721135000	1.344164610	5.217000000E-06	
6657.239007000	1.344164729	5.214900000E-06	
6656.756879000	1.344164371	5.212800000E-06	
6656.274751000	1.344164491	5.210800000E-06	
6655.792623000	1.344164014	5.208900000E-06	
6655.310495000	1.344164133	5.206900000E-06	
6654.828367000	1.344163775	5.204400000E-06	
6654.346239000	1.344163895	5.202000000E-06	
6653.864111000	1.344163418	5.200000000E-06	
6653.381983000	1.344163537	5.198200000E-06	
6652.899855000	1.344163179	5.196600000E-06	
6652.417727000	1.344163299	5.195300000E-06	
6651.935600000	1.344162822	5.194000000E-06	
6651.453472000	1.344162941	5.192500000E-06	
6650.971344000	1.344162583	5.190800000E-06	
6650.489216000	1.344162703	5.189100000E-06	
6650.007088000	1.344162345	5.187600000E-06	
6649.524960000	1.344162464	5.186300000E-06	
6649.042832000	1.344161987	5.185500000E-06	
6648.560704000	1.344162107	5.185000000E-06	
6648.078576000	1.344161749	5.184200000E-06	
6647.596448000	1.344161868	5.183200000E-06	
6647.114320000	1.344161391	5.182400000E-06	
6646.632192000	1.344161510	5.181600000E-06	
6646.150064000	1.344161153	5.181000000E-06	
6645.667936000	1.344161272	5.181000000E-06	
6645.185808000	1.344160795	5.181100000E-06	
6644.703680000	1.344160914	5.181300000E-06	
6644.221552000	1.344160557	5.181100000E-06	
6643.739424000	1.344160676	5.180900000E-06	
6643.257296000	1.344160318	5.180300000E-06	
6642.775168000	1.344160438	5.179700000E-06	
6642.293040000	1.344159961	5.179500000E-06	
6641.810912000	1.344160080	5.179800000E-06	
6641.328784000	1.344159722	5.180000000E-06	
6640.846656000	1.344159842	5.180300000E-06	
6640.364528000	1.344159365	5.180600000E-06	
6639.882400000	1.344159484	5.180700000E-06	
6639.400272000	1.344159126	5.180500000E-06	
6638.918144000	1.344159245	5.180300000E-06	
6638.436016000	1.344158769	5.180500000E-06	
6637.953888000	1.344158888	5.181000000E-06	
6637.471760000	1.344158530	5.181800000E-06	
6636.989632000	1.344158649	5.182900000E-06	
6636.507504000	1.344158173	5.183900000E-06	
6636.025376000	1.344158292	5.184400000E-06	
6635.543248000	1.344157934	5.184700000E-06	
6635.061120000	1.344158053	5.185000000E-06	
6634.578992000	1.344157696	5.185100000E-06	
6634.096864000	1.344157815	5.185400000E-06	
6633.614736000	1.344157338	5.185800000E-06	
6633.132608000	1.344157457	5.186300000E-06	
6632.650480000	1.344157100	5.186300000E-06	
6632.168352000	1.344157219	5.186300000E-06	
6631.686224000	1.344156742	5.186500000E-06	
6631.204096000	1.344156861	5.186600000E-06	
6630.721968000	1.344156504	5.186900000E-06	
6630.239840000	1.344156623	5.187400000E-06	
6629.757713000	1.344156146	5.187900000E-06	
6629.275585000	1.344156384	5.188100000E-06	
6628.793457000	1.344155908	5.188300000E-06	
6628.311329000	1.344156027	5.188600000E-06	
6627.829201000	1.344155669	5.188700000E-06	
6627.347073000	1.344155788	5.188800000E-06	
6626.864945000	1.344155312	5.189300000E-06	
6626.382817000	1.344155431	5.189900000E-06	
6625.900689000	1.344155073	5.190200000E-06	
6625.418561000	1.344155192	5.190500000E-06	
6624.936433000	1.344154716	5.191000000E-06	
6624.454305000	1.344154835	5.191200000E-06	
6623.972177000	1.344154477	5.191600000E-06	
6623.490049000	1.344154596	5.192200000E-06	
6623.007921000	1.344154119	5.192900000E-06	
6622.525793000	1.344154358	5.193300000E-06	
6622.043665000	1.344153881	5.193500000E-06	
6621.561537000	1.344154000	5.193600000E-06	
6621.079409000	1.344153643	5.193500000E-06	
6620.597281000	1.344153762	5.193200000E-06	
6620.115153000	1.344153285	5.193600000E-06	
6619.633025000	1.344153404	5.194500000E-06	
6619.150897000	1.344153047	5.195300000E-06	
6618.668769000	1.344153166	5.196200000E-06	
6618.186641000	1.344152689	5.196900000E-06	
6617.704513000	1.344152808	5.197400000E-06	
6617.222385000	1.344152451	5.197500000E-06	
6616.740257000	1.344152570	5.197700000E-06	
6616.258129000	1.344152093	5.198100000E-06	
6615.776001000	1.344152331	5.198400000E-06	
6615.293873000	1.344151855	5.198900000E-06	
6614.811745000	1.344151974	5.199600000E-06	
6614.329617000	1.344151616	5.200000000E-06	
6613.847489000	1.344151735	5.199900000E-06	
6613.365361000	1.344151258	5.199900000E-06	
6612.883233000	1.344151378	5.200100000E-06	
6612.401105000	1.344151020	5.200300000E-06	
6611.918977000	1.344151139	5.200700000E-06	
6611.436849000	1.344150662	5.201300000E-06	
6610.954721000	1.344150782	5.201600000E-06	
6610.472593000	1.344150424	5.201400000E-06	
6609.990465000	1.344150543	5.200800000E-06	
6609.508337000	1.344150186	5.200200000E-06	
6609.026209000	1.344150305	5.199400000E-06	
6608.544081000	1.344149828	5.198900000E-06	
6608.061953000	1.344149947	5.199000000E-06	
6607.579825000	1.344149590	5.199100000E-06	
6607.097698000	1.344149709	5.198700000E-06	
6606.615570000	1.344149232	5.198100000E-06	
6606.133442000	1.344149351	5.197400000E-06	
6605.651314000	1.344148993	5.196400000E-06	
6605.169186000	1.344149113	5.195200000E-06	
6604.687058000	1.344148636	5.194300000E-06	
6604.204930000	1.344148874	5.193400000E-06	
6603.722802000	1.344148397	5.192400000E-06	
6603.240674000	1.344148517	5.191400000E-06	
6602.758546000	1.344148159	5.190300000E-06	
6602.276418000	1.344148278	5.188700000E-06	
6601.794290000	1.344147801	5.187000000E-06	
6601.312162000	1.344147921	5.185700000E-06	
6600.830034000	1.344147563	5.184700000E-06	
6600.347906000	1.344147682	5.183500000E-06	
6599.865778000	1.344147205	5.182300000E-06	
6599.383650000	1.344147325	5.181100000E-06	
6598.901522000	1.344146967	5.179200000E-06	
6598.419394000	1.344147086	5.176800000E-06	
6597.937266000	1.344146609	5.174500000E-06	
6597.455138000	1.344146848	5.172300000E-06	
6596.973010000	1.344146371	5.170000000E-06	
6596.490882000	1.344146490	5.168000000E-06	
6596.008754000	1.344146132	5.166300000E-06	
6595.526626000	1.344146252	5.164400000E-06	
6595.044498000	1.344145775	5.162100000E-06	
6594.562370000	1.344145894	5.159900000E-06	
6594.080242000	1.344145536	5.157700000E-06	
6593.598114000	1.344145656	5.155200000E-06	
6593.115986000	1.344145179	5.152800000E-06	
6592.633858000	1.344145298	5.150800000E-06	
6592.151730000	1.344144940	5.148300000E-06	
6591.669602000	1.344145060	5.145400000E-06	
6591.187474000	1.344144583	5.142500000E-06	
6590.705346000	1.344144702	5.139500000E-06	
6590.223218000	1.344144344	5.136300000E-06	
6589.741090000	1.344144464	5.133400000E-06	
6589.258962000	1.344143987	5.131000000E-06	
6588.776834000	1.344144225	5.128600000E-06	
6588.294706000	1.344143748	5.125700000E-06	
6587.812578000	1.344143867	5.123000000E-06	
6587.330450000	1.344143391	5.120300000E-06	
6586.848322000	1.344143629	5.117200000E-06	
6586.366194000	1.344143152	5.114100000E-06	
6585.884066000	1.344143271	5.111300000E-06	
6585.401938000	1.344142914	5.108300000E-06	
6584.919811000	1.344143033	5.105300000E-06	
6584.437683000	1.344142556	5.102500000E-06	
6583.955555000	1.344142675	5.099900000E-06	
6583.473427000	1.344142318	5.097000000E-06	
6582.991299000	1.344142437	5.094000000E-06	
6582.509171000	1.344141960	5.091300000E-06	
6582.027043000	1.344142079	5.088700000E-06	
6581.544915000	1.344141722	5.085900000E-06	
6581.062787000	1.344141841	5.083200000E-06	
6580.580659000	1.344141364	5.080700000E-06	
6580.098531000	1.344141483	5.077800000E-06	
6579.616403000	1.344141126	5.074800000E-06	
6579.134275000	1.344141245	5.072200000E-06	
6578.652147000	1.344140768	5.069500000E-06	
6578.170019000	1.344140887	5.066900000E-06	
6577.687891000	1.344140530	5.064500000E-06	
6577.205763000	1.344140649	5.062300000E-06	
6576.723635000	1.344140172	5.059800000E-06	
6576.241507000	1.344140291	5.056900000E-06	
6575.759379000	1.344139934	5.054200000E-06	
6575.277251000	1.344140053	5.051400000E-06	
6574.795123000	1.344139576	5.048400000E-06	
6574.312995000	1.344139695	5.045900000E-06	
6573.830867000	1.344139338	5.043700000E-06	
6573.348739000	1.344139457	5.041300000E-06	
6572.866611000	1.344138980	5.038700000E-06	
6572.384483000	1.344139099	5.036200000E-06	
6571.902355000	1.344138741	5.033800000E-06	
6571.420227000	1.344138861	5.031300000E-06	
6570.938099000	1.344138384	5.029000000E-06	
6570.455971000	1.344138503	5.027100000E-06	
6569.973843000	1.344138145	5.024800000E-06	
6569.491715000	1.344138265	5.022200000E-06	
6569.009587000	1.344137788	5.019800000E-06	
6568.527459000	1.344137907	5.017200000E-06	
6568.045331000	1.344137549	5.014400000E-06	
6567.563203000	1.344137669	5.011900000E-06	
6567.081075000	1.344137192	5.009900000E-06	
6566.598947000	1.344137311	5.008000000E-06	
6566.116819000	1.344136834	5.005800000E-06	
6565.634691000	1.344137073	5.003900000E-06	
6565.152563000	1.344136596	5.001900000E-06	
6564.670435000	1.344136715	4.999500000E-06	
6564.188307000	1.344136238	4.997300000E-06	
6563.706179000	1.344136357	4.995600000E-06	
6563.224051000	1.344136000	4.993800000E-06	
6562.741924000	1.344136119	4.991900000E-06	
6562.259796000	1.344135642	4.990100000E-06	
6561.777668000	1.344135761	4.988400000E-06	
6561.295540000	1.344135404	4.986300000E-06	
6560.813412000	1.344135523	4.984300000E-06	
6560.331284000	1.344135046	4.982800000E-06	
6559.849156000	1.344135165	4.981400000E-06	
6559.367028000	1.344134808	4.980000000E-06	
6558.884900000	1.344134927	4.979000000E-06	
6558.402772000	1.344134450	4.978000000E-06	
6557.920644000	1.344134569	4.976600000E-06	
6557.438516000	1.344134212	4.974900000E-06	
6556.956388000	1.344134331	4.973500000E-06	
6556.474260000	1.344133854	4.972000000E-06	
6555.992132000	1.344133973	4.970400000E-06	
6555.510004000	1.344133496	4.969400000E-06	
6555.027876000	1.344133615	4.968800000E-06	
6554.545748000	1.344133258	4.967800000E-06	
6554.063620000	1.344133377	4.966800000E-06	
6553.581492000	1.344132900	4.966100000E-06	
6553.099364000	1.344133019	4.965500000E-06	
6552.617236000	1.344132662	4.964900000E-06	
6552.135108000	1.344132781	4.964800000E-06	
6551.652980000	1.344132304	4.964900000E-06	
6551.170852000	1.344132423	4.964600000E-06	
6550.688724000	1.344132066	4.964100000E-06	
6550.206596000	1.344132185	4.963600000E-06	
6549.724468000	1.344131708	4.962900000E-06	
6549.242340000	1.344131827	4.961900000E-06	
6548.760212000	1.344131351	4.961400000E-06	
6548.278084000	1.344131589	4.961400000E-06	
6547.795956000	1.344131112	4.961200000E-06	
6547.313828000	1.344131231	4.961000000E-06	
6546.831700000	1.344130754	4.961100000E-06	
6546.349572000	1.344130874	4.961100000E-06	
6545.867444000	1.344130516	4.960600000E-06	
6545.385316000	1.344130635	4.960300000E-06	
6544.903188000	1.344130158	4.960600000E-06	
6544.421060000	1.344130278	4.960900000E-06	
6543.938932000	1.344129920	4.961100000E-06	
6543.456804000	1.344130039	4.961700000E-06	
6542.974676000	1.344129562	4.962200000E-06	
6542.492548000	1.344129682	4.962200000E-06	
6542.010420000	1.344129205	4.962200000E-06	
6541.528292000	1.344129443	4.962600000E-06	
6541.046164000	1.344128966	4.962900000E-06	
6540.564037000	1.344129086	4.963200000E-06	
6540.081909000	1.344128609	4.964100000E-06	
6539.599781000	1.344128728	4.965000000E-06	
6539.117653000	1.344128370	4.965300000E-06	
6538.635525000	1.344128489	4.965600000E-06	
6538.153397000	1.344128013	4.966200000E-06	
6537.671269000	1.344128132	4.966800000E-06	
6537.189141000	1.344127774	4.967600000E-06	
6536.707013000	1.344127893	4.969000000E-06	
6536.224885000	1.344127417	4.970600000E-06	
6535.742757000	1.344127536	4.971800000E-06	
6535.260629000	1.344127059	4.972900000E-06	
6534.778501000	1.344127178	4.974200000E-06	
6534.296373000	1.344126821	4.975200000E-06	
6533.814245000	1.344126940	4.976200000E-06	
6533.332117000	1.344126463	4.977700000E-06	
6532.849989000	1.344126582	4.979500000E-06	
6532.367861000	1.344126225	4.980900000E-06	
6531.885733000	1.344126344	4.982400000E-06	
6531.403605000	1.344125867	4.984100000E-06	
6530.921477000	1.344125986	4.985500000E-06	
6530.439349000	1.344125509	4.986700000E-06	
6529.957221000	1.344125748	4.988400000E-06	
6529.475093000	1.344125271	4.990500000E-06	
6528.992965000	1.344125390	4.992300000E-06	
6528.510837000	1.344124913	4.994100000E-06	
6528.028709000	1.344125032	4.996000000E-06	
6527.546581000	1.344124675	4.997400000E-06	
6527.064453000	1.344124794	4.998400000E-06	
6526.582325000	1.344124317	5.000000000E-06	
6526.100197000	1.344124436	5.002000000E-06	
6525.618069000	1.344124079	5.003200000E-06	
6525.135941000	1.344124198	5.004400000E-06	
6524.653813000	1.344123721	5.005900000E-06	
6524.171685000	1.344123840	5.007200000E-06	
6523.689557000	1.344123363	5.008100000E-06	
6523.207429000	1.344123602	5.009100000E-06	
6522.725301000	1.344123125	5.010300000E-06	
6522.243173000	1.344123244	5.011200000E-06	
6521.761045000	1.344122767	5.012000000E-06	
6521.278917000	1.344122887	5.013500000E-06	
6520.796789000	1.344122529	5.014800000E-06	
6520.314661000	1.344122648	5.015700000E-06	
6519.832533000	1.344122171	5.016700000E-06	
6519.350405000	1.344122291	5.018000000E-06	
6518.868277000	1.344121933	5.019100000E-06	
6518.386149000	1.344122052	5.020300000E-06	
6517.904022000	1.344121575	5.022000000E-06	
6517.421894000	1.344121695	5.023800000E-06	
6516.939766000	1.344121218	5.025000000E-06	
6516.457638000	1.344121337	5.026200000E-06	
6515.975510000	1.344120979	5.027400000E-06	
6515.493382000	1.344121099	5.028300000E-06	
6515.011254000	1.344120622	5.029300000E-06	
6514.529126000	1.344120741	5.031100000E-06	
6514.046998000	1.344120383	5.033000000E-06	
6513.564870000	1.344120502	5.034600000E-06	
6513.082742000	1.344120026	5.036400000E-06	
6512.600614000	1.344120145	5.038500000E-06	
6512.118486000	1.344119668	5.040300000E-06	
6511.636358000	1.344119787	5.042100000E-06	
6511.154230000	1.344119430	5.044300000E-06	
6510.672102000	1.344119549	5.046700000E-06	
6510.189974000	1.344119072	5.048700000E-06	
6509.707846000	1.344119191	5.050800000E-06	
6509.225718000	1.344118834	5.053100000E-06	
6508.743590000	1.344118953	5.054800000E-06	
6508.261462000	1.344118476	5.056300000E-06	
6507.779334000	1.344118595	5.058300000E-06	
6507.297206000	1.344118118	5.060600000E-06	
6506.815078000	1.344118237	5.062600000E-06	
6506.332950000	1.344117880	5.064700000E-06	
6505.850822000	1.344117999	5.067100000E-06	
6505.368694000	1.344117522	5.069000000E-06	
6504.886566000	1.344117641	5.070300000E-06	
6504.404438000	1.344117284	5.072000000E-06	
6503.922310000	1.344117403	5.074100000E-06	
6503.440182000	1.344116926	5.076000000E-06	
6502.958054000	1.344117045	5.078100000E-06	
6502.475926000	1.344116569	5.080600000E-06	
6501.993798000	1.344116807	5.082700000E-06	
6501.511670000	1.344116330	5.084400000E-06	
6501.029542000	1.344116449	5.086300000E-06	
6500.547414000	1.344115973	5.088200000E-06	
6500.065286000	1.344116092	5.089600000E-06	
6499.583158000	1.344115734	5.090800000E-06	
6499.101030000	1.344115853	5.092400000E-06	
6498.618902000	1.344115376	5.093700000E-06	
6498.136774000	1.344115496	5.094400000E-06	
6497.654646000	1.344115138	5.095200000E-06	
6497.172518000	1.344115257	5.096000000E-06	
6496.690390000	1.344114780	5.096300000E-06	
6496.208262000	1.344114900	5.096400000E-06	
6495.726135000	1.344114423	5.096800000E-06	
6495.244007000	1.344114542	5.096900000E-06	
6494.761879000	1.344114184	5.096300000E-06	
6494.279751000	1.344114304	5.095700000E-06	
6493.797623000	1.344113827	5.095300000E-06	
6493.315495000	1.344113946	5.094300000E-06	
6492.833367000	1.344113588	5.093300000E-06	
6492.351239000	1.344113708	5.092900000E-06	
6491.869111000	1.344113231	5.092300000E-06	
6491.386983000	1.344113350	5.091000000E-06	
6490.904855000	1.344112873	5.089700000E-06	
6490.422727000	1.344112992	5.088600000E-06	
6489.940599000	1.344112635	5.086900000E-06	
6489.458471000	1.344112754	5.085000000E-06	
6488.976343000	1.344112277	5.083400000E-06	
6488.494215000	1.344112396	5.081900000E-06	
6488.012087000	1.344112039	5.079800000E-06	
6487.529959000	1.344112158	5.077900000E-06	
6487.047831000	1.344111681	5.076300000E-06	
6486.565703000	1.344111800	5.074000000E-06	
6486.083575000	1.344111323	5.071500000E-06	
6485.601447000	1.344111443	5.069500000E-06	
6485.119319000	1.344111085	5.067700000E-06	
6484.637191000	1.344111204	5.065600000E-06	
6484.155063000	1.344110727	5.063700000E-06	
6483.672935000	1.344110847	5.062200000E-06	
6483.190807000	1.344110370	5.060200000E-06	
6482.708679000	1.344110489	5.057900000E-06	
6482.226551000	1.344110131	5.056300000E-06	
6481.744423000	1.344110250	5.054900000E-06	
6481.262295000	1.344109774	5.053400000E-06	
6480.780167000	1.344109893	5.052500000E-06	
6480.298039000	1.344109416	5.052400000E-06	
6479.815911000	1.344109535	5.052200000E-06	
6479.333783000	1.344109178	5.051700000E-06	
6478.851655000	1.344109297	5.051700000E-06	
6478.369527000	1.344108820	5.051800000E-06	
6477.887399000	1.344108939	5.051600000E-06	
6477.405271000	1.344108462	5.051900000E-06	
6476.923143000	1.344108582	5.053000000E-06	
6476.441015000	1.344108105	5.054200000E-06	
6475.958887000	1.344108224	5.055400000E-06	
6475.476759000	1.344107866	5.057100000E-06	
6474.994631000	1.344107985	5.059000000E-06	
6474.512503000	1.344107509	5.060500000E-06	
6474.030375000	1.344107628	5.062400000E-06	
6473.548248000	1.344107151	5.064900000E-06	
6473.066120000	1.344107270	5.067500000E-06	
6472.583992000	1.344106913	5.069800000E-06	
6472.101864000	1.344107032	5.072500000E-06	
6471.619736000	1.344106555	5.075400000E-06	
6471.137608000	1.344106674	5.077800000E-06	
6470.655480000	1.344106197	5.080600000E-06	
6470.173352000	1.344106317	5.084200000E-06	
6469.691224000	1.344105840	5.088100000E-06	
6469.209096000	1.344105959	5.092200000E-06	
6468.726968000	1.344105601	5.096800000E-06	
6468.244840000	1.344105721	5.101600000E-06	
6467.762712000	1.344105244	5.105700000E-06	
6467.280584000	1.344105363	5.109700000E-06	
6466.798456000	1.344104886	5.114300000E-06	
6466.316328000	1.344105005	5.119200000E-06	
6465.834200000	1.344104648	5.123900000E-06	
6465.352072000	1.344104767	5.129200000E-06	
6464.869944000	1.344104290	5.134700000E-06	
6464.387816000	1.344104409	5.139500000E-06	
6463.905688000	1.344103932	5.144000000E-06	
6463.423560000	1.344104052	5.149000000E-06	
6462.941432000	1.344103694	5.154100000E-06	
6462.459304000	1.344103813	5.158900000E-06	
6461.977176000	1.344103336	5.163900000E-06	
6461.495048000	1.344103456	5.169200000E-06	
6461.012920000	1.344102979	5.173900000E-06	
6460.530792000	1.344103098	5.178200000E-06	
6460.048664000	1.344102740	5.182800000E-06	
6459.566536000	1.344102859	5.187200000E-06	
6459.084408000	1.344102383	5.191000000E-06	
6458.602280000	1.344102502	5.195200000E-06	
6458.120152000	1.344102025	5.199800000E-06	
6457.638024000	1.344102144	5.204100000E-06	
6457.155896000	1.344101787	5.208000000E-06	
6456.673768000	1.344101906	5.212100000E-06	
6456.191640000	1.344101429	5.216000000E-06	
6455.709512000	1.344101548	5.219200000E-06	
6455.227384000	1.344101071	5.222700000E-06	
6454.745256000	1.344101191	5.226700000E-06	
6454.263128000	1.344100833	5.230100000E-06	
6453.781000000	1.344100952	5.233200000E-06	
6453.298872000	1.344100475	5.236400000E-06	
6452.816744000	1.344100595	5.239300000E-06	
6452.334616000	1.344100118	5.241400000E-06	
6451.852488000	1.344100237	5.243400000E-06	
6451.370361000	1.344099879	5.245700000E-06	
6450.888233000	1.344099998	5.247600000E-06	
6450.406105000	1.344099522	5.249000000E-06	
6449.923977000	1.344099641	5.251000000E-06	
6449.441849000	1.344099164	5.253000000E-06	
6448.959721000	1.344099283	5.254400000E-06	
6448.477593000	1.344098926	5.255700000E-06	
6447.995465000	1.344099045	5.257200000E-06	
6447.513337000	1.344098568	5.258300000E-06	
6447.031209000	1.344098687	5.259200000E-06	
6446.549081000	1.344098210	5.260400000E-06	
6446.066953000	1.344098330	5.261800000E-06	
6445.584825000	1.344097972	5.262600000E-06	
6445.102697000	1.344098091	5.263400000E-06	
6444.620569000	1.344097614	5.264800000E-06	
6444.138441000	1.344097733	5.266200000E-06	
6443.656313000	1.344097257	5.267300000E-06	
6443.174185000	1.344097376	5.268900000E-06	
6442.692057000	1.344097018	5.270700000E-06	
6442.209929000	1.344097137	5.271900000E-06	
6441.727801000	1.344096661	5.272900000E-06	
6441.245673000	1.344096780	5.274400000E-06	
6440.763545000	1.344096303	5.275800000E-06	
6440.281417000	1.344096422	5.276800000E-06	
6439.799289000	1.344096065	5.278600000E-06	
6439.317161000	1.344096184	5.280800000E-06	
6438.835033000	1.344095707	5.282600000E-06	
6438.352905000	1.344095826	5.284500000E-06	
6437.870777000	1.344095349	5.287200000E-06	
6437.388649000	1.344095469	5.289800000E-06	
6436.906521000	1.344094992	5.292300000E-06	
6436.424393000	1.344095111	5.295400000E-06	
6435.942265000	1.344094753	5.299100000E-06	
6435.460137000	1.344094872	5.302700000E-06	
6434.978009000	1.344094396	5.306200000E-06	
6434.495881000	1.344094515	5.310100000E-06	
6434.013753000	1.344094038	5.313600000E-06	
6433.531625000	1.344094157	5.316600000E-06	
6433.049497000	1.344093680	5.320300000E-06	
6432.567369000	1.344093800	5.324800000E-06	
6432.085241000	1.344093442	5.329200000E-06	
6431.603113000	1.344093561	5.333900000E-06	
6431.120985000	1.344093084	5.339100000E-06	
6430.638857000	1.344093204	5.344300000E-06	
6430.156729000	1.344092727	5.348800000E-06	
6429.674601000	1.344092846	5.353400000E-06	
6429.192473000	1.344092369	5.358600000E-06	
6428.710346000	1.344092607	5.363800000E-06	
6428.228218000	1.344092131	5.369100000E-06	
6427.746090000	1.344092250	5.375100000E-06	
6427.263962000	1.344091773	5.381000000E-06	
6426.781834000	1.344091892	5.386200000E-06	
6426.299706000	1.344091415	5.391500000E-06	
6425.817578000	1.344091535	5.397100000E-06	
6425.335450000	1.344091177	5.402200000E-06	
6424.853322000	1.344091296	5.407100000E-06	
6424.371194000	1.344090819	5.412600000E-06	
6423.889066000	1.344090939	5.418100000E-06	
6423.406938000	1.344090462	5.422800000E-06	
6422.924810000	1.344090581	5.427300000E-06	
6422.442682000	1.344090223	5.432100000E-06	
6421.960554000	1.344090343	5.436300000E-06	
6421.478426000	1.344089866	5.440200000E-06	
6420.996298000	1.344089985	5.444600000E-06	
6420.514170000	1.344089508	5.449000000E-06	
6420.032042000	1.344089627	5.452700000E-06	
6419.549914000	1.344089270	5.456300000E-06	
6419.067786000	1.344089389	5.460000000E-06	
6418.585658000	1.344088912	5.463000000E-06	
6418.103530000	1.344089031	5.465300000E-06	
6417.621402000	1.344088554	5.467900000E-06	
6417.139274000	1.344088674	5.470700000E-06	
6416.657146000	1.344088316	5.472700000E-06	
6416.175018000	1.344088435	5.474500000E-06	
6415.692890000	1.344087958	5.476500000E-06	
6415.210762000	1.344088078	5.477800000E-06	
6414.728634000	1.344087601	5.478300000E-06	
6414.246506000	1.344087720	5.479000000E-06	
6413.764378000	1.344087362	5.479600000E-06	
6413.282250000	1.344087481	5.479300000E-06	
6412.800122000	1.344087005	5.478700000E-06	
6412.317994000	1.344087124	5.478400000E-06	
6411.835866000	1.344086647	5.477600000E-06	
6411.353738000	1.344086885	5.476000000E-06	
6410.871610000	1.344086409	5.474800000E-06	
6410.389482000	1.344086528	5.473900000E-06	
6409.907354000	1.344086051	5.472400000E-06	
6409.425226000	1.344086170	5.470900000E-06	
6408.943098000	1.344085693	5.470000000E-06	
6408.460970000	1.344085813	5.468800000E-06	
6407.978842000	1.344085455	5.466800000E-06	
6407.496714000	1.344085574	5.465100000E-06	
6407.014586000	1.344085097	5.463700000E-06	
6406.532459000	1.344085217	5.462000000E-06	
6406.050331000	1.344084740	5.460300000E-06	
6405.568203000	1.344084859	5.459300000E-06	
6405.086075000	1.344084382	5.458000000E-06	
6404.603947000	1.344084620	5.456000000E-06	
6404.121819000	1.344084144	5.454300000E-06	
6403.639691000	1.344084263	5.453100000E-06	
6403.157563000	1.344083786	5.451500000E-06	
6402.675435000	1.344083905	5.449900000E-06	
6402.193307000	1.344083428	5.449000000E-06	
6401.711179000	1.344083548	5.448100000E-06	
6401.229051000	1.344083071	5.446700000E-06	
6400.746923000	1.344083309	5.445500000E-06	
6400.264795000	1.344082832	5.444900000E-06	
6399.782667000	1.344082952	5.443900000E-06	
6399.300539000	1.344082475	5.442800000E-06	
6398.818411000	1.344082594	5.442500000E-06	
6398.336283000	1.344082117	5.442300000E-06	
6397.854155000	1.344082236	5.441500000E-06	
6397.372027000	1.344081759	5.440900000E-06	
6396.889899000	1.344081998	5.440600000E-06	
6396.407771000	1.344081521	5.439900000E-06	
6395.925643000	1.344081640	5.438900000E-06	
6395.443515000	1.344081163	5.438800000E-06	
6394.961387000	1.344081283	5.439000000E-06	
6394.479259000	1.344080806	5.438600000E-06	
6393.997131000	1.344080925	5.438300000E-06	
6393.515003000	1.344080448	5.438300000E-06	
6393.032875000	1.344080567	5.437700000E-06	
6392.550747000	1.344080210	5.436600000E-06	
6392.068619000	1.344080329	5.435900000E-06	
6391.586491000	1.344079852	5.435500000E-06	
6391.104363000	1.344079971	5.434500000E-06	
6390.622235000	1.344079494	5.433800000E-06	
6390.140107000	1.344079614	5.433800000E-06	
6389.657979000	1.344079137	5.433200000E-06	
6389.175851000	1.344079256	5.431800000E-06	
6388.693723000	1.344078898	5.430800000E-06	
6388.211595000	1.344079018	5.429900000E-06	
6387.729467000	1.344078541	5.428500000E-06	
6387.247339000	1.344078660	5.427300000E-06	
6386.765211000	1.344078183	5.426700000E-06	
6386.283083000	1.344078302	5.425800000E-06	
6385.800955000	1.344077826	5.424100000E-06	
6385.318827000	1.344077945	5.422700000E-06	
6384.836699000	1.344077468	5.421500000E-06	
6384.354572000	1.344077706	5.419600000E-06	
6383.872444000	1.344077229	5.417700000E-06	
6383.390316000	1.344077349	5.416700000E-06	
6382.908188000	1.344076872	5.415300000E-06	
6382.426060000	1.344076991	5.413300000E-06	
6381.943932000	1.344076514	5.411700000E-06	
6381.461804000	1.344076633	5.410300000E-06	
6380.979676000	1.344076157	5.408300000E-06	
6380.497548000	1.344076276	5.406200000E-06	
6380.015420000	1.344075799	5.405000000E-06	
6379.533292000	1.344075918	5.403700000E-06	
6379.051164000	1.344075561	5.401800000E-06	
6378.569036000	1.344075680	5.400300000E-06	
6378.086908000	1.344075203	5.399000000E-06	
6377.604780000	1.344075322	5.397200000E-06	
6377.122652000	1.344074845	5.395200000E-06	
6376.640524000	1.344074965	5.394100000E-06	
6376.158396000	1.344074488	5.393000000E-06	
6375.676268000	1.344074607	5.391400000E-06	
6375.194140000	1.344074130	5.390300000E-06	
6374.712012000	1.344074249	5.389600000E-06	
6374.229884000	1.344073892	5.388300000E-06	
6373.747756000	1.344074011	5.386700000E-06	
6373.265628000	1.344073534	5.386000000E-06	
6372.783500000	1.344073653	5.385300000E-06	
6372.301372000	1.344073176	5.384000000E-06	
6371.819244000	1.344073296	5.383100000E-06	
6371.337116000	1.344072819	5.382700000E-06	
6370.854988000	1.344072938	5.381900000E-06	
6370.372860000	1.344072461	5.381100000E-06	
6369.890732000	1.344072580	5.381000000E-06	
6369.408604000	1.344072104	5.381100000E-06	
6368.926476000	1.344072223	5.380500000E-06	
6368.444348000	1.344071746	5.380300000E-06	
6367.962220000	1.344071865	5.381000000E-06	
6367.480092000	1.344071507	5.381200000E-06	
6366.997964000	1.344071627	5.381100000E-06	
6366.515836000	1.344071150	5.381600000E-06	
6366.033708000	1.344071269	5.382000000E-06	
6365.551580000	1.344070792	5.381900000E-06	
6365.069452000	1.344070911	5.382100000E-06	
6364.587324000	1.344070435	5.383000000E-06	
6364.105196000	1.344070554	5.383700000E-06	
6363.623068000	1.344070077	5.384000000E-06	
6363.140940000	1.344070196	5.384900000E-06	
6362.658812000	1.344069719	5.385900000E-06	
6362.176685000	1.344069839	5.386200000E-06	
6361.694557000	1.344069362	5.386700000E-06	
6361.212429000	1.344069600	5.387800000E-06	
6360.730301000	1.344069123	5.388200000E-06	
6360.248173000	1.344069242	5.388100000E-06	
6359.766045000	1.344068766	5.388400000E-06	
6359.283917000	1.344068885	5.388800000E-06	
6358.801789000	1.344068408	5.388500000E-06	
6358.319661000	1.344068527	5.388100000E-06	
6357.837533000	1.344068050	5.388300000E-06	
6357.355405000	1.344068170	5.388200000E-06	
6356.873277000	1.344067693	5.387600000E-06	
6356.391149000	1.344067812	5.387600000E-06	
6355.909021000	1.344067335	5.387500000E-06	
6355.426893000	1.344067574	5.386300000E-06	
6354.944765000	1.344067097	5.384800000E-06	
6354.462637000	1.344067216	5.383500000E-06	
6353.980509000	1.344066739	5.381900000E-06	
6353.498381000	1.344066858	5.379700000E-06	
6353.016253000	1.344066381	5.377600000E-06	
6352.534125000	1.344066501	5.375700000E-06	
6352.051997000	1.344066024	5.372700000E-06	
6351.569869000	1.344066143	5.369400000E-06	
6351.087741000	1.344065666	5.366800000E-06	
6350.605613000	1.344065785	5.363900000E-06	
6350.123485000	1.344065309	5.360300000E-06	
6349.641357000	1.344065547	5.357200000E-06	
6349.159229000	1.344065070	5.354100000E-06	
6348.677101000	1.344065189	5.350000000E-06	
6348.194973000	1.344064713	5.345300000E-06	
6347.712845000	1.344064832	5.341000000E-06	
6347.230717000	1.344064355	5.336300000E-06	
6346.748589000	1.344064474	5.330900000E-06	
6346.266461000	1.344063997	5.326000000E-06	
6345.784333000	1.344064116	5.321900000E-06	
6345.302205000	1.344063640	5.317200000E-06	
6344.820077000	1.344063759	5.312200000E-06	
6344.337949000	1.344063282	5.307700000E-06	
6343.855821000	1.344063401	5.302900000E-06	
6343.373693000	1.344062924	5.297300000E-06	
6342.891565000	1.344063044	5.292100000E-06	
6342.409437000	1.344062567	5.287500000E-06	
6341.927309000	1.344062686	5.282500000E-06	
6341.445181000	1.344062328	5.277100000E-06	
6340.963053000	1.344062448	5.272300000E-06	
6340.480925000	1.344061971	5.267500000E-06	
6339.998797000	1.344062090	5.262100000E-06	
6339.516670000	1.344061613	5.257100000E-06	
6339.034542000	1.344061732	5.252600000E-06	
6338.552414000	1.344061255	5.247500000E-06	
6338.070286000	1.344061375	5.241900000E-06	
6337.588158000	1.344060898	5.236800000E-06	
6337.106030000	1.344061017	5.231700000E-06	
6336.623902000	1.344060540	5.226000000E-06	
6336.141774000	1.344060659	5.220500000E-06	
6335.659646000	1.344060183	5.215600000E-06	
6335.177518000	1.344060302	5.210400000E-06	
6334.695390000	1.344059825	5.204600000E-06	
6334.213262000	1.344059944	5.199400000E-06	
6333.731134000	1.344059467	5.194400000E-06	
6333.249006000	1.344059587	5.188800000E-06	
6332.766878000	1.344059110	5.183400000E-06	
6332.284750000	1.344059229	5.178700000E-06	
6331.802622000	1.344058752	5.173700000E-06	
6331.320494000	1.344058871	5.168400000E-06	
6330.838366000	1.344058394	5.163800000E-06	
6330.356238000	1.344058514	5.159600000E-06	
6329.874110000	1.344058037	5.154600000E-06	
6329.391982000	1.344058156	5.149500000E-06	
6328.909854000	1.344057679	5.145100000E-06	
6328.427726000	1.344057798	5.140400000E-06	
6327.945598000	1.344057322	5.135200000E-06	
6327.463470000	1.344057441	5.130600000E-06	
6326.981342000	1.344056964	5.126300000E-06	
6326.499214000	1.344057083	5.122800000E-06	
6326.017086000	1.344056606	5.118600000E-06	
6325.534958000	1.344056726	5.114400000E-06	
6325.052830000	1.344056249	5.110300000E-06	
6324.570702000	1.344056368	5.106400000E-06	
6324.088574000	1.344055891	5.102600000E-06	
6323.606446000	1.344056010	5.098900000E-06	
6323.124318000	1.344055533	5.094500000E-06	
6322.642190000	1.344055653	5.090300000E-06	
6322.160062000	1.344055176	5.086300000E-06	
6321.677934000	1.344055295	5.082600000E-06	
6321.195806000	1.344054818	5.079200000E-06	
6320.713678000	1.344054937	5.076000000E-06	
6320.231550000	1.344054461	5.072900000E-06	
6319.749422000	1.344054580	5.070100000E-06	
6319.267294000	1.344054103	5.067400000E-06	
6318.785166000	1.344054222	5.064700000E-06	
6318.303038000	1.344053745	5.062200000E-06	
6317.820910000	1.344053864	5.059700000E-06	
6317.338783000	1.344053388	5.057400000E-06	
6316.856655000	1.344053507	5.055100000E-06	
6316.374527000	1.344053030	5.052900000E-06	
6315.892399000	1.344053030	5.050900000E-06	
6315.410271000	1.344052553	5.048900000E-06	
6314.928143000	1.344052672	5.046900000E-06	
6314.446015000	1.344052196	5.045100000E-06	
6313.963887000	1.344052315	5.044200000E-06	
6313.481759000	1.344051838	5.043400000E-06	
6312.999631000	1.344051957	5.042500000E-06	
6312.517503000	1.344051480	5.041500000E-06	
6312.035375000	1.344051600	5.040400000E-06	
6311.553247000	1.344051123	5.039400000E-06	
6311.071119000	1.344051242	5.038300000E-06	
6310.588991000	1.344050765	5.037200000E-06	
6310.106863000	1.344050884	5.036200000E-06	
6309.624735000	1.344050407	5.035200000E-06	
6309.142607000	1.344050527	5.034200000E-06	
6308.660479000	1.344050050	5.033300000E-06	
6308.178351000	1.344050169	5.032500000E-06	
6307.696223000	1.344049692	5.031800000E-06	
6307.214095000	1.344049811	5.031100000E-06	
6306.731967000	1.344049335	5.030400000E-06	
6306.249839000	1.344049454	5.029800000E-06	
6305.767711000	1.344048977	5.029100000E-06	
6305.285583000	1.344049096	5.028500000E-06	
6304.803455000	1.344048619	5.027800000E-06	
6304.321327000	1.344048738	5.027000000E-06	
6303.839199000	1.344048142	5.026100000E-06	
6303.357071000	1.344048381	5.025100000E-06	
6302.874943000	1.344047785	5.023900000E-06	
6302.392815000	1.344047904	5.022800000E-06	
6301.910687000	1.344047427	5.021500000E-06	
6301.428559000	1.344047546	5.020300000E-06	
6300.946431000	1.344047070	5.019000000E-06	
6300.464303000	1.344047189	5.017700000E-06	
6299.982175000	1.344046712	5.016300000E-06	
6299.500047000	1.344046831	5.014800000E-06	
6299.017919000	1.344046354	5.013200000E-06	
6298.535791000	1.344046474	5.011500000E-06	
6298.053663000	1.344045997	5.009700000E-06	
6297.571535000	1.344046116	5.007900000E-06	
6297.089407000	1.344045639	5.006200000E-06	
6296.607279000	1.344045758	5.004300000E-06	
6296.125151000	1.344045281	5.002500000E-06	
6295.643023000	1.344045401	5.000600000E-06	
6295.160896000	1.344044924	4.998800000E-06	
6294.678768000	1.344045043	4.997000000E-06	
6294.196640000	1.344044447	4.995300000E-06	
6293.714512000	1.344044566	4.993800000E-06	
6293.232384000	1.344044089	4.992400000E-06	
6292.750256000	1.344044209	4.991100000E-06	
6292.268128000	1.344043732	4.989800000E-06	
6291.786000000	1.344043851	4.988700000E-06	
6291.303872000	1.344043374	4.987800000E-06	
6290.821744000	1.344043493	4.987000000E-06	
6290.339616000	1.344043016	4.986400000E-06	
6289.857488000	1.344043136	4.985900000E-06	
6289.375360000	1.344042659	4.985400000E-06	
6288.893232000	1.344042778	4.985100000E-06	
6288.411104000	1.344042301	4.984700000E-06	
6287.928976000	1.344042420	4.984300000E-06	
6287.446848000	1.344041824	4.983800000E-06	
6286.964720000	1.344041944	4.983400000E-06	
6286.482592000	1.344041467	4.983000000E-06	
6286.000464000	1.344041586	4.982600000E-06	
6285.518336000	1.344041109	4.982200000E-06	
6285.036208000	1.344041228	4.981800000E-06	
6284.554080000	1.344040751	4.981300000E-06	
6284.071952000	1.344040871	4.980800000E-06	
6283.589824000	1.344040394	4.980200000E-06	
6283.107696000	1.344040513	4.979400000E-06	
6282.625568000	1.344040036	4.978500000E-06	
6282.143440000	1.344040155	4.977500000E-06	
6281.661312000	1.344039559	4.976300000E-06	
6281.179184000	1.344039679	4.974900000E-06	
6280.697056000	1.344039202	4.973400000E-06	
6280.214928000	1.344039321	4.971900000E-06	
6279.732800000	1.344038844	4.970400000E-06	
6279.250672000	1.344038963	4.968800000E-06	
6278.768544000	1.344038486	4.967200000E-06	
6278.286416000	1.344038606	4.965600000E-06	
6277.804288000	1.344038129	4.964100000E-06	
6277.322160000	1.344038248	4.962700000E-06	
6276.840032000	1.344037652	4.961300000E-06	
6276.357904000	1.344037771	4.960000000E-06	
6275.875776000	1.344037294	4.958800000E-06	
6275.393648000	1.344037414	4.957600000E-06	
6274.911520000	1.344036937	4.956500000E-06	
6274.429392000	1.344037056	4.955400000E-06	
6273.947264000	1.344036579	4.954300000E-06	
6273.465136000	1.344036698	4.953300000E-06	
6272.983009000	1.344036222	4.952200000E-06	
6272.500881000	1.344036341	4.951100000E-06	
6272.018753000	1.344035745	4.950100000E-06	
6271.536625000	1.344035864	4.949100000E-06	
6271.054497000	1.344035387	4.948300000E-06	
6270.572369000	1.344035506	4.947500000E-06	
6270.090241000	1.344035029	4.946800000E-06	
6269.608113000	1.344035149	4.946200000E-06	
6269.125985000	1.344034672	4.945700000E-06	
6268.643857000	1.344034791	4.945200000E-06	
6268.161729000	1.344034195	4.944700000E-06	
6267.679601000	1.344034314	4.944200000E-06	
6267.197473000	1.344033837	4.943700000E-06	
6266.715345000	1.344033957	4.943300000E-06	
6266.233217000	1.344033480	4.943000000E-06	
6265.751089000	1.344033599	4.942800000E-06	
6265.268961000	1.344033122	4.942700000E-06	
6264.786833000	1.344033122	4.942800000E-06	
6264.304705000	1.344032645	4.943100000E-06	
6263.822577000	1.344032764	4.943600000E-06	
6263.340449000	1.344032288	4.944400000E-06	
6262.858321000	1.344032407	4.945300000E-06	
6262.376193000	1.344031930	4.946400000E-06	
6261.894065000	1.344031930	4.947600000E-06	
6261.411937000	1.344031453	4.949100000E-06	
6260.929809000	1.344031572	4.950700000E-06	
6260.447681000	1.344031096	4.952600000E-06	
6259.965553000	1.344031215	4.954700000E-06	
6259.483425000	1.344030738	4.957000000E-06	
6259.001297000	1.344030857	4.959600000E-06	
6258.519169000	1.344030261	4.962400000E-06	
6258.037041000	1.344030380	4.965400000E-06	
6257.554913000	1.344029903	4.968300000E-06	
6257.072785000	1.344030023	4.971300000E-06	
6256.590657000	1.344029546	4.974400000E-06	
6256.108529000	1.344029665	4.977500000E-06	
6255.626401000	1.344029069	4.980600000E-06	
6255.144273000	1.344029188	4.983800000E-06	
6254.662145000	1.344028711	4.987000000E-06	
6254.180017000	1.344028831	4.990200000E-06	
6253.697889000	1.344028354	4.993300000E-06	
6253.215761000	1.344028473	4.996400000E-06	
6252.733633000	1.344027877	4.999400000E-06	
6252.251505000	1.344027996	5.002200000E-06	
6251.769377000	1.344027519	5.005000000E-06	
6251.287249000	1.344027638	5.007600000E-06	
6250.805121000	1.344027162	5.010100000E-06	
6250.322994000	1.344027281	5.012400000E-06	
6249.840866000	1.344026804	5.014500000E-06	
6249.358738000	1.344026804	5.016600000E-06	
6248.876610000	1.344026327	5.018600000E-06	
6248.394482000	1.344026446	5.020500000E-06	
6247.912354000	1.344025970	5.023000000E-06	
6247.430226000	1.344026089	5.024900000E-06	
6246.948098000	1.344025612	5.026800000E-06	
6246.465970000	1.344025731	5.028200000E-06	
6245.983842000	1.344025135	5.029700000E-06	
6245.501714000	1.344025254	5.031400000E-06	
6245.019586000	1.344024777	5.033300000E-06	
6244.537458000	1.344024897	5.035300000E-06	
6244.055330000	1.344024420	5.037100000E-06	
6243.573202000	1.344024539	5.038600000E-06	
6243.091074000	1.344023943	5.039500000E-06	
6242.608946000	1.344024062	5.040100000E-06	
6242.126818000	1.344023585	5.040800000E-06	
6241.644690000	1.344023705	5.041600000E-06	
6241.162562000	1.344023108	5.042500000E-06	
6240.680434000	1.344023228	5.043700000E-06	
6240.198306000	1.344022751	5.045100000E-06	
6239.716178000	1.344022870	5.046500000E-06	
6239.234050000	1.344022393	5.047600000E-06	
6238.751922000	1.344022512	5.048700000E-06	
6238.269794000	1.344021916	5.049500000E-06	
6237.787666000	1.344022036	5.050300000E-06	
6237.305538000	1.344021559	5.051300000E-06	
6236.823410000	1.344021678	5.053000000E-06	
6236.341282000	1.344021082	5.055200000E-06	
6235.859154000	1.344021201	5.058400000E-06	
6235.377026000	1.344020724	5.062400000E-06	
6234.894898000	1.344020844	5.066900000E-06	
6234.412770000	1.344020367	5.071100000E-06	
6233.930642000	1.344020367	5.075000000E-06	
6233.448514000	1.344019890	5.078300000E-06	
6232.966386000	1.344020009	5.080900000E-06	
6232.484258000	1.344019532	5.083100000E-06	
6232.002130000	1.344019651	5.085800000E-06	
6231.520002000	1.344019055	5.089200000E-06	
6231.037874000	1.344019175	5.093600000E-06	
6230.555746000	1.344018698	5.098800000E-06	
6230.073618000	1.344018817	5.104300000E-06	
6229.591490000	1.344018221	5.109200000E-06	
6229.109362000	1.344018340	5.113600000E-06	
6228.627234000	1.344017863	5.117700000E-06	
6228.145107000	1.344017982	5.121800000E-06	
6227.662979000	1.344017386	5.126200000E-06	
6227.180851000	1.344017506	5.131000000E-06	
6226.698723000	1.344017029	5.136200000E-06	
6226.216595000	1.344017148	5.141400000E-06	
6225.734467000	1.344016552	5.146300000E-06	
6225.252339000	1.344016671	5.151100000E-06	
6224.770211000	1.344016194	5.155900000E-06	
6224.288083000	1.344016314	5.160500000E-06	
6223.805955000	1.344015718	5.165300000E-06	
6223.323827000	1.344015837	5.170400000E-06	
6222.841699000	1.344015360	5.175800000E-06	
6222.359571000	1.344015479	5.181600000E-06	
6221.877443000	1.344014883	5.188100000E-06	
6221.395315000	1.344015002	5.194900000E-06	
6220.913187000	1.344014525	5.202000000E-06	
6220.431059000	1.344014645	5.209200000E-06	
6219.948931000	1.344014049	5.216800000E-06	
6219.466803000	1.344014168	5.224000000E-06	
6218.984675000	1.344013691	5.230600000E-06	
6218.502547000	1.344013810	5.236900000E-06	
6218.020419000	1.344013214	5.243500000E-06	
6217.538291000	1.344013333	5.250400000E-06	
6217.056163000	1.344012856	5.258000000E-06	
6216.574035000	1.344012976	5.266100000E-06	
6216.091907000	1.344012380	5.274600000E-06	
6215.609779000	1.344012499	5.283900000E-06	
6215.127651000	1.344012022	5.294300000E-06	
6214.645523000	1.344012141	5.305100000E-06	
6214.163395000	1.344011545	5.315400000E-06	
6213.681267000	1.344011664	5.325000000E-06	
6213.199139000	1.344011188	5.334300000E-06	
6212.717011000	1.344011188	5.343600000E-06	
6212.234883000	1.344010711	5.352900000E-06	
6211.752755000	1.344010830	5.361900000E-06	
6211.270627000	1.344010353	5.369800000E-06	
6210.788499000	1.344010353	5.376500000E-06	
6210.306371000	1.344009876	5.382200000E-06	
6209.824243000	1.344009995	5.387700000E-06	
6209.342115000	1.344009519	5.393100000E-06	
6208.859987000	1.344009519	5.398800000E-06	
6208.377859000	1.344009042	5.405100000E-06	
6207.895731000	1.344009161	5.412300000E-06	
6207.413603000	1.344008684	5.419700000E-06	
6206.931475000	1.344008684	5.427500000E-06	
6206.449347000	1.344008207	5.435400000E-06	
6205.967220000	1.344008327	5.443100000E-06	
6205.485092000	1.344007730	5.450100000E-06	
6205.002964000	1.344007850	5.456900000E-06	
6204.520836000	1.344007373	5.463700000E-06	
6204.038708000	1.344007492	5.470500000E-06	
6203.556580000	1.344006896	5.477500000E-06	
6203.074452000	1.344007015	5.484700000E-06	
6202.592324000	1.344006538	5.491700000E-06	
6202.110196000	1.344006538	5.498300000E-06	
6201.628068000	1.344006062	5.504900000E-06	
6201.145940000	1.344006181	5.511800000E-06	
6200.663812000	1.344005585	5.519100000E-06	
6200.181684000	1.344005704	5.527100000E-06	
6199.699556000	1.344005227	5.536000000E-06	
6199.217428000	1.344005227	5.545400000E-06	
6198.735300000	1.344004750	5.554900000E-06	
6198.253172000	1.344004869	5.564500000E-06	
6197.771044000	1.344004273	5.574100000E-06	
6197.288916000	1.344004393	5.583400000E-06	
6196.806788000	1.344003916	5.592400000E-06	
6196.324660000	1.344004035	5.601600000E-06	
6195.842532000	1.344003439	5.611100000E-06	
6195.360404000	1.344003558	5.621000000E-06	
6194.878276000	1.344002962	5.631500000E-06	
6194.396148000	1.344003081	5.642300000E-06	
6193.914020000	1.344002604	5.653000000E-06	
6193.431892000	1.344002724	5.663800000E-06	
6192.949764000	1.344002128	5.675400000E-06	
6192.467636000	1.344002247	5.687700000E-06	
6191.985508000	1.344001651	5.700200000E-06	
6191.503380000	1.344001770	5.712600000E-06	
6191.021252000	1.344001293	5.724900000E-06	
6190.539124000	1.344001293	5.736900000E-06	
6190.056996000	1.344000816	5.749100000E-06	
6189.574868000	1.344000936	5.761500000E-06	
6189.092740000	1.344000340	5.773800000E-06	
6188.610612000	1.344000459	5.785500000E-06	
6188.128484000	1.343999982	5.797000000E-06	
6187.646356000	1.343999982	5.808300000E-06	
6187.164228000	1.343999505	5.819600000E-06	
6186.682100000	1.343999624	5.831000000E-06	
6186.199972000	1.343999028	5.843000000E-06	
6185.717844000	1.343999147	5.855600000E-06	
6185.235716000	1.343998551	5.869200000E-06	
6184.753588000	1.343998671	5.884000000E-06	
6184.271460000	1.343998194	5.900300000E-06	
6183.789333000	1.343998194	5.917200000E-06	
6183.307205000	1.343997717	5.934300000E-06	
6182.825077000	1.343997836	5.951500000E-06	
6182.342949000	1.343997240	5.968700000E-06	
6181.860821000	1.343997359	5.985500000E-06	
6181.378693000	1.343996763	6.001900000E-06	
6180.896565000	1.343996882	6.017500000E-06	
6180.414437000	1.343996406	6.032500000E-06	
6179.932309000	1.343996406	6.047400000E-06	
6179.450181000	1.343995929	6.063300000E-06	
6178.968053000	1.343996048	6.080200000E-06	
6178.485925000	1.343995452	6.097800000E-06	
6178.003797000	1.343995571	6.116000000E-06	
6177.521669000	1.343994975	6.134900000E-06	
6177.039541000	1.343995094	6.154100000E-06	
6176.557413000	1.343994617	6.173100000E-06	
6176.075285000	1.343994617	6.191700000E-06	
6175.593157000	1.343994141	6.209800000E-06	
6175.111029000	1.343994260	6.227600000E-06	
6174.628901000	1.343993664	6.245400000E-06	
6174.146773000	1.343993783	6.263000000E-06	
6173.664645000	1.343993187	6.279900000E-06	
6173.182517000	1.343993306	6.295700000E-06	
6172.700389000	1.343992829	6.311000000E-06	
6172.218261000	1.343992829	6.326500000E-06	
6171.736133000	1.343992352	6.342400000E-06	
6171.254005000	1.343992472	6.359000000E-06	
6170.771877000	1.343991876	6.376300000E-06	
6170.289749000	1.343991995	6.393900000E-06	
6169.807621000	1.343991399	6.411300000E-06	
6169.325493000	1.343991518	6.429100000E-06	
6168.843365000	1.343990922	6.447200000E-06	
6168.361237000	1.343991041	6.465600000E-06	
6167.879109000	1.343990564	6.484100000E-06	
6167.396981000	1.343990564	6.502900000E-06	
6166.914853000	1.343990088	6.521500000E-06	
6166.432725000	1.343990088	6.540100000E-06	
6165.950597000	1.343989611	6.559400000E-06	
6165.468469000	1.343989730	6.579600000E-06	
6164.986341000	1.343989134	6.600200000E-06	
6164.504213000	1.343989253	6.621000000E-06	
6164.022085000	1.343988657	6.642000000E-06	
6163.539957000	1.343988776	6.663500000E-06	
6163.057829000	1.343988180	6.685400000E-06	
6162.575701000	1.343988299	6.707900000E-06	
6162.093573000	1.343987703	6.731000000E-06	
6161.611445000	1.343987823	6.754100000E-06	
6161.129318000	1.343987346	6.777300000E-06	
6160.647190000	1.343987346	6.800700000E-06	
6160.165062000	1.343986869	6.824400000E-06	
6159.682934000	1.343986869	6.848400000E-06	
6159.200806000	1.343986392	6.872800000E-06	
6158.718678000	1.343986392	6.897600000E-06	
6158.236550000	1.343985915	6.922100000E-06	
6157.754422000	1.343986034	6.946100000E-06	
6157.272294000	1.343985438	6.970100000E-06	
6156.790166000	1.343985558	6.994200000E-06	
6156.308038000	1.343984962	7.018700000E-06	
6155.825910000	1.343985081	7.043500000E-06	
6155.343782000	1.343984485	7.068800000E-06	
6154.861654000	1.343984604	7.094300000E-06	
6154.379526000	1.343984008	7.120400000E-06	
6153.897398000	1.343984127	7.147400000E-06	
6153.415270000	1.343983650	7.175200000E-06	
6152.933142000	1.343983650	7.203100000E-06	
6152.451014000	1.343983173	7.230800000E-06	
6151.968886000	1.343983173	7.257900000E-06	
6151.486758000	1.343982697	7.284300000E-06	
6151.004630000	1.343982816	7.309600000E-06	
6150.522502000	1.343982220	7.334200000E-06	
6150.040374000	1.343982339	7.358300000E-06	
6149.558246000	1.343981743	7.382200000E-06	
6149.076118000	1.343981862	7.406200000E-06	
6148.593990000	1.343981266	7.430900000E-06	
6148.111862000	1.343981385	7.456100000E-06	
6147.629734000	1.343980789	7.481800000E-06	
6147.147606000	1.343980908	7.508000000E-06	
6146.665478000	1.343980312	7.534600000E-06	
6146.183350000	1.343980432	7.560900000E-06	
6145.701222000	1.343979955	7.586800000E-06	
6145.219094000	1.343979955	7.612200000E-06	
6144.736966000	1.343979478	7.636900000E-06	
6144.254838000	1.343979478	7.660900000E-06	
6143.772710000	1.343979001	7.684600000E-06	
6143.290582000	1.343979120	7.708500000E-06	
6142.808454000	1.343978524	7.732600000E-06	
6142.326326000	1.343978643	7.757400000E-06	
6141.844198000	1.343978047	7.783100000E-06	
6141.362070000	1.343978167	7.809600000E-06	
6140.879942000	1.343977571	7.836400000E-06	
6140.397814000	1.343977690	7.863400000E-06	
6139.915686000	1.343977094	7.890300000E-06	
6139.433558000	1.343977213	7.917000000E-06	
6138.951431000	1.343976617	7.943600000E-06	
6138.469303000	1.343976736	7.970600000E-06	
6137.987175000	1.343976140	7.997500000E-06	
6137.505047000	1.343976259	8.024000000E-06	
6137.022919000	1.343975663	8.050300000E-06	
6136.540791000	1.343975782	8.076600000E-06	
6136.058663000	1.343975186	8.102900000E-06	
6135.576535000	1.343975306	8.129600000E-06	
6135.094407000	1.343974710	8.156800000E-06	
6134.612279000	1.343974829	8.184400000E-06	
6134.130151000	1.343974233	8.212000000E-06	
6133.648023000	1.343974352	8.240100000E-06	
6133.165895000	1.343973756	8.268000000E-06	
6132.683767000	1.343973875	8.295600000E-06	
6132.201639000	1.343973279	8.322600000E-06	
6131.719511000	1.343973398	8.349700000E-06	
6131.237383000	1.343972802	8.377400000E-06	
6130.755255000	1.343972921	8.406100000E-06	
6130.273127000	1.343972325	8.435700000E-06	
6129.790999000	1.343972325	8.466400000E-06	
6129.308871000	1.343971848	8.497800000E-06	
6128.826743000	1.343971848	8.529800000E-06	
6128.344615000	1.343971372	8.562300000E-06	
6127.862487000	1.343971372	8.595100000E-06	
6127.380359000	1.343970776	8.627900000E-06	
6126.898231000	1.343970895	8.661000000E-06	
6126.416103000	1.343970299	8.695100000E-06	
6125.933975000	1.343970418	8.729700000E-06	
6125.451847000	1.343969822	8.764600000E-06	
6124.969719000	1.343969941	8.799800000E-06	
6124.487591000	1.343969345	8.835400000E-06	
6124.005463000	1.343969464	8.871500000E-06	
6123.523335000	1.343968868	8.908400000E-06	
6123.041207000	1.343968868	8.945700000E-06	
6122.559079000	1.343968391	8.983400000E-06	
6122.076951000	1.343968391	9.021000000E-06	
6121.594823000	1.343967915	9.059200000E-06	
6121.112695000	1.343967915	9.097800000E-06	
6120.630567000	1.343967319	9.136800000E-06	
6120.148439000	1.343967438	9.176000000E-06	
6119.666311000	1.343966842	9.215800000E-06	
6119.184183000	1.343966961	9.255600000E-06	
6118.702055000	1.343966365	9.295100000E-06	
6118.219927000	1.343966484	9.334200000E-06	
6117.737799000	1.343965888	9.373000000E-06	
6117.255671000	1.343966007	9.411900000E-06	
6116.773544000	1.343965411	9.451700000E-06	
6116.291416000	1.343965411	9.492500000E-06	
6115.809288000	1.343964934	9.533700000E-06	
6115.327160000	1.343964934	9.574600000E-06	
6114.845032000	1.343964338	9.615400000E-06	
6114.362904000	1.343964458	9.656400000E-06	
6113.880776000	1.343963861	9.698200000E-06	
6113.398648000	1.343963981	9.740900000E-06	
6112.916520000	1.343963385	9.785000000E-06	
6112.434392000	1.343963504	9.829800000E-06	
6111.952264000	1.343962908	9.875100000E-06	
6111.470136000	1.343962908	9.920800000E-06	
6110.988008000	1.343962431	9.967100000E-06	
6110.505880000	1.343962431	1.001370000E-05	
6110.023752000	1.343961954	1.006070000E-05	
6109.541624000	1.343961954	1.010810000E-05	
6109.059496000	1.343961358	1.015580000E-05	
6108.577368000	1.343961477	1.020340000E-05	
6108.095240000	1.343960881	1.025050000E-05	
6107.613112000	1.343961000	1.029710000E-05	
6107.130984000	1.343960404	1.034300000E-05	
6106.648856000	1.343960524	1.038890000E-05	
6106.166728000	1.343959928	1.043540000E-05	
6105.684600000	1.343959928	1.048280000E-05	
6105.202472000	1.343959451	1.053050000E-05	
6104.720344000	1.343959451	1.057870000E-05	
6104.238216000	1.343958855	1.062710000E-05	
6103.756088000	1.343958974	1.067600000E-05	
6103.273960000	1.343958378	1.072550000E-05	
6102.791832000	1.343958497	1.077570000E-05	
6102.309704000	1.343957901	1.082590000E-05	
6101.827576000	1.343958020	1.087600000E-05	
6101.345448000	1.343957424	1.092590000E-05	
6100.863320000	1.343957424	1.097550000E-05	
6100.381192000	1.343956947	1.102450000E-05	
6099.899064000	1.343956947	1.107290000E-05	
6099.416936000	1.343956351	1.112140000E-05	
6098.934808000	1.343956470	1.117090000E-05	
6098.452680000	1.343955874	1.122190000E-05	
6097.970552000	1.343955994	1.127440000E-05	
6097.488424000	1.343955398	1.132750000E-05	
6097.006296000	1.343955398	1.138040000E-05	
6096.524168000	1.343954921	1.143300000E-05	
6096.042040000	1.343954921	1.148610000E-05	
6095.559912000	1.343954325	1.153990000E-05	
6095.077784000	1.343954444	1.159400000E-05	
6094.595657000	1.343953848	1.164820000E-05	
6094.113529000	1.343953967	1.170240000E-05	
6093.631401000	1.343953371	1.175670000E-05	
6093.149273000	1.343953371	1.181140000E-05	
6092.667145000	1.343952894	1.186640000E-05	
6092.185017000	1.343952894	1.192160000E-05	
6091.702889000	1.343952298	1.197710000E-05	
6091.220761000	1.343952417	1.203320000E-05	
6090.738633000	1.343951821	1.209010000E-05	
6090.256505000	1.343951941	1.214720000E-05	
6089.774377000	1.343951344	1.220430000E-05	
6089.292249000	1.343951344	1.226130000E-05	
6088.810121000	1.343950868	1.231870000E-05	
6088.327993000	1.343950868	1.237640000E-05	
6087.845865000	1.343950272	1.243450000E-05	
6087.363737000	1.343950391	1.249270000E-05	
6086.881609000	1.343949795	1.255100000E-05	
6086.399481000	1.343949914	1.260930000E-05	
6085.917353000	1.343949318	1.266800000E-05	
6085.435225000	1.343949318	1.272670000E-05	
6084.953097000	1.343948841	1.278530000E-05	
6084.470969000	1.343948841	1.284400000E-05	
6083.988841000	1.343948245	1.290340000E-05	
6083.506713000	1.343948364	1.296330000E-05	
6083.024585000	1.343947768	1.302330000E-05	
6082.542457000	1.343947887	1.308280000E-05	
6082.060329000	1.343947291	1.314160000E-05	
6081.578201000	1.343947411	1.319970000E-05	
6081.096073000	1.343946815	1.325750000E-05	
6080.613945000	1.343946815	1.331550000E-05	
6080.131817000	1.343946338	1.337380000E-05	
6079.649689000	1.343946338	1.343200000E-05	
6079.167561000	1.343945742	1.348960000E-05	
6078.685433000	1.343945861	1.354630000E-05	
6078.203305000	1.343945265	1.360190000E-05	
6077.721177000	1.343945384	1.365680000E-05	
6077.239049000	1.343944788	1.371180000E-05	
6076.756921000	1.343944907	1.376680000E-05	
6076.274793000	1.343944311	1.382170000E-05	
6075.792665000	1.343944311	1.387630000E-05	
6075.310537000	1.343943715	1.393050000E-05	
6074.828409000	1.343943834	1.398460000E-05	
6074.346281000	1.343943238	1.403880000E-05	
6073.864153000	1.343943357	1.409350000E-05	
6073.382025000	1.343942761	1.414870000E-05	
6072.899897000	1.343942761	1.420420000E-05	
6072.417769000	1.343942165	1.425990000E-05	
6071.935642000	1.343942285	1.431530000E-05	
6071.453514000	1.343941689	1.436980000E-05	
6070.971386000	1.343941808	1.442390000E-05	
6070.489258000	1.343941212	1.447770000E-05	
6070.007130000	1.343941212	1.453170000E-05	
6069.525002000	1.343940616	1.458530000E-05	
6069.042874000	1.343940735	1.463850000E-05	
6068.560746000	1.343940139	1.469090000E-05	
6068.078618000	1.343940258	1.474270000E-05	
6067.596490000	1.343939662	1.479410000E-05	
6067.114362000	1.343939662	1.484550000E-05	
6066.632234000	1.343939066	1.489710000E-05	
6066.150106000	1.343939185	1.494910000E-05	
6065.667978000	1.343938589	1.500150000E-05	
6065.185850000	1.343938589	1.505420000E-05	
6064.703722000	1.343937993	1.510640000E-05	
6064.221594000	1.343938112	1.515750000E-05	
6063.739466000	1.343937516	1.520760000E-05	
6063.257338000	1.343937516	1.525680000E-05	
6062.775210000	1.343937039	1.530510000E-05	
6062.293082000	1.343937039	1.535270000E-05	
6061.810954000	1.343936443	1.539990000E-05	
6061.328826000	1.343936443	1.544690000E-05	
6060.846698000	1.343935847	1.549420000E-05	
6060.364570000	1.343935966	1.554250000E-05	
6059.882442000	1.343935370	1.559170000E-05	
6059.400314000	1.343935370	1.564180000E-05	
6058.918186000	1.343934774	1.569240000E-05	
6058.436058000	1.343934774	1.574350000E-05	
6057.953930000	1.343934178	1.579450000E-05	
6057.471802000	1.343934298	1.584550000E-05	
6056.989674000	1.343933702	1.589650000E-05	
6056.507546000	1.343933702	1.594770000E-05	
6056.025418000	1.343933105	1.599910000E-05	
6055.543290000	1.343933105	1.605090000E-05	
6055.061162000	1.343932509	1.610360000E-05	
6054.579034000	1.343932509	1.615710000E-05	
6054.096906000	1.343931913	1.621140000E-05	
6053.614778000	1.343931913	1.626630000E-05	
6053.132650000	1.343931317	1.632200000E-05	
6052.650522000	1.343931317	1.637810000E-05	
6052.168394000	1.343930721	1.643480000E-05	
6051.686266000	1.343930721	1.649150000E-05	
6051.204138000	1.343930125	1.654820000E-05	
6050.722010000	1.343930125	1.660440000E-05	
6050.239882000	1.343929529	1.666070000E-05	
6049.757755000	1.343929529	1.671720000E-05	
6049.275627000	1.343928933	1.677410000E-05	
6048.793499000	1.343928933	1.683130000E-05	
6048.311371000	1.343928337	1.688950000E-05	
6047.829243000	1.343928337	1.694850000E-05	
6047.347115000	1.343927741	1.700860000E-05	
6046.864987000	1.343927741	1.706950000E-05	
6046.382859000	1.343927026	1.713100000E-05	
6045.900731000	1.343927145	1.719250000E-05	
6045.418603000	1.343926430	1.725400000E-05	
6044.936475000	1.343926430	1.731580000E-05	
6044.454347000	1.343925834	1.737820000E-05	
6043.972219000	1.343925834	1.744130000E-05	
6043.490091000	1.343925118	1.750530000E-05	
6043.007963000	1.343925118	1.757010000E-05	
6042.525835000	1.343924522	1.763550000E-05	
6042.043707000	1.343924522	1.770180000E-05	
6041.561579000	1.343923926	1.776950000E-05	
6041.079451000	1.343923807	1.783920000E-05	
6040.597323000	1.343923211	1.791030000E-05	
6040.115195000	1.343923211	1.798270000E-05	
6039.633067000	1.343922496	1.805540000E-05	
6039.150939000	1.343922496	1.812860000E-05	
6038.668811000	1.343921781	1.820270000E-05	
6038.186683000	1.343921900	1.827840000E-05	
6037.704555000	1.343921185	1.835620000E-05	
6037.222427000	1.343921185	1.843580000E-05	
6036.740299000	1.343920469	1.851670000E-05	
6036.258171000	1.343920469	1.859890000E-05	
6035.776043000	1.343919754	1.868220000E-05	
6035.293915000	1.343919754	1.876700000E-05	
6034.811787000	1.343919039	1.885350000E-05	
6034.329659000	1.343919039	1.894150000E-05	
6033.847531000	1.343918324	1.903040000E-05	
6033.365403000	1.343918324	1.912050000E-05	
6032.883275000	1.343917608	1.921220000E-05	
6032.401147000	1.343917608	1.930600000E-05	
6031.919019000	1.343916893	1.940190000E-05	
6031.436891000	1.343916893	1.950010000E-05	
6030.954763000	1.343916178	1.960030000E-05	
6030.472635000	1.343916059	1.970260000E-05	
6029.990507000	1.343915343	1.980700000E-05	
6029.508379000	1.343915343	1.991360000E-05	
6029.026251000	1.343914628	2.002220000E-05	
6028.544123000	1.343914628	2.013330000E-05	
6028.061995000	1.343913913	2.024710000E-05	
6027.579868000	1.343913794	2.036390000E-05	
6027.097740000	1.343913078	2.048320000E-05	
6026.615612000	1.343913078	2.060450000E-05	
6026.133484000	1.343912363	2.072780000E-05	
6025.651356000	1.343912244	2.085330000E-05	
6025.169228000	1.343911529	2.098120000E-05	
6024.687100000	1.343911529	2.111170000E-05	
6024.204972000	1.343910694	2.124460000E-05	
6023.722844000	1.343910694	2.138020000E-05	
6023.240716000	1.343909979	2.151920000E-05	
6022.758588000	1.343909860	2.166210000E-05	
6022.276460000	1.343909144	2.180900000E-05	
6021.794332000	1.343909025	2.195900000E-05	
6021.312204000	1.343908310	2.211220000E-05	
6020.830076000	1.343908191	2.226830000E-05	
6020.347948000	1.343907475	2.242780000E-05	
6019.865820000	1.343907356	2.259090000E-05	
6019.383692000	1.343906641	2.275770000E-05	
6018.901564000	1.343906522	2.292800000E-05	
6018.419436000	1.343905807	2.310200000E-05	
6017.937308000	1.343905687	2.327990000E-05	
6017.455180000	1.343904972	2.346220000E-05	
6016.973052000	1.343904734	2.364920000E-05	
6016.490924000	1.343904018	2.384080000E-05	
6016.008796000	1.343903899	2.403660000E-05	
6015.526668000	1.343903184	2.423660000E-05	
6015.044540000	1.343903065	2.444060000E-05	
6014.562412000	1.343902349	2.464890000E-05	
6014.080284000	1.343902111	2.486130000E-05	
6013.598156000	1.343901396	2.507790000E-05	
6013.116028000	1.343901277	2.529820000E-05	
6012.633900000	1.343900561	2.552270000E-05	
6012.151772000	1.343900442	2.575180000E-05	
6011.669644000	1.343899608	2.598630000E-05	
6011.187516000	1.343899488	2.622660000E-05	
6010.705388000	1.343898773	2.647300000E-05	
6010.223260000	1.343898535	2.672510000E-05	
6009.741132000	1.343897820	2.698260000E-05	
6009.259004000	1.343897700	2.724510000E-05	
6008.776876000	1.343896866	2.751310000E-05	
6008.294748000	1.343896747	2.778690000E-05	
6007.812620000	1.343895912	2.806720000E-05	
6007.330492000	1.343895793	2.835440000E-05	
6006.848364000	1.343895078	2.864840000E-05	
6006.366236000	1.343894839	2.894900000E-05	
6005.884108000	1.343894124	2.926420000E-05	
6005.401981000	1.343893886	2.957970000E-05	
6004.919853000	1.343893170	2.990250000E-05	
6004.437725000	1.343892932	3.023300000E-05	
6003.955597000	1.343892217	3.057110000E-05	
6003.473469000	1.343891978	3.091710000E-05	
6002.991341000	1.343891263	3.127150000E-05	
6002.509213000	1.343891025	3.163450000E-05	
6002.027085000	1.343890309	3.200660000E-05	
6001.544957000	1.343890071	3.238820000E-05	
6001.062829000	1.343889356	3.277980000E-05	
6000.580701000	1.343889117	3.318220000E-05	
6000.098573000	1.343888402	3.359580000E-05	
5999.616445000	1.343888164	3.402090000E-05	
5999.134317000	1.343887448	3.445760000E-05	
5998.652189000	1.343887329	3.482820000E-05	
5998.170061000	1.343886733	3.522420000E-05	
5997.687933000	1.343886495	3.560910000E-05	
5997.205805000	1.343885541	3.601830000E-05	
5996.723677000	1.343885422	3.645260000E-05	
5996.241549000	1.343884349	3.699180000E-05	
5995.759421000	1.343884230	3.754960000E-05	
5995.277293000	1.343883276	3.816280000E-05	
5994.795165000	1.343883157	3.879300000E-05	
5994.313037000	1.343882442	3.943210000E-05	
5993.830909000	1.343882322	4.006980000E-05	
5993.348781000	1.343881607	4.069400000E-05	
5992.866653000	1.343881726	4.129950000E-05	
5992.384525000	1.343881011	4.188640000E-05	
5991.902397000	1.343881130	4.246050000E-05	
5991.420269000	1.343880296	4.302970000E-05	
5990.938141000	1.343880415	4.360040000E-05	
5990.456013000	1.343879700	4.417740000E-05	
5989.973885000	1.343879700	4.475290000E-05	
5989.491757000	1.343878984	4.533000000E-05	
5989.009629000	1.343878984	4.589860000E-05	
5988.527501000	1.343878269	4.645700000E-05	
5988.045373000	1.343878388	4.700760000E-05	
5987.563245000	1.343877554	4.757130000E-05	
5987.081117000	1.343877554	4.810250000E-05	
5986.598989000	1.343876719	4.872220000E-05	
5986.116861000	1.343876719	4.937590000E-05	
5985.634733000	1.343875885	5.004310000E-05	
5985.152605000	1.343875885	5.068670000E-05	
5984.670477000	1.343875051	5.134360000E-05	
5984.188349000	1.343875051	5.203740000E-05	
5983.706221000	1.343874097	5.280710000E-05	
5983.224093000	1.343874097	5.361880000E-05	
5982.741966000	1.343873262	5.445690000E-05	
5982.259838000	1.343873262	5.529020000E-05	
5981.777710000	1.343872428	5.614860000E-05	
5981.295582000	1.343872428	5.703790000E-05	
5980.813454000	1.343871593	5.798000000E-05	
5980.331326000	1.343871593	5.895730000E-05	
5979.849198000	1.343870878	5.999100000E-05	
5979.367070000	1.343870878	6.108350000E-05	
5978.884942000	1.343870044	6.225320000E-05	
5978.402814000	1.343870163	6.346900000E-05	
5977.920686000	1.343869686	6.470220000E-05	
5977.438558000	1.343869925	6.592160000E-05	
5976.956430000	1.343869448	6.714250000E-05	
5976.474302000	1.343869686	6.839050000E-05	
5975.992174000	1.343869328	6.969700000E-05	
5975.510046000	1.343869567	7.106500000E-05	
5975.027918000	1.343869328	7.248240000E-05	
5974.545790000	1.343869686	7.392730000E-05	
5974.063662000	1.343869567	7.537770000E-05	
5973.581534000	1.343870282	7.682300000E-05	
5973.099406000	1.343870282	7.825710000E-05	
5972.617278000	1.343870997	7.969080000E-05	
5972.135150000	1.343871236	8.112220000E-05	
5971.653022000	1.343872070	8.255260000E-05	
5971.170894000	1.343872309	8.396400000E-05	
5970.688766000	1.343873501	8.536160000E-05	
5970.206638000	1.343873858	8.674390000E-05	
5969.724510000	1.343875051	8.813010000E-05	
5969.242382000	1.343875647	8.950420000E-05	
5968.760254000	1.343877077	9.085750000E-05	
5968.278126000	1.343877912	9.214450000E-05	
5967.795998000	1.343879461	9.335150000E-05	
5967.313870000	1.343880534	9.445300000E-05	
5966.831742000	1.343882084	9.547170000E-05	
5966.349614000	1.343883157	9.641850000E-05	
5965.867486000	1.343884945	9.733320000E-05	
5965.385358000	1.343886018	9.821160000E-05	
5964.903230000	1.343887925	9.905240000E-05	
5964.421102000	1.343889236	9.980420000E-05	
5963.938974000	1.343891263	1.004527000E-04	
5963.456846000	1.343892694	1.009667000E-04	
5962.974718000	1.343894958	1.013597000E-04	
5962.492590000	1.343896270	1.016163000E-04	
5962.010462000	1.343898535	1.017502000E-04	
5961.528334000	1.343899965	1.017573000E-04	
5961.046206000	1.343902111	1.016678000E-04	
5960.564079000	1.343903542	1.014885000E-04	
5960.081951000	1.343905568	1.012255000E-04	
5959.599823000	1.343907118	1.008525000E-04	
5959.117695000	1.343909144	1.003558000E-04	
5958.635567000	1.343910456	9.972400000E-05	
5958.153439000	1.343912482	9.896770000E-05	
5957.671311000	1.343913674	9.809970000E-05	
5957.189183000	1.343915462	9.713530000E-05	
5956.707055000	1.343916535	9.609510000E-05	
5956.224927000	1.343918085	9.498930000E-05	
5955.742799000	1.343919039	9.383020000E-05	
5955.260671000	1.343920350	9.260890000E-05	
5954.778543000	1.343921185	9.133720000E-05	
5954.296415000	1.343922377	9.001350000E-05	
5953.814287000	1.343922853	8.865720000E-05	
5953.332159000	1.343923926	8.725630000E-05	
5952.850031000	1.343924284	8.582100000E-05	
5952.367903000	1.343925118	8.434820000E-05	
5951.885775000	1.343925118	8.287880000E-05	
5951.403647000	1.343925714	8.141970000E-05	
5950.921519000	1.343925714	7.999260000E-05	
5950.439391000	1.343926072	7.857480000E-05	
5949.957263000	1.343925714	7.718260000E-05	
5949.475135000	1.343926072	7.580930000E-05	
5948.993007000	1.343925476	7.448180000E-05	
5948.510879000	1.343925595	7.317970000E-05	
5948.028751000	1.343924999	7.191760000E-05	
5947.546623000	1.343924999	7.069220000E-05	
5947.064495000	1.343924165	6.953860000E-05	
5946.582367000	1.343924046	6.844220000E-05	
5946.100239000	1.343923211	6.739070000E-05	
5945.618111000	1.343922973	6.634310000E-05	
5945.135983000	1.343922019	6.532250000E-05	
5944.653855000	1.343921542	6.436840000E-05	
5944.171727000	1.343920469	6.353390000E-05	
5943.689599000	1.343919992	6.280280000E-05	
5943.207471000	1.343918920	6.213600000E-05	
5942.725343000	1.343918443	6.149130000E-05	
5942.243215000	1.343917370	6.087570000E-05	
5941.761087000	1.343916774	6.031620000E-05	
5941.278959000	1.343915582	5.983250000E-05	
5940.796831000	1.343915105	5.941440000E-05	
5940.314703000	1.343913913	5.903660000E-05	
5939.832575000	1.343913436	5.869030000E-05	
5939.350447000	1.343912244	5.837760000E-05	
5938.868319000	1.343911767	5.811330000E-05	
5938.386192000	1.343910575	5.789150000E-05	
5937.904064000	1.343910098	5.770980000E-05	
5937.421936000	1.343908906	5.755040000E-05	
5936.939808000	1.343908548	5.742680000E-05	
5936.457680000	1.343907237	5.734340000E-05	
5935.975552000	1.343906760	5.732430000E-05	
5935.493424000	1.343905687	5.735000000E-05	
5935.011296000	1.343905210	5.740980000E-05	
5934.529168000	1.343904018	5.746670000E-05	
5934.047040000	1.343903661	5.753280000E-05	
5933.564912000	1.343902588	5.761990000E-05	
5933.082784000	1.343902111	5.776390000E-05	
5932.600656000	1.343901038	5.794470000E-05	
5932.118528000	1.343900681	5.815250000E-05	
5931.636400000	1.343899608	5.835790000E-05	
5931.154272000	1.343899250	5.858890000E-05	
5930.672144000	1.343898058	5.886030000E-05	
5930.190016000	1.343897700	5.920230000E-05	
5929.707888000	1.343896627	5.958840000E-05	
5929.225760000	1.343896389	6.000600000E-05	
5928.743632000	1.343895316	6.042490000E-05	
5928.261504000	1.343895078	6.085470000E-05	
5927.779376000	1.343894124	6.129180000E-05	
5927.297248000	1.343893886	6.175470000E-05	
5926.815120000	1.343892932	6.224420000E-05	
5926.332992000	1.343892813	6.277850000E-05	
5925.850864000	1.343891859	6.334980000E-05	
5925.368736000	1.343891740	6.395520000E-05	
5924.886608000	1.343890786	6.457590000E-05	
5924.404480000	1.343890786	6.521230000E-05	
5923.922352000	1.343889952	6.586780000E-05	
5923.440224000	1.343889952	6.654260000E-05	
5922.958096000	1.343889236	6.722660000E-05	
5922.475968000	1.343889236	6.790170000E-05	
5921.993840000	1.343888640	6.857200000E-05	
5921.511712000	1.343888640	6.925440000E-05	
5921.029584000	1.343888044	6.997940000E-05	
5920.547456000	1.343888164	7.074180000E-05	
5920.065328000	1.343887568	7.152610000E-05	
5919.583200000	1.343887806	7.229010000E-05	
5919.101072000	1.343887210	7.303870000E-05	
5918.618944000	1.343887568	7.377940000E-05	
5918.136816000	1.343887091	7.455400000E-05	
5917.654688000	1.343887329	7.534770000E-05	
5917.172560000	1.343886971	7.615740000E-05	
5916.690432000	1.343887210	7.694470000E-05	
5916.208305000	1.343886971	7.773530000E-05	
5915.726177000	1.343887329	7.853820000E-05	
5915.244049000	1.343886971	7.938890000E-05	
5914.761921000	1.343887448	8.025800000E-05	
5914.279793000	1.343887210	8.113670000E-05	
5913.797665000	1.343887806	8.199910000E-05	
5913.315537000	1.343887568	8.287480000E-05	
5912.833409000	1.343888283	8.376500000E-05	
5912.351281000	1.343888044	8.468350000E-05	
5911.869153000	1.343888760	8.559940000E-05	
5911.387025000	1.343888879	8.651920000E-05	
5910.904897000	1.343889594	8.743980000E-05	
5910.422769000	1.343889713	8.838210000E-05	
5909.940641000	1.343890667	8.933080000E-05	
5909.458513000	1.343890905	9.027670000E-05	
5908.976385000	1.343891978	9.119450000E-05	
5908.494257000	1.343892455	9.208020000E-05	
5908.012129000	1.343893647	9.292100000E-05	
5907.530001000	1.343894243	9.371250000E-05	
5907.047873000	1.343895555	9.446050000E-05	
5906.565745000	1.343896151	9.518430000E-05	
5906.083617000	1.343897581	9.589950000E-05	
5905.601489000	1.343898416	9.658120000E-05	
5905.119361000	1.343900084	9.719150000E-05	
5904.637233000	1.343900919	9.768410000E-05	
5904.155105000	1.343902707	9.806380000E-05	
5903.672977000	1.343903780	9.834000000E-05	
5903.190849000	1.343905568	9.853730000E-05	
5902.708721000	1.343906641	9.864020000E-05	
5902.226593000	1.343908429	9.866110000E-05	
5901.744465000	1.343909502	9.859630000E-05	
5901.262337000	1.343911171	9.847460000E-05	
5900.780209000	1.343912363	9.827190000E-05	
5900.298081000	1.343914151	9.797460000E-05	
5899.815953000	1.343915343	9.754570000E-05	
5899.333825000	1.343917131	9.700970000E-05	
5898.851697000	1.343918204	9.637510000E-05	
5898.369569000	1.343919873	9.567380000E-05	
5897.887441000	1.343920827	9.488520000E-05	
5897.405313000	1.343922377	9.400760000E-05	
5896.923185000	1.343923330	9.302520000E-05	
5896.441057000	1.343924642	9.196910000E-05	
5895.958929000	1.343925357	9.085230000E-05	
5895.476801000	1.343926668	8.970880000E-05	
5894.994673000	1.343927264	8.853580000E-05	
5894.512545000	1.343928337	8.734320000E-05	
5894.030417000	1.343928814	8.611090000E-05	
5893.548290000	1.343929768	8.483790000E-05	
5893.066162000	1.343930006	8.351230000E-05	
5892.584034000	1.343930960	8.215550000E-05	
5892.101906000	1.343930960	8.078550000E-05	
5891.619778000	1.343931675	7.943880000E-05	
5891.137650000	1.343931556	7.812600000E-05	
5890.655522000	1.343932033	7.684730000E-05	
5890.173394000	1.343931913	7.557600000E-05	
5889.691266000	1.343932390	7.428510000E-05	
5889.209138000	1.343932152	7.296930000E-05	
5888.727010000	1.343932390	7.164600000E-05	
5888.244882000	1.343932033	7.035020000E-05	
5887.762754000	1.343932271	6.909440000E-05	
5887.280626000	1.343931675	6.787820000E-05	
5886.798498000	1.343931794	6.668080000E-05	
5886.316370000	1.343931198	6.556300000E-05	
5885.834242000	1.343931317	6.439880000E-05	
5885.352114000	1.343930602	6.326700000E-05	
5884.869986000	1.343930721	6.213810000E-05	
5884.387858000	1.343929887	6.100970000E-05	
5883.905730000	1.343929887	5.987040000E-05	
5883.423602000	1.343928933	5.876560000E-05	
5882.941474000	1.343928695	5.770990000E-05	
5882.459346000	1.343927741	5.673270000E-05	
5881.977218000	1.343927503	5.579990000E-05	
5881.495090000	1.343926549	5.490630000E-05	
5881.012962000	1.343926191	5.402280000E-05	
5880.530834000	1.343925357	5.316550000E-05	
5880.048706000	1.343924880	5.231970000E-05	
5879.566578000	1.343923926	5.149920000E-05	
5879.084450000	1.343923569	5.067850000E-05	
5878.602322000	1.343922377	4.988030000E-05	
5878.120194000	1.343922019	4.910390000E-05	
5877.638066000	1.343920708	4.838700000E-05	
5877.155938000	1.343920231	4.773780000E-05	
5876.673810000	1.343919039	4.716740000E-05	
5876.191682000	1.343918443	4.664430000E-05	
5875.709554000	1.343917370	4.614680000E-05	
5875.227426000	1.343916774	4.565270000E-05	
5874.745298000	1.343915582	4.517910000E-05	
5874.263170000	1.343914986	4.474340000E-05	
5873.781042000	1.343913794	4.436400000E-05	
5873.298914000	1.343913198	4.403810000E-05	
5872.816786000	1.343911886	4.375770000E-05	
5872.334658000	1.343911409	4.351680000E-05	
5871.852530000	1.343910217	4.330540000E-05	
5871.370403000	1.343909740	4.311410000E-05	
5870.888275000	1.343908548	4.292760000E-05	
5870.406147000	1.343908072	4.275740000E-05	
5869.924019000	1.343906879	4.261790000E-05	
5869.441891000	1.343906403	4.253390000E-05	
5868.959763000	1.343905330	4.248770000E-05	
5868.477635000	1.343904853	4.246200000E-05	
5867.995507000	1.343903780	4.242680000E-05	
5867.513379000	1.343903303	4.240510000E-05	
5867.031251000	1.343902230	4.241010000E-05	
5866.549123000	1.343901873	4.247170000E-05	
5866.066995000	1.343900800	4.256230000E-05	
5865.584867000	1.343900442	4.267320000E-05	
5865.102739000	1.343899608	4.277580000E-05	
5864.620611000	1.343899250	4.288850000E-05	
5864.138483000	1.343898296	4.299910000E-05	
5863.656355000	1.343898058	4.311720000E-05	
5863.174227000	1.343897223	4.321760000E-05	
5862.692099000	1.343897104	4.331930000E-05	
5862.209971000	1.343896151	4.342180000E-05	
5861.727843000	1.343896031	4.354930000E-05	
5861.245715000	1.343895197	4.368160000E-05	
5860.763587000	1.343895078	4.381020000E-05	
5860.281459000	1.343894362	4.390980000E-05	
5859.799331000	1.343894243	4.399500000E-05	
5859.317203000	1.343893528	4.407180000E-05	
5858.835075000	1.343893409	4.415980000E-05	
5858.352947000	1.343892574	4.425340000E-05	
5857.870819000	1.343892574	4.435360000E-05	
5857.388691000	1.343891859	4.444620000E-05	
5856.906563000	1.343891859	4.451860000E-05	
5856.424435000	1.343891144	4.455420000E-05	
5855.942307000	1.343891144	4.455040000E-05	
5855.460179000	1.343890548	4.453050000E-05	
5854.978051000	1.343890429	4.452390000E-05	
5854.495923000	1.343889713	4.454820000E-05	
5854.013795000	1.343889594	4.457610000E-05	
5853.531667000	1.343888998	4.457590000E-05	
5853.049539000	1.343888998	4.452020000E-05	
5852.567411000	1.343888283	4.443750000E-05	
5852.085283000	1.343888283	4.435460000E-05	
5851.603155000	1.343887448	4.431060000E-05	
5851.121027000	1.343887329	4.428960000E-05	
5850.638899000	1.343886614	4.428440000E-05	
5850.156771000	1.343886495	4.425640000E-05	
5849.674643000	1.343885779	4.420610000E-05	
5849.192516000	1.343885660	4.412020000E-05	
5848.710388000	1.343884826	4.402940000E-05	
5848.228260000	1.343884706	4.394220000E-05	
5847.746132000	1.343883872	4.389240000E-05	
5847.264004000	1.343883753	4.385720000E-05	
5846.781876000	1.343882918	4.383300000E-05	
5846.299748000	1.343882680	4.378890000E-05	
5845.817620000	1.343881845	4.374850000E-05	
5845.335492000	1.343881607	4.371420000E-05	
5844.853364000	1.343880653	4.370960000E-05	
5844.371236000	1.343880415	4.371450000E-05	
5843.889108000	1.343879580	4.373670000E-05	
5843.406980000	1.343879223	4.377060000E-05	
5842.924852000	1.343878388	4.383640000E-05	
5842.442724000	1.343878031	4.391830000E-05	
5841.960596000	1.343877077	4.400950000E-05	
5841.478468000	1.343876839	4.409840000E-05	
5840.996340000	1.343875885	4.421120000E-05	
5840.514212000	1.343875527	4.436920000E-05	
5840.032084000	1.343874574	4.457740000E-05	
5839.549956000	1.343874335	4.480590000E-05	
5839.067828000	1.343873382	4.502450000E-05	
5838.585700000	1.343873143	4.522870000E-05	
5838.103572000	1.343872190	4.543690000E-05	
5837.621444000	1.343871951	4.567680000E-05	
5837.139316000	1.343870997	4.595280000E-05	
5836.657188000	1.343870640	4.627300000E-05	
5836.175060000	1.343869686	4.662430000E-05	
5835.692932000	1.343869567	4.701250000E-05	
5835.210804000	1.343868613	4.741170000E-05	
5834.728676000	1.343868494	4.781550000E-05	
5834.246548000	1.343867660	4.820220000E-05	
5833.764420000	1.343867540	4.859330000E-05	
5833.282292000	1.343866706	4.899900000E-05	
5832.800164000	1.343866587	4.945030000E-05	
5832.318036000	1.343865752	4.993180000E-05	
5831.835908000	1.343865752	5.043240000E-05	
5831.353780000	1.343865037	5.090440000E-05	
5830.871652000	1.343865037	5.134340000E-05	
5830.389524000	1.343864441	5.174030000E-05	
5829.907396000	1.343864441	5.213820000E-05	
5829.425268000	1.343863726	5.255330000E-05	
5828.943140000	1.343863845	5.301530000E-05	
5828.461012000	1.343863010	5.349700000E-05	
5827.978884000	1.343863249	5.398870000E-05	
5827.496756000	1.343862653	5.445620000E-05	
5827.014629000	1.343862891	5.490110000E-05	
5826.532501000	1.343862295	5.531300000E-05	
5826.050373000	1.343862534	5.571330000E-05	
5825.568245000	1.343861938	5.610970000E-05	
5825.086117000	1.343862176	5.652240000E-05	
5824.603989000	1.343861699	5.693520000E-05	
5824.121861000	1.343861938	5.732250000E-05	
5823.639733000	1.343861580	5.764920000E-05	
5823.157605000	1.343861818	5.791450000E-05	
5822.675477000	1.343861341	5.814820000E-05	
5822.193349000	1.343861580	5.838970000E-05	
5821.711221000	1.343861103	5.866020000E-05	
5821.229093000	1.343861341	5.894640000E-05	
5820.746965000	1.343860865	5.923450000E-05	
5820.264837000	1.343861103	5.950720000E-05	
5819.782709000	1.343860626	5.977020000E-05	
5819.300581000	1.343860865	6.000520000E-05	
5818.818453000	1.343860507	6.020170000E-05	
5818.336325000	1.343860745	6.033330000E-05	
5817.854197000	1.343860388	6.042530000E-05	
5817.372069000	1.343860507	6.050440000E-05	
5816.889941000	1.343859911	6.062720000E-05	
5816.407813000	1.343860030	6.078890000E-05	
5815.925685000	1.343859434	6.097940000E-05	
5815.443557000	1.343859553	6.114560000E-05	
5814.961429000	1.343858957	6.128970000E-05	
5814.479301000	1.343859076	6.141930000E-05	
5813.997173000	1.343858480	6.158890000E-05	
5813.515045000	1.343858480	6.179240000E-05	
5813.032917000	1.343857884	6.202530000E-05	
5812.550789000	1.343858004	6.222710000E-05	
5812.068661000	1.343857408	6.239110000E-05	
5811.586533000	1.343857527	6.251560000E-05	
5811.104405000	1.343856812	6.265390000E-05	
5810.622277000	1.343856812	6.282490000E-05	
5810.140149000	1.343856096	6.305060000E-05	
5809.658021000	1.343856096	6.330290000E-05	
5809.175893000	1.343855262	6.357250000E-05	
5808.693765000	1.343855262	6.383870000E-05	
5808.211637000	1.343854547	6.411930000E-05	
5807.729509000	1.343854547	6.442580000E-05	
5807.247381000	1.343853712	6.477840000E-05	
5806.765253000	1.343853712	6.516530000E-05	
5806.283125000	1.343852997	6.556770000E-05	
5805.800997000	1.343852997	6.596780000E-05	
5805.318869000	1.343852282	6.636960000E-05	
5804.836741000	1.343852162	6.679470000E-05	
5804.354614000	1.343851447	6.725420000E-05	
5803.872486000	1.343851447	6.774800000E-05	
5803.390358000	1.343850732	6.826450000E-05	
5802.908230000	1.343850732	6.881520000E-05	
5802.426102000	1.343850017	6.940700000E-05	
5801.943974000	1.343850136	7.005270000E-05	
5801.461846000	1.343849421	7.071410000E-05	
5800.979718000	1.343849540	7.136940000E-05	
5800.497590000	1.343849063	7.199310000E-05	
5800.015462000	1.343849182	7.261760000E-05	
5799.533334000	1.343848705	7.325670000E-05	
5799.051206000	1.343848825	7.393890000E-05	
5798.569078000	1.343848348	7.463820000E-05	
5798.086950000	1.343848586	7.535860000E-05	
5797.604822000	1.343848109	7.607690000E-05	
5797.122694000	1.343848467	7.681370000E-05	
5796.640566000	1.343848109	7.755250000E-05	
5796.158438000	1.343848467	7.831320000E-05	
5795.676310000	1.343848228	7.907870000E-05	
5795.194182000	1.343848586	7.985900000E-05	
5794.712054000	1.343848467	8.062210000E-05	
5794.229926000	1.343848944	8.136640000E-05	
5793.747798000	1.343848825	8.207110000E-05	
5793.265670000	1.343849540	8.276060000E-05	
5792.783542000	1.343849421	8.342880000E-05	
5792.301414000	1.343850136	8.407780000E-05	
5791.819286000	1.343850136	8.468070000E-05	
5791.337158000	1.343850851	8.524670000E-05	
5790.855030000	1.343850851	8.579060000E-05	
5790.372902000	1.343851447	8.635010000E-05	
5789.890774000	1.343851566	8.692770000E-05	
5789.408646000	1.343852282	8.750760000E-05	
5788.926518000	1.343852401	8.806380000E-05	
5788.444390000	1.343853116	8.857980000E-05	
5787.962262000	1.343853354	8.905140000E-05	
5787.480134000	1.343854189	8.947120000E-05	
5786.998006000	1.343854427	8.984960000E-05	
5786.515878000	1.343855262	9.019950000E-05	
5786.033750000	1.343855381	9.054830000E-05	
5785.551622000	1.343856335	9.088800000E-05	
5785.069494000	1.343856454	9.120490000E-05	
5784.587366000	1.343857408	9.146500000E-05	
5784.105238000	1.343857646	9.168710000E-05	
5783.623110000	1.343858480	9.188360000E-05	
5783.140982000	1.343858719	9.208710000E-05	
5782.658854000	1.343859553	9.226600000E-05	
5782.176727000	1.343859792	9.240430000E-05	
5781.694599000	1.343860745	9.247040000E-05	
5781.212471000	1.343860984	9.249380000E-05	
5780.730343000	1.343861818	9.248000000E-05	
5780.248215000	1.343861938	9.246450000E-05	
5779.766087000	1.343862653	9.243880000E-05	
5779.283959000	1.343862772	9.243350000E-05	
5778.801831000	1.343863487	9.243810000E-05	
5778.319703000	1.343863487	9.245910000E-05	
5777.837575000	1.343864322	9.244410000E-05	
5777.355447000	1.343864441	9.238080000E-05	
5776.873319000	1.343865275	9.225710000E-05	
5776.391191000	1.343865275	9.212610000E-05	
5775.909063000	1.343865871	9.201420000E-05	
5775.426935000	1.343865752	9.194540000E-05	
5774.944807000	1.343866467	9.188600000E-05	
5774.462679000	1.343866467	9.181160000E-05	
5773.980551000	1.343867183	9.169570000E-05	
5773.498423000	1.343867064	9.155870000E-05	
5773.016295000	1.343867660	9.142780000E-05	
5772.534167000	1.343867540	9.133540000E-05	
5772.052039000	1.343868136	9.127530000E-05	
5771.569911000	1.343868017	9.121570000E-05	
5771.087783000	1.343868613	9.112310000E-05	
5770.605655000	1.343868613	9.099110000E-05	
5770.123527000	1.343869209	9.085390000E-05	
5769.641399000	1.343868971	9.074060000E-05	
5769.159271000	1.343869448	9.066790000E-05	
5768.677143000	1.343869328	9.061160000E-05	
5768.195015000	1.343869805	9.056400000E-05	
5767.712887000	1.343869686	9.051250000E-05	
5767.230759000	1.343870282	9.047390000E-05	
5766.748631000	1.343870044	9.043020000E-05	
5766.266503000	1.343870640	9.038640000E-05	
5765.784375000	1.343870521	9.032820000E-05	
5765.302247000	1.343870997	9.028570000E-05	
5764.820119000	1.343870878	9.025290000E-05	
5764.337991000	1.343871474	9.024420000E-05	
5763.855863000	1.343871236	9.023090000E-05	
5763.373735000	1.343871951	9.022340000E-05	
5762.891607000	1.343871832	9.020180000E-05	
5762.409479000	1.343872428	9.017790000E-05	
5761.927351000	1.343872309	9.012630000E-05	
5761.445223000	1.343873024	9.006750000E-05	
5760.963095000	1.343872905	8.999790000E-05	
5760.480967000	1.343873501	8.994430000E-05	
5759.998840000	1.343873382	8.988030000E-05	
5759.516712000	1.343874097	8.980570000E-05	
5759.034584000	1.343873978	8.970890000E-05	
5758.552456000	1.343874574	8.962390000E-05	
5758.070328000	1.343874454	8.955850000E-05	
5757.588200000	1.343875170	8.951220000E-05	
5757.106072000	1.343875170	8.944890000E-05	
5756.623944000	1.343875885	8.935590000E-05	
5756.141816000	1.343875885	8.922450000E-05	
5755.659688000	1.343876600	8.905720000E-05	
5755.177560000	1.343876600	8.884500000E-05	
5754.695432000	1.343877316	8.859350000E-05	
5754.213304000	1.343877316	8.833540000E-05	
5753.731176000	1.343877912	8.809880000E-05	
5753.249048000	1.343877792	8.788510000E-05	
5752.766920000	1.343878508	8.764600000E-05	
5752.284792000	1.343878508	8.736040000E-05	
5751.802664000	1.343879104	8.704210000E-05	
5751.320536000	1.343878984	8.675180000E-05	
5750.838408000	1.343879580	8.649900000E-05	
5750.356280000	1.343879461	8.626300000E-05	
5749.874152000	1.343880177	8.598060000E-05	
5749.392024000	1.343879938	8.565550000E-05	
5748.909896000	1.343880653	8.529850000E-05	
5748.427768000	1.343880415	8.495300000E-05	
5747.945640000	1.343881011	8.459670000E-05	
5747.463512000	1.343880892	8.423600000E-05	
5746.981384000	1.343881369	8.385820000E-05	
5746.499256000	1.343881130	8.350230000E-05	
5746.017128000	1.343881726	8.315560000E-05	
5745.535000000	1.343881488	8.282530000E-05	
5745.052872000	1.343881965	8.247630000E-05	
5744.570744000	1.343881726	8.213060000E-05	
5744.088616000	1.343882203	8.177810000E-05	
5743.606488000	1.343881965	8.143570000E-05	
5743.124360000	1.343882442	8.107810000E-05	
5742.642232000	1.343882084	8.072560000E-05	
5742.160104000	1.343882561	8.038280000E-05	
5741.677976000	1.343882203	8.007010000E-05	
5741.195848000	1.343882680	7.976020000E-05	
5740.713720000	1.343882442	7.943970000E-05	
5740.231592000	1.343882799	7.909970000E-05	
5739.749464000	1.343882561	7.877490000E-05	
5739.267336000	1.343882918	7.847830000E-05	
5738.785208000	1.343882561	7.820760000E-05	
5738.303080000	1.343883038	7.793100000E-05	
5737.820953000	1.343882799	7.763020000E-05	
5737.338825000	1.343883276	7.730700000E-05	
5736.856697000	1.343882918	7.697510000E-05	
5736.374569000	1.343883276	7.665680000E-05	
5735.892441000	1.343882918	7.636260000E-05	
5735.410313000	1.343883395	7.610610000E-05	
5734.928185000	1.343883038	7.586440000E-05	
5734.446057000	1.343883514	7.561270000E-05	
5733.963929000	1.343883276	7.531080000E-05	
5733.481801000	1.343883753	7.497480000E-05	
5732.999673000	1.343883514	7.462670000E-05	
5732.517545000	1.343883872	7.431180000E-05	
5732.035417000	1.343883514	7.401950000E-05	
5731.553289000	1.343883991	7.374440000E-05	
5731.071161000	1.343883753	7.345460000E-05	
5730.589033000	1.343884230	7.316630000E-05	
5730.106905000	1.343883991	7.286660000E-05	
5729.624777000	1.343884468	7.256420000E-05	
5729.142649000	1.343884349	7.222450000E-05	
5728.660521000	1.343884826	7.186240000E-05	
5728.178393000	1.343884587	7.146540000E-05	
5727.696265000	1.343885064	7.106370000E-05	
5727.214137000	1.343884826	7.064510000E-05	
5726.732009000	1.343885303	7.022970000E-05	
5726.249881000	1.343885064	6.980500000E-05	
5725.767753000	1.343885541	6.938530000E-05	
5725.285625000	1.343885303	6.894300000E-05	
5724.803497000	1.343885899	6.847170000E-05	
5724.321369000	1.343885660	6.795620000E-05	
5723.839241000	1.343886137	6.742560000E-05	
5723.357113000	1.343885779	6.689040000E-05	
5722.874985000	1.343886256	6.636120000E-05	
5722.392857000	1.343885899	6.581440000E-05	
5721.910729000	1.343886375	6.523820000E-05	
5721.428601000	1.343886137	6.462860000E-05	
5720.946473000	1.343886495	6.400170000E-05	
5720.464345000	1.343886137	6.323900000E-05	
5719.982217000	1.343886375	6.261700000E-05	
5719.500089000	1.343885899	6.198750000E-05	
5719.017961000	1.343886137	6.134300000E-05	
5718.535833000	1.343885779	6.067880000E-05	
5718.053705000	1.343885899	6.001000000E-05	
5717.571577000	1.343885422	5.934630000E-05	
5717.089449000	1.343885541	5.869630000E-05	
5716.607321000	1.343884945	5.806610000E-05	
5716.125193000	1.343884945	5.745560000E-05	
5715.643065000	1.343884349	5.685930000E-05	
5715.160938000	1.343884349	5.626960000E-05	
5714.678810000	1.343883753	5.569130000E-05	
5714.196682000	1.343883753	5.512890000E-05	
5713.714554000	1.343883038	5.458230000E-05	
5713.232426000	1.343883038	5.405260000E-05	
5712.750298000	1.343882322	5.354030000E-05	
5712.268170000	1.343882322	5.304720000E-05	
5711.786042000	1.343881607	5.257400000E-05	
5711.303914000	1.343881488	5.212200000E-05	
5710.821786000	1.343880773	5.167890000E-05	
5710.339658000	1.343880773	5.124290000E-05	
5709.857530000	1.343880057	5.081410000E-05	
5709.375402000	1.343880057	5.039260000E-05	
5708.893274000	1.343879223	4.997900000E-05	
5708.411146000	1.343879223	4.957350000E-05	
5707.929018000	1.343878508	4.917630000E-05	
5707.446890000	1.343878508	4.878720000E-05	
5706.964762000	1.343877673	4.840610000E-05	
5706.482634000	1.343877673	4.803290000E-05	
5706.000506000	1.343876958	4.766760000E-05	
5705.518378000	1.343876839	4.730980000E-05	
5705.036250000	1.343876123	4.695950000E-05	
5704.554122000	1.343876004	4.661680000E-05	
5704.071994000	1.343875289	4.628170000E-05	
5703.589866000	1.343875170	4.595450000E-05	
5703.107738000	1.343874454	4.563510000E-05	
5702.625610000	1.343874335	4.532300000E-05	
5702.143482000	1.343873620	4.501830000E-05	
5701.661354000	1.343873501	4.472070000E-05	
5701.179226000	1.343872786	4.443030000E-05	
5700.697098000	1.343872666	4.414710000E-05	
5700.214970000	1.343871832	4.387100000E-05	
5699.732842000	1.343871832	4.360150000E-05	
5699.250714000	1.343870997	4.333850000E-05	
5698.768586000	1.343870997	4.308160000E-05	
5698.286458000	1.343870163	4.283050000E-05	
5697.804330000	1.343870163	4.258500000E-05	
5697.322202000	1.343869328	4.234510000E-05	
5696.840074000	1.343869328	4.211080000E-05	
5696.357946000	1.343868494	4.188200000E-05	
5695.875818000	1.343868494	4.165860000E-05	
5695.393690000	1.343867660	4.144020000E-05	
5694.911562000	1.343867660	4.122660000E-05	
5694.429434000	1.343866825	4.101750000E-05	
5693.947306000	1.343866825	4.081270000E-05	
5693.465178000	1.343866110	4.061210000E-05	
5692.983051000	1.343865991	4.041560000E-05	
5692.500923000	1.343865275	4.022320000E-05	
5692.018795000	1.343865156	4.003460000E-05	
5691.536667000	1.343864441	3.984960000E-05	
5691.054539000	1.343864441	3.966800000E-05	
5690.572411000	1.343863606	3.948960000E-05	
5690.090283000	1.343863606	3.931420000E-05	
5689.608155000	1.343862772	3.914160000E-05	
5689.126027000	1.343862772	3.897160000E-05	
5688.643899000	1.343862057	3.880400000E-05	
5688.161771000	1.343861938	3.863850000E-05	
5687.679643000	1.343861222	3.847520000E-05	
5687.197515000	1.343861222	3.831390000E-05	
5686.715387000	1.343860388	3.815460000E-05	
5686.233259000	1.343860388	3.799720000E-05	
5685.751131000	1.343859673	3.784170000E-05	
5685.269003000	1.343859673	3.768800000E-05	
5684.786875000	1.343858838	3.753580000E-05	
5684.304747000	1.343858838	3.738490000E-05	
5683.822619000	1.343858123	3.723540000E-05	
5683.340491000	1.343858123	3.708720000E-05	
5682.858363000	1.343857288	3.694040000E-05	
5682.376235000	1.343857288	3.679500000E-05	
5681.894107000	1.343856454	3.665130000E-05	
5681.411979000	1.343856454	3.650910000E-05	
5680.929851000	1.343855739	3.636860000E-05	
5680.447723000	1.343855739	3.622990000E-05	
5679.965595000	1.343854904	3.609300000E-05	
5679.483467000	1.343854904	3.595810000E-05	
5679.001339000	1.343854189	3.582510000E-05	
5678.519211000	1.343854070	3.569420000E-05	
5678.037083000	1.343853354	3.556540000E-05	
5677.554955000	1.343853354	3.543880000E-05	
5677.072827000	1.343852520	3.531450000E-05	
5676.590699000	1.343852520	3.519270000E-05	
5676.108571000	1.343851686	3.507320000E-05	
5675.626443000	1.343851686	3.495640000E-05	
5675.144315000	1.343850851	3.484230000E-05	
5674.662187000	1.343850851	3.473130000E-05	
5674.180059000	1.343850017	3.462350000E-05	
5673.697931000	1.343850017	3.451930000E-05	
5673.215803000	1.343849182	3.441880000E-05	
5672.733675000	1.343849182	3.432210000E-05	
5672.251547000	1.343848348	3.422940000E-05	
5671.769419000	1.343848348	3.414070000E-05	
5671.287291000	1.343847513	3.405620000E-05	
5670.805164000	1.343847513	3.397600000E-05	
5670.323036000	1.343846679	3.390020000E-05	
5669.840908000	1.343846560	3.382900000E-05	
5669.358780000	1.343845844	3.376240000E-05	
5668.876652000	1.343845725	3.370050000E-05	
5668.394524000	1.343845010	3.364340000E-05	
5667.912396000	1.343844891	3.359080000E-05	
5667.430268000	1.343844056	3.354280000E-05	
5666.948140000	1.343844056	3.349950000E-05	
5666.466012000	1.343843222	3.346120000E-05	
5665.983884000	1.343843222	3.342820000E-05	
5665.501756000	1.343842387	3.340050000E-05	
5665.019628000	1.343842268	3.337830000E-05	
5664.537500000	1.343841553	3.336150000E-05	
5664.055372000	1.343841434	3.335010000E-05	
5663.573244000	1.343840599	3.334440000E-05	
5663.091116000	1.343840599	3.334470000E-05	
5662.608988000	1.343839765	3.335070000E-05	
5662.126860000	1.343839765	3.336250000E-05	
5661.644732000	1.343838930	3.338020000E-05	
5661.162604000	1.343838811	3.340400000E-05	
5660.680476000	1.343838096	3.343420000E-05	
5660.198348000	1.343837976	3.347050000E-05	
5659.716220000	1.343837261	3.351270000E-05	
5659.234092000	1.343837142	3.356090000E-05	
5658.751964000	1.343836427	3.361520000E-05	
5658.269836000	1.343836308	3.367560000E-05	
5657.787708000	1.343835592	3.374230000E-05	
5657.305580000	1.343835473	3.381500000E-05	
5656.823452000	1.343834758	3.389390000E-05	
5656.341324000	1.343834758	3.397890000E-05	
5655.859196000	1.343833923	3.406990000E-05	
5655.377068000	1.343833923	3.416660000E-05	
5654.894940000	1.343833208	3.426870000E-05	
5654.412812000	1.343833089	3.437620000E-05	
5653.930684000	1.343832374	3.448910000E-05	
5653.448556000	1.343832374	3.460720000E-05	
5652.966428000	1.343831658	3.473050000E-05	
5652.484300000	1.343831658	3.485860000E-05	
5652.002172000	1.343830943	3.499140000E-05	
5651.520044000	1.343830943	3.512880000E-05	
5651.037916000	1.343830228	3.527060000E-05	
5650.555788000	1.343830228	3.541630000E-05	
5650.073660000	1.343829513	3.556570000E-05	
5649.591532000	1.343829632	3.571870000E-05	
5649.109404000	1.343828917	3.587510000E-05	
5648.627277000	1.343828917	3.603470000E-05	
5648.145149000	1.343828321	3.619710000E-05	
5647.663021000	1.343828440	3.636200000E-05	
5647.180893000	1.343827724	3.652910000E-05	
5646.698765000	1.343827844	3.669810000E-05	
5646.216637000	1.343827128	3.686860000E-05	
5645.734509000	1.343827248	3.704050000E-05	
5645.252381000	1.343826652	3.721350000E-05	
5644.770253000	1.343826771	3.738750000E-05	
5644.288125000	1.343826175	3.756250000E-05	
5643.805997000	1.343826294	3.773810000E-05	
5643.323869000	1.343825698	3.791420000E-05	
5642.841741000	1.343825817	3.809080000E-05	
5642.359613000	1.343825221	3.826750000E-05	
5641.877485000	1.343825340	3.844420000E-05	
5641.395357000	1.343824744	3.862060000E-05	
5640.913229000	1.343824983	3.879650000E-05	
5640.431101000	1.343824387	3.897170000E-05	
5639.948973000	1.343824625	3.914610000E-05	
5639.466845000	1.343824029	3.931940000E-05	
5638.984717000	1.343824267	3.949160000E-05	
5638.502589000	1.343823671	3.966230000E-05	
5638.020461000	1.343823910	3.983140000E-05	
5637.538333000	1.343823433	3.999890000E-05	
5637.056205000	1.343823671	4.016450000E-05	
5636.574077000	1.343823195	4.032820000E-05	
5636.091949000	1.343823433	4.049000000E-05	
5635.609821000	1.343822956	4.064960000E-05	
5635.127693000	1.343823195	4.080660000E-05	
5634.645565000	1.343822718	4.096090000E-05	
5634.163437000	1.343822956	4.111220000E-05	
5633.681309000	1.343822479	4.126040000E-05	
5633.199181000	1.343822837	4.140510000E-05	
5632.717053000	1.343822360	4.154640000E-05	
5632.234925000	1.343822598	4.168400000E-05	
5631.752797000	1.343822241	4.181750000E-05	
5631.270669000	1.343822479	4.194690000E-05	
5630.788541000	1.343822122	4.207200000E-05	
5630.306413000	1.343822360	4.219260000E-05	
5629.824285000	1.343822002	4.230850000E-05	
5629.342157000	1.343822360	4.241970000E-05	
5628.860029000	1.343821883	4.252590000E-05	
5628.377901000	1.343822241	4.262680000E-05	
5627.895773000	1.343821883	4.272210000E-05	
5627.413645000	1.343822241	4.281170000E-05	
5626.931517000	1.343821883	4.289550000E-05	
5626.449389000	1.343822241	4.297320000E-05	
5625.967262000	1.343821883	4.304470000E-05	
5625.485134000	1.343822241	4.310980000E-05	
5625.003006000	1.343821883	4.316800000E-05	
5624.520878000	1.343822241	4.321910000E-05	
5624.038750000	1.343821883	4.326280000E-05	
5623.556622000	1.343822360	4.329890000E-05	
5623.074494000	1.343822002	4.332750000E-05	
5622.592366000	1.343822360	4.334830000E-05	
5622.110238000	1.343822002	4.336120000E-05	
5621.628110000	1.343822479	4.336590000E-05	
5621.145982000	1.343822122	4.336240000E-05	
5620.663854000	1.343822598	4.335050000E-05	
5620.181726000	1.343822241	4.333020000E-05	
5619.699598000	1.343822718	4.330120000E-05	
5619.217470000	1.343822360	4.326330000E-05	
5618.735342000	1.343822837	4.321630000E-05	
5618.253214000	1.343822479	4.316020000E-05	
5617.771086000	1.343822956	4.309470000E-05	
5617.288958000	1.343822598	4.301980000E-05	
5616.806830000	1.343823075	4.293540000E-05	
5616.324702000	1.343822718	4.284120000E-05	
5615.842574000	1.343823195	4.273750000E-05	
5615.360446000	1.343822837	4.262440000E-05	
5614.878318000	1.343823314	4.250160000E-05	
5614.396190000	1.343822956	4.236920000E-05	
5613.914062000	1.343823433	4.222710000E-05	
5613.431934000	1.343823075	4.207560000E-05	
5612.949806000	1.343823552	4.191470000E-05	
5612.467678000	1.343823195	4.174470000E-05	
5611.985550000	1.343823552	4.156540000E-05	
5611.503422000	1.343823314	4.137670000E-05	
5611.021294000	1.343823671	4.117890000E-05	
5610.539166000	1.343823314	4.097220000E-05	
5610.057038000	1.343823791	4.075680000E-05	
5609.574910000	1.343823433	4.053290000E-05	
5609.092782000	1.343823791	4.030050000E-05	
5608.610654000	1.343823433	4.006010000E-05	
5608.128526000	1.343823791	3.981180000E-05	
5607.646398000	1.343823433	3.955630000E-05	
5607.164270000	1.343823791	3.929400000E-05	
5606.682142000	1.343823433	3.902540000E-05	
5606.200014000	1.343823791	3.875060000E-05	
5605.717886000	1.343823314	3.846980000E-05	
5605.235758000	1.343823671	3.818340000E-05	
5604.753630000	1.343823314	3.789160000E-05	
5604.271502000	1.343823671	3.759480000E-05	
5603.789375000	1.343823195	3.729320000E-05	
5603.307247000	1.343823433	3.698730000E-05	
5602.825119000	1.343823075	3.667730000E-05	
5602.342991000	1.343823314	3.636370000E-05	
5601.860863000	1.343822837	3.604680000E-05	
5601.378735000	1.343823195	3.572690000E-05	
5600.896607000	1.343822718	3.540430000E-05	
5600.414479000	1.343822956	3.507950000E-05	
5599.932351000	1.343822360	3.475290000E-05	
5599.450223000	1.343822718	3.442480000E-05	
5598.968095000	1.343822122	3.409570000E-05	
5598.485967000	1.343822360	3.376560000E-05	
5598.003839000	1.343821883	3.343470000E-05	
5597.521711000	1.343822122	3.310320000E-05	
5597.039583000	1.343821526	3.277160000E-05	
5596.557455000	1.343821764	3.244000000E-05	
5596.075327000	1.343821168	3.210870000E-05	
5595.593199000	1.343821406	3.177790000E-05	
5595.111071000	1.343820810	3.144790000E-05	
5594.628943000	1.343820930	3.111860000E-05	
5594.146815000	1.343820333	3.079020000E-05	
5593.664687000	1.343820572	3.046310000E-05	
5593.182559000	1.343819857	3.013740000E-05	
5592.700431000	1.343820095	2.981330000E-05	
5592.218303000	1.343819380	2.949090000E-05	
5591.736175000	1.343819618	2.917030000E-05	
5591.254047000	1.343818903	2.885160000E-05	
5590.771919000	1.343819022	2.853490000E-05	
5590.289791000	1.343818426	2.822020000E-05	
5589.807663000	1.343818545	2.790780000E-05	
5589.325535000	1.343817830	2.759760000E-05	
5588.843407000	1.343817949	2.728980000E-05	
5588.361279000	1.343817353	2.698460000E-05	
5587.879151000	1.343817472	2.668200000E-05	
5587.397023000	1.343816757	2.638220000E-05	
5586.914895000	1.343816876	2.608520000E-05	
5586.432767000	1.343816161	2.579120000E-05	
5585.950639000	1.343816161	2.550020000E-05	
5585.468511000	1.343815565	2.521240000E-05	
5584.986383000	1.343815565	2.492810000E-05	
5584.504255000	1.343814850	2.464740000E-05	
5584.022127000	1.343814969	2.437040000E-05	
5583.539999000	1.343814254	2.409710000E-05	
5583.057871000	1.343814254	2.382740000E-05	
5582.575743000	1.343813539	2.356100000E-05	
5582.093615000	1.343813658	2.329810000E-05	
5581.611488000	1.343812943	2.303850000E-05	
5581.129360000	1.343812943	2.278250000E-05	
5580.647232000	1.343812227	2.252980000E-05	
5580.165104000	1.343812227	2.228050000E-05	
5579.682976000	1.343811512	2.203440000E-05	
5579.200848000	1.343811512	2.179160000E-05	
5578.718720000	1.343810797	2.155200000E-05	
5578.236592000	1.343810797	2.131600000E-05	
5577.754464000	1.343810081	2.108340000E-05	
5577.272336000	1.343810081	2.085410000E-05	
5576.790208000	1.343809366	2.062790000E-05	
5576.308080000	1.343809366	2.040480000E-05	
5575.825952000	1.343808651	2.018470000E-05	
5575.343824000	1.343808651	1.996750000E-05	
5574.861696000	1.343807936	1.975320000E-05	
5574.379568000	1.343807936	1.954180000E-05	
5573.897440000	1.343807220	1.933290000E-05	
5573.415312000	1.343807220	1.912630000E-05	
5572.933184000	1.343806386	1.892190000E-05	
5572.451056000	1.343806505	1.871940000E-05	
5571.968928000	1.343805671	1.851900000E-05	
5571.486800000	1.343805671	1.832070000E-05	
5571.004672000	1.343804955	1.812450000E-05	
5570.522544000	1.343804955	1.793040000E-05	
5570.040416000	1.343804240	1.773860000E-05	
5569.558288000	1.343804240	1.754920000E-05	
5569.076160000	1.343803406	1.736210000E-05	
5568.594032000	1.343803406	1.717730000E-05	
5568.111904000	1.343802691	1.699480000E-05	
5567.629776000	1.343802691	1.681440000E-05	
5567.147648000	1.343801856	1.663620000E-05	
5566.665520000	1.343801856	1.646030000E-05	
5566.183392000	1.343801141	1.628670000E-05	
5565.701264000	1.343801141	1.611540000E-05	
5565.219136000	1.343800306	1.594620000E-05	
5564.737008000	1.343800306	1.577930000E-05	
5564.254880000	1.343799591	1.561470000E-05	
5563.772752000	1.343799591	1.545230000E-05	
5563.290624000	1.343798757	1.529240000E-05	
5562.808496000	1.343798757	1.513500000E-05	
5562.326368000	1.343798041	1.497980000E-05	
5561.844240000	1.343797922	1.482700000E-05	
5561.362112000	1.343797207	1.467640000E-05	
5560.879984000	1.343797207	1.452790000E-05	
5560.397856000	1.343796372	1.438120000E-05	
5559.915728000	1.343796372	1.423660000E-05	
5559.433600000	1.343795657	1.409400000E-05	
5558.951473000	1.343795538	1.395350000E-05	
5558.469345000	1.343794823	1.381530000E-05	
5557.987217000	1.343794823	1.367940000E-05	
5557.505089000	1.343793988	1.354570000E-05	
5557.022961000	1.343793988	1.341420000E-05	
5556.540833000	1.343793154	1.328470000E-05	
5556.058705000	1.343793154	1.315750000E-05	
5555.576577000	1.343792439	1.303270000E-05	
5555.094449000	1.343792319	1.291050000E-05	
5554.612321000	1.343791604	1.279100000E-05	
5554.130193000	1.343791604	1.267420000E-05	
5553.648065000	1.343790770	1.255990000E-05	
5553.165937000	1.343790770	1.244820000E-05	
5552.683809000	1.343789935	1.233880000E-05	
5552.201681000	1.343789935	1.223180000E-05	
5551.719553000	1.343789101	1.212730000E-05	
5551.237425000	1.343789101	1.202530000E-05	
5550.755297000	1.343788266	1.192570000E-05	
5550.273169000	1.343788266	1.182840000E-05	
5549.791041000	1.343787551	1.173350000E-05	
5549.308913000	1.343787432	1.164100000E-05	
5548.826785000	1.343786716	1.155110000E-05	
5548.344657000	1.343786716	1.146380000E-05	
5547.862529000	1.343785882	1.137910000E-05	
5547.380401000	1.343785882	1.129680000E-05	
5546.898273000	1.343785048	1.121720000E-05	
5546.416145000	1.343785048	1.114010000E-05	
5545.934017000	1.343784213	1.106560000E-05	
5545.451889000	1.343784213	1.099340000E-05	
5544.969761000	1.343783498	1.092310000E-05	
5544.487633000	1.343783379	1.085460000E-05	
5544.005505000	1.343782663	1.078810000E-05	
5543.523377000	1.343782663	1.072330000E-05	
5543.041249000	1.343781829	1.066060000E-05	
5542.559121000	1.343781829	1.059980000E-05	
5542.076993000	1.343780994	1.054110000E-05	
5541.594865000	1.343780994	1.048430000E-05	
5541.112737000	1.343780279	1.042950000E-05	
5540.630609000	1.343780279	1.037630000E-05	
5540.148481000	1.343779445	1.032470000E-05	
5539.666353000	1.343779445	1.027460000E-05	
5539.184225000	1.343778729	1.022590000E-05	
5538.702097000	1.343778729	1.017850000E-05	
5538.219969000	1.343777895	1.013230000E-05	
5537.737841000	1.343777895	1.008740000E-05	
5537.255713000	1.343777180	1.004360000E-05	
5536.773586000	1.343777180	1.000070000E-05	
5536.291458000	1.343776345	9.958600000E-06	
5535.809330000	1.343776464	9.917000000E-06	
5535.327202000	1.343775630	9.875900000E-06	
5534.845074000	1.343775630	9.835300000E-06	
5534.362946000	1.343774915	9.795200000E-06	
5533.880818000	1.343774915	9.755600000E-06	
5533.398690000	1.343774199	9.716500000E-06	
5532.916562000	1.343774199	9.677900000E-06	
5532.434434000	1.343773365	9.639900000E-06	
5531.952306000	1.343773365	9.602500000E-06	
5531.470178000	1.343772650	9.565500000E-06	
5530.988050000	1.343772650	9.529000000E-06	
5530.505922000	1.343771935	9.492800000E-06	
5530.023794000	1.343771935	9.456800000E-06	
5529.541666000	1.343771219	9.421000000E-06	
5529.059538000	1.343771219	9.385700000E-06	
5528.577410000	1.343770504	9.350800000E-06	
5528.095282000	1.343770504	9.316300000E-06	
5527.613154000	1.343769789	9.282100000E-06	
5527.131026000	1.343769789	9.248400000E-06	
5526.648898000	1.343768954	9.215200000E-06	
5526.166770000	1.343769073	9.182500000E-06	
5525.684642000	1.343768239	9.150700000E-06	
5525.202514000	1.343768358	9.119500000E-06	
5524.720386000	1.343767524	9.088900000E-06	
5524.238258000	1.343767643	9.058600000E-06	
5523.756130000	1.343766809	9.028600000E-06	
5523.274002000	1.343766928	8.998800000E-06	
5522.791874000	1.343766093	8.969100000E-06	
5522.309746000	1.343766212	8.939600000E-06	
5521.827618000	1.343765378	8.910200000E-06	
5521.345490000	1.343765497	8.880900000E-06	
5520.863362000	1.343764663	8.851900000E-06	
5520.381234000	1.343764782	8.823100000E-06	
5519.899106000	1.343763947	8.794500000E-06	
5519.416978000	1.343764067	8.765800000E-06	
5518.934850000	1.343763351	8.737200000E-06	
5518.452722000	1.343763351	8.708500000E-06	
5517.970594000	1.343762636	8.679900000E-06	
5517.488466000	1.343762636	8.651700000E-06	
5517.006338000	1.343761921	8.623800000E-06	
5516.524210000	1.343761921	8.596300000E-06	
5516.042082000	1.343761206	8.568900000E-06	
5515.559954000	1.343761206	8.541500000E-06	
5515.077826000	1.343760490	8.513900000E-06	
5514.595699000	1.343760610	8.486100000E-06	
5514.113571000	1.343759775	8.458000000E-06	
5513.631443000	1.343759894	8.430000000E-06	
5513.149315000	1.343759179	8.402000000E-06	
5512.667187000	1.343759179	8.374100000E-06	
5512.185059000	1.343758464	8.346300000E-06	
5511.702931000	1.343758464	8.318800000E-06	
5511.220803000	1.343757749	8.291500000E-06	
5510.738675000	1.343757749	8.264300000E-06	
5510.256547000	1.343757033	8.237200000E-06	
5509.774419000	1.343757153	8.209800000E-06	
5509.292291000	1.343756318	8.182200000E-06	
5508.810163000	1.343756437	8.154300000E-06	
5508.328035000	1.343755722	8.126000000E-06	
5507.845907000	1.343755722	8.097500000E-06	
5507.363779000	1.343755007	8.068500000E-06	
5506.881651000	1.343755007	8.039100000E-06	
5506.399523000	1.343754292	8.009300000E-06	
5505.917395000	1.343754411	7.978900000E-06	
5505.435267000	1.343753695	7.947900000E-06	
5504.953139000	1.343753695	7.916500000E-06	
5504.471011000	1.343752980	7.884700000E-06	
5503.988883000	1.343752980	7.852600000E-06	
5503.506755000	1.343752265	7.820400000E-06	
5503.024627000	1.343752265	7.788100000E-06	
5502.542499000	1.343751550	7.755800000E-06	
5502.060371000	1.343751669	7.723400000E-06	
5501.578243000	1.343750954	7.690700000E-06	
5501.096115000	1.343750954	7.657700000E-06	
5500.613987000	1.343750238	7.624200000E-06	
5500.131859000	1.343750238	7.590500000E-06	
5499.649731000	1.343749523	7.556500000E-06	
5499.167603000	1.343749523	7.522200000E-06	
5498.685475000	1.343748808	7.487800000E-06	
5498.203347000	1.343748927	7.453400000E-06	
5497.721219000	1.343748093	7.419100000E-06	
5497.239091000	1.343748212	7.385100000E-06	
5496.756963000	1.343747497	7.351600000E-06	
5496.274835000	1.343747497	7.318600000E-06	
5495.792707000	1.343746781	7.286100000E-06	
5495.310579000	1.343746781	7.254100000E-06	
5494.828451000	1.343746066	7.222600000E-06	
5494.346323000	1.343746066	7.191700000E-06	
5493.864195000	1.343745351	7.161100000E-06	
5493.382067000	1.343745351	7.131000000E-06	
5492.899939000	1.343744636	7.101400000E-06	
5492.417812000	1.343744636	7.072200000E-06	
5491.935684000	1.343743920	7.043900000E-06	
5491.453556000	1.343743920	7.016600000E-06	
5490.971428000	1.343743205	6.990200000E-06	
5490.489300000	1.343743205	6.964800000E-06	
5490.007172000	1.343742490	6.940200000E-06	
5489.525044000	1.343742490	6.916500000E-06	
5489.042916000	1.343741775	6.893800000E-06	
5488.560788000	1.343741775	6.872100000E-06	
5488.078660000	1.343741059	6.851800000E-06	
5487.596532000	1.343741059	6.832600000E-06	
5487.114404000	1.343740344	6.814600000E-06	
5486.632276000	1.343740344	6.797700000E-06	
5486.150148000	1.343739629	6.781900000E-06	
5485.668020000	1.343739629	6.767000000E-06	
5485.185892000	1.343738914	6.752900000E-06	
5484.703764000	1.343738914	6.739600000E-06	
5484.221636000	1.343738198	6.727100000E-06	
5483.739508000	1.343738198	6.715700000E-06	
5483.257380000	1.343737483	6.705300000E-06	
5482.775252000	1.343737483	6.696000000E-06	
5482.293124000	1.343736768	6.687800000E-06	
5481.810996000	1.343736768	6.680400000E-06	
5481.328868000	1.343736053	6.673900000E-06	
5480.846740000	1.343736053	6.668300000E-06	
5480.364612000	1.343735337	6.663700000E-06	
5479.882484000	1.343735337	6.660300000E-06	
5479.400356000	1.343734622	6.658000000E-06	
5478.918228000	1.343734622	6.656800000E-06	
5478.436100000	1.343733907	6.656100000E-06	
5477.953972000	1.343733907	6.655900000E-06	
5477.471844000	1.343733191	6.656100000E-06	
5476.989716000	1.343733191	6.656700000E-06	
5476.507588000	1.343732476	6.657900000E-06	
5476.025460000	1.343732476	6.659800000E-06	
5475.543332000	1.343731761	6.662400000E-06	
5475.061204000	1.343731761	6.665700000E-06	
5474.579076000	1.343731046	6.669800000E-06	
5474.096948000	1.343731046	6.674600000E-06	
5473.614820000	1.343730330	6.680100000E-06	
5473.132692000	1.343730450	6.686200000E-06	
5472.650564000	1.343729615	6.692600000E-06	
5472.168436000	1.343729734	6.699200000E-06	
5471.686308000	1.343728900	6.706000000E-06	
5471.204180000	1.343729019	6.713200000E-06	
5470.722052000	1.343728304	6.720800000E-06	
5470.239924000	1.343728304	6.728800000E-06	
5469.757797000	1.343727589	6.737100000E-06	
5469.275669000	1.343727589	6.745600000E-06	
5468.793541000	1.343726873	6.754200000E-06	
5468.311413000	1.343726993	6.763200000E-06	
5467.829285000	1.343726158	6.772600000E-06	
5467.347157000	1.343726277	6.782400000E-06	
5466.865029000	1.343725562	6.792300000E-06	
5466.382901000	1.343725562	6.802300000E-06	
5465.900773000	1.343724847	6.812500000E-06	
5465.418645000	1.343724847	6.823000000E-06	
5464.936517000	1.343724132	6.833800000E-06	
5464.454389000	1.343724251	6.845000000E-06	
5463.972261000	1.343723416	6.856200000E-06	
5463.490133000	1.343723536	6.867300000E-06	
5463.008005000	1.343722820	6.878100000E-06	
5462.525877000	1.343722820	6.888600000E-06	
5462.043749000	1.343722105	6.898900000E-06	
5461.561621000	1.343722224	6.909000000E-06	
5461.079493000	1.343721390	6.919300000E-06	
5460.597365000	1.343721509	6.929700000E-06	
5460.115237000	1.343720794	6.940300000E-06	
5459.633109000	1.343720794	6.951200000E-06	
5459.150981000	1.343720078	6.962200000E-06	
5458.668853000	1.343720198	6.973400000E-06	
5458.186725000	1.343719363	6.984700000E-06	
5457.704597000	1.343719482	6.995900000E-06	
5457.222469000	1.343718767	7.007200000E-06	
5456.740341000	1.343718767	7.018500000E-06	
5456.258213000	1.343718052	7.030100000E-06	
5455.776085000	1.343718171	7.042100000E-06	
5455.293957000	1.343717456	7.054800000E-06	
5454.811829000	1.343717456	7.068100000E-06	
5454.329701000	1.343716741	7.082100000E-06	
5453.847573000	1.343716860	7.096800000E-06	
5453.365445000	1.343716025	7.112100000E-06	
5452.883317000	1.343716145	7.128100000E-06	
5452.401189000	1.343715429	7.144600000E-06	
5451.919061000	1.343715429	7.161700000E-06	
5451.436933000	1.343714714	7.179100000E-06	
5450.954805000	1.343714833	7.196800000E-06	
5450.472677000	1.343714118	7.215000000E-06	
5449.990549000	1.343714118	7.233800000E-06	
5449.508421000	1.343713403	7.253200000E-06	
5449.026293000	1.343713522	7.273000000E-06	
5448.544165000	1.343712687	7.292900000E-06	
5448.062037000	1.343712807	7.312500000E-06	
5447.579910000	1.343712091	7.331800000E-06	
5447.097782000	1.343712211	7.350900000E-06	
5446.615654000	1.343711495	7.370000000E-06	
5446.133526000	1.343711495	7.389200000E-06	
5445.651398000	1.343710780	7.408600000E-06	
5445.169270000	1.343710899	7.428300000E-06	
5444.687142000	1.343710184	7.448400000E-06	
5444.205014000	1.343710184	7.468700000E-06	
5443.722886000	1.343709469	7.489000000E-06	
5443.240758000	1.343709588	7.509000000E-06	
5442.758630000	1.343708873	7.528400000E-06	
5442.276502000	1.343708873	7.547300000E-06	
5441.794374000	1.343708158	7.565700000E-06	
5441.312246000	1.343708277	7.583800000E-06	
5440.830118000	1.343707561	7.601900000E-06	
5440.347990000	1.343707681	7.620200000E-06	
5439.865862000	1.343706965	7.638500000E-06	
5439.383734000	1.343706965	7.657000000E-06	
5438.901606000	1.343706250	7.675700000E-06	
5438.419478000	1.343706369	7.694600000E-06	
5437.937350000	1.343705654	7.713500000E-06	
5437.455222000	1.343705773	7.732400000E-06	
5436.973094000	1.343705058	7.751400000E-06	
5436.490966000	1.343705058	7.770400000E-06	
5436.008838000	1.343704343	7.789700000E-06	
5435.526710000	1.343704462	7.809100000E-06	
5435.044582000	1.343703747	7.828600000E-06	
5434.562454000	1.343703866	7.847900000E-06	
5434.080326000	1.343703151	7.867200000E-06	
5433.598198000	1.343703151	7.886600000E-06	
5433.116070000	1.343702435	7.906200000E-06	
5432.633942000	1.343702555	7.925800000E-06	
5432.151814000	1.343701839	7.945200000E-06	
5431.669686000	1.343701959	7.964400000E-06	
5431.187558000	1.343701243	7.983100000E-06	
5430.705430000	1.343701243	8.001700000E-06	
5430.223302000	1.343700528	8.020500000E-06	
5429.741174000	1.343700647	8.039600000E-06	
5429.259046000	1.343699932	8.059200000E-06	
5428.776918000	1.343700051	8.079200000E-06	
5428.294790000	1.343699336	8.099100000E-06	
5427.812662000	1.343699455	8.119000000E-06	
5427.330534000	1.343698740	8.138700000E-06	
5426.848406000	1.343698740	8.158100000E-06	
5426.366278000	1.343698025	8.177200000E-06	
5425.884150000	1.343698144	8.196100000E-06	
5425.402023000	1.343697429	8.214900000E-06	
5424.919895000	1.343697548	8.234000000E-06	
5424.437767000	1.343696833	8.253600000E-06	
5423.955639000	1.343696952	8.273900000E-06	
5423.473511000	1.343696237	8.294900000E-06	
5422.991383000	1.343696356	8.316700000E-06	
5422.509255000	1.343695641	8.339100000E-06	
5422.027127000	1.343695641	8.361900000E-06	
5421.544999000	1.343694925	8.385000000E-06	
5421.062871000	1.343695045	8.408500000E-06	
5420.580743000	1.343694329	8.432300000E-06	
5420.098615000	1.343694448	8.456500000E-06	
5419.616487000	1.343693733	8.481000000E-06	
5419.134359000	1.343693852	8.505700000E-06	
5418.652231000	1.343693137	8.530600000E-06	
5418.170103000	1.343693256	8.555900000E-06	
5417.687975000	1.343692541	8.581600000E-06	
5417.205847000	1.343692660	8.607700000E-06	
5416.723719000	1.343691945	8.633800000E-06	
5416.241591000	1.343692064	8.659700000E-06	
5415.759463000	1.343691349	8.685200000E-06	
5415.277335000	1.343691468	8.710600000E-06	
5414.795207000	1.343690753	8.735700000E-06	
5414.313079000	1.343690872	8.760700000E-06	
5413.830951000	1.343690157	8.785300000E-06	
5413.348823000	1.343690276	8.809500000E-06	
5412.866695000	1.343689561	8.832800000E-06	
5412.384567000	1.343689680	8.855100000E-06	
5411.902439000	1.343689084	8.876300000E-06	
5411.420311000	1.343689203	8.896300000E-06	
5410.938183000	1.343688488	8.914700000E-06	
5410.456055000	1.343688607	8.931400000E-06	
5409.973927000	1.343687892	8.946500000E-06	
5409.491799000	1.343688011	8.960400000E-06	
5409.009671000	1.343687415	8.973300000E-06	
5408.527543000	1.343687534	8.985500000E-06	
5408.045415000	1.343686819	8.996800000E-06	
5407.563287000	1.343686938	9.006800000E-06	
5407.081159000	1.343686223	9.015100000E-06	
5406.599031000	1.343686461	9.021800000E-06	
5406.116903000	1.343685746	9.026600000E-06	
5405.634775000	1.343685865	9.029700000E-06	
5405.152647000	1.343685150	9.031200000E-06	
5404.670519000	1.343685389	9.030900000E-06	
5404.188391000	1.343684673	9.028600000E-06	
5403.706263000	1.343684793	9.024300000E-06	
5403.224136000	1.343684077	9.017900000E-06	
5402.742008000	1.343684316	9.009100000E-06	
5402.259880000	1.343683600	8.998200000E-06	
5401.777752000	1.343683720	8.985200000E-06	
5401.295624000	1.343683004	8.970100000E-06	
5400.813496000	1.343683243	8.952900000E-06	
5400.331368000	1.343682528	8.933400000E-06	
5399.849240000	1.343682647	8.911500000E-06	
5399.367112000	1.343682051	8.886900000E-06	
5398.884984000	1.343682170	8.859600000E-06	
5398.402856000	1.343681455	8.829700000E-06	
5397.920728000	1.343681574	8.797400000E-06	
5397.438600000	1.343680978	8.763200000E-06	
5396.956472000	1.343681097	8.726800000E-06	
5396.474344000	1.343680382	8.688100000E-06	
5395.992216000	1.343680501	8.646600000E-06	
5395.510088000	1.343679905	8.602500000E-06	
5395.027960000	1.343680024	8.556000000E-06	
5394.545832000	1.343679309	8.507500000E-06	
5394.063704000	1.343679428	8.457000000E-06	
5393.581576000	1.343678713	8.404600000E-06	
5393.099448000	1.343678832	8.350300000E-06	
5392.617320000	1.343678236	8.294100000E-06	
5392.135192000	1.343678355	8.236300000E-06	
5391.653064000	1.343677640	8.176700000E-06	
5391.170936000	1.343677759	8.115200000E-06	
5390.688808000	1.343677044	8.051800000E-06	
5390.206680000	1.343677163	7.986600000E-06	
5389.724552000	1.343676448	7.920100000E-06	
5389.242424000	1.343676567	7.852900000E-06	
5388.760296000	1.343675852	7.785000000E-06	
5388.278168000	1.343675971	7.716700000E-06	
5387.796040000	1.343675256	7.647800000E-06	
5387.313912000	1.343675375	7.578300000E-06	
5386.831784000	1.343674660	7.508500000E-06	
5386.349656000	1.343674660	7.438700000E-06	
5385.867528000	1.343673944	7.369000000E-06	
5385.385400000	1.343674064	7.299500000E-06	
5384.903272000	1.343673348	7.230400000E-06	
5384.421144000	1.343673348	7.162000000E-06	
5383.939016000	1.343672633	7.094300000E-06	
5383.456888000	1.343672752	7.027400000E-06	
5382.974760000	1.343672037	6.961100000E-06	
5382.492632000	1.343672037	6.895200000E-06	
5382.010504000	1.343671322	6.829900000E-06	
5381.528376000	1.343671441	6.765600000E-06	
5381.046248000	1.343670607	6.702800000E-06	
5380.564121000	1.343670726	6.641400000E-06	
5380.081993000	1.343669891	6.581300000E-06	
5379.599865000	1.343670011	6.522200000E-06	
5379.117737000	1.343669295	6.464100000E-06	
5378.635609000	1.343669295	6.407000000E-06	
5378.153481000	1.343668580	6.351200000E-06	
5377.671353000	1.343668580	6.296700000E-06	
5377.189225000	1.343667865	6.243400000E-06	
5376.707097000	1.343667865	6.191100000E-06	
5376.224969000	1.343667150	6.139800000E-06	
5375.742841000	1.343667150	6.089400000E-06	
5375.260713000	1.343666434	6.040100000E-06	
5374.778585000	1.343666434	5.991700000E-06	
5374.296457000	1.343665719	5.944200000E-06	
5373.814329000	1.343665719	5.897600000E-06	
5373.332201000	1.343665004	5.851800000E-06	
5372.850073000	1.343665004	5.807300000E-06	
5372.367945000	1.343664289	5.764300000E-06	
5371.885817000	1.343664289	5.723000000E-06	
5371.403689000	1.343663454	5.683300000E-06	
5370.921561000	1.343663573	5.645000000E-06	
5370.439433000	1.343662739	5.607700000E-06	
5369.957305000	1.343662858	5.571400000E-06	
5369.475177000	1.343662024	5.536100000E-06	
5368.993049000	1.343662024	5.501900000E-06	
5368.510921000	1.343661308	5.468900000E-06	
5368.028793000	1.343661308	5.437200000E-06	
5367.546665000	1.343660474	5.406800000E-06	
5367.064537000	1.343660593	5.377800000E-06	
5366.582409000	1.343659759	5.350000000E-06	
5366.100281000	1.343659878	5.323500000E-06	
5365.618153000	1.343659043	5.298300000E-06	
5365.136025000	1.343659043	5.274600000E-06	
5364.653897000	1.343658328	5.252500000E-06	
5364.171769000	1.343658328	5.232200000E-06	
5363.689641000	1.343657494	5.213400000E-06	
5363.207513000	1.343657613	5.195800000E-06	
5362.725385000	1.343656778	5.179300000E-06	
5362.243257000	1.343656778	5.163900000E-06	
5361.761129000	1.343656063	5.149100000E-06	
5361.279001000	1.343656063	5.135000000E-06	
5360.796873000	1.343655229	5.121600000E-06	
5360.314745000	1.343655348	5.108600000E-06	
5359.832617000	1.343654513	5.096200000E-06	
5359.350489000	1.343654513	5.084500000E-06	
5358.868361000	1.343653798	5.073700000E-06	
5358.386234000	1.343653798	5.063800000E-06	
5357.904106000	1.343652964	5.054700000E-06	
5357.421978000	1.343653083	5.046600000E-06	
5356.939850000	1.343652248	5.039400000E-06	
5356.457722000	1.343652368	5.033100000E-06	
5355.975594000	1.343651533	5.027700000E-06	
5355.493466000	1.343651533	5.023100000E-06	
5355.011338000	1.343650818	5.019000000E-06	
5354.529210000	1.343650818	5.015400000E-06	
5354.047082000	1.343649983	5.012200000E-06	
5353.564954000	1.343650103	5.009400000E-06	
5353.082826000	1.343649268	5.007700000E-06	
5352.600698000	1.343649268	5.006600000E-06	
5352.118570000	1.343648553	5.006100000E-06	
5351.636442000	1.343648553	5.006000000E-06	
5351.154314000	1.343647718	5.006000000E-06	
5350.672186000	1.343647838	5.006200000E-06	
5350.190058000	1.343647003	5.006500000E-06	
5349.707930000	1.343647122	5.007100000E-06	
5349.225802000	1.343646288	5.008400000E-06	
5348.743674000	1.343646288	5.010700000E-06	
5348.261546000	1.343645573	5.013700000E-06	
5347.779418000	1.343645573	5.017400000E-06	
5347.297290000	1.343644738	5.021300000E-06	
5346.815162000	1.343644857	5.025300000E-06	
5346.333034000	1.343644023	5.029400000E-06	
5345.850906000	1.343644023	5.033400000E-06	
5345.368778000	1.343643308	5.037600000E-06	
5344.886650000	1.343643308	5.041900000E-06	
5344.404522000	1.343642592	5.046100000E-06	
5343.922394000	1.343642592	5.050700000E-06	
5343.440266000	1.343641758	5.055700000E-06	
5342.958138000	1.343641877	5.061500000E-06	
5342.476010000	1.343641043	5.068000000E-06	
5341.993882000	1.343641043	5.074900000E-06	
5341.511754000	1.343640327	5.081700000E-06	
5341.029626000	1.343640327	5.088200000E-06	
5340.547498000	1.343639493	5.094500000E-06	
5340.065370000	1.343639612	5.101000000E-06	
5339.583242000	1.343638778	5.107600000E-06	
5339.101114000	1.343638778	5.114300000E-06	
5338.618986000	1.343638062	5.120800000E-06	
5338.136858000	1.343638062	5.127100000E-06	
5337.654730000	1.343637228	5.133300000E-06	
5337.172602000	1.343637347	5.139700000E-06	
5336.690474000	1.343636513	5.146400000E-06	
5336.208347000	1.343636513	5.153400000E-06	
5335.726219000	1.343635798	5.160600000E-06	
5335.244091000	1.343635798	5.168000000E-06	
5334.761963000	1.343634963	5.175700000E-06	
5334.279835000	1.343635082	5.183800000E-06	
5333.797707000	1.343634248	5.192600000E-06	
5333.315579000	1.343634248	5.202300000E-06	
5332.833451000	1.343633413	5.212500000E-06	
5332.351323000	1.343633533	5.223300000E-06	
5331.869195000	1.343632698	5.234800000E-06	
5331.387067000	1.343632698	5.246900000E-06	
5330.904939000	1.343631864	5.259800000E-06	
5330.422811000	1.343631983	5.273300000E-06	
5329.940683000	1.343631148	5.287200000E-06	
5329.458555000	1.343631148	5.301600000E-06	
5328.976427000	1.343630314	5.316700000E-06	
5328.494299000	1.343630433	5.332600000E-06	
5328.012171000	1.343629599	5.349700000E-06	
5327.530043000	1.343629599	5.368100000E-06	
5327.047915000	1.343628764	5.388000000E-06	
5326.565787000	1.343628764	5.409600000E-06	
5326.083659000	1.343628049	5.432500000E-06	
5325.601531000	1.343628049	5.456800000E-06	
5325.119403000	1.343627214	5.482100000E-06	
5324.637275000	1.343627214	5.508400000E-06	
5324.155147000	1.343626380	5.535800000E-06	
5323.673019000	1.343626380	5.564200000E-06	
5323.190891000	1.343625546	5.594000000E-06	
5322.708763000	1.343625665	5.625400000E-06	
5322.226635000	1.343624830	5.658600000E-06	
5321.744507000	1.343624830	5.693600000E-06	
5321.262379000	1.343623996	5.730300000E-06	
5320.780251000	1.343623996	5.768500000E-06	
5320.298123000	1.343623161	5.808300000E-06	
5319.815995000	1.343623161	5.849700000E-06	
5319.333867000	1.343622327	5.892900000E-06	
5318.851739000	1.343622446	5.937600000E-06	
5318.369611000	1.343621612	5.983900000E-06	
5317.887483000	1.343621612	6.031900000E-06	
5317.405355000	1.343620777	6.081600000E-06	
5316.923227000	1.343620777	6.133200000E-06	
5316.441099000	1.343619943	6.186600000E-06	
5315.958971000	1.343619943	6.242000000E-06	
5315.476843000	1.343619108	6.299300000E-06	
5314.994715000	1.343619227	6.358700000E-06	
5314.512587000	1.343618393	6.420200000E-06	
5314.030460000	1.343618393	6.483700000E-06	
5313.548332000	1.343617558	6.549000000E-06	
5313.066204000	1.343617558	6.616300000E-06	
5312.584076000	1.343616724	6.685400000E-06	
5312.101948000	1.343616724	6.756700000E-06	
5311.619820000	1.343615890	6.830400000E-06	
5311.137692000	1.343616009	6.906500000E-06	
5310.655564000	1.343615174	6.984900000E-06	
5310.173436000	1.343615174	7.065400000E-06	
5309.691308000	1.343614340	7.147700000E-06	
5309.209180000	1.343614340	7.231600000E-06	
5308.727052000	1.343613505	7.317000000E-06	
5308.244924000	1.343613625	7.404100000E-06	
5307.762796000	1.343612790	7.493000000E-06	
5307.280668000	1.343612790	7.583600000E-06	
5306.798540000	1.343611956	7.676100000E-06	
5306.316412000	1.343611956	7.770700000E-06	
5305.834284000	1.343611240	7.867300000E-06	
5305.352156000	1.343611240	7.965800000E-06	
5304.870028000	1.343610406	8.065900000E-06	
5304.387900000	1.343610525	8.167100000E-06	
5303.905772000	1.343609691	8.269300000E-06	
5303.423644000	1.343609691	8.372700000E-06	
5302.941516000	1.343608975	8.477300000E-06	
5302.459388000	1.343608975	8.583100000E-06	
5301.977260000	1.343608141	8.689900000E-06	
5301.495132000	1.343608260	8.797600000E-06	
5301.013004000	1.343607426	8.906100000E-06	
5300.530876000	1.343607545	9.015100000E-06	
5300.048748000	1.343606710	9.124700000E-06	
5299.566620000	1.343606830	9.235000000E-06	
5299.084492000	1.343605995	9.345900000E-06	
5298.602364000	1.343606114	9.457500000E-06	
5298.120236000	1.343605280	9.569700000E-06	
5297.638108000	1.343605399	9.682500000E-06	
5297.155980000	1.343604565	9.795800000E-06	
5296.673852000	1.343604684	9.909600000E-06	
5296.191724000	1.343603849	1.002370000E-05	
5295.709596000	1.343603969	1.013810000E-05	
5295.227468000	1.343603134	1.025280000E-05	
5294.745340000	1.343603253	1.036780000E-05	
5294.263212000	1.343602538	1.048320000E-05	
5293.781084000	1.343602538	1.059870000E-05	
5293.298956000	1.343601823	1.071430000E-05	
5292.816828000	1.343601942	1.082990000E-05	
5292.334700000	1.343601108	1.094550000E-05	
5291.852572000	1.343601227	1.106110000E-05	
5291.370445000	1.343600512	1.117700000E-05	
5290.888317000	1.343600512	1.129320000E-05	
5290.406189000	1.343599796	1.140950000E-05	
5289.924061000	1.343599916	1.152580000E-05	
5289.441933000	1.343599200	1.164200000E-05	
5288.959805000	1.343599319	1.175790000E-05	
5288.477677000	1.343598485	1.187350000E-05	
5287.995549000	1.343598604	1.198860000E-05	
5287.513421000	1.343597889	1.210300000E-05	
5287.031293000	1.343598008	1.221650000E-05	
5286.549165000	1.343597293	1.232920000E-05	
5286.067037000	1.343597412	1.244120000E-05	
5285.584909000	1.343596697	1.255280000E-05	
5285.102781000	1.343596816	1.266400000E-05	
5284.620653000	1.343595982	1.277500000E-05	
5284.138525000	1.343596101	1.288560000E-05	
5283.656397000	1.343595386	1.299560000E-05	
5283.174269000	1.343595505	1.310480000E-05	
5282.692141000	1.343594790	1.321310000E-05	
5282.210013000	1.343594909	1.332030000E-05	
5281.727885000	1.343594193	1.342660000E-05	
5281.245757000	1.343594313	1.353190000E-05	
5280.763629000	1.343593597	1.363650000E-05	
5280.281501000	1.343593717	1.374040000E-05	
5279.799373000	1.343593001	1.384340000E-05	
5279.317245000	1.343593240	1.394580000E-05	
5278.835117000	1.343592405	1.404740000E-05	
5278.352989000	1.343592644	1.414830000E-05	
5277.870861000	1.343591928	1.424850000E-05	
5277.388733000	1.343592048	1.434820000E-05	
5276.906605000	1.343591332	1.444720000E-05	
5276.424477000	1.343591452	1.454580000E-05	
5275.942349000	1.343590736	1.464390000E-05	
5275.460221000	1.343590856	1.474160000E-05	
5274.978093000	1.343590140	1.483890000E-05	
5274.495965000	1.343590260	1.493570000E-05	
5274.013837000	1.343589544	1.503210000E-05	
5273.531709000	1.343589783	1.512780000E-05	
5273.049581000	1.343589067	1.522280000E-05	
5272.567453000	1.343589187	1.531710000E-05	
5272.085325000	1.343588471	1.541070000E-05	
5271.603197000	1.343588591	1.550340000E-05	
5271.121069000	1.343587995	1.559530000E-05	
5270.638941000	1.343588114	1.568640000E-05	
5270.156813000	1.343587399	1.577700000E-05	
5269.674685000	1.343587518	1.586720000E-05	
5269.192558000	1.343586802	1.595690000E-05	
5268.710430000	1.343587041	1.604620000E-05	
5268.228302000	1.343586326	1.613490000E-05	
5267.746174000	1.343586445	1.622290000E-05	
5267.264046000	1.343585849	1.630990000E-05	
5266.781918000	1.343585968	1.639590000E-05	
5266.299790000	1.343585253	1.648060000E-05	
5265.817662000	1.343585491	1.656410000E-05	
5265.335534000	1.343584776	1.664630000E-05	
5264.853406000	1.343584895	1.672750000E-05	
5264.371278000	1.343584180	1.680750000E-05	
5263.889150000	1.343584418	1.688620000E-05	
5263.407022000	1.343583703	1.696370000E-05	
5262.924894000	1.343583941	1.703960000E-05	
5262.442766000	1.343583226	1.711430000E-05	
5261.960638000	1.343583345	1.718760000E-05	
5261.478510000	1.343582749	1.725940000E-05	
5260.996382000	1.343582869	1.732960000E-05	
5260.514254000	1.343582273	1.739810000E-05	
5260.032126000	1.343582392	1.746500000E-05	
5259.549998000	1.343581676	1.753060000E-05	
5259.067870000	1.343581915	1.759500000E-05	
5258.585742000	1.343581200	1.765800000E-05	
5258.103614000	1.343581438	1.771960000E-05	
5257.621486000	1.343580723	1.777940000E-05	
5257.139358000	1.343580961	1.783730000E-05	
5256.657230000	1.343580246	1.789360000E-05	
5256.175102000	1.343580484	1.794820000E-05	
5255.692974000	1.343579769	1.800150000E-05	
5255.210846000	1.343580008	1.805340000E-05	
5254.728718000	1.343579292	1.810390000E-05	
5254.246590000	1.343579531	1.815290000E-05	
5253.764462000	1.343578815	1.820020000E-05	
5253.282334000	1.343579054	1.824580000E-05	
5252.800206000	1.343578339	1.828970000E-05	
5252.318078000	1.343578577	1.833200000E-05	
5251.835950000	1.343577862	1.837270000E-05	
5251.353822000	1.343578100	1.841170000E-05	
5250.871694000	1.343577385	1.844880000E-05	
5250.389566000	1.343577623	1.848390000E-05	
5249.907438000	1.343576908	1.851700000E-05	
5249.425310000	1.343577147	1.854790000E-05	
5248.943182000	1.343576550	1.857670000E-05	
5248.461054000	1.343576670	1.860340000E-05	
5247.978926000	1.343576074	1.862790000E-05	
5247.496798000	1.343576193	1.865000000E-05	
5247.014671000	1.343575597	1.866970000E-05	
5246.532543000	1.343575835	1.868690000E-05	
5246.050415000	1.343575120	1.870170000E-05	
5245.568287000	1.343575358	1.871420000E-05	
5245.086159000	1.343574643	1.872430000E-05	
5244.604031000	1.343574882	1.873210000E-05	
5244.121903000	1.343574166	1.873750000E-05	
5243.639775000	1.343574405	1.874070000E-05	
5243.157647000	1.343573689	1.874170000E-05	
5242.675519000	1.343573928	1.874070000E-05	
5242.193391000	1.343573213	1.873730000E-05	
5241.711263000	1.343573451	1.873180000E-05	
5241.229135000	1.343572855	1.872400000E-05	
5240.747007000	1.343572974	1.871430000E-05	
5240.264879000	1.343572259	1.870270000E-05	
5239.782751000	1.343572497	1.868940000E-05	
5239.300623000	1.343571901	1.867440000E-05	
5238.818495000	1.343572021	1.865780000E-05	
5238.336367000	1.343571305	1.863960000E-05	
5237.854239000	1.343571544	1.861990000E-05	
5237.372111000	1.343570828	1.859870000E-05	
5236.889983000	1.343571067	1.857580000E-05	
5236.407855000	1.343570352	1.855120000E-05	
5235.925727000	1.343570590	1.852470000E-05	
5235.443599000	1.343569875	1.849640000E-05	
5234.961471000	1.343570113	1.846640000E-05	
5234.479343000	1.343569398	1.843460000E-05	
5233.997215000	1.343569636	1.840110000E-05	
5233.515087000	1.343568921	1.836590000E-05	
5233.032959000	1.343569040	1.832920000E-05	
5232.550831000	1.343568325	1.829110000E-05	
5232.068703000	1.343568563	1.825160000E-05	
5231.586575000	1.343567848	1.821050000E-05	
5231.104447000	1.343568087	1.816760000E-05	
5230.622319000	1.343567371	1.812280000E-05	
5230.140191000	1.343567491	1.807630000E-05	
5229.658063000	1.343566775	1.802820000E-05	
5229.175935000	1.343567014	1.797870000E-05	
5228.693807000	1.343566298	1.792800000E-05	
5228.211679000	1.343566418	1.787590000E-05	
5227.729551000	1.343565702	1.782250000E-05	
5227.247423000	1.343565941	1.776790000E-05	
5226.765295000	1.343565226	1.771230000E-05	
5226.283167000	1.343565345	1.765620000E-05	
5225.801039000	1.343564630	1.759960000E-05	
5225.318911000	1.343564749	1.754240000E-05	
5224.836784000	1.343564034	1.748480000E-05	
5224.354656000	1.343564153	1.742660000E-05	
5223.872528000	1.343563437	1.736790000E-05	
5223.390400000	1.343563676	1.730880000E-05	
5222.908272000	1.343562841	1.724920000E-05	
5222.426144000	1.343563080	1.718890000E-05	
5221.944016000	1.343562245	1.712800000E-05	
5221.461888000	1.343562484	1.706660000E-05	
5220.979760000	1.343561649	1.700510000E-05	
5220.497632000	1.343561888	1.694350000E-05	
5220.015504000	1.343561053	1.688200000E-05	
5219.533376000	1.343561172	1.682050000E-05	
5219.051248000	1.343560457	1.675920000E-05	
5218.569120000	1.343560576	1.669830000E-05	
5218.086992000	1.343559861	1.663790000E-05	
5217.604864000	1.343559980	1.657800000E-05	
5217.122736000	1.343559265	1.651850000E-05	
5216.640608000	1.343559384	1.645930000E-05	
5216.158480000	1.343558550	1.640030000E-05	
5215.676352000	1.343558669	1.634140000E-05	
5215.194224000	1.343557954	1.628260000E-05	
5214.712096000	1.343558073	1.622400000E-05	
5214.229968000	1.343557239	1.616550000E-05	
5213.747840000	1.343557358	1.610740000E-05	
5213.265712000	1.343556643	1.604950000E-05	
5212.783584000	1.343556762	1.599210000E-05	
5212.301456000	1.343555927	1.593490000E-05	
5211.819328000	1.343556046	1.587790000E-05	
5211.337200000	1.343555331	1.582090000E-05	
5210.855072000	1.343555450	1.576410000E-05	
5210.372944000	1.343554616	1.570780000E-05	
5209.890816000	1.343554735	1.565210000E-05	
5209.408688000	1.343554020	1.559700000E-05	
5208.926560000	1.343554020	1.554230000E-05	
5208.444432000	1.343553305	1.548750000E-05	
5207.962304000	1.343553424	1.543280000E-05	
5207.480176000	1.343552589	1.537850000E-05	
5206.998048000	1.343552709	1.532480000E-05	
5206.515920000	1.343551874	1.527170000E-05	
5206.033792000	1.343551993	1.521900000E-05	
5205.551664000	1.343551159	1.516630000E-05	
5205.069536000	1.343551278	1.511400000E-05	
5204.587408000	1.343550563	1.506230000E-05	
5204.105280000	1.343550563	1.501160000E-05	
5203.623152000	1.343549848	1.496170000E-05	
5203.141024000	1.343549848	1.491260000E-05	
5202.658896000	1.343549132	1.486400000E-05	
5202.176769000	1.343549132	1.481620000E-05	
5201.694641000	1.343548417	1.476920000E-05	
5201.212513000	1.343548417	1.472320000E-05	
5200.730385000	1.343547702	1.467810000E-05	
5200.248257000	1.343547702	1.463360000E-05	
5199.766129000	1.343546987	1.458960000E-05	
5199.284001000	1.343546987	1.454600000E-05	
5198.801873000	1.343546271	1.450290000E-05	
5198.319745000	1.343546271	1.446040000E-05	
5197.837617000	1.343545437	1.441850000E-05	
5197.355489000	1.343545556	1.437730000E-05	
5196.873361000	1.343544722	1.433670000E-05	
5196.391233000	1.343544841	1.429690000E-05	
5195.909105000	1.343544006	1.425800000E-05	
5195.426977000	1.343544126	1.421990000E-05	
5194.944849000	1.343543291	1.418240000E-05	
5194.462721000	1.343543410	1.414540000E-05	
5193.980593000	1.343542576	1.410900000E-05	
5193.498465000	1.343542576	1.407300000E-05	
5193.016337000	1.343541741	1.403740000E-05	
5192.534209000	1.343541861	1.400220000E-05	
5192.052081000	1.343541026	1.396720000E-05	
5191.569953000	1.343541145	1.393250000E-05	
5191.087825000	1.343540311	1.389830000E-05	
5190.605697000	1.343540311	1.386460000E-05	
5190.123569000	1.343539596	1.383150000E-05	
5189.641441000	1.343539596	1.379910000E-05	
5189.159313000	1.343538761	1.376740000E-05	
5188.677185000	1.343538880	1.373650000E-05	
5188.195057000	1.343538046	1.370640000E-05	
5187.712929000	1.343538046	1.367710000E-05	
5187.230801000	1.343537211	1.364850000E-05	
5186.748673000	1.343537331	1.362050000E-05	
5186.266545000	1.343536496	1.359280000E-05	
5185.784417000	1.343536496	1.356560000E-05	
5185.302289000	1.343535781	1.353890000E-05	
5184.820161000	1.343535781	1.351290000E-05	
5184.338033000	1.343534946	1.348760000E-05	
5183.855905000	1.343535066	1.346300000E-05	
5183.373777000	1.343534231	1.343890000E-05	
5182.891649000	1.343534231	1.341530000E-05	
5182.409521000	1.343533397	1.339220000E-05	
5181.927393000	1.343533397	1.336970000E-05	
5181.445265000	1.343532562	1.334790000E-05	
5180.963137000	1.343532681	1.332690000E-05	
5180.481009000	1.343531847	1.330670000E-05	
5179.998882000	1.343531847	1.328760000E-05	
5179.516754000	1.343531013	1.326950000E-05	
5179.034626000	1.343531132	1.325220000E-05	
5178.552498000	1.343530297	1.323570000E-05	
5178.070370000	1.343530297	1.321990000E-05	
5177.588242000	1.343529463	1.320480000E-05	
5177.106114000	1.343529463	1.319070000E-05	
5176.623986000	1.343528628	1.317750000E-05	
5176.141858000	1.343528748	1.316520000E-05	
5175.659730000	1.343527794	1.315360000E-05	
5175.177602000	1.343527913	1.314260000E-05	
5174.695474000	1.343527079	1.313240000E-05	
5174.213346000	1.343527079	1.312300000E-05	
5173.731218000	1.343526244	1.311460000E-05	
5173.249090000	1.343526244	1.310690000E-05	
5172.766962000	1.343525410	1.310010000E-05	
5172.284834000	1.343525529	1.309390000E-05	
5171.802706000	1.343524575	1.308830000E-05	
5171.320578000	1.343524694	1.308330000E-05	
5170.838450000	1.343523860	1.307900000E-05	
5170.356322000	1.343523860	1.307550000E-05	
5169.874194000	1.343523026	1.307280000E-05	
5169.392066000	1.343523026	1.307100000E-05	
5168.909938000	1.343522191	1.307040000E-05	
5168.427810000	1.343522191	1.307100000E-05	
5167.945682000	1.343521357	1.307280000E-05	
5167.463554000	1.343521357	1.307610000E-05	
5166.981426000	1.343520522	1.308080000E-05	
5166.499298000	1.343520522	1.308700000E-05	
5166.017170000	1.343519688	1.309470000E-05	
5165.535042000	1.343519688	1.310400000E-05	
5165.052914000	1.343518853	1.311500000E-05	
5164.570786000	1.343518853	1.312780000E-05	
5164.088658000	1.343518019	1.314230000E-05	
5163.606530000	1.343518019	1.315850000E-05	
5163.124402000	1.343517184	1.317630000E-05	
5162.642274000	1.343517184	1.319560000E-05	
5162.160146000	1.343516350	1.321620000E-05	
5161.678018000	1.343516350	1.323830000E-05	
5161.195890000	1.343515515	1.326180000E-05	
5160.713762000	1.343515515	1.328700000E-05	
5160.231634000	1.343514681	1.331380000E-05	
5159.749506000	1.343514681	1.334250000E-05	
5159.267378000	1.343513846	1.337300000E-05	
5158.785250000	1.343513846	1.340520000E-05	
5158.303122000	1.343513012	1.343920000E-05	
5157.820995000	1.343513012	1.347460000E-05	
5157.338867000	1.343512177	1.351140000E-05	
5156.856739000	1.343512177	1.354930000E-05	
5156.374611000	1.343511343	1.358840000E-05	
5155.892483000	1.343511343	1.362850000E-05	
5155.410355000	1.343510509	1.366980000E-05	
5154.928227000	1.343510509	1.371220000E-05	
5154.446099000	1.343509674	1.375600000E-05	
5153.963971000	1.343509674	1.380120000E-05	
5153.481843000	1.343508840	1.384770000E-05	
5152.999715000	1.343508840	1.389540000E-05	
5152.517587000	1.343508005	1.394430000E-05	
5152.035459000	1.343508005	1.399430000E-05	
5151.553331000	1.343507171	1.404520000E-05	
5151.071203000	1.343507171	1.409700000E-05	
5150.589075000	1.343506336	1.414970000E-05	
5150.106947000	1.343506336	1.420330000E-05	
5149.624819000	1.343505502	1.425770000E-05	
5149.142691000	1.343505502	1.431280000E-05	
5148.660563000	1.343504667	1.436840000E-05	
5148.178435000	1.343504667	1.442430000E-05	
5147.696307000	1.343503833	1.448030000E-05	
5147.214179000	1.343503833	1.453650000E-05	
5146.732051000	1.343502998	1.459270000E-05	
5146.249923000	1.343503118	1.464900000E-05	
5145.767795000	1.343502164	1.470530000E-05	
5145.285667000	1.343502283	1.476160000E-05	
5144.803539000	1.343501329	1.481770000E-05	
5144.321411000	1.343501449	1.487370000E-05	
5143.839283000	1.343500614	1.492960000E-05	
5143.357155000	1.343500614	1.498540000E-05	
5142.875027000	1.343499780	1.504110000E-05	
5142.392899000	1.343499780	1.509660000E-05	
5141.910771000	1.343498945	1.515180000E-05	
5141.428643000	1.343498945	1.520670000E-05	
5140.946515000	1.343498111	1.526150000E-05	
5140.464387000	1.343498111	1.531620000E-05	
5139.982259000	1.343497276	1.537100000E-05	
5139.500131000	1.343497276	1.542630000E-05	
5139.018003000	1.343496442	1.548210000E-05	
5138.535875000	1.343496442	1.553880000E-05	
5138.053747000	1.343495607	1.559670000E-05	
5137.571619000	1.343495607	1.565600000E-05	
5137.089491000	1.343494654	1.571710000E-05	
5136.607363000	1.343494773	1.578000000E-05	
5136.125235000	1.343493819	1.584490000E-05	
5135.643108000	1.343493819	1.591210000E-05	
5135.160980000	1.343492985	1.598180000E-05	
5134.678852000	1.343492985	1.605420000E-05	
5134.196724000	1.343492031	1.612950000E-05	
5133.714596000	1.343492031	1.620790000E-05	
5133.232468000	1.343491197	1.628950000E-05	
5132.750340000	1.343491197	1.637460000E-05	
5132.268212000	1.343490243	1.646370000E-05	
5131.786084000	1.343490243	1.655710000E-05	
5131.303956000	1.343489289	1.665510000E-05	
5130.821828000	1.343489289	1.675800000E-05	
5130.339700000	1.343488336	1.686590000E-05	
5129.857572000	1.343488336	1.697910000E-05	
5129.375444000	1.343487501	1.709780000E-05	
5128.893316000	1.343487382	1.722240000E-05	
5128.411188000	1.343486547	1.735300000E-05	
5127.929060000	1.343486547	1.749000000E-05	
5127.446932000	1.343485594	1.763370000E-05	
5126.964804000	1.343485475	1.778430000E-05	
5126.482676000	1.343484640	1.794200000E-05	
5126.000548000	1.343484521	1.810720000E-05	
5125.518420000	1.343483686	1.827990000E-05	
5125.036292000	1.343483686	1.846050000E-05	
5124.554164000	1.343482733	1.864920000E-05	
5124.072036000	1.343482733	1.884630000E-05	
5123.589908000	1.343481779	1.905220000E-05	
5123.107780000	1.343481779	1.926710000E-05	
5122.625652000	1.343480825	1.949130000E-05	
5122.143524000	1.343480825	1.972480000E-05	
5121.661396000	1.343479872	1.996750000E-05	
5121.179268000	1.343479872	2.021960000E-05	
5120.697140000	1.343478918	2.048120000E-05	
5120.215012000	1.343479037	2.075250000E-05	
5119.732884000	1.343478084	2.103350000E-05	
5119.250756000	1.343478084	2.132420000E-05	
5118.768628000	1.343477249	2.162440000E-05	
5118.286500000	1.343477249	2.193410000E-05	
5117.804372000	1.343476415	2.225320000E-05	
5117.322244000	1.343476415	2.258170000E-05	
5116.840116000	1.343475580	2.291940000E-05	
5116.357988000	1.343475699	2.326630000E-05	
5115.875860000	1.343474865	2.362220000E-05	
5115.393732000	1.343474865	2.398700000E-05	
5114.911604000	1.343474150	2.436020000E-05	
5114.429476000	1.343474269	2.474110000E-05	
5113.947348000	1.343473434	2.512940000E-05	
5113.465220000	1.343473554	2.552430000E-05	
5112.983093000	1.343472838	2.592530000E-05	
5112.500965000	1.343472958	2.633190000E-05	
5112.018837000	1.343472362	2.674350000E-05	
5111.536709000	1.343472481	2.715930000E-05	
5111.054581000	1.343471885	2.757850000E-05	
5110.572453000	1.343472123	2.800010000E-05	
5110.090325000	1.343471408	2.842320000E-05	
5109.608197000	1.343471646	2.884700000E-05	
5109.126069000	1.343471050	2.927050000E-05	
5108.643941000	1.343471408	2.969280000E-05	
5108.161813000	1.343470812	3.011300000E-05	
5107.679685000	1.343471169	3.053000000E-05	
5107.197557000	1.343470693	3.094240000E-05	
5106.715429000	1.343471050	3.134920000E-05	
5106.233301000	1.343470573	3.174910000E-05	
5105.751173000	1.343471050	3.214100000E-05	
5105.269045000	1.343470573	3.252380000E-05	
5104.786917000	1.343471050	3.289640000E-05	
5104.304789000	1.343470693	3.325730000E-05	
5103.822661000	1.343471169	3.360540000E-05	
5103.340533000	1.343470812	3.393920000E-05	
5102.858405000	1.343471408	3.425730000E-05	
5102.376277000	1.343471050	3.455900000E-05	
5101.894149000	1.343471646	3.484390000E-05	
5101.412021000	1.343471289	3.511120000E-05	
5100.929893000	1.343471885	3.535980000E-05	
5100.447765000	1.343471646	3.558790000E-05	
5099.965637000	1.343472242	3.579450000E-05	
5099.483509000	1.343472004	3.597910000E-05	
5099.001381000	1.343472719	3.614200000E-05	
5098.519253000	1.343472481	3.628260000E-05	
5098.037125000	1.343473196	3.640040000E-05	
5097.554997000	1.343472958	3.649430000E-05	
5097.072869000	1.343473554	3.656420000E-05	
5096.590741000	1.343473434	3.660980000E-05	
5096.108613000	1.343474150	3.663060000E-05	
5095.626485000	1.343473911	3.662650000E-05	
5095.144357000	1.343474627	3.659780000E-05	
5094.662229000	1.343474388	3.654530000E-05	
5094.180101000	1.343475103	3.646920000E-05	
5093.697973000	1.343474865	3.636900000E-05	
5093.215845000	1.343475580	3.624460000E-05	
5092.733717000	1.343475342	3.609590000E-05	
5092.251589000	1.343476057	3.592400000E-05	
5091.769461000	1.343475819	3.572970000E-05	
5091.287333000	1.343476415	3.551360000E-05	
5090.805206000	1.343476176	3.527600000E-05	
5090.323078000	1.343476772	3.501720000E-05	
5089.840950000	1.343476534	3.473750000E-05	
5089.358822000	1.343477130	3.443760000E-05	
5088.876694000	1.343476892	3.411870000E-05	
5088.394566000	1.343477488	3.378180000E-05	
5087.912438000	1.343477130	3.342810000E-05	
5087.430310000	1.343477607	3.305850000E-05	
5086.948182000	1.343477249	3.267360000E-05	
5086.466054000	1.343477845	3.227450000E-05	
5085.983926000	1.343477368	3.186220000E-05	
5085.501798000	1.343477845	3.143770000E-05	
5085.019670000	1.343477368	3.100150000E-05	
5084.537542000	1.343477845	3.055440000E-05	
5084.055414000	1.343477368	3.009780000E-05	
5083.573286000	1.343477845	2.963310000E-05	
5083.091158000	1.343477249	2.916140000E-05	
5082.609030000	1.343477607	2.868360000E-05	
5082.126902000	1.343477011	2.820050000E-05	
5081.644774000	1.343477368	2.771290000E-05	
5081.162646000	1.343476772	2.722180000E-05	
5080.680518000	1.343477130	2.672850000E-05	
5080.198390000	1.343476415	2.623420000E-05	
5079.716262000	1.343476653	2.573990000E-05	
5079.234134000	1.343476057	2.524650000E-05	
5078.752006000	1.343476176	2.475470000E-05	
5078.269878000	1.343475461	2.426520000E-05	
5077.787750000	1.343475699	2.377890000E-05	
5077.305622000	1.343474984	2.329650000E-05	
5076.823494000	1.343475103	2.281890000E-05	
5076.341366000	1.343474269	2.234670000E-05	
5075.859238000	1.343474388	2.188030000E-05	
5075.377110000	1.343473554	2.142020000E-05	
5074.894982000	1.343473673	2.096700000E-05	
5074.412854000	1.343472838	2.052110000E-05	
5073.930726000	1.343472838	2.008300000E-05	
5073.448598000	1.343472004	1.965330000E-05	
5072.966470000	1.343472004	1.923230000E-05	
5072.484342000	1.343471169	1.882040000E-05	
5072.002214000	1.343471169	1.841740000E-05	
5071.520086000	1.343470216	1.802320000E-05	
5071.037958000	1.343470216	1.763800000E-05	
5070.555830000	1.343469262	1.726190000E-05	
5070.073702000	1.343469262	1.689530000E-05	
5069.591574000	1.343468308	1.653790000E-05	
5069.109446000	1.343468308	1.618990000E-05	
5068.627319000	1.343467355	1.585080000E-05	
5068.145191000	1.343467355	1.552050000E-05	
5067.663063000	1.343466282	1.519910000E-05	
5067.180935000	1.343466282	1.488630000E-05	
5066.698807000	1.343465328	1.458220000E-05	
5066.216679000	1.343465209	1.428660000E-05	
5065.734551000	1.343464255	1.399920000E-05	
5065.252423000	1.343464136	1.372000000E-05	
5064.770295000	1.343463182	1.344880000E-05	
5064.288167000	1.343463063	1.318570000E-05	
5063.806039000	1.343462110	1.293040000E-05	
5063.323911000	1.343461990	1.268260000E-05	
5062.841783000	1.343461037	1.244200000E-05	
5062.359655000	1.343460917	1.220820000E-05	
5061.877527000	1.343459964	1.198100000E-05	
5061.395399000	1.343459845	1.176060000E-05	
5060.913271000	1.343458891	1.154680000E-05	
5060.431143000	1.343458772	1.133950000E-05	
5059.949015000	1.343457699	1.113850000E-05	
5059.466887000	1.343457699	1.094370000E-05	
5058.984759000	1.343456626	1.075480000E-05	
5058.502631000	1.343456626	1.057160000E-05	
5058.020503000	1.343455553	1.039420000E-05	
5057.538375000	1.343455434	1.022240000E-05	
5057.056247000	1.343454480	1.005610000E-05	
5056.574119000	1.343454361	9.895200000E-06	
5056.091991000	1.343453407	9.739400000E-06	
5055.609863000	1.343453288	9.588700000E-06	
5055.127735000	1.343452215	9.442900000E-06	
5054.645607000	1.343452215	9.301700000E-06	
5054.163479000	1.343451142	9.164800000E-06	
5053.681351000	1.343451142	9.032000000E-06	
5053.199223000	1.343450069	8.903000000E-06	
5052.717095000	1.343449950	8.777600000E-06	
5052.234967000	1.343448997	8.655700000E-06	
5051.752839000	1.343448877	8.537300000E-06	
5051.270711000	1.343447924	8.422300000E-06	
5050.788583000	1.343447804	8.310700000E-06	
5050.306455000	1.343446851	8.202300000E-06	
5049.824327000	1.343446732	8.096900000E-06	
5049.342199000	1.343445778	7.994400000E-06	
5048.860071000	1.343445659	7.894600000E-06	
5048.377943000	1.343444705	7.797400000E-06	
5047.895815000	1.343444705	7.702700000E-06	
5047.413687000	1.343443632	7.610400000E-06	
5046.931559000	1.343443632	7.520200000E-06	
5046.449432000	1.343442559	7.432300000E-06	
5045.967304000	1.343442559	7.346500000E-06	
5045.485176000	1.343441486	7.262800000E-06	
5045.003048000	1.343441486	7.181100000E-06	
5044.520920000	1.343440533	7.101200000E-06	
5044.038792000	1.343440413	7.023300000E-06	
5043.556664000	1.343439460	6.947300000E-06	
5043.074536000	1.343439341	6.873500000E-06	
5042.592408000	1.343438387	6.801800000E-06	
5042.110280000	1.343438387	6.732300000E-06	
5041.628152000	1.343437314	6.664900000E-06	
5041.146024000	1.343437314	6.599400000E-06	
5040.663896000	1.343436241	6.535600000E-06	
5040.181768000	1.343436241	6.473600000E-06	
5039.699640000	1.343435287	6.413500000E-06	
5039.217512000	1.343435168	6.355100000E-06	
5038.735384000	1.343434215	6.298400000E-06	
5038.253256000	1.343434215	6.243300000E-06	
5037.771128000	1.343433142	6.189800000E-06	
5037.289000000	1.343433142	6.137800000E-06	
5036.806872000	1.343432188	6.087200000E-06	
5036.324744000	1.343432069	6.038200000E-06	
5035.842616000	1.343431115	5.990700000E-06	
5035.360488000	1.343431115	5.944600000E-06	
5034.878360000	1.343430161	5.900100000E-06	
5034.396232000	1.343430042	5.856800000E-06	
5033.914104000	1.343429089	5.815000000E-06	
5033.431976000	1.343429089	5.774300000E-06	
5032.949848000	1.343428135	5.734600000E-06	
5032.467720000	1.343428016	5.695800000E-06	
5031.985592000	1.343427062	5.658000000E-06	
5031.503464000	1.343427062	5.620900000E-06	
5031.021336000	1.343426108	5.584800000E-06	
5030.539208000	1.343425989	5.549400000E-06	
5030.057080000	1.343425035	5.514900000E-06	
5029.574952000	1.343425035	5.481500000E-06	
5029.092824000	1.343424082	5.449100000E-06	
5028.610696000	1.343424082	5.417700000E-06	
5028.128568000	1.343423009	5.387300000E-06	
5027.646440000	1.343423009	5.357700000E-06	
5027.164312000	1.343422055	5.329000000E-06	
5026.682184000	1.343422055	5.301300000E-06	
5026.200056000	1.343421102	5.274700000E-06	
5025.717928000	1.343420982	5.249100000E-06	
5025.235800000	1.343420029	5.224600000E-06	
5024.753672000	1.343420029	5.201000000E-06	
5024.271544000	1.343419075	5.178200000E-06	
5023.789417000	1.343419075	5.156400000E-06	
5023.307289000	1.343418121	5.135700000E-06	
5022.825161000	1.343418121	5.116100000E-06	
5022.343033000	1.343417048	5.097500000E-06	
5021.860905000	1.343417048	5.080100000E-06	
5021.378777000	1.343416095	5.063900000E-06	
5020.896649000	1.343416095	5.049000000E-06	
5020.414521000	1.343415141	5.035900000E-06	
5019.932393000	1.343415141	5.024500000E-06	
5019.450265000	1.343414187	5.014600000E-06	
5018.968137000	1.343414187	5.006200000E-06	
5018.486009000	1.343413234	4.991700000E-06	
5018.003881000	1.343413234	4.950200000E-06	
5017.521753000	1.343412280	4.910000000E-06	
5017.039625000	1.343412280	4.871000000E-06	
5016.557497000	1.343411326	4.833300000E-06	
5016.075369000	1.343411326	4.796600000E-06	
5015.593241000	1.343410373	4.761200000E-06	
5015.111113000	1.343410373	4.727200000E-06	
5014.628985000	1.343409419	4.694700000E-06	
5014.146857000	1.343409419	4.662800000E-06	
5013.664729000	1.343408346	4.632400000E-06	
5013.182601000	1.343408346	4.603500000E-06	
5012.700473000	1.343407393	4.576100000E-06	
5012.218345000	1.343407393	4.550300000E-06	
5011.736217000	1.343406439	4.526100000E-06	
5011.254089000	1.343406439	4.503300000E-06	
5010.771961000	1.343405366	4.481800000E-06	
5010.289833000	1.343405366	4.461500000E-06	
5009.807705000	1.343404412	4.442500000E-06	
5009.325577000	1.343404412	4.424700000E-06	
5008.843449000	1.343403459	4.408200000E-06	
5008.361321000	1.343403459	4.392800000E-06	
5007.879193000	1.343402386	4.378400000E-06	
5007.397065000	1.343402386	4.365100000E-06	
5006.914937000	1.343401432	4.352800000E-06	
5006.432809000	1.343401432	4.341800000E-06	
5005.950681000	1.343400478	4.332000000E-06	
5005.468553000	1.343400359	4.323500000E-06	
5004.986425000	1.343399405	4.316200000E-06	
5004.504297000	1.343399405	4.310200000E-06	
5004.022169000	1.343398452	4.305500000E-06	
5003.540041000	1.343398452	4.302000000E-06	
5003.057913000	1.343397379	4.299800000E-06	
5002.575785000	1.343397379	4.298700000E-06	
5002.093657000	1.343396425	4.298700000E-06	
5001.611530000	1.343396425	4.299700000E-06	
5001.129402000	1.343395472	4.301600000E-06	
5000.647274000	1.343395472	4.304500000E-06	
5000.165146000	1.343394399	4.308500000E-06	
4999.683018000	1.343394399	4.313600000E-06	
4999.200890000	1.343393445	4.319900000E-06	
4998.718762000	1.343393445	4.327400000E-06	
4998.236634000	1.343392491	4.336100000E-06	
4997.754506000	1.343392491	4.345800000E-06	
4997.272378000	1.343391418	4.356500000E-06	
4996.790250000	1.343391418	4.368100000E-06	
4996.308122000	1.343390465	4.380600000E-06	
4995.825994000	1.343390465	4.393900000E-06	
4995.343866000	1.343389511	4.408500000E-06	
4994.861738000	1.343389511	4.423600000E-06	
4994.379610000	1.343388557	4.439200000E-06	
4993.897482000	1.343388557	4.455100000E-06	
4993.415354000	1.343387485	4.471500000E-06	
4992.933226000	1.343387485	4.488500000E-06	
4992.451098000	1.343386531	4.506200000E-06	
4991.968970000	1.343386531	4.524400000E-06	
4991.486842000	1.343385577	4.543200000E-06	
4991.004714000	1.343385577	4.562500000E-06	
4990.522586000	1.343384624	4.582300000E-06	
4990.040458000	1.343384624	4.602500000E-06	
4989.558330000	1.343383670	4.623100000E-06	
4989.076202000	1.343383670	4.644100000E-06	
4988.594074000	1.343382716	4.665300000E-06	
4988.111946000	1.343382716	4.686800000E-06	
4987.629818000	1.343381763	4.708600000E-06	
4987.147690000	1.343381763	4.730700000E-06	
4986.665562000	1.343380809	4.753200000E-06	
4986.183434000	1.343380809	4.776000000E-06	
4985.701306000	1.343379855	4.799100000E-06	
4985.219178000	1.343379855	4.822600000E-06	
4984.737050000	1.343378901	4.846500000E-06	
4984.254922000	1.343378901	4.871100000E-06	
4983.772794000	1.343377948	4.896300000E-06	
4983.290666000	1.343377948	4.921900000E-06	
4982.808538000	1.343376994	4.947900000E-06	
4982.326410000	1.343376994	4.974400000E-06	
4981.844282000	1.343376040	5.001200000E-06	
4981.362154000	1.343376040	5.028300000E-06	
4980.880026000	1.343375087	5.055500000E-06	
4980.397898000	1.343375087	5.082800000E-06	
4979.915770000	1.343374133	5.109900000E-06	
4979.433643000	1.343374133	5.136800000E-06	
4978.951515000	1.343373179	5.163600000E-06	
4978.469387000	1.343373299	5.190100000E-06	
4977.987259000	1.343372345	5.216500000E-06	
4977.505131000	1.343372345	5.242700000E-06	
4977.023003000	1.343371391	5.268700000E-06	
4976.540875000	1.343371391	5.294400000E-06	
4976.058747000	1.343370438	5.319700000E-06	
4975.576619000	1.343370557	5.344400000E-06	
4975.094491000	1.343369603	5.368300000E-06	
4974.612363000	1.343369603	5.391700000E-06	
4974.130235000	1.343368649	5.414300000E-06	
4973.648107000	1.343368649	5.436200000E-06	
4973.165979000	1.343367696	5.457300000E-06	
4972.683851000	1.343367815	5.477600000E-06	
4972.201723000	1.343366861	5.496900000E-06	
4971.719595000	1.343366861	5.515100000E-06	
4971.237467000	1.343365908	5.532100000E-06	
4970.755339000	1.343366027	5.548000000E-06	
4970.273211000	1.343365073	5.562800000E-06	
4969.791083000	1.343365073	5.576600000E-06	
4969.308955000	1.343364120	5.589500000E-06	
4968.826827000	1.343364239	5.601500000E-06	
4968.344699000	1.343363285	5.612500000E-06	
4967.862571000	1.343363285	5.622500000E-06	
4967.380443000	1.343362451	5.631500000E-06	
4966.898315000	1.343362451	5.639200000E-06	
4966.416187000	1.343361497	5.645500000E-06	
4965.934059000	1.343361497	5.650500000E-06	
4965.451931000	1.343360662	5.654100000E-06	
4964.969803000	1.343360662	5.656200000E-06	
4964.487675000	1.343359709	5.657000000E-06	
4964.005547000	1.343359828	5.656400000E-06	
4963.523419000	1.343358874	5.654600000E-06	
4963.041291000	1.343358874	5.651400000E-06	
4962.559163000	1.343357921	5.647000000E-06	
4962.077035000	1.343358040	5.641000000E-06	
4961.594907000	1.343357086	5.633300000E-06	
4961.112779000	1.343357086	5.623700000E-06	
4960.630651000	1.343356252	5.612300000E-06	
4960.148523000	1.343356252	5.598900000E-06	
4959.666395000	1.343355298	5.583700000E-06	
4959.184267000	1.343355417	5.566700000E-06	
4958.702139000	1.343354464	5.547800000E-06	
4958.220011000	1.343354464	5.527100000E-06	
4957.737883000	1.343353510	5.504300000E-06	
4957.255756000	1.343353629	5.479500000E-06	
4956.773628000	1.343352675	5.452600000E-06	
4956.291500000	1.343352675	5.423800000E-06	
4955.809372000	1.343351722	5.393300000E-06	
4955.327244000	1.343351841	5.361100000E-06	
4954.845116000	1.343350887	5.327500000E-06	
4954.362988000	1.343350887	5.292600000E-06	
4953.880860000	1.343349934	5.256400000E-06	
4953.398732000	1.343349934	5.219100000E-06	
4952.916604000	1.343348980	5.180600000E-06	
4952.434476000	1.343349099	5.140900000E-06	
4951.952348000	1.343348145	5.100300000E-06	
4951.470220000	1.343348145	5.058600000E-06	
4950.988092000	1.343347192	5.016000000E-06	
4950.505964000	1.343347192	4.972600000E-06	
4950.023836000	1.343346238	4.928400000E-06	
4949.541708000	1.343346238	4.883600000E-06	
4949.059580000	1.343345284	4.838500000E-06	
4948.577452000	1.343345284	4.793200000E-06	
4948.095324000	1.343344331	4.747600000E-06	
4947.613196000	1.343344331	4.702000000E-06	
4947.131068000	1.343343377	4.656500000E-06	
4946.648940000	1.343343377	4.611100000E-06	
4946.166812000	1.343342304	4.565900000E-06	
4945.684684000	1.343342304	4.521100000E-06	
4945.202556000	1.343341351	4.476700000E-06	
4944.720428000	1.343341351	4.432700000E-06	
4944.238300000	1.343340397	4.389200000E-06	
4943.756172000	1.343340397	4.346000000E-06	
4943.274044000	1.343339324	4.303300000E-06	
4942.791916000	1.343339324	4.260900000E-06	
4942.309788000	1.343338370	4.219000000E-06	
4941.827660000	1.343338370	4.177700000E-06	
4941.345532000	1.343337297	4.137000000E-06	
4940.863404000	1.343337297	4.097100000E-06	
4940.381276000	1.343336344	4.058200000E-06	
4939.899148000	1.343336225	4.020300000E-06	
4939.417020000	1.343335271	3.983300000E-06	
4938.934892000	1.343335271	3.947300000E-06	
4938.452764000	1.343334198	3.912100000E-06	
4937.970636000	1.343334198	3.877800000E-06	
4937.488508000	1.343333125	3.844300000E-06	
4937.006380000	1.343333125	3.811900000E-06	
4936.524252000	1.343332171	3.780700000E-06	
4936.042124000	1.343332052	3.750600000E-06	
4935.559996000	1.343331099	3.721600000E-06	
4935.077868000	1.343330979	3.694100000E-06	
4934.595741000	1.343330026	3.667800000E-06	
4934.113613000	1.343329906	3.643000000E-06	
4933.631485000	1.343328953	3.619800000E-06	
4933.149357000	1.343328834	3.598300000E-06	
4932.667229000	1.343327880	3.578400000E-06	
4932.185101000	1.343327761	3.560100000E-06	
4931.702973000	1.343326807	3.543500000E-06	
4931.220845000	1.343326688	3.528300000E-06	
4930.738717000	1.343325734	3.514700000E-06	
4930.256589000	1.343325615	3.502600000E-06	
4929.774461000	1.343324661	3.491900000E-06	
4929.292333000	1.343324542	3.482400000E-06	
4928.810205000	1.343323588	3.474000000E-06	
4928.328077000	1.343323469	3.466900000E-06	
4927.845949000	1.343322396	3.461000000E-06	
4927.363821000	1.343322396	3.456400000E-06	
4926.881693000	1.343321323	3.453200000E-06	
4926.399565000	1.343321323	3.445400000E-06	
4925.917437000	1.343320251	3.439000000E-06	
4925.435309000	1.343320251	3.434000000E-06	
4924.953181000	1.343319178	3.430200000E-06	
4924.471053000	1.343319178	3.427400000E-06	
4923.988925000	1.343318105	3.425600000E-06	
4923.506797000	1.343318105	3.424400000E-06	
4923.024669000	1.343317032	3.424000000E-06	
4922.542541000	1.343316913	3.424100000E-06	
4922.060413000	1.343315959	3.425000000E-06	
4921.578285000	1.343315840	3.426700000E-06	
4921.096157000	1.343314767	3.428900000E-06	
4920.614029000	1.343314767	3.431800000E-06	
4920.131901000	1.343313694	3.435100000E-06	
4919.649773000	1.343313694	3.439100000E-06	
4919.167645000	1.343312621	3.443700000E-06	
4918.685517000	1.343312502	3.449000000E-06	
4918.203389000	1.343311429	3.455300000E-06	
4917.721261000	1.343311429	3.462600000E-06	
4917.239133000	1.343310356	3.471200000E-06	
4916.757005000	1.343310356	3.481100000E-06	
4916.274877000	1.343309283	3.492400000E-06	
4915.792749000	1.343309164	3.504700000E-06	
4915.310621000	1.343308091	3.518100000E-06	
4914.828493000	1.343308091	3.532600000E-06	
4914.346365000	1.343307018	3.548200000E-06	
4913.864237000	1.343306899	3.565300000E-06	
4913.382109000	1.343305826	3.583600000E-06	
4912.899981000	1.343305826	3.603100000E-06	
4912.417854000	1.343304753	3.624000000E-06	
4911.935726000	1.343304634	3.646300000E-06	
4911.453598000	1.343303561	3.670200000E-06	
4910.971470000	1.343303561	3.695700000E-06	
4910.489342000	1.343302488	3.722700000E-06	
4910.007214000	1.343302369	3.751200000E-06	
4909.525086000	1.343301296	3.781500000E-06	
4909.042958000	1.343301177	3.813500000E-06	
4908.560830000	1.343300104	3.847300000E-06	
4908.078702000	1.343300104	3.882700000E-06	
4907.596574000	1.343299031	3.920000000E-06	
4907.114446000	1.343298912	3.959100000E-06	
4906.632318000	1.343297839	4.000200000E-06	
4906.150190000	1.343297839	4.043000000E-06	
4905.668062000	1.343296766	4.087300000E-06	
4905.185934000	1.343296647	4.133200000E-06	
4904.703806000	1.343295574	4.180700000E-06	
4904.221678000	1.343295455	4.230100000E-06	
4903.739550000	1.343294382	4.281400000E-06	
4903.257422000	1.343294382	4.334500000E-06	
4902.775294000	1.343293190	4.389500000E-06	
4902.293166000	1.343293190	4.446300000E-06	
4901.811038000	1.343292117	4.505200000E-06	
4901.328910000	1.343291998	4.566100000E-06	
4900.846782000	1.343290925	4.629000000E-06	
4900.364654000	1.343290806	4.693800000E-06	
4899.882526000	1.343289733	4.760800000E-06	
4899.400398000	1.343289733	4.830000000E-06	
4898.918270000	1.343288660	4.901500000E-06	
4898.436142000	1.343288541	4.975300000E-06	
4897.954014000	1.343287468	5.051400000E-06	
4897.471886000	1.343287349	5.129800000E-06	
4896.989758000	1.343286276	5.210400000E-06	
4896.507630000	1.343286276	5.293500000E-06	
4896.025502000	1.343285203	5.379400000E-06	
4895.543374000	1.343285084	5.468200000E-06	
4895.061246000	1.343284011	5.560300000E-06	
4894.579118000	1.343283892	5.655600000E-06	
4894.096990000	1.343282819	5.753900000E-06	
4893.614862000	1.343282819	5.855100000E-06	
4893.132734000	1.343281746	5.958900000E-06	
4892.650606000	1.343281627	6.065200000E-06	
4892.168478000	1.343280554	6.174100000E-06	
4891.686350000	1.343280554	6.285600000E-06	
4891.204222000	1.343279481	6.399600000E-06	
4890.722094000	1.343279362	6.516000000E-06	
4890.239967000	1.343278289	6.634900000E-06	
4889.757839000	1.343278289	6.756100000E-06	
4889.275711000	1.343277216	6.879700000E-06	
4888.793583000	1.343277216	7.005500000E-06	
4888.311455000	1.343276143	7.133200000E-06	
4887.829327000	1.343276024	7.262800000E-06	
4887.347199000	1.343275070	7.394100000E-06	
4886.865071000	1.343274951	7.527300000E-06	
4886.382943000	1.343273997	7.662400000E-06	
4885.900815000	1.343273878	7.798900000E-06	
4885.418687000	1.343272924	7.936400000E-06	
4884.936559000	1.343272924	8.074500000E-06	
4884.454431000	1.343271852	8.213100000E-06	
4883.972303000	1.343271852	8.352400000E-06	
4883.490175000	1.343270779	8.492200000E-06	
4883.008047000	1.343270779	8.632100000E-06	
4882.525919000	1.343269825	8.771800000E-06	
4882.043791000	1.343269825	8.911200000E-06	
4881.561663000	1.343268752	9.050400000E-06	
4881.079535000	1.343268871	9.189300000E-06	
4880.597407000	1.343267798	9.327500000E-06	
4880.115279000	1.343267798	9.464900000E-06	
4879.633151000	1.343266845	9.601100000E-06	
4879.151023000	1.343266845	9.736400000E-06	
4878.668895000	1.343265891	9.870500000E-06	
4878.186767000	1.343265891	1.000300000E-05	
4877.704639000	1.343264937	1.013360000E-05	
4877.222511000	1.343265057	1.026220000E-05	
4876.740383000	1.343264103	1.038850000E-05	
4876.258255000	1.343264103	1.051250000E-05	
4875.776127000	1.343263149	1.063350000E-05	
4875.293999000	1.343263149	1.075110000E-05	
4874.811871000	1.343262315	1.086490000E-05	
4874.329743000	1.343262315	1.097460000E-05	
4873.847615000	1.343261361	1.108030000E-05	
4873.365487000	1.343261480	1.118190000E-05	
4872.883359000	1.343260527	1.127930000E-05	
4872.401231000	1.343260646	1.137220000E-05	
4871.919103000	1.343259692	1.146040000E-05	
4871.436975000	1.343259811	1.154400000E-05	
4870.954847000	1.343258858	1.162280000E-05	
4870.472719000	1.343258858	1.169710000E-05	
4869.990591000	1.343258023	1.176660000E-05	
4869.508463000	1.343258023	1.183110000E-05	
4869.026335000	1.343257189	1.189030000E-05	
4868.544207000	1.343257189	1.194420000E-05	
4868.062080000	1.343256354	1.199290000E-05	
4867.579952000	1.343256354	1.203630000E-05	
4867.097824000	1.343255520	1.207480000E-05	
4866.615696000	1.343255520	1.210810000E-05	
4866.133568000	1.343254566	1.213630000E-05	
4865.651440000	1.343254685	1.215950000E-05	
4865.169312000	1.343253732	1.217740000E-05	
4864.687184000	1.343253851	1.219030000E-05	
4864.205056000	1.343252897	1.219830000E-05	
4863.722928000	1.343253016	1.220170000E-05	
4863.240800000	1.343252063	1.220100000E-05	
4862.758672000	1.343252182	1.219650000E-05	
4862.276544000	1.343251228	1.218800000E-05	
4861.794416000	1.343251228	1.217560000E-05	
4861.312288000	1.343250275	1.215930000E-05	
4860.830160000	1.343250394	1.213950000E-05	
4860.348032000	1.343249440	1.211640000E-05	
4859.865904000	1.343249440	1.209040000E-05	
4859.383776000	1.343248487	1.206170000E-05	
4858.901648000	1.343248487	1.203060000E-05	
4858.419520000	1.343247533	1.199740000E-05	
4857.937392000	1.343247533	1.196210000E-05	
4857.455264000	1.343246579	1.192490000E-05	
4856.973136000	1.343246579	1.188590000E-05	
4856.491008000	1.343245625	1.184520000E-05	
4856.008880000	1.343245625	1.180310000E-05	
4855.526752000	1.343244672	1.175980000E-05	
4855.044624000	1.343244672	1.171520000E-05	
4854.562496000	1.343243599	1.166960000E-05	
4854.080368000	1.343243599	1.162330000E-05	
4853.598240000	1.343242645	1.157680000E-05	
4853.116112000	1.343242645	1.153010000E-05	
4852.633984000	1.343241572	1.148330000E-05	
4852.151856000	1.343241572	1.143660000E-05	
4851.669728000	1.343240499	1.138990000E-05	
4851.187600000	1.343240499	1.134320000E-05	
4850.705472000	1.343239427	1.129660000E-05	
4850.223344000	1.343239427	1.125010000E-05	
4849.741216000	1.343238354	1.120370000E-05	
4849.259088000	1.343238354	1.115790000E-05	
4848.776960000	1.343237281	1.111290000E-05	
4848.294832000	1.343237281	1.106880000E-05	
4847.812704000	1.343236208	1.102550000E-05	
4847.330576000	1.343236089	1.098290000E-05	
4846.848448000	1.343235016	1.094100000E-05	
4846.366320000	1.343235016	1.089980000E-05	
4845.884192000	1.343233943	1.085940000E-05	
4845.402065000	1.343233824	1.081990000E-05	
4844.919937000	1.343232751	1.078130000E-05	
4844.437809000	1.343232751	1.074370000E-05	
4843.955681000	1.343231678	1.070710000E-05	
4843.473553000	1.343231559	1.067190000E-05	
4842.991425000	1.343230486	1.063800000E-05	
4842.509297000	1.343230367	1.060550000E-05	
4842.027169000	1.343229294	1.057450000E-05	
4841.545041000	1.343229175	1.054500000E-05	
4841.062913000	1.343228102	1.051740000E-05	
4840.580785000	1.343227983	1.049190000E-05	
4840.098657000	1.343226910	1.046880000E-05	
4839.616529000	1.343226790	1.044800000E-05	
4839.134401000	1.343225598	1.042920000E-05	
4838.652273000	1.343225598	1.041230000E-05	
4838.170145000	1.343224406	1.039730000E-05	
4837.688017000	1.343224287	1.038420000E-05	
4837.205889000	1.343223214	1.037280000E-05	
4836.723761000	1.343223095	1.036320000E-05	
4836.241633000	1.343221903	1.035560000E-05	
4835.759505000	1.343221903	1.035000000E-05	
4835.277377000	1.343220711	1.034660000E-05	
4834.795249000	1.343220592	1.034530000E-05	
4834.313121000	1.343219399	1.034580000E-05	
4833.830993000	1.343219399	1.034800000E-05	
4833.348865000	1.343218207	1.035160000E-05	
4832.866737000	1.343218088	1.035660000E-05	
4832.384609000	1.343216896	1.036310000E-05	
4831.902481000	1.343216777	1.037130000E-05	
4831.420353000	1.343215704	1.038110000E-05	
4830.938225000	1.343215585	1.039280000E-05	
4830.456097000	1.343214393	1.040630000E-05	
4829.973969000	1.343214273	1.042170000E-05	
4829.491841000	1.343213081	1.043910000E-05	
4829.009713000	1.343212962	1.045860000E-05	
4828.527585000	1.343211770	1.048020000E-05	
4828.045457000	1.343211651	1.050390000E-05	
4827.563329000	1.343210578	1.052930000E-05	
4827.081201000	1.343210340	1.055660000E-05	
4826.599073000	1.343209267	1.058560000E-05	
4826.116945000	1.343209147	1.061640000E-05	
4825.634817000	1.343207955	1.064890000E-05	
4825.152689000	1.343207836	1.068290000E-05	
4824.670561000	1.343206644	1.071870000E-05	
4824.188433000	1.343206525	1.075660000E-05	
4823.706305000	1.343205333	1.079690000E-05	
4823.224178000	1.343205214	1.083990000E-05	
4822.742050000	1.343204021	1.088530000E-05	
4822.259922000	1.343203902	1.093300000E-05	
4821.777794000	1.343202710	1.098270000E-05	
4821.295666000	1.343202472	1.103410000E-05	
4820.813538000	1.343201399	1.108730000E-05	
4820.331410000	1.343201160	1.114240000E-05	
4819.849282000	1.343199968	1.119950000E-05	
4819.367154000	1.343199849	1.125860000E-05	
4818.885026000	1.343198657	1.131980000E-05	
4818.402898000	1.343198538	1.138270000E-05	
4817.920770000	1.343197346	1.144710000E-05	
4817.438642000	1.343197227	1.151320000E-05	
4816.956514000	1.343196034	1.157010000E-05	
4816.474386000	1.343195915	1.162850000E-05	
4815.992258000	1.343194723	1.169290000E-05	
4815.510130000	1.343194485	1.176430000E-05	
4815.028002000	1.343193293	1.184240000E-05	
4814.545874000	1.343193173	1.192630000E-05	
4814.063746000	1.343191981	1.201450000E-05	
4813.581618000	1.343191862	1.210550000E-05	
4813.099490000	1.343190670	1.219690000E-05	
4812.617362000	1.343190551	1.228730000E-05	
4812.135234000	1.343189359	1.237480000E-05	
4811.653106000	1.343189240	1.245860000E-05	
4811.170978000	1.343188047	1.253860000E-05	
4810.688850000	1.343187928	1.261550000E-05	
4810.206722000	1.343186736	1.269080000E-05	
4809.724594000	1.343186498	1.276660000E-05	
4809.242466000	1.343185306	1.284540000E-05	
4808.760338000	1.343185186	1.292950000E-05	
4808.278210000	1.343183994	1.302020000E-05	
4807.796082000	1.343183756	1.311780000E-05	
4807.313954000	1.343182564	1.322130000E-05	
4806.831826000	1.343182445	1.332940000E-05	
4806.349698000	1.343181252	1.344040000E-05	
4805.867570000	1.343181133	1.355300000E-05	
4805.385442000	1.343179941	1.366520000E-05	
4804.903314000	1.343179703	1.377540000E-05	
4804.421186000	1.343178511	1.388280000E-05	
4803.939058000	1.343178391	1.398710000E-05	
4803.456930000	1.343177199	1.408910000E-05	
4802.974802000	1.343177080	1.418980000E-05	
4802.492674000	1.343175888	1.429070000E-05	
4802.010546000	1.343175650	1.439360000E-05	
4801.528418000	1.343174458	1.450060000E-05	
4801.046291000	1.343174338	1.461360000E-05	
4800.564163000	1.343173146	1.473330000E-05	
4800.082035000	1.343172908	1.485900000E-05	
4799.599907000	1.343171716	1.498960000E-05	
4799.117779000	1.343171477	1.512380000E-05	
4798.635651000	1.343170285	1.526010000E-05	
4798.153523000	1.343170166	1.539690000E-05	
4797.671395000	1.343168974	1.553220000E-05	
4797.189267000	1.343168855	1.566430000E-05	
4796.707139000	1.343167663	1.579230000E-05	
4796.225011000	1.343167543	1.591670000E-05	
4795.742883000	1.343166232	1.603860000E-05	
4795.260755000	1.343166113	1.616000000E-05	
4794.778627000	1.343164921	1.628280000E-05	
4794.296499000	1.343164682	1.640940000E-05	
4793.814371000	1.343163490	1.654110000E-05	
4793.332243000	1.343163371	1.667880000E-05	
4792.850115000	1.343162179	1.682220000E-05	
4792.367987000	1.343161941	1.697030000E-05	
4791.885859000	1.343160748	1.712150000E-05	
4791.403731000	1.343160510	1.727390000E-05	
4790.921603000	1.343159318	1.742570000E-05	
4790.439475000	1.343159199	1.757500000E-05	
4789.957347000	1.343158007	1.772060000E-05	
4789.475219000	1.343157887	1.786250000E-05	
4788.993091000	1.343156695	1.800100000E-05	
4788.510963000	1.343156457	1.813730000E-05	
4788.028835000	1.343155265	1.827280000E-05	
4787.546707000	1.343155146	1.840950000E-05	
4787.064579000	1.343153834	1.854920000E-05	
4786.582451000	1.343153715	1.869360000E-05	
4786.100323000	1.343152523	1.884340000E-05	
4785.618195000	1.343152285	1.899840000E-05	
4785.136067000	1.343151093	1.915730000E-05	
4784.653939000	1.343150854	1.931870000E-05	
4784.171811000	1.343149662	1.948040000E-05	
4783.689683000	1.343149424	1.964190000E-05	
4783.207555000	1.343148232	1.980780000E-05	
4782.725427000	1.343148112	1.996810000E-05	
4782.243299000	1.343146920	2.012110000E-05	
4781.761171000	1.343146682	2.026680000E-05	
4781.279043000	1.343145490	2.040640000E-05	
4780.796915000	1.343145370	2.054210000E-05	
4780.314787000	1.343144059	2.067650000E-05	
4779.832659000	1.343143940	2.081130000E-05	
4779.350531000	1.343142629	2.094880000E-05	
4778.868404000	1.343142390	2.109080000E-05	
4778.386276000	1.343141198	2.123900000E-05	
4777.904148000	1.343140960	2.139350000E-05	
4777.422020000	1.343139648	2.155440000E-05	
4776.939892000	1.343139529	2.171980000E-05	
4776.457764000	1.343138218	2.188670000E-05	
4775.975636000	1.343137980	2.205100000E-05	
4775.493508000	1.343136787	2.220880000E-05	
4775.011380000	1.343136549	2.235840000E-05	
4774.529252000	1.343135357	2.250020000E-05	
4774.047124000	1.343135118	2.263690000E-05	
4773.564996000	1.343133807	2.277160000E-05	
4773.082868000	1.343133569	2.290690000E-05	
4772.600740000	1.343132257	2.304450000E-05	
4772.118612000	1.343132019	2.318730000E-05	
4771.636484000	1.343130708	2.333730000E-05	
4771.154356000	1.343130350	2.349590000E-05	
4770.672228000	1.343129039	2.366400000E-05	
4770.190100000	1.343128800	2.384090000E-05	
4769.707972000	1.343127370	2.402520000E-05	
4769.225844000	1.343127131	2.421510000E-05	
4768.743716000	1.343125820	2.440770000E-05	
4768.261588000	1.343125463	2.460140000E-05	
4767.779460000	1.343124151	2.479460000E-05	
4767.297332000	1.343123794	2.498670000E-05	
4766.815204000	1.343122363	2.517800000E-05	
4766.333076000	1.343122125	2.537050000E-05	
4765.850948000	1.343120694	2.556740000E-05	
4765.368820000	1.343120337	2.577200000E-05	
4764.886692000	1.343118906	2.598740000E-05	
4764.404564000	1.343118548	2.621530000E-05	
4763.922436000	1.343117118	2.645740000E-05	
4763.440308000	1.343116641	2.671490000E-05	
4762.958180000	1.343115211	2.698820000E-05	
4762.476052000	1.343114853	2.727650000E-05	
4761.993924000	1.343113422	2.757700000E-05	
4761.511796000	1.343112946	2.788630000E-05	
4761.029668000	1.343111515	2.820200000E-05	
4760.547540000	1.343111157	2.852250000E-05	
4760.065412000	1.343109608	2.884840000E-05	
4759.583284000	1.343109250	2.918050000E-05	
4759.101156000	1.343107700	2.952060000E-05	
4758.619028000	1.343107343	2.987140000E-05	
4758.136900000	1.343105793	3.025330000E-05	
4757.654772000	1.343105316	3.063840000E-05	
4757.172644000	1.343103886	3.104300000E-05	
4756.690516000	1.343103290	3.146900000E-05	
4756.208389000	1.343101859	3.191750000E-05	
4755.726261000	1.343101382	3.238830000E-05	
4755.244133000	1.343099833	3.288080000E-05	
4754.762005000	1.343099356	3.339380000E-05	
4754.279877000	1.343097925	3.392590000E-05	
4753.797749000	1.343097448	3.447590000E-05	
4753.315621000	1.343096018	3.504310000E-05	
4752.833493000	1.343095541	3.551210000E-05	
4752.351365000	1.343094349	3.600930000E-05	
4751.869237000	1.343093872	3.651650000E-05	
4751.387109000	1.343091965	3.703410000E-05	
4750.904981000	1.343091607	3.756410000E-05	
4750.422853000	1.343089938	3.822560000E-05	
4749.940725000	1.343089461	3.889570000E-05	
4749.458597000	1.343087912	3.959430000E-05	
4748.976469000	1.343087435	4.031390000E-05	
4748.494341000	1.343086004	4.105200000E-05	
4748.012213000	1.343085527	4.180420000E-05	
4747.530085000	1.343084097	4.256190000E-05	
4747.047957000	1.343083739	4.325990000E-05	
4746.565829000	1.343082428	4.395200000E-05	
4746.083701000	1.343082070	4.464080000E-05	
4745.601573000	1.343080401	4.533270000E-05	
4745.119445000	1.343079925	4.603810000E-05	
4744.637317000	1.343078256	4.684210000E-05	
4744.155189000	1.343077660	4.769550000E-05	
4743.673061000	1.343075991	4.860050000E-05	
4743.190933000	1.343075514	4.955300000E-05	
4742.708805000	1.343073964	5.055050000E-05	
4742.226677000	1.343073487	5.157350000E-05	
4741.744549000	1.343071818	5.264210000E-05	
4741.262421000	1.343071461	5.375750000E-05	
4740.780293000	1.343069792	5.492130000E-05	
4740.298165000	1.343069434	5.612990000E-05	
4739.816037000	1.343067884	5.738250000E-05	
4739.333909000	1.343067527	5.866310000E-05	
4738.851781000	1.343066096	5.994330000E-05	
4738.369653000	1.343065858	6.126990000E-05	
4737.887525000	1.343064427	6.265130000E-05	
4737.405397000	1.343064070	6.408950000E-05	
4736.923269000	1.343062758	6.559290000E-05	
4736.441141000	1.343062639	6.713300000E-05	
4735.959013000	1.343061328	6.870490000E-05	
4735.476885000	1.343061328	7.027650000E-05	
4734.994757000	1.343060136	7.186830000E-05	
4734.512629000	1.343060136	7.349290000E-05	
4734.030502000	1.343058944	7.520870000E-05	
4733.548374000	1.343058944	7.701200000E-05	
4733.066246000	1.343057990	7.889250000E-05	
4732.584118000	1.343058109	8.078570000E-05	
4732.101990000	1.343057394	8.268420000E-05	
4731.619862000	1.343057752	8.458080000E-05	
4731.137734000	1.343057036	8.651650000E-05	
4730.655606000	1.343057513	8.848120000E-05	
4730.173478000	1.343056917	9.048280000E-05	
4729.691350000	1.343057632	9.250400000E-05	
4729.209222000	1.343057275	9.457100000E-05	
4728.727094000	1.343057990	9.668460000E-05	
4728.244966000	1.343057871	9.885190000E-05	
4727.762838000	1.343058825	1.010414000E-04	
4727.280710000	1.343059063	1.032433000E-04	
4726.798582000	1.343060374	1.054327000E-04	
4726.316454000	1.343060732	1.075935000E-04	
4725.834326000	1.343062520	1.096907000E-04	
4725.352198000	1.343063235	1.117048000E-04	
4724.870070000	1.343065143	1.136349000E-04	
4724.387942000	1.343066096	1.154958000E-04	
4723.905814000	1.343068361	1.172927000E-04	
4723.423686000	1.343069434	1.190050000E-04	
4722.941558000	1.343071938	1.206031000E-04	
4722.459430000	1.343073368	1.220550000E-04	
4721.977302000	1.343075991	1.233583000E-04	
4721.495174000	1.343077660	1.245148000E-04	
4721.013046000	1.343080521	1.255454000E-04	
4720.530918000	1.343082309	1.264372000E-04	
4720.048790000	1.343085289	1.271730000E-04	
4719.566662000	1.343087196	1.276981000E-04	
4719.084534000	1.343090296	1.280077000E-04	
4718.602406000	1.343092322	1.281083000E-04	
4718.120278000	1.343095303	1.280540000E-04	
4717.638150000	1.343097210	1.278429000E-04	
4717.156022000	1.343100309	1.274593000E-04	
4716.673894000	1.343102098	1.268536000E-04	
4716.191766000	1.343105078	1.260482000E-04	
4715.709638000	1.343106747	1.250737000E-04	
4715.227510000	1.343109488	1.239796000E-04	
4714.745382000	1.343111038	1.227494000E-04	
4714.263254000	1.343113542	1.213713000E-04	
4713.781126000	1.343114853	1.198307000E-04	
4713.298998000	1.343116999	1.181709000E-04	
4712.816870000	1.343118072	1.164112000E-04	
4712.334742000	1.343119979	1.145739000E-04	
4711.852615000	1.343120694	1.126566000E-04	
4711.370487000	1.343122363	1.106914000E-04	
4710.888359000	1.343122721	1.086993000E-04	
4710.406231000	1.343124032	1.066947000E-04	
4709.924103000	1.343124270	1.046549000E-04	
4709.441975000	1.343125343	1.025738000E-04	
4708.959847000	1.343125224	1.004764000E-04	
4708.477719000	1.343125939	9.839340000E-05	
4707.995591000	1.343125582	9.632670000E-05	
4707.513463000	1.343126178	9.425930000E-05	
4707.031335000	1.343125463	9.219010000E-05	
4706.549207000	1.343125701	9.014960000E-05	
4706.067079000	1.343124747	8.818180000E-05	
4705.584951000	1.343124747	8.628810000E-05	
4705.102823000	1.343123674	8.445510000E-05	
4704.620695000	1.343123555	8.266440000E-05	
4704.138567000	1.343122125	8.094410000E-05	
4703.656439000	1.343121767	7.931990000E-05	
4703.174311000	1.343120337	7.781200000E-05	
4702.692183000	1.343119860	7.638760000E-05	
4702.210055000	1.343118310	7.502670000E-05	
4701.727927000	1.343117714	7.369720000E-05	
4701.245799000	1.343116164	7.240990000E-05	
4700.763671000	1.343115568	7.115850000E-05	
4700.281543000	1.343113780	6.997350000E-05	
4699.799415000	1.343113065	6.885950000E-05	
4699.317287000	1.343111157	6.784560000E-05	
4698.835159000	1.343110323	6.691620000E-05	
4698.353031000	1.343108416	6.607580000E-05	
4697.870903000	1.343107581	6.530360000E-05	
4697.388775000	1.343105555	6.461950000E-05	
4696.906647000	1.343104720	6.400600000E-05	
4696.424519000	1.343102813	6.346470000E-05	
4695.942391000	1.343101978	6.296880000E-05	
4695.460263000	1.343099952	6.254040000E-05	
4694.978135000	1.343098998	6.219040000E-05	
4694.496007000	1.343097091	6.194140000E-05	
4694.013879000	1.343096137	6.176550000E-05	
4693.531751000	1.343094230	6.164460000E-05	
4693.049623000	1.343093395	6.156010000E-05	
4692.567495000	1.343091488	6.153780000E-05	
4692.085367000	1.343090653	6.159990000E-05	
4691.603239000	1.343088746	6.176430000E-05	
4691.121111000	1.343088031	6.201760000E-05	
4690.638983000	1.343086243	6.234020000E-05	
4690.156855000	1.343085527	6.271460000E-05	
4689.674728000	1.343083858	6.313510000E-05	
4689.192600000	1.343083382	6.361250000E-05	
4688.710472000	1.343081832	6.414630000E-05	
4688.228344000	1.343081474	6.473820000E-05	
4687.746216000	1.343080044	6.536130000E-05	
4687.264088000	1.343079925	6.600190000E-05	
4686.781960000	1.343078613	6.663640000E-05	
4686.299832000	1.343078732	6.727660000E-05	
4685.817704000	1.343077540	6.791140000E-05	
4685.335576000	1.343077660	6.854940000E-05	
4684.853448000	1.343076825	6.916430000E-05	
4684.371320000	1.343077064	6.975290000E-05	
4683.889192000	1.343076468	7.029390000E-05	
4683.407064000	1.343076825	7.080180000E-05	
4682.924936000	1.343076229	7.127280000E-05	
4682.442808000	1.343076706	7.173010000E-05	
4681.960680000	1.343076229	7.214990000E-05	
4681.478552000	1.343076944	7.251550000E-05	
4680.996424000	1.343076587	7.277510000E-05	
4680.514296000	1.343077421	7.292410000E-05	
4680.032168000	1.343077183	7.296470000E-05	
4679.550040000	1.343078017	7.293610000E-05	
4679.067912000	1.343077660	7.283990000E-05	
4678.585784000	1.343078494	7.267090000E-05	
4678.103656000	1.343078375	7.239800000E-05	
4677.621528000	1.343079209	7.202440000E-05	
4677.139400000	1.343078852	7.155450000E-05	
4676.657272000	1.343079686	7.100460000E-05	
4676.175144000	1.343079329	7.037100000E-05	
4675.693016000	1.343079925	6.965840000E-05	
4675.210888000	1.343079448	6.887270000E-05	
4674.728760000	1.343080044	6.803440000E-05	
4674.246632000	1.343079329	6.715990000E-05	
4673.764504000	1.343079805	6.626130000E-05	
4673.282376000	1.343078971	6.534410000E-05	
4672.800248000	1.343079209	6.440410000E-05	
4672.318120000	1.343078375	6.343020000E-05	
4671.835992000	1.343078494	6.240160000E-05	
4671.353864000	1.343077421	6.133180000E-05	
4670.871736000	1.343077421	6.024490000E-05	
4670.389608000	1.343076110	5.918840000E-05	
4669.907480000	1.343075871	5.817090000E-05	
4669.425352000	1.343074322	5.719600000E-05	
4668.943224000	1.343073964	5.624400000E-05	
4668.461096000	1.343072414	5.532540000E-05	
4667.978968000	1.343071938	5.443780000E-05	
4667.496840000	1.343070269	5.360100000E-05	
4667.014713000	1.343069673	5.281070000E-05	
4666.532585000	1.343067884	5.208890000E-05	
4666.050457000	1.343067169	5.141840000E-05	
4665.568329000	1.343065381	5.078690000E-05	
4665.086201000	1.343064547	5.014670000E-05	
4664.604073000	1.343062758	4.950930000E-05	
4664.121945000	1.343061805	4.891060000E-05	
4663.639817000	1.343059778	4.841870000E-05	
4663.157689000	1.343058705	4.803160000E-05	
4662.675561000	1.343056679	4.771930000E-05	
4662.193433000	1.343055725	4.742900000E-05	
4661.711305000	1.343053579	4.718380000E-05	
4661.229177000	1.343052506	4.701710000E-05	
4660.747049000	1.343050361	4.695890000E-05	
4660.264921000	1.343049288	4.697110000E-05	
4659.782793000	1.343047142	4.702340000E-05	
4659.300665000	1.343046188	4.710850000E-05	
4658.818537000	1.343043923	4.726780000E-05	
4658.336409000	1.343042970	4.751580000E-05	
4657.854281000	1.343040824	4.783320000E-05	
4657.372153000	1.343039751	4.818280000E-05	
4656.890025000	1.343037724	4.856760000E-05	
4656.407897000	1.343036652	4.902820000E-05	
4655.925769000	1.343034506	4.960030000E-05	
4655.443641000	1.343033433	5.028340000E-05	
4654.961513000	1.343031526	5.103520000E-05	
4654.479385000	1.343030572	5.182800000E-05	
4653.997257000	1.343028665	5.265140000E-05	
4653.515129000	1.343027830	5.352840000E-05	
4653.033001000	1.343025923	5.447530000E-05	
4652.550873000	1.343025208	5.551480000E-05	
4652.068745000	1.343023300	5.664560000E-05	
4651.586617000	1.343022704	5.787630000E-05	
4651.104489000	1.343021035	5.918000000E-05	
4650.622361000	1.343020678	6.054410000E-05	
4650.140233000	1.343019247	6.193440000E-05	
4649.658105000	1.343019009	6.335200000E-05	
4649.175977000	1.343017817	6.478500000E-05	
4648.693849000	1.343017817	6.625310000E-05	
4648.211721000	1.343016744	6.774720000E-05	
4647.729593000	1.343016982	6.927360000E-05	
4647.247465000	1.343016148	7.080340000E-05	
4646.765337000	1.343016624	7.232560000E-05	
4646.283209000	1.343016028	7.381170000E-05	
4645.801081000	1.343016744	7.526580000E-05	
4645.318953000	1.343016386	7.667540000E-05	
4644.836826000	1.343017340	7.804430000E-05	
4644.354698000	1.343017220	7.934660000E-05	
4643.872570000	1.343018293	8.058190000E-05	
4643.390442000	1.343018413	8.173690000E-05	
4642.908314000	1.343019724	8.281520000E-05	
4642.426186000	1.343019962	8.380340000E-05	
4641.944058000	1.343021393	8.469040000E-05	
4641.461930000	1.343021870	8.546090000E-05	
4640.979802000	1.343023419	8.612150000E-05	
4640.497674000	1.343023896	8.668810000E-05	
4640.015546000	1.343025565	8.716550000E-05	
4639.533418000	1.343026161	8.753800000E-05	
4639.051290000	1.343027830	8.777180000E-05	
4638.569162000	1.343028545	8.785740000E-05	
4638.087034000	1.343030214	8.780660000E-05	
4637.604906000	1.343030930	8.765350000E-05	
4637.122778000	1.343032598	8.740000000E-05	
4636.640650000	1.343033195	8.703150000E-05	
4636.158522000	1.343034863	8.652040000E-05	
4635.676394000	1.343035340	8.588990000E-05	
4635.194266000	1.343036890	8.517330000E-05	
4634.712138000	1.343037128	8.441530000E-05	
4634.230010000	1.343038678	8.359930000E-05	
4633.747882000	1.343038797	8.270040000E-05	
4633.265754000	1.343040109	8.168880000E-05	
4632.783626000	1.343040347	8.059410000E-05	
4632.301498000	1.343041301	7.945020000E-05	
4631.819370000	1.343041301	7.830320000E-05	
4631.337242000	1.343042254	7.715060000E-05	
4630.855114000	1.343041897	7.599410000E-05	
4630.372986000	1.343042850	7.481030000E-05	
4629.890858000	1.343042493	7.359740000E-05	
4629.408730000	1.343043327	7.233830000E-05	
4628.926602000	1.343042850	7.105050000E-05	
4628.444474000	1.343043447	6.974980000E-05	
4627.962346000	1.343042850	6.846910000E-05	
4627.480218000	1.343043447	6.718940000E-05	
4626.998090000	1.343042850	6.587540000E-05	
4626.515962000	1.343043327	6.448030000E-05	
4626.033834000	1.343042612	6.301520000E-05	
4625.551706000	1.343042970	6.152300000E-05	
4625.069578000	1.343042016	6.006060000E-05	
4624.587450000	1.343042016	5.864140000E-05	
4624.105322000	1.343041062	5.724800000E-05	
4623.623194000	1.343041062	5.585210000E-05	
4623.141066000	1.343039989	5.443910000E-05	
4622.658939000	1.343039870	5.300980000E-05	
4622.176811000	1.343038678	5.157440000E-05	
4621.694683000	1.343038440	5.015420000E-05	
4621.212555000	1.343037009	4.875510000E-05	
4620.730427000	1.343036652	4.739040000E-05	
4620.248299000	1.343035221	4.604890000E-05	
4619.766171000	1.343034625	4.472670000E-05	
4619.284043000	1.343033075	4.342220000E-05	
4618.801915000	1.343032360	4.215890000E-05	
4618.319787000	1.343030572	4.095040000E-05	
4617.837659000	1.343029499	3.985310000E-05	
4617.355531000	1.343027711	3.933650000E-05	
4616.873403000	1.343027353	3.839850000E-05	
4616.391275000	1.343025446	3.748950000E-05	
4615.909147000	1.343024850	3.662410000E-05	
4615.427019000	1.343023062	3.579040000E-05	
4614.944891000	1.343022466	3.499100000E-05	
4614.462763000	1.343020678	3.420860000E-05	
4613.980635000	1.343020082	3.344760000E-05	
4613.498507000	1.343018413	3.268840000E-05	
4613.016379000	1.343017817	3.192220000E-05	
4612.534251000	1.343016028	3.114850000E-05	
4612.052123000	1.343015313	3.038340000E-05	
4611.569995000	1.343013525	2.962700000E-05	
4611.087867000	1.343012810	2.889400000E-05	
4610.605739000	1.343011022	2.818830000E-05	
4610.123611000	1.343010187	2.746770000E-05	
4609.641483000	1.343008399	2.675090000E-05	
4609.159355000	1.343007445	2.603690000E-05	
4608.677227000	1.343005538	2.573830000E-05	
4608.195099000	1.343005061	2.504570000E-05	
4607.712971000	1.343003154	2.436900000E-05	
4607.230843000	1.343002439	2.370590000E-05	
4606.748715000	1.343000412	2.305580000E-05	
4606.266587000	1.342999578	2.241870000E-05	
4605.784459000	1.342997551	2.179700000E-05	
4605.302331000	1.342996597	2.119180000E-05	
4604.820203000	1.342994452	2.077510000E-05	
4604.338075000	1.342993617	2.038680000E-05	
4603.855947000	1.342991471	2.001500000E-05	
4603.373819000	1.342990637	1.964700000E-05	
4602.891691000	1.342988610	1.929290000E-05	
4602.409563000	1.342987657	1.895560000E-05	
4601.927435000	1.342985630	1.865470000E-05	
4601.445307000	1.342984796	1.838870000E-05	
4600.963179000	1.342982769	1.816170000E-05	
4600.481052000	1.342981935	1.795340000E-05	
4599.998924000	1.342979908	1.775410000E-05	
4599.516796000	1.342979074	1.754430000E-05	
4599.034668000	1.342977166	1.733260000E-05	
4598.552540000	1.342976332	1.712710000E-05	
4598.070412000	1.342974305	1.695270000E-05	
4597.588284000	1.342973471	1.680770000E-05	
4597.106156000	1.342971563	1.668450000E-05	
4596.624028000	1.342970729	1.655830000E-05	
4596.141900000	1.342968822	1.643170000E-05	
4595.659772000	1.342967987	1.631090000E-05	
4595.177644000	1.342966080	1.621640000E-05	
4594.695516000	1.342965245	1.613960000E-05	
4594.213388000	1.342963338	1.607360000E-05	
4593.731260000	1.342962623	1.600200000E-05	
4593.249132000	1.342960715	1.593610000E-05	
4592.767004000	1.342960000	1.588160000E-05	
4592.284876000	1.342958093	1.585030000E-05	
4591.802748000	1.342957377	1.582320000E-05	
4591.320620000	1.342955589	1.578550000E-05	
4590.838492000	1.342954874	1.571490000E-05	
4590.356364000	1.342952967	1.562090000E-05	
4589.874236000	1.342952251	1.551530000E-05	
4589.392108000	1.342950463	1.542920000E-05	
4588.909980000	1.342949629	1.536920000E-05	
4588.427852000	1.342947721	1.534020000E-05	
4587.945724000	1.342947006	1.532240000E-05	
4587.463596000	1.342945099	1.532100000E-05	
4586.981468000	1.342944384	1.532550000E-05	
4586.499340000	1.342942476	1.534510000E-05	
4586.017212000	1.342941761	1.537190000E-05	
4585.535084000	1.342939854	1.540030000E-05	
4585.052956000	1.342939138	1.541990000E-05	
4584.570828000	1.342937350	1.544500000E-05	
4584.088700000	1.342936635	1.548160000E-05	
4583.606572000	1.342934728	1.553910000E-05	
4583.124444000	1.342934012	1.560390000E-05	
4582.642316000	1.342932105	1.567340000E-05	
4582.160188000	1.342931509	1.574730000E-05	
4581.678060000	1.342929602	1.584080000E-05	
4581.195932000	1.342928886	1.595010000E-05	
4580.713804000	1.342927098	1.606410000E-05	
4580.231676000	1.342926502	1.615720000E-05	
4579.749548000	1.342924714	1.622790000E-05	
4579.267420000	1.342923999	1.629020000E-05	
4578.785292000	1.342922211	1.637750000E-05	
4578.303164000	1.342921495	1.650180000E-05	
4577.821037000	1.342919707	1.665340000E-05	
4577.338909000	1.342918992	1.680090000E-05	
4576.856781000	1.342917323	1.692500000E-05	
4576.374653000	1.342916727	1.702690000E-05	
4575.892525000	1.342914939	1.712930000E-05	
4575.410397000	1.342914224	1.724810000E-05	
4574.928269000	1.342912555	1.738150000E-05	
4574.446141000	1.342911959	1.750910000E-05	
4573.964013000	1.342910171	1.764780000E-05	
4573.481885000	1.342909575	1.776810000E-05	
4572.999757000	1.342907906	1.788170000E-05	
4572.517629000	1.342907310	1.799150000E-05	
4572.035501000	1.342905521	1.809260000E-05	
4571.553373000	1.342905045	1.817880000E-05	
4571.071245000	1.342903256	1.825650000E-05	
4570.589117000	1.342902660	1.834190000E-05	
4570.106989000	1.342900872	1.844560000E-05	
4569.624861000	1.342900276	1.856260000E-05	
4569.142733000	1.342898607	1.867650000E-05	
4568.660605000	1.342898011	1.877570000E-05	
4568.178477000	1.342896223	1.886170000E-05	
4567.696349000	1.342895746	1.894920000E-05	
4567.214221000	1.342893958	1.905010000E-05	
4566.732093000	1.342893362	1.916740000E-05	
4566.249965000	1.342891574	1.928500000E-05	
4565.767837000	1.342891097	1.938820000E-05	
4565.285709000	1.342889309	1.946790000E-05	
4564.803581000	1.342888832	1.953720000E-05	
4564.321453000	1.342887044	1.961210000E-05	
4563.839325000	1.342886448	1.970570000E-05	
4563.357197000	1.342884779	1.980400000E-05	
4562.875069000	1.342884183	1.989270000E-05	
4562.392941000	1.342882514	1.995740000E-05	
4561.910813000	1.342881918	2.001010000E-05	
4561.428685000	1.342880130	2.006360000E-05	
4560.946557000	1.342879534	2.013400000E-05	
4560.464429000	1.342877746	2.021680000E-05	
4559.982301000	1.342877150	2.031260000E-05	
4559.500173000	1.342875481	2.040970000E-05	
4559.018045000	1.342874885	2.050610000E-05	
4558.535917000	1.342873216	2.058760000E-05	
4558.053789000	1.342872620	2.065470000E-05	
4557.571661000	1.342870831	2.070080000E-05	
4557.089533000	1.342870355	2.073720000E-05	
4556.607405000	1.342868567	2.075930000E-05	
4556.125277000	1.342868090	2.077380000E-05	
4555.643150000	1.342866302	2.077560000E-05	
4555.161022000	1.342865705	2.077720000E-05	
4554.678894000	1.342863917	2.077430000E-05	
4554.196766000	1.342863321	2.077140000E-05	
4553.714638000	1.342861533	2.075370000E-05	
4553.232510000	1.342860937	2.072970000E-05	
4552.750382000	1.342859149	2.070160000E-05	
4552.268254000	1.342858434	2.068720000E-05	
4551.786126000	1.342856646	2.067540000E-05	
4551.303998000	1.342855930	2.066250000E-05	
4550.821870000	1.342854142	2.063320000E-05	
4550.339742000	1.342853427	2.060500000E-05	
4549.857614000	1.342851520	2.058770000E-05	
4549.375486000	1.342850804	2.059780000E-05	
4548.893358000	1.342848897	2.061460000E-05	
4548.411230000	1.342848182	2.062290000E-05	
4547.929102000	1.342846274	2.059540000E-05	
4547.446974000	1.342845678	2.054440000E-05	
4546.964846000	1.342843652	2.048220000E-05	
4546.482718000	1.342842937	2.044290000E-05	
4546.000590000	1.342840910	2.042850000E-05	
4545.518462000	1.342840075	2.044380000E-05	
4545.036334000	1.342838049	2.046490000E-05	
4544.554206000	1.342837334	2.049100000E-05	
4544.072078000	1.342835307	2.050510000E-05	
4543.589950000	1.342834473	2.051400000E-05	
4543.107822000	1.342832565	2.050880000E-05	
4542.625694000	1.342831731	2.050790000E-05	
4542.143566000	1.342829704	2.051540000E-05	
4541.661438000	1.342828751	2.054820000E-05	
4541.179310000	1.342826724	2.058590000E-05	
4540.697182000	1.342825890	2.062180000E-05	
4540.215054000	1.342823863	2.064100000E-05	
4539.732926000	1.342822909	2.066900000E-05	
4539.250798000	1.342820883	2.070900000E-05	
4538.768670000	1.342819929	2.076080000E-05	
4538.286542000	1.342817903	2.078930000E-05	
4537.804414000	1.342816949	2.079460000E-05	
4537.322286000	1.342814803	2.079340000E-05	
4536.840158000	1.342813849	2.083390000E-05	
4536.358030000	1.342811584	2.091670000E-05	
4535.875902000	1.342810631	2.102310000E-05	
4535.393774000	1.342808485	2.111350000E-05	
4534.911646000	1.342807412	2.119630000E-05	
4534.429518000	1.342805266	2.128900000E-05	
4533.947390000	1.342804193	2.141630000E-05	
4533.465263000	1.342802048	2.155720000E-05	
4532.983135000	1.342800975	2.169170000E-05	
4532.501007000	1.342798829	2.179850000E-05	
4532.018879000	1.342797756	2.189250000E-05	
4531.536751000	1.342795491	2.198280000E-05	
4531.054623000	1.342794418	2.208640000E-05	
4530.572495000	1.342792153	2.219930000E-05	
4530.090367000	1.342790961	2.232940000E-05	
4529.608239000	1.342788696	2.246930000E-05	
4529.126111000	1.342787504	2.262920000E-05	
4528.643983000	1.342785120	2.281710000E-05	
4528.161855000	1.342783809	2.306090000E-05	
4527.679727000	1.342781425	2.336180000E-05	
4527.197599000	1.342780232	2.369980000E-05	
4526.715471000	1.342777967	2.401960000E-05	
4526.233343000	1.342776775	2.429720000E-05	
4525.751215000	1.342774510	2.454290000E-05	
4525.269087000	1.342773318	2.480670000E-05	
4524.786959000	1.342770934	2.510860000E-05	
4524.304831000	1.342769742	2.543820000E-05	
4523.822703000	1.342767358	2.575970000E-05	
4523.340575000	1.342766166	2.606740000E-05	
4522.858447000	1.342763662	2.637330000E-05	
4522.376319000	1.342762470	2.670200000E-05	
4521.894191000	1.342759967	2.704850000E-05	
4521.412063000	1.342758775	2.740060000E-05	
4520.929935000	1.342756271	2.775210000E-05	
4520.447807000	1.342754960	2.811940000E-05	
4519.965679000	1.342752457	2.852340000E-05	
4519.483551000	1.342751026	2.897970000E-05	
4519.001423000	1.342748523	2.948600000E-05	
4518.519295000	1.342747211	3.002430000E-05	
4518.037167000	1.342744827	3.056350000E-05	
4517.555039000	1.342743516	3.108260000E-05	
4517.072911000	1.342741132	3.155230000E-05	
4516.590783000	1.342739820	3.200020000E-05	
4516.108655000	1.342737317	3.246640000E-05	
4515.626527000	1.342735887	3.298010000E-05	
4515.144399000	1.342733383	3.354460000E-05	
4514.662271000	1.342731953	3.413970000E-05	
4514.180143000	1.342729449	3.474640000E-05	
4513.698015000	1.342728138	3.534750000E-05	
4513.215887000	1.342725515	3.594190000E-05	
4512.733759000	1.342724204	3.653470000E-05	
4512.251631000	1.342721462	3.715000000E-05	
4511.769503000	1.342720151	3.797750000E-05	
4511.287376000	1.342717648	3.865370000E-05	
4510.805248000	1.342716217	3.936310000E-05	
4510.323120000	1.342713714	4.009280000E-05	
4509.840992000	1.342712283	4.082970000E-05	
4509.358864000	1.342709780	4.157480000E-05	
4508.876736000	1.342708349	4.231330000E-05	
4508.394608000	1.342705846	4.304150000E-05	
4507.912480000	1.342704415	4.376340000E-05	
4507.430352000	1.342701793	4.452300000E-05	
4506.948224000	1.342700362	4.534120000E-05	
4506.466096000	1.342697740	4.621390000E-05	
4505.983968000	1.342696309	4.708760000E-05	
4505.501840000	1.342693686	4.794330000E-05	
4505.019712000	1.342692256	4.879790000E-05	
4504.537584000	1.342689514	4.970840000E-05	
4504.055456000	1.342688084	5.068630000E-05	
4503.573328000	1.342685461	5.170750000E-05	
4503.091200000	1.342684031	5.271570000E-05	
4502.609072000	1.342681527	5.370770000E-05	
4502.126944000	1.342679977	5.469950000E-05	
4501.644816000	1.342677474	5.572790000E-05	
4501.162688000	1.342675924	5.679060000E-05	
4500.680560000	1.342673302	5.789170000E-05	
4500.198432000	1.342671990	5.901950000E-05	
4499.716304000	1.342669368	6.017280000E-05	
4499.234176000	1.342668056	6.131380000E-05	
4498.752048000	1.342665553	6.242160000E-05	
4498.269920000	1.342664242	6.348640000E-05	
4497.787792000	1.342661619	6.456720000E-05	
4497.305664000	1.342660189	6.570710000E-05	
4496.823536000	1.342657685	6.692160000E-05	
4496.341408000	1.342656255	6.815400000E-05	
4495.859280000	1.342653751	6.936000000E-05	
4495.377152000	1.342652440	7.052080000E-05	
4494.895024000	1.342649937	7.168310000E-05	
4494.412896000	1.342648506	7.287050000E-05	
4493.930768000	1.342646003	7.410170000E-05	
4493.448640000	1.342644572	7.534530000E-05	
4492.966512000	1.342642069	7.659690000E-05	
4492.484384000	1.342640638	7.784530000E-05	
4492.002256000	1.342638016	7.911160000E-05	
4491.520128000	1.342636585	8.039430000E-05	
4491.038000000	1.342634082	8.171380000E-05	
4490.555872000	1.342632651	8.305940000E-05	
4490.073744000	1.342630029	8.443510000E-05	
4489.591616000	1.342628598	8.580990000E-05	
4489.109488000	1.342626095	8.718110000E-05	
4488.627361000	1.342624664	8.854500000E-05	
4488.145233000	1.342622042	8.993930000E-05	
4487.663105000	1.342620611	9.137750000E-05	
4487.180977000	1.342617869	9.287290000E-05	
4486.698849000	1.342616439	9.439900000E-05	
4486.216721000	1.342613935	9.595210000E-05	
4485.734593000	1.342612505	9.751580000E-05	
4485.252465000	1.342609882	9.910160000E-05	
4484.770337000	1.342608452	1.007009000E-04	
4484.288209000	1.342605948	1.023250000E-04	
4483.806081000	1.342604518	1.039716000E-04	
4483.323953000	1.342602015	1.056604000E-04	
4482.841825000	1.342600465	1.073801000E-04	
4482.359697000	1.342598081	1.091269000E-04	
4481.877569000	1.342596650	1.108722000E-04	
4481.395441000	1.342594266	1.126192000E-04	
4480.913313000	1.342592955	1.143620000E-04	
4480.431185000	1.342590451	1.161205000E-04	
4479.949057000	1.342589021	1.178977000E-04	
4479.466929000	1.342586637	1.197176000E-04	
4478.984801000	1.342585206	1.215901000E-04	
4478.502673000	1.342582703	1.235221000E-04	
4478.020545000	1.342581391	1.254888000E-04	
4477.538417000	1.342579126	1.274654000E-04	
4477.056289000	1.342577815	1.294199000E-04	
4476.574161000	1.342575550	1.315625000E-04	
4476.092033000	1.342574477	1.334962000E-04	
4475.609905000	1.342572331	1.354512000E-04	
4475.127777000	1.342571139	1.374147000E-04	
4474.645649000	1.342569113	1.393723000E-04	
4474.163521000	1.342567921	1.413049000E-04	
4473.681393000	1.342565894	1.432341000E-04	
4473.199265000	1.342564821	1.451867000E-04	
4472.717137000	1.342562795	1.471840000E-04	
4472.235009000	1.342561841	1.492096000E-04	
4471.752881000	1.342560768	1.512422000E-04	
4471.270753000	1.342559934	1.513490000E-04	
4470.788625000	1.342556477	1.531171000E-04	
4470.306497000	1.342555523	1.549067000E-04	
4469.824369000	1.342552781	1.567396000E-04	
4469.342241000	1.342551708	1.585864000E-04	
4468.860113000	1.342548966	1.604274000E-04	
4468.377985000	1.342548013	1.622658000E-04	
4467.895857000	1.342545271	1.641273000E-04	
4467.413729000	1.342543960	1.660223000E-04	
4466.931601000	1.342541575	1.679307000E-04	
4466.449474000	1.342540145	1.698330000E-04	
4465.967346000	1.342537642	1.717284000E-04	
4465.485218000	1.342536330	1.736453000E-04	
4465.003090000	1.342533588	1.756093000E-04	
4464.520962000	1.342532039	1.776470000E-04	
4464.038834000	1.342529416	1.797476000E-04	
4463.556706000	1.342528105	1.818838000E-04	
4463.074578000	1.342525363	1.839955000E-04	
4462.592450000	1.342523932	1.860626000E-04	
4462.110322000	1.342521310	1.881053000E-04	
4461.628194000	1.342519760	1.902017000E-04	
4461.146066000	1.342516899	1.923895000E-04	
4460.663938000	1.342515230	1.946649000E-04	
4460.181810000	1.342512488	1.969641000E-04	
4459.699682000	1.342510700	1.992813000E-04	
4459.217554000	1.342507720	2.016268000E-04	
4458.735426000	1.342506170	2.040435000E-04	
4458.253298000	1.342503071	2.065087000E-04	
4457.771170000	1.342501402	2.090182000E-04	
4457.289042000	1.342498302	2.115641000E-04	
4456.806914000	1.342496514	2.142044000E-04	
4456.324786000	1.342493296	2.169365000E-04	
4455.842658000	1.342491627	2.197492000E-04	
4455.360530000	1.342488289	2.225878000E-04	
4454.878402000	1.342486382	2.254875000E-04	
4454.396274000	1.342483401	2.284715000E-04	
4453.914146000	1.342481256	2.315709000E-04	
4453.432018000	1.342478156	2.347100000E-04	
4452.949890000	1.342476249	2.378661000E-04	
4452.467762000	1.342472911	2.410479000E-04	
4451.985634000	1.342470884	2.443852000E-04	
4451.503506000	1.342467189	2.479270000E-04	
4451.021378000	1.342465043	2.516895000E-04	
4450.539250000	1.342461944	2.555768000E-04	
4450.057122000	1.342459798	2.595646000E-04	
4449.574994000	1.342456698	2.636110000E-04	
4449.092866000	1.342454553	2.677371000E-04	
4448.610738000	1.342451334	2.719052000E-04	
4448.128610000	1.342449546	2.761590000E-04	
4447.646482000	1.342446089	2.805269000E-04	
4447.164354000	1.342444181	2.851088000E-04	
4446.682226000	1.342440844	2.899065000E-04	
4446.200098000	1.342438817	2.949110000E-04	
4445.717970000	1.342435837	3.000318000E-04	
4445.235842000	1.342434049	3.052604000E-04	
4444.753714000	1.342431068	3.105855000E-04	
4444.271587000	1.342429399	3.160914000E-04	
4443.789459000	1.342426300	3.218043000E-04	
4443.307331000	1.342424870	3.277659000E-04	
4442.825203000	1.342422247	3.339064000E-04	
4442.343075000	1.342421174	3.401673000E-04	
4441.860947000	1.342418790	3.464662000E-04	
4441.378819000	1.342417955	3.528494000E-04	
4440.896691000	1.342415571	3.593757000E-04	
4440.414563000	1.342414737	3.661404000E-04	
4439.932435000	1.342413068	3.731159000E-04	
4439.450307000	1.342412353	3.802696000E-04	
4438.968179000	1.342410922	3.875372000E-04	
4438.486051000	1.342410922	3.949573000E-04	
4438.003923000	1.342409611	4.025468000E-04	
4437.521795000	1.342410088	4.103409000E-04	
4437.039667000	1.342409134	4.182832000E-04	
4436.557539000	1.342410207	4.263488000E-04	
4436.075411000	1.342409849	4.344845000E-04	
4435.593283000	1.342411518	4.427127000E-04	
4435.111155000	1.342411637	4.510469000E-04	
4434.629027000	1.342413545	4.595528000E-04	
4434.146899000	1.342414498	4.682269000E-04	
4433.664771000	1.342416883	4.770485000E-04	
4433.182643000	1.342418909	4.859109000E-04	
4432.700515000	1.342422366	4.947577000E-04	
4432.218387000	1.342424870	5.035624000E-04	
4431.736259000	1.342429042	5.123775000E-04	
4431.254131000	1.342432261	5.211924000E-04	
4430.772003000	1.342437506	5.299628000E-04	
4430.289875000	1.342441797	5.385833000E-04	
4429.807747000	1.342447758	5.470131000E-04	
4429.325619000	1.342452765	5.552432000E-04	
4428.843491000	1.342459679	5.633103000E-04	
4428.361363000	1.342465520	5.711972000E-04	
4427.879235000	1.342473149	5.788844000E-04	
4427.397107000	1.342479825	5.863024000E-04	
4426.914979000	1.342488647	5.933787000E-04	
4426.432851000	1.342496395	6.000007000E-04	
4425.950723000	1.342505813	6.060980000E-04	
4425.468595000	1.342514277	6.116409000E-04	
4424.986467000	1.342523932	6.166603000E-04	
4424.504339000	1.342532992	6.211679000E-04	
4424.022211000	1.342543364	6.251556000E-04	
4423.540083000	1.342552304	6.285821000E-04	
4423.057955000	1.342563272	6.314392000E-04	
4422.575827000	1.342572093	6.337337000E-04	
4422.093700000	1.342582941	6.354723000E-04	
4421.611572000	1.342592001	6.366335000E-04	
4421.129444000	1.342602968	6.372095000E-04	
4420.647316000	1.342611670	6.372086000E-04	
4420.165188000	1.342622161	6.366501000E-04	
4419.683060000	1.342630863	6.355318000E-04	
4419.200932000	1.342640400	6.338648000E-04	
4418.718804000	1.342648864	6.317004000E-04	
4418.236676000	1.342657328	6.291238000E-04	
4417.754548000	1.342664719	6.262015000E-04	
4417.272420000	1.342673302	6.229447000E-04	
4416.790292000	1.342679381	6.193534000E-04	
4416.308164000	1.342687011	6.154706000E-04	
4415.826036000	1.342692494	6.113930000E-04	
4415.343908000	1.342698932	6.071941000E-04	
4414.861780000	1.342703462	6.028879000E-04	
4414.379652000	1.342709422	5.984470000E-04	
4413.897524000	1.342712879	5.938879000E-04	
4413.415396000	1.342717528	5.892680000E-04	
4412.933268000	1.342720866	5.846790000E-04	
4412.451140000	1.342724204	5.801784000E-04	
4411.969012000	1.342726469	5.758213000E-04	
4411.486884000	1.342729449	5.716289000E-04	
4411.004756000	1.342730761	5.676143000E-04	
4410.522628000	1.342733741	5.637329000E-04	
4410.040500000	1.342734337	5.599422000E-04	
4409.558372000	1.342736602	5.562164000E-04	
4409.076244000	1.342736840	5.526176000E-04	
4408.594116000	1.342738748	5.492179000E-04	
4408.111988000	1.342738271	5.460838000E-04	
4407.629860000	1.342739582	5.432039000E-04	
4407.147732000	1.342739105	5.405576000E-04	
4406.665604000	1.342740297	5.380997000E-04	
4406.183476000	1.342739463	5.358253000E-04	
4405.701348000	1.342740417	5.337117000E-04	
4405.219220000	1.342739820	5.317623000E-04	
4404.737092000	1.342740178	5.299607000E-04	
4404.254964000	1.342739701	5.283371000E-04	
4403.772836000	1.342739701	5.269101000E-04	
4403.290708000	1.342738986	5.257232000E-04	
4402.808580000	1.342739105	5.247705000E-04	
4402.326452000	1.342738628	5.240413000E-04	
4401.844324000	1.342738628	5.234765000E-04	
4401.362196000	1.342738152	5.230655000E-04	
4400.880068000	1.342738509	5.227850000E-04	
4400.397940000	1.342738271	5.226411000E-04	
4399.915812000	1.342738748	5.225844000E-04	
4399.433685000	1.342738509	5.225844000E-04	
4398.951557000	1.342739344	5.226323000E-04	
4398.469429000	1.342738867	5.228150000E-04	
4397.987301000	1.342739940	5.231867000E-04	
4397.505173000	1.342739940	5.237412000E-04	
4397.023045000	1.342741251	5.243364000E-04	
4396.540917000	1.342741609	5.248575000E-04	
4396.058789000	1.342743158	5.252630000E-04	
4395.576661000	1.342743754	5.256503000E-04	
4395.094533000	1.342745423	5.260948000E-04	
4394.612405000	1.342746019	5.266241000E-04	
4394.130277000	1.342747927	5.271496000E-04	
4393.648149000	1.342749119	5.275976000E-04	
4393.166021000	1.342751503	5.278914000E-04	
4392.683893000	1.342752695	5.280184000E-04	
4392.201765000	1.342755198	5.279767000E-04	
4391.719637000	1.342756152	5.278348000E-04	
4391.237509000	1.342758656	5.276545000E-04	
4390.755381000	1.342759848	5.274810000E-04	
4390.273253000	1.342762113	5.272441000E-04	
4389.791125000	1.342763901	5.268443000E-04	
4389.308997000	1.342766166	5.262005000E-04	
4388.826869000	1.342767477	5.253571000E-04	
4388.344741000	1.342770219	5.243892000E-04	
4387.862613000	1.342770934	5.233698000E-04	
4387.380485000	1.342772961	5.222914000E-04	
4386.898357000	1.342773795	5.211638000E-04	
4386.416229000	1.342775583	5.200041000E-04	
4385.934101000	1.342776537	5.188726000E-04	
4385.451973000	1.342777848	5.177726000E-04	
4384.969845000	1.342778444	5.166850000E-04	
4384.487717000	1.342780113	5.155496000E-04	
4384.005589000	1.342780352	5.143575000E-04	
4383.523461000	1.342782259	5.131026000E-04	
4383.041333000	1.342782021	5.117985000E-04	
4382.559205000	1.342783451	5.104450000E-04	
4382.077077000	1.342783093	5.090719000E-04	
4381.594949000	1.342784286	5.077198000E-04	
4381.112821000	1.342783809	5.064562000E-04	
4380.630693000	1.342784047	5.053133000E-04	
4380.148565000	1.342783332	5.043127000E-04	
4379.666437000	1.342784047	5.034446000E-04	
4379.184309000	1.342782855	5.027149000E-04	
4378.702181000	1.342783332	5.020993000E-04	
4378.220053000	1.342782378	5.015839000E-04	
4377.737925000	1.342782497	5.011444000E-04	
4377.255798000	1.342781544	5.007978000E-04	
4376.773670000	1.342781782	5.005671000E-04	
4376.291542000	1.342780709	5.004714000E-04	
4375.809414000	1.342780828	5.004827000E-04	
4375.327286000	1.342779636	5.005683000E-04	
4374.845158000	1.342779994	5.007185000E-04	
4374.363030000	1.342778802	5.009932000E-04	
4373.880902000	1.342778802	5.014538000E-04	
4373.398774000	1.342777371	5.021302000E-04	
4372.916646000	1.342777729	5.029703000E-04	
4372.434518000	1.342776775	5.039080000E-04	
4371.952390000	1.342777133	5.049055000E-04	
4371.470262000	1.342776179	5.059958000E-04	
4370.988134000	1.342776418	5.072155000E-04	
4370.506006000	1.342775822	5.085802000E-04	
4370.023878000	1.342776418	5.100457000E-04	
4369.541750000	1.342775702	5.115850000E-04	
4369.059622000	1.342776775	5.132059000E-04	
4368.577494000	1.342775941	5.149721000E-04	
4368.095366000	1.342777014	5.169318000E-04	
4367.613238000	1.342776537	5.190865000E-04	
4367.131110000	1.342778325	5.213692000E-04	
4366.648982000	1.342778206	5.237052000E-04	
4366.166854000	1.342780113	5.260414000E-04	
4365.684726000	1.342780590	5.283760000E-04	
4365.202598000	1.342782974	5.307249000E-04	
4364.720470000	1.342783570	5.331066000E-04	
4364.238342000	1.342786074	5.355295000E-04	
4363.756214000	1.342787385	5.380089000E-04	
4363.274086000	1.342790008	5.405598000E-04	
4362.791958000	1.342792034	5.431777000E-04	
4362.309830000	1.342795014	5.458099000E-04	
4361.827702000	1.342797518	5.483655000E-04	
4361.345574000	1.342801332	5.507673000E-04	
4360.863446000	1.342804551	5.530022000E-04	
4360.381318000	1.342808604	5.551180000E-04	
4359.899190000	1.342812061	5.571581000E-04	
4359.417062000	1.342816710	5.591017000E-04	
4358.934934000	1.342821002	5.608543000E-04	
4358.452806000	1.342826128	5.623070000E-04	
4357.970678000	1.342830777	5.634034000E-04	
4357.488550000	1.342836499	5.641659000E-04	
4357.006422000	1.342841029	5.646400000E-04	
4356.524294000	1.342847347	5.648585000E-04	
4356.042166000	1.342851758	5.648021000E-04	
4355.560038000	1.342858076	5.644273000E-04	
4355.077911000	1.342863560	5.636849000E-04	
4354.595783000	1.342869520	5.625584000E-04	
4354.113655000	1.342875004	5.610539000E-04	
4353.631527000	1.342880607	5.592142000E-04	
4353.149399000	1.342886209	5.570675000E-04	
4352.667271000	1.342891932	5.546159000E-04	
4352.185143000	1.342897177	5.517958000E-04	
4351.703015000	1.342902899	5.485381000E-04	
4351.220887000	1.342907548	5.447990000E-04	
4350.738759000	1.342913508	5.406416000E-04	
4350.256631000	1.342917085	5.361763000E-04	
4349.774503000	1.342922091	5.315337000E-04	
4349.292375000	1.342925310	5.267604000E-04	
4348.810247000	1.342929482	5.218579000E-04	
4348.328119000	1.342931986	5.167878000E-04	
4347.845991000	1.342935801	5.115530000E-04	
4347.363863000	1.342937827	5.061845000E-04	
4346.881735000	1.342940688	5.007469000E-04	
4346.399607000	1.342942476	4.952722000E-04	
4345.917479000	1.342944503	4.897815000E-04	
4345.435351000	1.342945457	4.842532000E-04	
4344.953223000	1.342947245	4.786929000E-04	
4344.471095000	1.342947245	4.731214000E-04	
4343.988967000	1.342948556	4.676160000E-04	
4343.506839000	1.342948079	4.622180000E-04	
4343.024711000	1.342948675	4.569501000E-04	
4342.542583000	1.342947721	4.517499000E-04	
4342.060455000	1.342947721	4.465895000E-04	
4341.578327000	1.342946410	4.414663000E-04	
4341.096199000	1.342945933	4.364904000E-04	
4340.614071000	1.342943788	4.317492000E-04	
4340.131943000	1.342942715	4.273033000E-04	
4339.649815000	1.342940450	4.230883000E-04	
4339.167687000	1.342939377	4.190226000E-04	
4338.685559000	1.342936873	4.150266000E-04	
4338.203431000	1.342935324	4.111315000E-04	
4337.721303000	1.342932463	4.073989000E-04	
4337.239175000	1.342930675	4.039283000E-04	
4336.757047000	1.342927456	4.007283000E-04	
4336.274919000	1.342925429	3.977901000E-04	
4335.792791000	1.342921972	3.950302000E-04	
4335.310663000	1.342920184	3.924204000E-04	
4334.828535000	1.342916727	3.899307000E-04	
4334.346407000	1.342914462	3.876110000E-04	
4333.864279000	1.342911124	3.854917000E-04	
4333.382151000	1.342908382	3.836408000E-04	
4332.900024000	1.342904806	3.820632000E-04	
4332.417896000	1.342902184	3.807739000E-04	
4331.935768000	1.342898846	3.797205000E-04	
4331.453640000	1.342896342	3.788808000E-04	
4330.971512000	1.342893004	3.782034000E-04	
4330.489384000	1.342890859	3.777007000E-04	
4330.007256000	1.342887282	3.773532000E-04	
4329.525128000	1.342885494	3.771776000E-04	
4329.043000000	1.342882037	3.771317000E-04	
4328.560872000	1.342880130	3.772412000E-04	
4328.078744000	1.342877150	3.775173000E-04	
4327.596616000	1.342875004	3.780442000E-04	
4327.114488000	1.342872143	3.788387000E-04	
4326.632360000	1.342870474	3.799026000E-04	
4326.150232000	1.342867851	3.811432000E-04	
4325.668104000	1.342866540	3.825124000E-04	
4325.185976000	1.342864513	3.839654000E-04	
4324.703848000	1.342863321	3.855505000E-04	
4324.221720000	1.342861772	3.872771000E-04	
4323.739592000	1.342861176	3.891874000E-04	
4323.257464000	1.342859507	3.912416000E-04	
4322.775336000	1.342859745	3.934164000E-04	
4322.293208000	1.342858911	3.956268000E-04	
4321.811080000	1.342859507	3.978404000E-04	
4321.328952000	1.342859387	4.000115000E-04	
4320.846824000	1.342860222	4.021909000E-04	
4320.364696000	1.342860579	4.043887000E-04	
4319.882568000	1.342862129	4.066132000E-04	
4319.400440000	1.342863202	4.087724000E-04	
4318.918312000	1.342865348	4.108020000E-04	
4318.436184000	1.342866898	4.126475000E-04	
4317.954056000	1.342869639	4.143554000E-04	
4317.471928000	1.342871904	4.159176000E-04	
4316.989800000	1.342875123	4.173110000E-04	
4316.507672000	1.342877865	4.184235000E-04	
4316.025544000	1.342881918	4.191973000E-04	
4315.543416000	1.342884779	4.195888000E-04	
4315.061288000	1.342889428	4.196194000E-04	
4314.579160000	1.342892289	4.192736000E-04	
4314.097032000	1.342896819	4.185662000E-04	
4313.614904000	1.342900395	4.174970000E-04	
4313.132776000	1.342904687	4.161038000E-04	
4312.650648000	1.342908144	4.143655000E-04	
4312.168520000	1.342912316	4.122503000E-04	
4311.686392000	1.342915893	4.096949000E-04	
4311.204264000	1.342919946	4.067282000E-04	
4310.722136000	1.342922449	4.034216000E-04	
4310.240009000	1.342926145	3.998941000E-04	
4309.757881000	1.342928171	3.962138000E-04	
4309.275753000	1.342931509	3.924156000E-04	
4308.793625000	1.342932940	3.884795000E-04	
4308.311497000	1.342935920	3.843746000E-04	
4307.829369000	1.342937231	3.800441000E-04	
4307.347241000	1.342939496	3.754733000E-04	
4306.865113000	1.342940092	3.707095000E-04	
4306.382985000	1.342941761	3.658774000E-04	
4305.900857000	1.342941642	3.610962000E-04	
4305.418729000	1.342942595	3.564034000E-04	
4304.936601000	1.342941880	3.517530000E-04	
4304.454473000	1.342942595	3.471040000E-04	
4303.972345000	1.342941523	3.424795000E-04	
4303.490217000	1.342941523	3.379384000E-04	
4303.008089000	1.342939854	3.335132000E-04	
4302.525961000	1.342939615	3.291735000E-04	
4302.043833000	1.342937469	3.249076000E-04	
4301.561705000	1.342936635	3.207396000E-04	
4301.079577000	1.342934608	3.167381000E-04	
4300.597449000	1.342933178	3.129216000E-04	
4300.115321000	1.342930675	3.092716000E-04	
4299.633193000	1.342929363	3.057385000E-04	
4299.151065000	1.342926621	3.023248000E-04	
4298.668937000	1.342924953	2.990329000E-04	
4298.186809000	1.342922091	2.958855000E-04	
4297.704681000	1.342920423	2.928675000E-04	
4297.222553000	1.342917204	2.900117000E-04	
4296.740425000	1.342915297	2.873330000E-04	
4296.258297000	1.342911959	2.848506000E-04	
4295.776169000	1.342910171	2.824999000E-04	
4295.294041000	1.342906952	2.802392000E-04	
4294.811913000	1.342904925	2.780492000E-04	
4294.329785000	1.342901707	2.760155000E-04	
4293.847657000	1.342899799	2.741841000E-04	
4293.365529000	1.342896461	2.725634000E-04	
4292.883401000	1.342894673	2.710468000E-04	
4292.401273000	1.342891574	2.695645000E-04	
4291.919145000	1.342890024	2.680656000E-04	
4291.437017000	1.342886925	2.665995000E-04	
4290.954889000	1.342885256	2.651807000E-04	
4290.472761000	1.342882156	2.638479000E-04	
4289.990633000	1.342880607	2.625749000E-04	
4289.508505000	1.342877388	2.613938000E-04	
4289.026377000	1.342875600	2.603029000E-04	
4288.544249000	1.342872739	2.593537000E-04	
4288.062122000	1.342870951	2.585262000E-04	
4287.579994000	1.342868090	2.578259000E-04	
4287.097866000	1.342866659	2.571840000E-04	
4286.615738000	1.342864037	2.565794000E-04	
4286.133610000	1.342862725	2.559379000E-04	
4285.651482000	1.342860341	2.552568000E-04	
4285.169354000	1.342859268	2.545054000E-04	
4284.687226000	1.342856765	2.537554000E-04	
4284.205098000	1.342855334	2.530603000E-04	
4283.722970000	1.342852950	2.525062000E-04	
4283.240842000	1.342851877	2.520444000E-04	
4282.758714000	1.342849612	2.515959000E-04	
4282.276586000	1.342848659	2.510211000E-04	
4281.794458000	1.342846632	2.503350000E-04	
4281.312330000	1.342845559	2.496176000E-04	
4280.830202000	1.342843175	2.490111000E-04	
4280.348074000	1.342842460	2.485066000E-04	
4279.865946000	1.342840195	2.480354000E-04	
4279.383818000	1.342839599	2.474754000E-04	
4278.901690000	1.342837572	2.468508000E-04	
4278.419562000	1.342836738	2.462138000E-04	
4277.937434000	1.342834592	2.456477000E-04	
4277.455306000	1.342833996	2.450990000E-04	
4276.973178000	1.342832088	2.445192000E-04	
4276.491050000	1.342831492	2.438523000E-04	
4276.008922000	1.342829585	2.431496000E-04	
4275.526794000	1.342828870	2.424358000E-04	
4275.044666000	1.342827082	2.417300000E-04	
4274.562538000	1.342826605	2.409644000E-04	
4274.080410000	1.342824697	2.401230000E-04	
4273.598282000	1.342824340	2.391945000E-04	
4273.116154000	1.342822433	2.382288000E-04	
4272.634026000	1.342821836	2.372273000E-04	
4272.151898000	1.342819810	2.362034000E-04	
4271.669770000	1.342818975	2.351483000E-04	
4271.187642000	1.342816949	2.341102000E-04	
4270.705514000	1.342816234	2.331137000E-04	
4270.223386000	1.342813969	2.321757000E-04	
4269.741258000	1.342813134	2.312347000E-04	
4269.259130000	1.342811227	2.302361000E-04	
4268.777002000	1.342810273	2.291434000E-04	
4268.294874000	1.342808127	2.280053000E-04	
4267.812746000	1.342807293	2.268725000E-04	
4267.330618000	1.342804790	2.257906000E-04	
4266.848490000	1.342803836	2.247442000E-04	
4266.366362000	1.342801452	2.237151000E-04	
4265.884235000	1.342800379	2.226850000E-04	
4265.402107000	1.342797756	2.216657000E-04	
4264.919979000	1.342796683	2.206608000E-04	
4264.437851000	1.342794061	2.196913000E-04	
4263.955723000	1.342792869	2.187742000E-04	
4263.473595000	1.342790127	2.179218000E-04	
4262.991467000	1.342788935	2.171064000E-04	
4262.509339000	1.342786431	2.162730000E-04	
4262.027211000	1.342785239	2.153972000E-04	
4261.545083000	1.342782497	2.145163000E-04	
4261.062955000	1.342781186	2.137013000E-04	
4260.580827000	1.342778325	2.129647000E-04	
4260.098699000	1.342777133	2.122381000E-04	
4259.616571000	1.342774391	2.114351000E-04	
4259.134443000	1.342773080	2.105710000E-04	
4258.652315000	1.342770338	2.097413000E-04	
4258.170187000	1.342768431	2.090389000E-04	
4257.688059000	1.342765808	2.084384000E-04	
4257.205931000	1.342764258	2.078447000E-04	
4256.723803000	1.342761517	2.071762000E-04	
4256.241675000	1.342759848	2.064686000E-04	
4255.759547000	1.342756867	2.057938000E-04	
4255.277419000	1.342755198	2.052202000E-04	
4254.795291000	1.342752099	2.047150000E-04	
4254.313163000	1.342750430	2.042428000E-04	
4253.831035000	1.342747331	2.037688000E-04	
4253.348907000	1.342745543	2.033293000E-04	
4252.866779000	1.342742562	2.029403000E-04	
4252.384651000	1.342740536	2.026263000E-04	
4251.902523000	1.342737436	2.023432000E-04	
4251.420395000	1.342735648	2.020768000E-04	
4250.938267000	1.342732549	2.017916000E-04	
4250.456139000	1.342730522	2.015318000E-04	
4249.974011000	1.342727304	2.013301000E-04	
4249.491883000	1.342725158	2.012410000E-04	
4249.009755000	1.342722058	2.012286000E-04	
4248.527627000	1.342719913	2.012585000E-04	
4248.045499000	1.342716694	2.012734000E-04	
4247.563371000	1.342714667	2.013196000E-04	
4247.081243000	1.342711091	2.014304000E-04	
4246.599115000	1.342709064	2.016738000E-04	
4246.116987000	1.342705727	2.020166000E-04	
4245.634859000	1.342703342	2.024444000E-04	
4245.152731000	1.342700243	2.028943000E-04	
4244.670603000	1.342697978	2.033801000E-04	
4244.188475000	1.342694640	2.038956000E-04	
4243.706348000	1.342692494	2.045161000E-04	
4243.224220000	1.342688918	2.052659000E-04	
4242.742092000	1.342686772	2.061848000E-04	
4242.259964000	1.342683554	2.072088000E-04	
4241.777836000	1.342681408	2.082885000E-04	
4241.295708000	1.342678308	2.093377000E-04	
4240.813580000	1.342676640	2.103687000E-04	
4240.331452000	1.342673302	2.113744000E-04	
4239.849324000	1.342671514	2.124217000E-04	
4239.367196000	1.342668295	2.135401000E-04	
4238.885068000	1.342666268	2.148149000E-04	
4238.402940000	1.342663169	2.162459000E-04	
4237.920812000	1.342661262	2.178069000E-04	
4237.438684000	1.342658281	2.193765000E-04	
4236.956556000	1.342656612	2.209341000E-04	
4236.474428000	1.342653751	2.225117000E-04	
4235.992300000	1.342651963	2.242256000E-04	
4235.510172000	1.342649221	2.260690000E-04	
4235.028044000	1.342647791	2.279878000E-04	
4234.545916000	1.342645049	2.298986000E-04	
4234.063788000	1.342643738	2.318543000E-04	
4233.581660000	1.342641115	2.339223000E-04	
4233.099532000	1.342640042	2.361395000E-04	
4232.617404000	1.342637658	2.384069000E-04	
4232.135276000	1.342636824	2.406683000E-04	
4231.653148000	1.342634797	2.429280000E-04	
4231.171020000	1.342634082	2.452906000E-04	
4230.688892000	1.342632294	2.477483000E-04	
4230.206764000	1.342632055	2.502096000E-04	
4229.724636000	1.342630744	2.525244000E-04	
4229.242508000	1.342630982	2.546725000E-04	
4228.760380000	1.342629790	2.567122000E-04	
4228.278252000	1.342629910	2.587493000E-04	
4227.796124000	1.342628956	2.607834000E-04	
4227.313996000	1.342629433	2.627836000E-04	
4226.831868000	1.342628717	2.646705000E-04	
4226.349740000	1.342629433	2.664161000E-04	
4225.867612000	1.342628956	2.679835000E-04	
4225.385484000	1.342629910	2.693986000E-04	
4224.903356000	1.342629552	2.706842000E-04	
4224.421228000	1.342630386	2.718693000E-04	
4223.939100000	1.342630386	2.728998000E-04	
4223.456972000	1.342631340	2.737070000E-04	
4222.974844000	1.342631221	2.742389000E-04	
4222.492716000	1.342632174	2.745521000E-04	
4222.010588000	1.342631936	2.747223000E-04	
4221.528460000	1.342632651	2.747903000E-04	
4221.046333000	1.342632174	2.746952000E-04	
4220.564205000	1.342632890	2.743874000E-04	
4220.082077000	1.342631936	2.738792000E-04	
4219.599949000	1.342632413	2.732712000E-04	
4219.117821000	1.342630863	2.726565000E-04	
4218.635693000	1.342630744	2.720692000E-04	
4218.153565000	1.342629313	2.714712000E-04	
4217.671437000	1.342628717	2.708242000E-04	
4217.189309000	1.342626929	2.701051000E-04	
4216.707181000	1.342626214	2.693456000E-04	
4216.225053000	1.342623949	2.685947000E-04	
4215.742925000	1.342622638	2.679124000E-04	
4215.260797000	1.342620015	2.673212000E-04	
4214.778669000	1.342618346	2.668134000E-04	
4214.296541000	1.342615247	2.663757000E-04	
4213.814413000	1.342613578	2.660410000E-04	
4213.332285000	1.342609882	2.658819000E-04	
4212.850157000	1.342607737	2.659559000E-04	
4212.368029000	1.342604041	2.662500000E-04	
4211.885901000	1.342601657	2.666938000E-04	
4211.403773000	1.342598200	2.672177000E-04	
4210.921645000	1.342595577	2.678060000E-04	
4210.439517000	1.342591643	2.685018000E-04	
4209.957389000	1.342588782	2.693670000E-04	
4209.475261000	1.342584729	2.704673000E-04	
4208.993133000	1.342581630	2.718470000E-04	
4208.511005000	1.342577338	2.735223000E-04	
4208.028877000	1.342574239	2.754586000E-04	
4207.546749000	1.342570186	2.776010000E-04	
4207.064621000	1.342567205	2.799089000E-04	
4206.582493000	1.342563033	2.823844000E-04	
4206.100365000	1.342560172	2.850437000E-04	
4205.618237000	1.342555881	2.879007000E-04	
4205.136109000	1.342553377	2.909488000E-04	
4204.653981000	1.342548966	2.942127000E-04	
4204.171853000	1.342546225	2.977343000E-04	
4203.689725000	1.342542052	3.015593000E-04	
4203.207597000	1.342539668	3.056786000E-04	
4202.725469000	1.342535615	3.100506000E-04	
4202.243341000	1.342533469	3.146235000E-04	
4201.761213000	1.342529774	3.193941000E-04	
4201.279085000	1.342527986	3.243742000E-04	
4200.796957000	1.342524529	3.295880000E-04	
4200.314829000	1.342522979	3.350355000E-04	
4199.832701000	1.342520118	3.407144000E-04	
4199.350573000	1.342518687	3.466020000E-04	
4198.868446000	1.342516303	3.526961000E-04	
4198.386318000	1.342515469	3.590036000E-04	
4197.904190000	1.342513442	3.655829000E-04	
4197.422062000	1.342512965	3.724751000E-04	
4196.939934000	1.342511296	3.796897000E-04	
4196.457806000	1.342511892	3.871460000E-04	
4195.975678000	1.342511296	3.947622000E-04	
4195.493550000	1.342512488	4.024883000E-04	
4195.011422000	1.342512608	4.103633000E-04	
4194.529294000	1.342514753	4.184221000E-04	
4194.047166000	1.342516065	4.266601000E-04	
4193.565038000	1.342519164	4.349854000E-04	
4193.082910000	1.342521667	4.433088000E-04	
4192.600782000	1.342525840	4.515665000E-04	
4192.118654000	1.342529535	4.597516000E-04	
4191.636526000	1.342535138	4.678417000E-04	
4191.154398000	1.342539787	4.758102000E-04	
4190.672270000	1.342546940	4.835709000E-04	
4190.190142000	1.342553377	4.910261000E-04	
4189.708014000	1.342561126	4.980337000E-04	
4189.225886000	1.342569232	5.044956000E-04	
4188.743758000	1.342578292	5.103545000E-04	
4188.261630000	1.342587233	5.156461000E-04	
4187.779502000	1.342597127	5.203903000E-04	
4187.297374000	1.342606425	5.245600000E-04	
4186.815246000	1.342618108	5.280130000E-04	
4186.333118000	1.342628002	5.306205000E-04	
4185.850990000	1.342640042	5.322910000E-04	
4185.368862000	1.342650652	5.330429000E-04	
4184.886734000	1.342662454	5.329031000E-04	
4184.404606000	1.342673302	5.319077000E-04	
4183.922478000	1.342684746	5.300527000E-04	
4183.440350000	1.342694879	5.273758000E-04	
4182.958222000	1.342706561	5.239091000E-04	
4182.476094000	1.342715621	5.197042000E-04	
4181.993966000	1.342726588	5.147600000E-04	
4181.511838000	1.342734694	5.090928000E-04	
4181.029710000	1.342744827	5.027195000E-04	
4180.547582000	1.342752099	4.957358000E-04	
4180.065454000	1.342760086	4.882523000E-04	
4179.583326000	1.342766166	4.804189000E-04	
4179.101198000	1.342772841	4.723395000E-04	
4178.619070000	1.342777371	4.641014000E-04	
4178.136942000	1.342782974	4.557070000E-04	
4177.654814000	1.342786431	4.471562000E-04	
4177.172686000	1.342790604	4.384381000E-04	
4176.690559000	1.342792749	4.296203000E-04	
4176.208431000	1.342795491	4.207856000E-04	
4175.726303000	1.342796564	4.120394000E-04	
4175.244175000	1.342798233	4.034165000E-04	
4174.762047000	1.342797875	3.949412000E-04	
4174.279919000	1.342798352	3.866115000E-04	
4173.797791000	1.342797279	3.784743000E-04	
4173.315663000	1.342796803	3.705746000E-04	
4172.833535000	1.342794657	3.629727000E-04	
4172.351407000	1.342793345	3.556650000E-04	
4171.869279000	1.342790365	3.486314000E-04	
4171.387151000	1.342788696	3.418204000E-04	
4170.905023000	1.342785120	3.352452000E-04	
4170.422895000	1.342782497	3.289545000E-04	
4169.940767000	1.342778444	3.230344000E-04	
4169.458639000	1.342775226	3.174920000E-04	
4168.976511000	1.342770576	3.122798000E-04	
4168.494383000	1.342767477	3.073050000E-04	
4168.012255000	1.342762351	3.025662000E-04	
4167.530127000	1.342758894	2.981121000E-04	
4167.047999000	1.342753291	2.940223000E-04	
4166.565871000	1.342749238	2.902672000E-04	
4166.083743000	1.342743993	2.867857000E-04	
4165.601615000	1.342739582	2.835247000E-04	
4165.119487000	1.342733860	2.805498000E-04	
4164.637359000	1.342729330	2.779326000E-04	
4164.155231000	1.342723370	2.757050000E-04	
4163.673103000	1.342718959	2.737855000E-04	
4163.190975000	1.342712879	2.721099000E-04	
4162.708847000	1.342708349	2.706611000E-04	
4162.226719000	1.342702150	2.695061000E-04	
4161.744591000	1.342697620	2.686759000E-04	
4161.262463000	1.342691302	2.681806000E-04	
4160.780335000	1.342686653	2.679854000E-04	
4160.298207000	1.342680573	2.680959000E-04	
4159.816079000	1.342676163	2.684946000E-04	
4159.333951000	1.342669964	2.691698000E-04	
4158.851823000	1.342665434	2.700885000E-04	
4158.369695000	1.342659473	2.712948000E-04	
4157.887567000	1.342654824	2.728672000E-04	
4157.405439000	1.342648864	2.748851000E-04	
4156.923311000	1.342644691	2.773222000E-04	
4156.441183000	1.342638731	2.800994000E-04	
4155.959055000	1.342635036	2.831443000E-04	
4155.476927000	1.342629671	2.864852000E-04	
4154.994799000	1.342625976	2.901801000E-04	
4154.512672000	1.342621088	2.942866000E-04	
4154.030544000	1.342617750	2.987992000E-04	
4153.548416000	1.342613220	3.037072000E-04	
4153.066288000	1.342610836	3.089859000E-04	
4152.584160000	1.342607021	3.146098000E-04	
4152.102032000	1.342605233	3.205235000E-04	
4151.619904000	1.342602730	3.266963000E-04	
4151.137776000	1.342601538	3.331391000E-04	
4150.655648000	1.342599869	3.398985000E-04	
4150.173520000	1.342599988	3.469673000E-04	
4149.691392000	1.342599392	3.542513000E-04	
4149.209264000	1.342601180	3.616208000E-04	
4148.727136000	1.342601895	3.689768000E-04	
4148.245008000	1.342604995	3.762799000E-04	
4147.762880000	1.342607260	3.834862000E-04	
4147.280752000	1.342612028	3.905079000E-04	
4146.798624000	1.342615604	3.972267000E-04	
4146.316496000	1.342621684	4.035808000E-04	
4145.834368000	1.342626810	4.095378000E-04	
4145.352240000	1.342633843	4.150656000E-04	
4144.870112000	1.342640519	4.200443000E-04	
4144.387984000	1.342649102	4.243267000E-04	
4143.905856000	1.342656732	4.277843000E-04	
4143.423728000	1.342666030	4.304044000E-04	
4142.941600000	1.342674017	4.322203000E-04	
4142.459472000	1.342683911	4.332777000E-04	
4141.977344000	1.342692375	4.335412000E-04	
4141.495216000	1.342702270	4.329530000E-04	
4141.013088000	1.342711091	4.314446000E-04	
4140.530960000	1.342720509	4.290424000E-04	
4140.048832000	1.342728734	4.258114000E-04	
4139.566704000	1.342737794	4.218675000E-04	
4139.084576000	1.342744946	4.172529000E-04	
4138.602448000	1.342753410	4.120018000E-04	
4138.120320000	1.342759728	4.061159000E-04	
4137.638192000	1.342767000	3.996874000E-04	
4137.156064000	1.342772007	3.928250000E-04	
4136.673936000	1.342777729	3.856739000E-04	
4136.191808000	1.342781663	3.782909000E-04	
4135.709680000	1.342786312	3.707465000E-04	
4135.227552000	1.342788696	3.630689000E-04	
4134.745424000	1.342792392	3.553449000E-04	
4134.263296000	1.342793584	3.476108000E-04	
4133.781168000	1.342796087	3.399306000E-04	
4133.299040000	1.342796326	3.323156000E-04	
4132.816912000	1.342797995	3.248325000E-04	
4132.334784000	1.342797279	3.174862000E-04	
4131.852657000	1.342798114	3.102907000E-04	
4131.370529000	1.342796922	3.031895000E-04	
4130.888401000	1.342796803	2.962156000E-04	
4130.406273000	1.342795014	2.894159000E-04	
4129.924145000	1.342794180	2.828968000E-04	
4129.442017000	1.342791677	2.766527000E-04	
4128.959889000	1.342790484	2.706593000E-04	
4128.477761000	1.342787743	2.648134000E-04	
4127.995633000	1.342786312	2.591100000E-04	
4127.513505000	1.342783213	2.535253000E-04	
4127.031377000	1.342781425	2.481091000E-04	
4126.549249000	1.342777848	2.428593000E-04	
4126.067121000	1.342775702	2.378317000E-04	
4125.584993000	1.342771888	2.330188000E-04	
4125.102865000	1.342769504	2.284332000E-04	
4124.620737000	1.342765450	2.240141000E-04	
4124.138609000	1.342762828	2.197727000E-04	
4123.656481000	1.342758775	2.156895000E-04	
4123.174353000	1.342756033	2.118017000E-04	
4122.692225000	1.342751741	2.080525000E-04	
4122.210097000	1.342749000	2.044319000E-04	
4121.727969000	1.342744708	2.009252000E-04	
4121.245841000	1.342741489	1.976273000E-04	
4120.763713000	1.342737198	1.945490000E-04	
4120.281585000	1.342734098	1.916688000E-04	
4119.799457000	1.342729926	1.888547000E-04	
4119.317329000	1.342726827	1.860777000E-04	
4118.835201000	1.342722535	1.833510000E-04	
4118.353073000	1.342719436	1.807777000E-04	
4117.870945000	1.342714906	1.783492000E-04	
4117.388817000	1.342711806	1.760598000E-04	
4116.906689000	1.342707396	1.738506000E-04	
4116.424561000	1.342704177	1.717615000E-04	
4115.942433000	1.342699766	1.697696000E-04	
4115.460305000	1.342696786	1.678775000E-04	
4114.978177000	1.342692375	1.660305000E-04	
4114.496049000	1.342689276	1.642680000E-04	
4114.013921000	1.342684746	1.625983000E-04	
4113.531793000	1.342681766	1.610427000E-04	
4113.049665000	1.342677355	1.595293000E-04	
4112.567537000	1.342674255	1.580560000E-04	
4112.085409000	1.342669725	1.566269000E-04	
4111.603281000	1.342666745	1.553112000E-04	
4111.121153000	1.342662215	1.540769000E-04	
4110.639025000	1.342659235	1.528804000E-04	
4110.156897000	1.342654824	1.516715000E-04	
4109.674770000	1.342651606	1.505206000E-04	
4109.192642000	1.342646956	1.494959000E-04	
4108.710514000	1.342643738	1.486471000E-04	
4108.228386000	1.342639089	1.479199000E-04	
4107.746258000	1.342636108	1.472765000E-04	
4107.264130000	1.342631459	1.466808000E-04	
4106.782002000	1.342628479	1.461393000E-04	
4106.299874000	1.342623949	1.456249000E-04	
4105.817746000	1.342620969	1.451448000E-04	
4105.335618000	1.342616320	1.447243000E-04	
4104.853490000	1.342613101	1.444251000E-04	
4104.371362000	1.342608571	1.442493000E-04	
4103.889234000	1.342605472	1.441561000E-04	
4103.407106000	1.342601061	1.440951000E-04	
4102.924978000	1.342597961	1.440749000E-04	
4102.442850000	1.342593431	1.441316000E-04	
4101.960722000	1.342590451	1.442791000E-04	
4101.478594000	1.342585921	1.444869000E-04	
4100.996466000	1.342582941	1.447330000E-04	
4100.514338000	1.342578530	1.450356000E-04	
4100.032210000	1.342575550	1.454123000E-04	
4099.550082000	1.342571020	1.458509000E-04	
4099.067954000	1.342568159	1.463149000E-04	
4098.585826000	1.342563629	1.468239000E-04	
4098.103698000	1.342560530	1.474370000E-04	
4097.621570000	1.342555881	1.482201000E-04	
4097.139442000	1.342553020	1.491433000E-04	
4096.657314000	1.342548490	1.501483000E-04	
4096.175186000	1.342545509	1.511816000E-04	
4095.693058000	1.342541218	1.522812000E-04	
4095.210930000	1.342538238	1.534799000E-04	
4094.728802000	1.342533946	1.547986000E-04	
4094.246674000	1.342531085	1.561933000E-04	
4093.764546000	1.342526793	1.576592000E-04	
4093.282418000	1.342524052	1.591868000E-04	
4092.800290000	1.342519760	1.608086000E-04	
4092.318162000	1.342517138	1.624977000E-04	
4091.836034000	1.342513084	1.642521000E-04	
4091.353906000	1.342510462	1.660426000E-04	
4090.871778000	1.342506409	1.679089000E-04	
4090.389650000	1.342503786	1.698586000E-04	
4089.907522000	1.342499733	1.719306000E-04	
4089.425394000	1.342497110	1.741044000E-04	
4088.943266000	1.342493176	1.763954000E-04	
4088.461138000	1.342490673	1.787770000E-04	
4087.979010000	1.342486858	1.812791000E-04	
4087.496883000	1.342484355	1.838876000E-04	
4087.014755000	1.342480540	1.866407000E-04	
4086.532627000	1.342478395	1.895121000E-04	
4086.050499000	1.342474699	1.925289000E-04	
4085.568371000	1.342472672	1.956668000E-04	
4085.086243000	1.342469215	1.989633000E-04	
4084.604115000	1.342467308	2.023821000E-04	
4084.121987000	1.342464328	2.059189000E-04	
4083.639859000	1.342462778	2.094974000E-04	
4083.157731000	1.342459917	2.131254000E-04	
4082.675603000	1.342458725	2.167966000E-04	
4082.193475000	1.342455983	2.205837000E-04	
4081.711347000	1.342455029	2.244873000E-04	
4081.229219000	1.342452645	2.285274000E-04	
4080.747091000	1.342452049	2.326466000E-04	
4080.264963000	1.342450023	2.368502000E-04	
4079.782835000	1.342449784	2.410952000E-04	
4079.300707000	1.342448235	2.454003000E-04	
4078.818579000	1.342448354	2.497276000E-04	
4078.336451000	1.342447162	2.540959000E-04	
4077.854323000	1.342447758	2.584668000E-04	
4077.372195000	1.342447162	2.628466000E-04	
4076.890067000	1.342448115	2.671972000E-04	
4076.407939000	1.342447758	2.715513000E-04	
4075.925811000	1.342449307	2.758905000E-04	
4075.443683000	1.342449546	2.802176000E-04	
4074.961555000	1.342451453	2.844572000E-04	
4074.479427000	1.342452168	2.885906000E-04	
4073.997299000	1.342454672	2.925905000E-04	
4073.515171000	1.342455864	2.964984000E-04	
4073.033043000	1.342458725	3.002760000E-04	
4072.550915000	1.342460513	3.038984000E-04	
4072.068787000	1.342463851	3.072966000E-04	
4071.586659000	1.342465878	3.105030000E-04	
4071.104531000	1.342469573	3.135169000E-04	
4070.622403000	1.342471838	3.163467000E-04	
4070.140275000	1.342476130	3.189199000E-04	
4069.658147000	1.342478633	3.212327000E-04	
4069.176019000	1.342482924	3.232991000E-04	
4068.693891000	1.342485785	3.251874000E-04	
4068.211763000	1.342490196	3.268578000E-04	
4067.729635000	1.342493176	3.282598000E-04	
4067.247507000	1.342497945	3.293305000E-04	
4066.765379000	1.342500925	3.301273000E-04	
4066.283251000	1.342505574	3.306966000E-04	
4065.801123000	1.342508912	3.310526000E-04	
4065.318996000	1.342513442	3.311103000E-04	
4064.836868000	1.342516541	3.308430000E-04	
4064.354740000	1.342521191	3.302840000E-04	
4063.872612000	1.342524052	3.295335000E-04	
4063.390484000	1.342528462	3.286067000E-04	
4062.908356000	1.342531204	3.274671000E-04	
4062.426228000	1.342535615	3.260546000E-04	
4061.944100000	1.342538118	3.243917000E-04	
4061.461972000	1.342542052	3.225224000E-04	
4060.979844000	1.342544436	3.204796000E-04	
4060.497716000	1.342548013	3.182526000E-04	
4060.015588000	1.342550039	3.158670000E-04	
4059.533460000	1.342553377	3.133717000E-04	
4059.051332000	1.342554927	3.107995000E-04	
4058.569204000	1.342558146	3.081017000E-04	
4058.087076000	1.342559576	3.051934000E-04	
4057.604948000	1.342562556	3.020472000E-04	
4057.122820000	1.342563510	2.987321000E-04	
4056.640692000	1.342565894	2.953433000E-04	
4056.158564000	1.342566609	2.918981000E-04	
4055.676436000	1.342568517	2.883473000E-04	
4055.194308000	1.342568874	2.846456000E-04	
4054.712180000	1.342570424	2.808344000E-04	
4054.230052000	1.342570066	2.769851000E-04	
4053.747924000	1.342571139	2.731464000E-04	
4053.265796000	1.342570424	2.692893000E-04	
4052.783668000	1.342571139	2.653985000E-04	
4052.301540000	1.342570066	2.614785000E-04	
4051.819412000	1.342570066	2.575818000E-04	
4051.337284000	1.342568517	2.537202000E-04	
4050.855156000	1.342568159	2.498971000E-04	
4050.373028000	1.342566133	2.461048000E-04	
4049.890900000	1.342565298	2.424005000E-04	
4049.408772000	1.342562675	2.388281000E-04	
4048.926644000	1.342561483	2.354204000E-04	
4048.444516000	1.342558742	2.321154000E-04	
4047.962388000	1.342557192	2.288830000E-04	
4047.480260000	1.342553973	2.257084000E-04	
4046.998132000	1.342552066	2.226801000E-04	
4046.516004000	1.342548490	2.198508000E-04	
4046.033876000	1.342546225	2.172608000E-04	
4045.551748000	1.342542410	2.148484000E-04	
4045.069620000	1.342540145	2.125791000E-04	
4044.587492000	1.342536211	2.104006000E-04	
4044.105364000	1.342533708	2.083466000E-04	
4043.623236000	1.342529535	2.064281000E-04	
4043.141108000	1.342526793	2.047025000E-04	
4042.658981000	1.342522383	2.031640000E-04	
4042.176853000	1.342519522	2.018348000E-04	
4041.694725000	1.342515230	2.006678000E-04	
4041.212597000	1.342512369	1.996524000E-04	
4040.730469000	1.342507839	1.987409000E-04	
4040.248341000	1.342504859	1.979712000E-04	
4039.766213000	1.342500329	1.973703000E-04	
4039.284085000	1.342497230	1.970142000E-04	
4038.801957000	1.342492580	1.968869000E-04	
4038.319829000	1.342489719	1.969681000E-04	
4037.837701000	1.342485189	1.971635000E-04	
4037.355573000	1.342482448	1.974488000E-04	
4036.873445000	1.342478037	1.977995000E-04	
4036.391317000	1.342475295	1.982645000E-04	
4035.909189000	1.342471004	1.988484000E-04	
4035.427061000	1.342468023	1.995878000E-04	
4034.944933000	1.342463732	2.004734000E-04	
4034.462805000	1.342460871	2.015483000E-04	
4033.980677000	1.342456698	2.028028000E-04	
4033.498549000	1.342453957	2.042393000E-04	
4033.016421000	1.342449903	2.057895000E-04	
4032.534293000	1.342447519	2.074405000E-04	
4032.052165000	1.342443466	2.091773000E-04	
4031.570037000	1.342441201	2.110662000E-04	
4031.087909000	1.342437267	2.131085000E-04	
4030.605781000	1.342435241	2.152925000E-04	
4030.123653000	1.342431545	2.175275000E-04	
4029.641525000	1.342429757	2.197991000E-04	
4029.159397000	1.342426181	2.221269000E-04	
4028.677269000	1.342424273	2.246062000E-04	
4028.195141000	1.342420936	2.272598000E-04	
4027.713013000	1.342419147	2.300911000E-04	
4027.230885000	1.342415929	2.330554000E-04	
4026.748757000	1.342414379	2.361755000E-04	
4026.266629000	1.342411637	2.394581000E-04	
4025.784501000	1.342410445	2.428943000E-04	
4025.302373000	1.342407942	2.463858000E-04	
4024.820245000	1.342407346	2.498790000E-04	
4024.338117000	1.342405081	2.533829000E-04	
4023.855989000	1.342404485	2.570112000E-04	
4023.373861000	1.342402577	2.608158000E-04	
4022.891733000	1.342402339	2.647731000E-04	
4022.409605000	1.342400908	2.687723000E-04	
4021.927477000	1.342401147	2.727835000E-04	
4021.445349000	1.342400074	2.768381000E-04	
4020.963221000	1.342400789	2.810114000E-04	
4020.481094000	1.342400312	2.852624000E-04	
4019.998966000	1.342401505	2.894986000E-04	
4019.516838000	1.342401505	2.936214000E-04	
4019.034710000	1.342403293	2.976704000E-04	
4018.552582000	1.342403769	3.017207000E-04	
4018.070454000	1.342405796	3.058349000E-04	
4017.588326000	1.342406869	3.099418000E-04	
4017.106198000	1.342409611	3.139488000E-04	
4016.624070000	1.342411399	3.177609000E-04	
4016.141942000	1.342414856	3.213640000E-04	
4015.659814000	1.342417121	3.247345000E-04	
4015.177686000	1.342421055	3.278676000E-04	
4014.695558000	1.342423558	3.307385000E-04	
4014.213430000	1.342427731	3.333712000E-04	
4013.731302000	1.342430711	3.357853000E-04	
4013.249174000	1.342435241	3.380048000E-04	
4012.767046000	1.342438340	3.399810000E-04	
4012.284918000	1.342443347	3.416599000E-04	
4011.802790000	1.342446804	3.429705000E-04	
4011.320662000	1.342451930	3.438917000E-04	
4010.838534000	1.342455626	3.444246000E-04	
4010.356406000	1.342460394	3.446231000E-04	
4009.874278000	1.342463970	3.445303000E-04	
4009.392150000	1.342468619	3.441987000E-04	
4008.910022000	1.342471719	3.436331000E-04	
4008.427894000	1.342476487	3.428340000E-04	
4007.945766000	1.342479348	3.417836000E-04	
4007.463638000	1.342483759	3.405085000E-04	
4006.981510000	1.342486382	3.390356000E-04	
4006.499382000	1.342490196	3.374129000E-04	
4006.017254000	1.342492461	3.356700000E-04	
4005.535126000	1.342495918	3.338544000E-04	
4005.052998000	1.342497706	3.319878000E-04	
4004.570870000	1.342501163	3.300826000E-04	
4004.088742000	1.342502594	3.281004000E-04	
4003.606614000	1.342505813	3.260136000E-04	
4003.124486000	1.342506886	3.238221000E-04	
4002.642358000	1.342509627	3.216034000E-04	
4002.160230000	1.342510343	3.194479000E-04	
4001.678102000	1.342512608	3.174172000E-04	
4001.195974000	1.342513323	3.154828000E-04	
4000.713846000	1.342515469	3.135799000E-04	
4000.231718000	1.342516184	3.116468000E-04	
3999.749590000	1.342518210	3.096903000E-04	
3999.267462000	1.342518568	3.077534000E-04	
3998.785334000	1.342520595	3.058717000E-04	
3998.303207000	1.342520833	3.040305000E-04	
3997.821079000	1.342522740	3.022044000E-04	
3997.338951000	1.342522979	3.003907000E-04	
3996.856823000	1.342524767	2.986341000E-04	
3996.374695000	1.342524886	2.969773000E-04	
3995.892567000	1.342526674	2.954161000E-04	
3995.410439000	1.342527032	2.938949000E-04	
3994.928311000	1.342528939	2.923485000E-04	
3994.446183000	1.342529416	2.907533000E-04	
3993.964055000	1.342531443	2.891140000E-04	
3993.481927000	1.342532039	2.874370000E-04	
3992.999799000	1.342534065	2.857098000E-04	
3992.517671000	1.342534542	2.839305000E-04	
3992.035543000	1.342536807	2.821180000E-04	
3991.553415000	1.342537284	2.803053000E-04	
3991.071287000	1.342539668	2.784722000E-04	
3990.589159000	1.342540383	2.765471000E-04	
3990.107031000	1.342542887	2.744415000E-04	
3989.624903000	1.342543840	2.721365000E-04	
3989.142775000	1.342546225	2.696738000E-04	
3988.660647000	1.342547059	2.671168000E-04	
3988.178519000	1.342549324	2.644681000E-04	
3987.696391000	1.342550159	2.616881000E-04	
3987.214263000	1.342552423	2.587269000E-04	
3986.732135000	1.342553258	2.555931000E-04	
3986.250007000	1.342555404	2.523050000E-04	
3985.767879000	1.342555881	2.488800000E-04	
3985.285751000	1.342557907	2.453055000E-04	
3984.803623000	1.342558146	2.415931000E-04	
3984.321495000	1.342559934	2.377687000E-04	
3983.839367000	1.342559814	2.338652000E-04	
3983.357239000	1.342561245	2.298683000E-04	
3982.875111000	1.342561007	2.257512000E-04	
3982.392983000	1.342562079	2.215098000E-04	
3981.910855000	1.342561364	2.171974000E-04	
3981.428727000	1.342562079	2.128611000E-04	
3980.946599000	1.342561007	2.085173000E-04	
3980.464471000	1.342561245	2.041411000E-04	
3979.982343000	1.342559814	1.997546000E-04	
3979.500215000	1.342559695	1.954176000E-04	
3979.018087000	1.342557669	1.912024000E-04	
3978.535959000	1.342557192	1.871083000E-04	
3978.053831000	1.342555165	1.830916000E-04	
3977.571703000	1.342554569	1.790847000E-04	
3977.089575000	1.342552185	1.750660000E-04	
3976.607447000	1.342551470	1.710082000E-04	
3976.125319000	1.342548728	1.669214000E-04	
3975.643192000	1.342547655	1.628271000E-04	
3975.161064000	1.342544198	1.588308000E-04	
3974.678936000	1.342542529	1.557707000E-04	
3974.196808000	1.342539668	1.522064000E-04	
3973.714680000	1.342537880	1.487816000E-04	
3973.232552000	1.342534661	1.454658000E-04	
3972.750424000	1.342532873	1.422195000E-04	
3972.268296000	1.342529416	1.390653000E-04	
3971.786168000	1.342527390	1.359917000E-04	
3971.304040000	1.342523813	1.330245000E-04	
3970.821912000	1.342521548	1.301745000E-04	
3970.339784000	1.342517734	1.275076000E-04	
3969.857656000	1.342515469	1.250148000E-04	
3969.375528000	1.342511773	1.226611000E-04	
3968.893400000	1.342509627	1.203423000E-04	
3968.411272000	1.342505813	1.180480000E-04	
3967.929144000	1.342503548	1.158087000E-04	
3967.447016000	1.342499733	1.137059000E-04	
3966.964888000	1.342497349	1.117268000E-04	
3966.482760000	1.342493534	1.098447000E-04	
3966.000632000	1.342491269	1.080138000E-04	
3965.518504000	1.342487454	1.062704000E-04	
3965.036376000	1.342485070	1.046200000E-04	
3964.554248000	1.342481375	1.030557000E-04	
3964.072120000	1.342479110	1.015154000E-04	
3963.589992000	1.342475295	1.000127000E-04	
3963.107864000	1.342473030	9.858180000E-05	
3962.625736000	1.342469096	9.728090000E-05	
3962.143608000	1.342466950	9.606920000E-05	
3961.661480000	1.342463255	9.489350000E-05	
3961.179352000	1.342461109	9.369490000E-05	
3960.697224000	1.342457294	9.250680000E-05	
3960.215096000	1.342455029	9.147130000E-05	
3959.732968000	1.342451215	9.045710000E-05	
3959.250840000	1.342449069	8.951960000E-05	
3958.768712000	1.342445254	8.866090000E-05	
3958.286584000	1.342443109	8.787110000E-05	
3957.804456000	1.342439294	8.716140000E-05	
3957.322328000	1.342437267	8.650350000E-05	
3956.840200000	1.342433572	8.588920000E-05	
3956.358072000	1.342431426	8.530330000E-05	
3955.875944000	1.342427850	8.476850000E-05	
3955.393816000	1.342425823	8.428840000E-05	
3954.911688000	1.342422128	8.387520000E-05	
3954.429560000	1.342420101	8.351970000E-05	
3953.947432000	1.342416644	8.322400000E-05	
3953.465305000	1.342414618	8.297420000E-05	
3952.983177000	1.342411041	8.276790000E-05	
3952.501049000	1.342409015	8.260520000E-05	
3952.018921000	1.342405438	8.279940000E-05	
3951.536793000	1.342403650	8.304300000E-05	
3951.054665000	1.342400432	8.332830000E-05	
3950.572537000	1.342399001	8.359680000E-05	
3950.090409000	1.342396021	8.379820000E-05	
3949.608281000	1.342394710	8.393890000E-05	
3949.126153000	1.342391729	8.408910000E-05	
3948.644025000	1.342390418	8.431190000E-05	
3948.161897000	1.342387676	8.459540000E-05	
3947.679769000	1.342386603	8.486160000E-05	
3947.197641000	1.342383981	8.503570000E-05	
3946.715513000	1.342383027	8.512250000E-05	
3946.233385000	1.342380524	8.518080000E-05	
3945.751257000	1.342379451	8.526690000E-05	
3945.269129000	1.342376947	8.537550000E-05	
3944.787001000	1.342375994	8.549460000E-05	
3944.304873000	1.342373610	8.562890000E-05	
3943.822745000	1.342372775	8.581540000E-05	
3943.340617000	1.342370749	8.602880000E-05	
3942.858489000	1.342370272	8.590790000E-05	
3942.376361000	1.342368126	8.567540000E-05	
3941.894233000	1.342367530	8.533510000E-05	
3941.412105000	1.342365146	8.497030000E-05	
3940.929977000	1.342364311	8.469000000E-05	
3940.447849000	1.342361927	8.449710000E-05	
3939.965721000	1.342361093	8.434270000E-05	
3939.483593000	1.342358708	8.417050000E-05	
3939.001465000	1.342357993	8.400460000E-05	
3938.519337000	1.342355609	8.386570000E-05	
3938.037209000	1.342354894	8.376320000E-05	
3937.555081000	1.342352748	8.364350000E-05	
3937.072953000	1.342352033	8.349230000E-05	
3936.590825000	1.342349887	8.330140000E-05	
3936.108697000	1.342349291	8.309740000E-05	
3935.626569000	1.342347145	8.286070000E-05	
3935.144441000	1.342346668	8.260030000E-05	
3934.662313000	1.342344403	8.231950000E-05	
3934.180185000	1.342343807	8.207700000E-05	
3933.698057000	1.342341542	8.188260000E-05	
3933.215929000	1.342341065	8.172830000E-05	
3932.733801000	1.342339158	8.152930000E-05	
3932.251673000	1.342338800	8.122520000E-05	
3931.769545000	1.342336893	8.076000000E-05	
3931.287418000	1.342336535	8.018310000E-05	
3930.805290000	1.342334390	7.957620000E-05	
3930.323162000	1.342333794	7.905340000E-05	
3929.841034000	1.342331529	7.860670000E-05	
3929.358906000	1.342331052	7.816940000E-05	
3928.876778000	1.342329025	7.763720000E-05	
3928.394650000	1.342328429	7.702920000E-05	
3927.912522000	1.342326283	7.640800000E-05	
3927.430394000	1.342325568	7.584710000E-05	
3926.948266000	1.342323422	7.530900000E-05	
3926.466138000	1.342322826	7.477660000E-05	
3925.984010000	1.342320561	7.424260000E-05	
3925.501882000	1.342319965	7.375730000E-05	
3925.019754000	1.342317820	7.327130000E-05	
3924.537626000	1.342317343	7.270960000E-05	
3924.055498000	1.342315197	7.200390000E-05	
3923.573370000	1.342314601	7.114000000E-05	
3923.091242000	1.342312098	7.050820000E-05	
3922.609114000	1.342311382	6.989930000E-05	
3922.126986000	1.342309117	6.930970000E-05	
3921.644858000	1.342308283	6.873000000E-05	
3921.162730000	1.342306018	6.816490000E-05	
3920.680602000	1.342305303	6.760340000E-05	
3920.198474000	1.342303038	6.701590000E-05	
3919.716346000	1.342302322	6.637220000E-05	
3919.234218000	1.342300057	6.569320000E-05	
3918.752090000	1.342299223	6.504160000E-05	
3918.269962000	1.342296720	6.445830000E-05	
3917.787834000	1.342296004	6.392140000E-05	
3917.305706000	1.342293620	6.337440000E-05	
3916.823578000	1.342292905	6.277470000E-05	
3916.341450000	1.342290640	6.213060000E-05	
3915.859322000	1.342289805	6.147270000E-05	
3915.377194000	1.342287421	6.082630000E-05	
3914.895066000	1.342286587	6.020120000E-05	
3914.412938000	1.342284083	5.960290000E-05	
3913.930810000	1.342283249	5.902540000E-05	
3913.448682000	1.342280865	5.844750000E-05	
3912.966554000	1.342280030	5.784830000E-05	
3912.484426000	1.342277527	5.723420000E-05	
3912.002298000	1.342276692	5.663790000E-05	
3911.520170000	1.342274189	5.608130000E-05	
3911.038042000	1.342273235	5.555180000E-05	
3910.555914000	1.342270851	5.502250000E-05	
3910.073786000	1.342270017	5.449070000E-05	
3909.591658000	1.342267513	5.397520000E-05	
3909.109531000	1.342266560	5.348410000E-05	
3908.627403000	1.342264175	5.299800000E-05	
3908.145275000	1.342263341	5.250000000E-05	
3907.663147000	1.342260957	5.199630000E-05	
3907.181019000	1.342260122	5.150530000E-05	
3906.698891000	1.342257619	5.102230000E-05	
3906.216763000	1.342256904	5.053260000E-05	
3905.734635000	1.342254519	5.003520000E-05	
3905.252507000	1.342253685	4.954760000E-05	
3904.770379000	1.342251420	4.906050000E-05	
3904.288251000	1.342250705	4.852770000E-05	
3903.806123000	1.342248440	4.791360000E-05	
3903.323995000	1.342247725	4.725000000E-05	
3902.841867000	1.342245340	4.660240000E-05	
3902.359739000	1.342244625	4.598510000E-05	
3901.877611000	1.342242360	4.533000000E-05	
3901.395483000	1.342241645	4.457070000E-05	
3900.913355000	1.342239261	4.373000000E-05	
3900.431227000	1.342238426	4.290190000E-05	
3899.949099000	1.342235923	4.213660000E-05	
3899.466971000	1.342235088	4.138350000E-05	
3898.984843000	1.342232704	4.055540000E-05	
3898.502715000	1.342231750	3.962860000E-05	
3898.020587000	1.342229247	3.866170000E-05	
3897.538459000	1.342228174	3.771840000E-05	
3897.056331000	1.342225432	3.682100000E-05	
3896.574203000	1.342224360	3.596200000E-05	
3896.092075000	1.342221498	3.514290000E-05	
3895.609947000	1.342220306	3.435950000E-05	
3895.127819000	1.342217565	3.358300000E-05	
3894.645691000	1.342216492	3.275730000E-05	
3894.163563000	1.342213631	3.192700000E-05	
3893.681435000	1.342212319	3.110850000E-05	
3893.199307000	1.342209339	3.033650000E-05	
3892.717179000	1.342208028	2.962100000E-05	
3892.235051000	1.342205048	2.895270000E-05	
3891.752923000	1.342203736	2.830460000E-05	
3891.270795000	1.342200756	2.764650000E-05	
3890.788667000	1.342199445	2.695900000E-05	
3890.306539000	1.342196584	2.624610000E-05	
3889.824411000	1.342195153	2.553400000E-05	
3889.342283000	1.342192054	2.485400000E-05	
3888.860155000	1.342190504	2.422010000E-05	
3888.378027000	1.342187405	2.362760000E-05	
3887.895899000	1.342185855	2.307250000E-05	
3887.413771000	1.342182636	2.256820000E-05	
3886.931643000	1.342180967	2.212930000E-05	
3886.449516000	1.342177868	2.174260000E-05	
3885.967388000	1.342176437	2.136120000E-05	
3885.485260000	1.342173338	2.094180000E-05	
3885.003132000	1.342171907	2.048170000E-05	
3884.521004000	1.342168689	2.002110000E-05	
3884.038876000	1.342167139	1.960420000E-05	
3883.556748000	1.342163801	1.924760000E-05	
3883.074620000	1.342162251	1.894110000E-05	
3882.592492000	1.342158914	1.867140000E-05	
3882.110364000	1.342157364	1.843590000E-05	
3881.628236000	1.342154026	1.823520000E-05	
3881.146108000	1.342152476	1.806390000E-05	
3880.663980000	1.342149258	1.791260000E-05	
3880.181852000	1.342147589	1.777690000E-05	
3879.699724000	1.342144370	1.766100000E-05	
3879.217596000	1.342142820	1.757530000E-05	
3878.735468000	1.342139482	1.753160000E-05	
3878.253340000	1.342137814	1.753790000E-05	
3877.771212000	1.342134595	1.759060000E-05	
3877.289084000	1.342133045	1.767630000E-05	
3876.806956000	1.342129827	1.778220000E-05	
3876.324828000	1.342128277	1.791360000E-05	
3875.842700000	1.342125058	1.809030000E-05	
3875.360572000	1.342123508	1.832620000E-05	
3874.878444000	1.342120409	1.860670000E-05	
3874.396316000	1.342119098	1.889590000E-05	
3873.914188000	1.342116117	1.915880000E-05	
3873.432060000	1.342114806	1.941170000E-05	
3872.949932000	1.342111826	1.966830000E-05	
3872.467804000	1.342110515	1.994750000E-05	
3871.985676000	1.342107415	2.023680000E-05	
3871.503548000	1.342106104	2.053560000E-05	
3871.021420000	1.342103124	2.083960000E-05	
3870.539292000	1.342101932	2.113870000E-05	
3870.057164000	1.342099309	2.142530000E-05	
3869.575036000	1.342098355	2.169380000E-05	
3869.092908000	1.342095733	2.194260000E-05	
3868.610780000	1.342094541	2.217420000E-05	
3868.128652000	1.342091799	2.239240000E-05	
3867.646524000	1.342090607	2.260120000E-05	
3867.164396000	1.342087746	2.280300000E-05	
3866.682268000	1.342086673	2.299900000E-05	
3866.200140000	1.342083812	2.318900000E-05	
3865.718012000	1.342082858	2.337110000E-05	
3865.235884000	1.342080235	2.354310000E-05	
3864.753756000	1.342079282	2.370410000E-05	
3864.271629000	1.342076659	2.385480000E-05	
3863.789501000	1.342075467	2.399780000E-05	
3863.307373000	1.342072606	2.413620000E-05	
3862.825245000	1.342071414	2.427290000E-05	
3862.343117000	1.342068672	2.441050000E-05	
3861.860989000	1.342067599	2.455150000E-05	
3861.378861000	1.342064977	2.469850000E-05	
3860.896733000	1.342063904	2.485540000E-05	
3860.414605000	1.342061162	2.502650000E-05	
3859.932477000	1.342059851	2.521610000E-05	
3859.450349000	1.342056870	2.542690000E-05	
3858.968221000	1.342055678	2.566050000E-05	
3858.486093000	1.342052817	2.591780000E-05	
3858.003965000	1.342051744	2.619970000E-05	
3857.521837000	1.342049122	2.650560000E-05	
3857.039709000	1.342048168	2.683170000E-05	
3856.557581000	1.342045426	2.717120000E-05	
3856.075453000	1.342044234	2.751590000E-05	
3855.593325000	1.342041373	2.785650000E-05	
3855.111197000	1.342040300	2.818150000E-05	
3854.629069000	1.342037916	2.847620000E-05	
3854.146941000	1.342037439	2.872560000E-05	
3853.664813000	1.342035413	2.891940000E-05	
3853.182685000	1.342034698	2.905560000E-05	
3852.700557000	1.342032075	2.913870000E-05	
3852.218429000	1.342031121	2.917680000E-05	
3851.736301000	1.342028499	2.918000000E-05	
3851.254173000	1.342027664	2.916070000E-05	
3850.772045000	1.342025042	2.913420000E-05	
3850.289917000	1.342023969	2.911520000E-05	
3849.807789000	1.342021108	2.911510000E-05	
3849.325661000	1.342019916	2.914100000E-05	
3848.843533000	1.342017055	2.919900000E-05	
3848.361405000	1.342015862	2.929490000E-05	
3847.879277000	1.342012882	2.943450000E-05	
3847.397149000	1.342011571	2.962060000E-05	
3846.915021000	1.342008710	2.985340000E-05	
3846.432893000	1.342007399	3.013120000E-05	
3845.950765000	1.342004418	3.045210000E-05	
3845.468637000	1.342003226	3.081360000E-05	
3844.986509000	1.342000365	3.121210000E-05	
3844.504381000	1.341999173	3.164340000E-05	
3844.022253000	1.341996431	3.210290000E-05	
3843.540125000	1.341995358	3.258620000E-05	
3843.057997000	1.341992617	3.308830000E-05	
3842.575869000	1.341991544	3.360420000E-05	
3842.093742000	1.341988921	3.412960000E-05	
3841.611614000	1.341987967	3.466120000E-05	
3841.129486000	1.341985464	3.519550000E-05	
3840.647358000	1.341984749	3.572720000E-05	
3840.165230000	1.341982365	3.624980000E-05	
3839.683102000	1.341981411	3.675630000E-05	
3839.200974000	1.341978908	3.724050000E-05	
3838.718846000	1.341978073	3.769630000E-05	
3838.236718000	1.341975927	3.811720000E-05	
3837.754590000	1.341975570	3.849810000E-05	
3837.272462000	1.341973543	3.883750000E-05	
3836.790334000	1.341972947	3.913820000E-05	
3836.308206000	1.341970563	3.940570000E-05	
3835.826078000	1.341969728	3.964560000E-05	
3835.343950000	1.341967344	3.986250000E-05	
3834.861822000	1.341966748	4.005970000E-05	
3834.379694000	1.341964602	4.024040000E-05	
3833.897566000	1.341964006	4.040720000E-05	
3833.415438000	1.341961741	4.056150000E-05	
3832.933310000	1.341960907	4.070350000E-05	
3832.451182000	1.341958523	4.083310000E-05	
3831.969054000	1.341957808	4.095010000E-05	
3831.486926000	1.341955423	4.105520000E-05	
3831.004798000	1.341954827	4.114940000E-05	
3830.522670000	1.341952562	4.123420000E-05	
3830.040542000	1.341951847	4.131140000E-05	
3829.558414000	1.341949344	4.138300000E-05	
3829.076286000	1.341948628	4.145100000E-05	
3828.594158000	1.341946244	4.151730000E-05	
3828.112030000	1.341945410	4.158340000E-05	
3827.629902000	1.341943026	4.164990000E-05	
3827.147774000	1.341942310	4.171600000E-05	
3826.665646000	1.341939807	4.177930000E-05	
3826.183518000	1.341939092	4.183740000E-05	
3825.701390000	1.341936707	4.188830000E-05	
3825.219262000	1.341935992	4.193140000E-05	
3824.737134000	1.341933608	4.196700000E-05	
3824.255006000	1.341932893	4.199550000E-05	
3823.772878000	1.341930509	4.201700000E-05	
3823.290750000	1.341929674	4.203130000E-05	
3822.808622000	1.341927171	4.203700000E-05	
3822.326494000	1.341926455	4.203120000E-05	
3821.844366000	1.341923952	4.201010000E-05	
3821.362238000	1.341923356	4.196960000E-05	
3820.880110000	1.341920972	4.190700000E-05	
3820.397982000	1.341920376	4.182290000E-05	
3819.915855000	1.341917992	4.172050000E-05	
3819.433727000	1.341917157	4.160530000E-05	
3818.951599000	1.341914654	4.148160000E-05	
3818.469471000	1.341913819	4.135220000E-05	
3817.987343000	1.341911197	4.121720000E-05	
3817.505215000	1.341910243	4.107480000E-05	
3817.023087000	1.341907620	4.092120000E-05	
3816.540959000	1.341906786	4.075210000E-05	
3816.058831000	1.341904521	4.056390000E-05	
3815.576703000	1.341903806	4.035710000E-05	
3815.094575000	1.341901302	4.013770000E-05	
3814.612447000	1.341900229	3.991650000E-05	
3814.130319000	1.341897249	3.970470000E-05	
3813.648191000	1.341896057	3.951160000E-05	
3813.166063000	1.341893196	3.934290000E-05	
3812.683935000	1.341892004	3.920160000E-05	
3812.201807000	1.341889262	3.908820000E-05	
3811.719679000	1.341888070	3.900190000E-05	
3811.237551000	1.341885209	3.894140000E-05	
3810.755423000	1.341884136	3.890650000E-05	
3810.273295000	1.341881275	3.889950000E-05	
3809.791167000	1.341879964	3.892400000E-05	
3809.309039000	1.341876984	3.898280000E-05	
3808.826911000	1.341875672	3.907640000E-05	
3808.344783000	1.341872692	3.920260000E-05	
3807.862655000	1.341871381	3.935680000E-05	
3807.380527000	1.341868520	3.953230000E-05	
3806.898399000	1.341867566	3.972130000E-05	
3806.416271000	1.341864944	3.991780000E-05	
3805.934143000	1.341863871	4.011960000E-05	
3805.452015000	1.341861010	4.032840000E-05	
3804.969887000	1.341859818	4.054810000E-05	
3804.487759000	1.341856956	4.078110000E-05	
3804.005631000	1.341856003	4.102720000E-05	
3803.523503000	1.341853142	4.128430000E-05	
3803.041375000	1.341852069	4.154770000E-05	
3802.559247000	1.341849208	4.181110000E-05	
3802.077119000	1.341848254	4.206580000E-05	
3801.594991000	1.341845751	4.230390000E-05	
3801.112863000	1.341845036	4.252130000E-05	
3800.630735000	1.341842651	4.271910000E-05	
3800.148607000	1.341841698	4.290320000E-05	
3799.666479000	1.341838837	4.308050000E-05	
3799.184351000	1.341837764	4.325700000E-05	
3798.702223000	1.341835022	4.343660000E-05	
3798.220095000	1.341833949	4.362110000E-05	
3797.737967000	1.341831326	4.381030000E-05	
3797.255840000	1.341830492	4.400270000E-05	
3796.773712000	1.341827869	4.419660000E-05	
3796.291584000	1.341827035	4.439110000E-05	
3795.809456000	1.341824293	4.458730000E-05	
3795.327328000	1.341823339	4.478780000E-05	
3794.845200000	1.341820598	4.499580000E-05	
3794.363072000	1.341819525	4.521330000E-05	
3793.880944000	1.341816902	4.544050000E-05	
3793.398816000	1.341815948	4.567530000E-05	
3792.916688000	1.341813445	4.591420000E-05	
3792.434560000	1.341812611	4.615330000E-05	
3791.952432000	1.341809988	4.638900000E-05	
3791.470304000	1.341809154	4.661800000E-05	
3790.988176000	1.341806650	4.683800000E-05	
3790.506048000	1.341805816	4.704690000E-05	
3790.023920000	1.341803312	4.724320000E-05	
3789.541792000	1.341802478	4.742510000E-05	
3789.059664000	1.341799974	4.759070000E-05	
3788.577536000	1.341799259	4.773760000E-05	
3788.095408000	1.341796875	4.786400000E-05	
3787.613280000	1.341796160	4.796870000E-05	
3787.131152000	1.341793656	4.805150000E-05	
3786.649024000	1.341792941	4.811230000E-05	
3786.166896000	1.341790557	4.815120000E-05	
3785.684768000	1.341789842	4.816860000E-05	
3785.202640000	1.341787338	4.816480000E-05	
3784.720512000	1.341786623	4.814020000E-05	
3784.238384000	1.341784120	4.809460000E-05	
3783.756256000	1.341783404	4.802800000E-05	
3783.274128000	1.341781020	4.794130000E-05	
3782.792000000	1.341780186	4.783540000E-05	
3782.309872000	1.341777682	4.771170000E-05	
3781.827744000	1.341776848	4.757090000E-05	
3781.345616000	1.341774344	4.741340000E-05	
3780.863488000	1.341773510	4.724010000E-05	
3780.381360000	1.341770887	4.705150000E-05	
3779.899232000	1.341770053	4.684790000E-05	
3779.417104000	1.341767550	4.662980000E-05	
3778.934976000	1.341766715	4.639870000E-05	
3778.452848000	1.341764092	4.615800000E-05	
3777.970720000	1.341763020	4.591180000E-05	
3777.488592000	1.341760397	4.566420000E-05	
3777.006464000	1.341759324	4.541880000E-05	
3776.524336000	1.341756582	4.517860000E-05	
3776.042208000	1.341755509	4.494590000E-05	
3775.560080000	1.341752648	4.472140000E-05	
3775.077953000	1.341751575	4.450440000E-05	
3774.595825000	1.341748834	4.429390000E-05	
3774.113697000	1.341747761	4.408920000E-05	
3773.631569000	1.341744900	4.389110000E-05	
3773.149441000	1.341743827	4.370070000E-05	
3772.667313000	1.341741085	4.351860000E-05	
3772.185185000	1.341739893	4.334470000E-05	
3771.703057000	1.341737032	4.317780000E-05	
3771.220929000	1.341735721	4.301580000E-05	
3770.738801000	1.341732860	4.285480000E-05	
3770.256673000	1.341731787	4.268980000E-05	
3769.774545000	1.341729164	4.251630000E-05	
3769.292417000	1.341728091	4.233140000E-05	
3768.810289000	1.341725349	4.213430000E-05	
3768.328161000	1.341724277	4.192590000E-05	
3767.846033000	1.341721296	4.170760000E-05	
3767.363905000	1.341720104	4.148130000E-05	
3766.881777000	1.341717243	4.124860000E-05	
3766.399649000	1.341716051	4.101000000E-05	
3765.917521000	1.341713309	4.076500000E-05	
3765.435393000	1.341712236	4.051220000E-05	
3764.953265000	1.341709256	4.025040000E-05	
3764.471137000	1.341708064	3.997910000E-05	
3763.989009000	1.341705203	3.969910000E-05	
3763.506881000	1.341704011	3.941120000E-05	
3763.024753000	1.341701031	3.911680000E-05	
3762.542625000	1.341699839	3.881660000E-05	
3762.060497000	1.341696858	3.851070000E-05	
3761.578369000	1.341695547	3.819830000E-05	
3761.096241000	1.341692567	3.787810000E-05	
3760.614113000	1.341691256	3.754920000E-05	
3760.131985000	1.341688275	3.721220000E-05	
3759.649857000	1.341686964	3.686860000E-05	
3759.167729000	1.341683984	3.652050000E-05	
3758.685601000	1.341682673	3.617060000E-05	
3758.203473000	1.341679454	3.582190000E-05	
3757.721345000	1.341677904	3.547670000E-05	
3757.239217000	1.341674685	3.513660000E-05	
3756.757089000	1.341673255	3.480260000E-05	
3756.274961000	1.341670156	3.447640000E-05	
3755.792833000	1.341668844	3.416080000E-05	
3755.310705000	1.341665626	3.385790000E-05	
3754.828577000	1.341664076	3.356720000E-05	
3754.346449000	1.341660619	3.328540000E-05	
3753.864321000	1.341658950	3.300800000E-05	
3753.382193000	1.341655612	3.273090000E-05	
3752.900066000	1.341654181	3.245010000E-05	
3752.417938000	1.341651201	3.216180000E-05	
3751.935810000	1.341650009	3.186230000E-05	
3751.453682000	1.341646910	3.155110000E-05	
3750.971554000	1.341645241	3.123030000E-05	
3750.489426000	1.341641545	3.090230000E-05	
3750.007298000	1.341639638	3.056610000E-05	
3749.525170000	1.341636419	3.021830000E-05	
3749.043042000	1.341635108	2.985650000E-05	
3748.560914000	1.341632128	2.948380000E-05	
3748.078786000	1.341630578	2.910820000E-05	
3747.596658000	1.341627121	2.873830000E-05	
3747.114530000	1.341625214	2.837970000E-05	
3746.632402000	1.341621518	2.803510000E-05	
3746.150274000	1.341619492	2.770450000E-05	
3745.668146000	1.341615677	2.738460000E-05	
3745.186018000	1.341614008	2.706740000E-05	
3744.703890000	1.341610789	2.674250000E-05	
3744.221762000	1.341609597	2.640190000E-05	
3743.739634000	1.341606259	2.604530000E-05	
3743.257506000	1.341604352	2.568090000E-05	
3742.775378000	1.341600299	2.532070000E-05	
3742.293250000	1.341598034	2.497590000E-05	
3741.811122000	1.341594219	2.465460000E-05	
3741.328994000	1.341592312	2.436180000E-05	
3740.846866000	1.341588616	2.410080000E-05	
3740.364738000	1.341586709	2.387270000E-05	
3739.882610000	1.341582894	2.367700000E-05	
3739.400482000	1.341580868	2.351260000E-05	
3738.918354000	1.341576934	2.337880000E-05	
3738.436226000	1.341574669	2.327460000E-05	
3737.954098000	1.341570735	2.319690000E-05	
3737.471970000	1.341568708	2.313860000E-05	
3736.989842000	1.341564894	2.308860000E-05	
3736.507714000	1.341563106	2.303410000E-05	
3736.025586000	1.341559529	2.296900000E-05	
3735.543458000	1.341557622	2.288740000E-05	
3735.061330000	1.341554046	2.278600000E-05	
3734.579202000	1.341552138	2.266390000E-05	
3734.097074000	1.341548324	2.252230000E-05	
3733.614946000	1.341546297	2.236240000E-05	
3733.132818000	1.341542482	2.218470000E-05	
3732.650690000	1.341540575	2.198810000E-05	
3732.168562000	1.341536880	2.176980000E-05	
3731.686434000	1.341535091	2.152730000E-05	
3731.204306000	1.341531396	2.125960000E-05	
3730.722179000	1.341529369	2.096730000E-05	
3730.240051000	1.341525435	2.065240000E-05	
3729.757923000	1.341523290	2.031720000E-05	
3729.275795000	1.341519475	1.996370000E-05	
3728.793667000	1.341517329	1.959350000E-05	
3728.311539000	1.341513395	1.920740000E-05	
3727.829411000	1.341511250	1.880520000E-05	
3727.347283000	1.341507196	1.838570000E-05	
3726.865155000	1.341504931	1.794730000E-05	
3726.383027000	1.341500878	1.748910000E-05	
3725.900899000	1.341498613	1.701130000E-05	
3725.418771000	1.341494441	1.651450000E-05	
3724.936643000	1.341492057	1.600090000E-05	
3724.454515000	1.341487765	1.547250000E-05	
3723.972387000	1.341485262	1.493040000E-05	
3723.490259000	1.341480851	1.438170000E-05	
3723.008131000	1.341478109	1.382350000E-05	
3722.526003000	1.341473699	1.325230000E-05	
3722.043875000	1.341470957	1.265250000E-05	
3721.561747000	1.341466308	1.203620000E-05	
3721.079619000	1.341463208	1.142800000E-05	
3720.597491000	1.341458321	1.086190000E-05	
3720.115363000	1.341455102	1.035160000E-05	
3719.633235000	1.341450095	9.893500000E-06	
3719.151107000	1.341446757	9.477300000E-06	
3718.668979000	1.341441631	9.098500000E-06	
3718.186851000	1.341438174	8.767300000E-06	
3717.704723000	1.341432810	8.503200000E-06	
3717.222595000	1.341429114	8.323700000E-06	
3716.740467000	1.341423631	8.230900000E-06	
3716.258339000	1.341419935	8.209800000E-06	
3715.776211000	1.341414571	8.236200000E-06	
3715.294083000	1.341410875	8.295600000E-06	
3714.811955000	1.341405272	8.395900000E-06	
3714.329827000	1.341401458	8.566500000E-06	
3713.847699000	1.341395736	8.838600000E-06	
3713.365571000	1.341391802	9.218200000E-06	
3712.883443000	1.341386080	9.671100000E-06	
3712.401315000	1.341382384	1.013860000E-05	
3711.919187000	1.341376901	1.057470000E-05	
3711.437059000	1.341373205	1.098160000E-05	
3710.954931000	1.341367364	1.140880000E-05	
3710.472803000	1.341363192	1.191580000E-05	
3709.990675000	1.341357350	1.252730000E-05	
3709.508547000	1.341353178	1.321830000E-05	
3709.026419000	1.341347456	1.394130000E-05	
3708.544291000	1.341343403	1.466850000E-05	
3708.062164000	1.341337442	1.541320000E-05	
3707.580036000	1.341333151	1.621390000E-05	
3707.097908000	1.341326952	1.711270000E-05	
3706.615780000	1.341322541	1.813090000E-05	
3706.133652000	1.341316223	1.927370000E-05	
3705.651524000	1.341311812	2.052160000E-05	
3705.169396000	1.341305614	2.185160000E-05	
3704.687268000	1.341301203	2.324750000E-05	
3704.205140000	1.341295004	2.471810000E-05	
3703.723012000	1.341290474	2.628780000E-05	
3703.240884000	1.341284156	2.797470000E-05	
3702.758756000	1.341279745	2.977180000E-05	
3702.276628000	1.341273546	3.164940000E-05	
3701.794500000	1.341269255	3.357280000E-05	
3701.312372000	1.341263056	3.554010000E-05	
3700.830244000	1.341258645	3.756610000E-05	
3700.348116000	1.341252446	3.967340000E-05	
3699.865988000	1.341248035	4.186530000E-05	
3699.383860000	1.341241956	4.414200000E-05	
3698.901732000	1.341237545	4.650120000E-05	
3698.419604000	1.341231465	4.893110000E-05	
3697.937476000	1.341227174	5.145760000E-05	
3697.455348000	1.341221333	5.404820000E-05	
3696.973220000	1.341216922	5.671840000E-05	
3696.491092000	1.341210246	5.944660000E-05	
3696.008964000	1.341205955	6.227290000E-05	
3695.526836000	1.341199756	6.519820000E-05	
3695.044708000	1.341195583	6.822220000E-05	
3694.562580000	1.341189623	7.134400000E-05	
3694.080452000	1.341185451	7.455920000E-05	
3693.598324000	1.341179490	7.785150000E-05	
3693.116196000	1.341175795	8.120190000E-05	
3692.634068000	1.341169953	8.460640000E-05	
3692.151940000	1.341165662	8.807160000E-05	
3691.669812000	1.341160297	9.160220000E-05	
3691.187684000	1.341156960	9.518460000E-05	
3690.705556000	1.341151834	9.879850000E-05	
3690.223428000	1.341148019	1.024268000E-04	
3689.741300000	1.341142058	1.060554000E-04	
3689.259172000	1.341138244	1.096612000E-04	
3688.777044000	1.341133595	1.132133000E-04	
3688.294916000	1.341131330	1.166851000E-04	
3687.812788000	1.341127396	1.200766000E-04	
3687.330660000	1.341124415	1.234147000E-04	
3686.848532000	1.341118932	1.267413000E-04	
3686.366404000	1.341114759	1.300920000E-04	
3685.884277000	1.341108918	1.334957000E-04	
3685.402149000	1.341105223	1.369765000E-04	
3684.920021000	1.341099620	1.405578000E-04	
3684.437893000	1.341096163	1.442528000E-04	
3683.955765000	1.341090560	1.480609000E-04	
3683.473637000	1.341087461	1.519744000E-04	
3682.991509000	1.341081858	1.559971000E-04	
3682.509381000	1.341077685	1.601385000E-04	
3682.027253000	1.341072202	1.644091000E-04	
3681.545125000	1.341068268	1.688057000E-04	
3681.062997000	1.341062665	1.733223000E-04	
3680.580869000	1.341059089	1.779584000E-04	
3680.098741000	1.341053724	1.827250000E-04	
3679.616613000	1.341050506	1.876399000E-04	
3679.134485000	1.341045856	1.927234000E-04	
3678.652357000	1.341042638	1.979882000E-04	
3678.170229000	1.341037273	2.034334000E-04	
3677.688101000	1.341033220	2.090330000E-04	
3677.205973000	1.341027379	2.147297000E-04	
3676.723845000	1.341024160	2.204361000E-04	
3676.241717000	1.341020823	2.260465000E-04	
3675.759589000	1.341020823	2.314677000E-04	
3675.277461000	1.341019392	2.366546000E-04	
3674.795333000	1.341019273	2.416341000E-04	
3674.313205000	1.341015935	2.464958000E-04	
3673.831077000	1.341013193	2.513568000E-04	
3673.348949000	1.341008186	2.563231000E-04	
3672.866821000	1.341004610	2.614685000E-04	
3672.384693000	1.340998888	2.668253000E-04	
3671.902565000	1.340995669	2.723735000E-04	
3671.420437000	1.340992093	2.780324000E-04	
3670.938309000	1.340991974	2.836759000E-04	
3670.456181000	1.340991139	2.891786000E-04	
3669.974053000	1.340991616	2.944679000E-04	
3669.491925000	1.340988994	2.995403000E-04	
3669.009797000	1.340987563	3.044387000E-04	
3668.527669000	1.340984106	3.092200000E-04	
3668.045541000	1.340983033	3.139448000E-04	
3667.563413000	1.340979934	3.186814000E-04	
3667.081285000	1.340978146	3.234991000E-04	
3666.599157000	1.340974212	3.284420000E-04	
3666.117029000	1.340972543	3.335137000E-04	
3665.634901000	1.340969443	3.386884000E-04	
3665.152773000	1.340968370	3.439421000E-04	
3664.670645000	1.340965152	3.492642000E-04	
3664.188517000	1.340963840	3.546470000E-04	
3663.706390000	1.340960860	3.600721000E-04	
3663.224262000	1.340960026	3.655167000E-04	
3662.742134000	1.340957522	3.709690000E-04	
3662.260006000	1.340956450	3.764317000E-04	
3661.777878000	1.340953708	3.819082000E-04	
3661.295750000	1.340953112	3.873956000E-04	
3660.813622000	1.340950489	3.928954000E-04	
3660.331494000	1.340950131	3.984277000E-04	
3659.849366000	1.340947270	4.040245000E-04	
3659.367238000	1.340946913	4.097081000E-04	
3658.885110000	1.340944409	4.154762000E-04	
3658.402982000	1.340943813	4.213095000E-04	
3657.920854000	1.340941072	4.271836000E-04	
3657.438726000	1.340939999	4.330671000E-04	
3656.956598000	1.340938210	4.389119000E-04	
3656.474470000	1.340939403	4.446613000E-04	
3655.992342000	1.340939283	4.502791000E-04	
3655.510214000	1.340940714	4.557748000E-04	
3655.028086000	1.340939164	4.612008000E-04	
3654.545958000	1.340938687	4.666263000E-04	
3654.063830000	1.340936542	4.721165000E-04	
3653.581702000	1.340935826	4.777300000E-04	
3653.099574000	1.340933800	4.835164000E-04	
3652.617446000	1.340933204	4.895009000E-04	
3652.135318000	1.340931416	4.956636000E-04	
3651.653190000	1.340932012	5.019395000E-04	
3651.171062000	1.340931058	5.082425000E-04	
3650.688934000	1.340932369	5.144934000E-04	
3650.206806000	1.340932012	5.206280000E-04	
3649.724678000	1.340934038	5.265928000E-04	
3649.242550000	1.340934873	5.323465000E-04	
3648.760422000	1.340937734	5.378748000E-04	
3648.278294000	1.340937853	5.432002000E-04	
3647.796166000	1.340939164	5.483716000E-04	
3647.314038000	1.340938807	5.534429000E-04	
3646.831910000	1.340940356	5.584608000E-04	
3646.349782000	1.340940475	5.634696000E-04	
3645.867654000	1.340941906	5.685155000E-04	
3645.385526000	1.340941310	5.736386000E-04	
3644.903398000	1.340942144	5.788591000E-04	
3644.421270000	1.340941191	5.841718000E-04	
3643.939142000	1.340943098	5.895574000E-04	
3643.457014000	1.340942860	5.949957000E-04	
3642.974886000	1.340944767	6.004681000E-04	
3642.492758000	1.340945363	6.059548000E-04	
3642.010630000	1.340947151	6.114350000E-04	
3641.528503000	1.340947866	6.168933000E-04	
3641.046375000	1.340950251	6.223246000E-04	
3640.564247000	1.340950608	6.277309000E-04	
3640.082119000	1.340953112	6.331125000E-04	
3639.599991000	1.340953708	6.384645000E-04	
3639.117863000	1.340956569	6.437786000E-04	
3638.635735000	1.340957403	6.490472000E-04	
3638.153607000	1.340960622	6.542640000E-04	
3637.671479000	1.340961933	6.594241000E-04	
3637.189351000	1.340965152	6.645243000E-04	
3636.707223000	1.340966702	6.695648000E-04	
3636.225095000	1.340970039	6.745463000E-04	
3635.742967000	1.340971351	6.794659000E-04	
3635.260839000	1.340974450	6.843147000E-04	
3634.778711000	1.340976119	6.890811000E-04	
3634.296583000	1.340980172	6.937589000E-04	
3633.814455000	1.340982437	6.983565000E-04	
3633.332327000	1.340986490	7.029008000E-04	
3632.850199000	1.340988994	7.074337000E-04	
3632.368071000	1.340992570	7.119996000E-04	
3631.885943000	1.340994239	7.166272000E-04	
3631.403815000	1.340997219	7.213134000E-04	
3630.921687000	1.340998292	7.260157000E-04	
3630.439559000	1.341001987	7.306529000E-04	
3629.957431000	1.341005206	7.351179000E-04	
3629.475303000	1.341011405	7.392978000E-04	
3628.993175000	1.341017246	7.431017000E-04	
3628.511047000	1.341024160	7.464870000E-04	
3628.028919000	1.341029167	7.494723000E-04	
3627.546791000	1.341034412	7.521283000E-04	
3627.064663000	1.341036677	7.545541000E-04	
3626.582535000	1.341040850	7.568505000E-04	
3626.100407000	1.341042757	7.591005000E-04	
3625.618279000	1.341047287	7.613579000E-04	
3625.136151000	1.341049790	7.636437000E-04	
3624.654023000	1.341054678	7.659500000E-04	
3624.171895000	1.341057539	7.682549000E-04	
3623.689767000	1.341062546	7.705384000E-04	
3623.207639000	1.341065288	7.727916000E-04	
3622.725511000	1.341069818	7.750130000E-04	
3622.243383000	1.341072440	7.772001000E-04	
3621.761255000	1.341077209	7.793434000E-04	
3621.279127000	1.341079831	7.814247000E-04	
3620.796999000	1.341084361	7.834141000E-04	
3620.314871000	1.341087818	7.852686000E-04	
3619.832743000	1.341093540	7.869375000E-04	
3619.350615000	1.341097951	7.883789000E-04	
3618.868488000	1.341103673	7.895745000E-04	
3618.386360000	1.341107488	7.905328000E-04	
3617.904232000	1.341112494	7.912785000E-04	
3617.422104000	1.341115952	7.918421000E-04	
3616.939976000	1.341121197	7.922583000E-04	
3616.457848000	1.341123939	7.925694000E-04	
3615.975720000	1.341128469	7.928172000E-04	
3615.493592000	1.341131210	7.930273000E-04	
3615.011464000	1.341135740	7.931965000E-04	
3614.529336000	1.341138482	7.933012000E-04	
3614.047208000	1.341143250	7.933176000E-04	
3613.565080000	1.341146231	7.932366000E-04	
3613.082952000	1.341150284	7.930589000E-04	
3612.600824000	1.341153741	7.927839000E-04	
3612.118696000	1.341159105	7.924072000E-04	
3611.636568000	1.341162205	7.919313000E-04	
3611.154440000	1.341165781	7.913703000E-04	
3610.672312000	1.341167688	7.907382000E-04	
3610.190184000	1.341170907	7.900289000E-04	
3609.708056000	1.341173530	7.892110000E-04	
3609.225928000	1.341179252	7.882446000E-04	
3608.743800000	1.341182709	7.871061000E-04	
3608.261672000	1.341187239	7.857954000E-04	
3607.779544000	1.341189265	7.843271000E-04	
3607.297416000	1.341193199	7.827178000E-04	
3606.815288000	1.341195226	7.809883000E-04	
3606.333160000	1.341198921	7.791691000E-04	
3605.851032000	1.341200709	7.772990000E-04	
3605.368904000	1.341203928	7.754096000E-04	
3604.886776000	1.341205239	7.735152000E-04	
3604.404648000	1.341208339	7.716131000E-04	
3603.922520000	1.341209650	7.696958000E-04	
3603.440392000	1.341212749	7.677566000E-04	
3602.958264000	1.341213703	7.657885000E-04	
3602.476136000	1.341216683	7.637801000E-04	
3601.994008000	1.341217995	7.617194000E-04	
3601.511880000	1.341220856	7.595966000E-04	
3601.029752000	1.341221571	7.574055000E-04	
3600.547624000	1.341224432	7.551414000E-04	
3600.065496000	1.341225505	7.528035000E-04	
3599.583368000	1.341228127	7.503978000E-04	
3599.101240000	1.341228366	7.479375000E-04	
3598.619112000	1.341230750	7.454343000E-04	
3598.136984000	1.341230989	7.428949000E-04	
3597.654856000	1.341233253	7.403218000E-04	
3597.172728000	1.341233253	7.377206000E-04	
3596.690601000	1.341234803	7.350973000E-04	
3596.208473000	1.341234446	7.324522000E-04	
3595.726345000	1.341236472	7.297768000E-04	
3595.244217000	1.341236353	7.270627000E-04	
3594.762089000	1.341238141	7.243092000E-04	
3594.279961000	1.341237426	7.215239000E-04	
3593.797833000	1.341238379	7.187154000E-04	
3593.315705000	1.341237783	7.158926000E-04	
3592.833577000	1.341238618	7.130716000E-04	
3592.351449000	1.341237783	7.102798000E-04	
3591.869321000	1.341238141	7.075467000E-04	
3591.387193000	1.341236711	7.048919000E-04	
3590.905065000	1.341236830	7.023215000E-04	
3590.422937000	1.341235042	6.998335000E-04	
3589.940809000	1.341234684	6.974203000E-04	
3589.458681000	1.341232896	6.950616000E-04	
3588.976553000	1.341233373	6.927203000E-04	
3588.494425000	1.341232181	6.903526000E-04	
3588.012297000	1.341232777	6.879275000E-04	
3587.530169000	1.341231227	6.854355000E-04	
3587.048041000	1.341231227	6.828817000E-04	
3586.565913000	1.341229320	6.802766000E-04	
3586.083785000	1.341229558	6.776373000E-04	
3585.601657000	1.341227293	6.749949000E-04	
3585.119529000	1.341226578	6.723911000E-04	
3584.637401000	1.341223359	6.698632000E-04	
3584.155273000	1.341222286	6.674321000E-04	
3583.673145000	1.341219187	6.651052000E-04	
3583.191017000	1.341218352	6.628868000E-04	
3582.708889000	1.341215014	6.607818000E-04	
3582.226761000	1.341213822	6.587901000E-04	
3581.744633000	1.341210485	6.569052000E-04	
3581.262505000	1.341208816	6.551137000E-04	
3580.780377000	1.341205359	6.533983000E-04	
3580.298249000	1.341203928	6.517352000E-04	
3579.816121000	1.341200590	6.501383000E-04	
3579.333993000	1.341199040	6.485600000E-04	
3578.851865000	1.341195703	6.470180000E-04	
3578.369737000	1.341193795	6.455500000E-04	
3577.887609000	1.341190100	6.442387000E-04	
3577.405481000	1.341188192	6.430596000E-04	
3576.923353000	1.341184497	6.419258000E-04	
3576.441225000	1.341182470	6.408297000E-04	
3575.959097000	1.341178536	6.398512000E-04	
3575.476969000	1.341176391	6.390636000E-04	
3574.994841000	1.341172218	6.384367000E-04	
3574.512714000	1.341170073	6.379066000E-04	
3574.030586000	1.341166258	6.374500000E-04	
3573.548458000	1.341164112	6.371060000E-04	
3573.066330000	1.341159940	6.368747000E-04	
3572.584202000	1.341158032	6.367167000E-04	
3572.102074000	1.341153860	6.365871000E-04	
3571.619946000	1.341151953	6.365090000E-04	
3571.137818000	1.341147661	6.365133000E-04	
3570.655690000	1.341145635	6.366245000E-04	
3570.173562000	1.341141343	6.368585000E-04	
3569.691434000	1.341139197	6.372964000E-04	
3569.209306000	1.341134787	6.379996000E-04	
3568.727178000	1.341132879	6.389357000E-04	
3568.245050000	1.341129184	6.399240000E-04	
3567.762922000	1.341127634	6.408091000E-04	
3567.280794000	1.341124296	6.415489000E-04	
3566.798666000	1.341122866	6.422264000E-04	
3566.316538000	1.341119409	6.428672000E-04	
3565.834410000	1.341117859	6.434399000E-04	
3565.352282000	1.341114402	6.439152000E-04	
3564.870154000	1.341112494	6.444144000E-04	
3564.388026000	1.341108561	6.450937000E-04	
3563.905898000	1.341106296	6.460445000E-04	
3563.423770000	1.341102481	6.471912000E-04	
3562.941642000	1.341100574	6.484520000E-04	
3562.459514000	1.341096878	6.497839000E-04	
3561.977386000	1.341094971	6.512197000E-04	
3561.495258000	1.341091633	6.527201000E-04	
3561.013130000	1.341090083	6.542295000E-04	
3560.531002000	1.341086626	6.556973000E-04	
3560.048874000	1.341085076	6.571855000E-04	
3559.566746000	1.341081738	6.587538000E-04	
3559.084618000	1.341079831	6.604093000E-04	
3558.602490000	1.341076732	6.621946000E-04	
3558.120362000	1.341075420	6.639834000E-04	
3557.638234000	1.341071963	6.658486000E-04	
3557.156106000	1.341070771	6.677682000E-04	
3556.673978000	1.341067433	6.697670000E-04	
3556.191850000	1.341066360	6.717768000E-04	
3555.709722000	1.341063261	6.738824000E-04	
3555.227594000	1.341061950	6.760763000E-04	
3554.745466000	1.341059089	6.783878000E-04	
3554.263338000	1.341058373	6.807185000E-04	
3553.781210000	1.341055512	6.831024000E-04	
3553.299082000	1.341054678	6.855225000E-04	
3552.816954000	1.341052294	6.879992000E-04	
3552.334827000	1.341052055	6.903922000E-04	
3551.852699000	1.341049790	6.926728000E-04	
3551.370571000	1.341049314	6.948623000E-04	
3550.888443000	1.341047168	6.971374000E-04	
3550.406315000	1.341046691	6.995013000E-04	
3549.924187000	1.341044664	7.019007000E-04	
3549.442059000	1.341044426	7.042178000E-04	
3548.959931000	1.341042399	7.065509000E-04	
3548.477803000	1.341042161	7.090081000E-04	
3547.995675000	1.341039896	7.116644000E-04	
3547.513547000	1.341040134	7.143553000E-04	
3547.031419000	1.341038704	7.169626000E-04	
3546.549291000	1.341039181	7.194303000E-04	
3546.067163000	1.341037512	7.218895000E-04	
3545.585035000	1.341037989	7.243928000E-04	
3545.102907000	1.341036797	7.269403000E-04	
3544.620779000	1.341037631	7.294259000E-04	
3544.138651000	1.341036439	7.318233000E-04	
3543.656523000	1.341037512	7.341222000E-04	
3543.174395000	1.341036320	7.363908000E-04	
3542.692267000	1.341037512	7.386463000E-04	
3542.210139000	1.341036558	7.409269000E-04	
3541.728011000	1.341037512	7.432002000E-04	
3541.245883000	1.341037273	7.454351000E-04	
3540.763755000	1.341038346	7.475733000E-04	
3540.281627000	1.341037869	7.496262000E-04	
3539.799499000	1.341039658	7.516099000E-04	
3539.317371000	1.341039300	7.535361000E-04	
3538.835243000	1.341040730	7.553672000E-04	
3538.353115000	1.341040611	7.571035000E-04	
3537.870987000	1.341042161	7.588118000E-04	
3537.388859000	1.341042042	7.605858000E-04	
3536.906731000	1.341043711	7.624094000E-04	
3536.424603000	1.341044068	7.641359000E-04	
3535.942475000	1.341046333	7.656072000E-04	
3535.460347000	1.341046810	7.667810000E-04	
3534.978219000	1.341048956	7.677535000E-04	
3534.496091000	1.341049433	7.686178000E-04	
3534.013963000	1.341051579	7.694136000E-04	
3533.531835000	1.341051579	7.701135000E-04	
3533.049707000	1.341053724	7.707352000E-04	
3532.567579000	1.341053963	7.712918000E-04	
3532.085451000	1.341056108	7.718015000E-04	
3531.603323000	1.341056108	7.722170000E-04	
3531.121195000	1.341058254	7.725412000E-04	
3530.639067000	1.341058135	7.727946000E-04	
3530.156939000	1.341060281	7.730527000E-04	
3529.674812000	1.341060162	7.732958000E-04	
3529.192684000	1.341062546	7.734841000E-04	
3528.710556000	1.341062546	7.735133000E-04	
3528.228428000	1.341065049	7.733725000E-04	
3527.746300000	1.341065049	7.730504000E-04	
3527.264172000	1.341067195	7.726272000E-04	
3526.782044000	1.341067195	7.721204000E-04	
3526.299916000	1.341068864	7.715966000E-04	
3525.817788000	1.341068745	7.710269000E-04	
3525.335660000	1.341070771	7.704309000E-04	
3524.853532000	1.341070533	7.697598000E-04	
3524.371404000	1.341072202	7.690520000E-04	
3523.889276000	1.341072202	7.682644000E-04	
3523.407148000	1.341073751	7.674036000E-04	
3522.925020000	1.341073751	7.663787000E-04	
3522.442892000	1.341075301	7.652214000E-04	
3521.960764000	1.341075063	7.639350000E-04	
3521.478636000	1.341076374	7.626296000E-04	
3520.996508000	1.341076016	7.612810000E-04	
3520.514380000	1.341077328	7.599062000E-04	
3520.032252000	1.341076374	7.584349000E-04	
3519.550124000	1.341077566	7.569362000E-04	
3519.067996000	1.341076851	7.554052000E-04	
3518.585868000	1.341077924	7.538946000E-04	
3518.103740000	1.341076851	7.523058000E-04	
3517.621612000	1.341077924	7.506410000E-04	
3517.139484000	1.341076732	7.488625000E-04	
3516.657356000	1.341077685	7.470730000E-04	
3516.175228000	1.341076136	7.452639000E-04	
3515.693100000	1.341076970	7.434746000E-04	
3515.210972000	1.341075301	7.416128000E-04	
3514.728844000	1.341076016	7.397067000E-04	
3514.246716000	1.341074228	7.377244000E-04	
3513.764588000	1.341074705	7.357597000E-04	
3513.282460000	1.341072917	7.337900000E-04	
3512.800332000	1.341072798	7.318613000E-04	
3512.318204000	1.341070890	7.298932000E-04	
3511.836076000	1.341071010	7.279256000E-04	
3511.353948000	1.341068864	7.259369000E-04	
3510.871820000	1.341068506	7.240205000E-04	
3510.389692000	1.341066480	7.221225000E-04	
3509.907564000	1.341066122	7.202310000E-04	
3509.425436000	1.341064095	7.182161000E-04	
3508.943308000	1.341063619	7.161190000E-04	
3508.461180000	1.341061234	7.139644000E-04	
3507.979052000	1.341060519	7.119094000E-04	
3507.496925000	1.341057897	7.099404000E-04	
3507.014797000	1.341057062	7.080599000E-04	
3506.532669000	1.341054559	7.061295000E-04	
3506.050541000	1.341053843	7.041420000E-04	
3505.568413000	1.341050863	7.020528000E-04	
3505.086285000	1.341050029	6.999692000E-04	
3504.604157000	1.341046810	6.979281000E-04	
3504.122029000	1.341045618	6.960426000E-04	
3503.639901000	1.341042638	6.942599000E-04	
3503.157773000	1.341041684	6.925261000E-04	
3502.675645000	1.341038585	6.906688000E-04	
3502.193517000	1.341037631	6.886783000E-04	
3501.711389000	1.341034412	6.865782000E-04	
3501.229261000	1.341033220	6.845272000E-04	
3500.747133000	1.341029763	6.825393000E-04	
3500.265005000	1.341028214	6.806037000E-04	
3499.782877000	1.341024876	6.786051000E-04	
3499.300749000	1.341023684	6.765629000E-04	
3498.818621000	1.341020107	6.744905000E-04	
3498.336493000	1.341018319	6.724712000E-04	
3497.854365000	1.341014862	6.704661000E-04	
3497.372237000	1.341013432	6.684479000E-04	
3496.890109000	1.341009974	6.663193000E-04	
3496.407981000	1.341008306	6.640549000E-04	
3495.925853000	1.341004848	6.616105000E-04	
3495.443725000	1.341002941	6.590410000E-04	
3494.961597000	1.340999126	6.563920000E-04	
3494.479469000	1.340996861	6.537520000E-04	
3493.997341000	1.340992689	6.511118000E-04	
3493.515213000	1.340990424	6.484402000E-04	
3493.033085000	1.340985775	6.456688000E-04	
3492.550957000	1.340983152	6.428214000E-04	
3492.068829000	1.340978503	6.399355000E-04	
3491.586701000	1.340975523	6.370586000E-04	
3491.104573000	1.340970278	6.341630000E-04	
3490.622445000	1.340967059	6.312223000E-04	
3490.140317000	1.340961933	6.282231000E-04	
3489.658189000	1.340957761	6.252016000E-04	
3489.176061000	1.340952158	6.221862000E-04	
3488.693933000	1.340947986	6.191974000E-04	
3488.211805000	1.340941548	6.162614000E-04	
3487.729677000	1.340936661	6.134217000E-04	
3487.247549000	1.340930223	6.107059000E-04	
3486.765421000	1.340924859	6.080908000E-04	
3486.283293000	1.340917706	6.055310000E-04	
3485.801165000	1.340912461	6.030090000E-04	
3485.319038000	1.340904713	6.005904000E-04	
3484.836910000	1.340898633	5.983570000E-04	
3484.354782000	1.340890408	5.963572000E-04	
3483.872654000	1.340884209	5.945577000E-04	
3483.390526000	1.340875864	5.929121000E-04	
3482.908398000	1.340869188	5.913800000E-04	
3482.426270000	1.340860605	5.899724000E-04	
3481.944142000	1.340853572	5.886947000E-04	
3481.462014000	1.340844512	5.875848000E-04	
3480.979886000	1.340837121	5.866751000E-04	
3480.497758000	1.340827703	5.860286000E-04	
3480.015630000	1.340819836	5.856544000E-04	
3479.533502000	1.340810180	5.855460000E-04	
3479.051374000	1.340802431	5.856406000E-04	
3478.569246000	1.340792298	5.859427000E-04	
3478.087118000	1.340784192	5.864581000E-04	
3477.604990000	1.340774059	5.872409000E-04	
3477.122862000	1.340765715	5.882793000E-04	
3476.640734000	1.340755224	5.895751000E-04	
3476.158606000	1.340746880	5.911018000E-04	
3475.676478000	1.340736032	5.929018000E-04	
3475.194350000	1.340727568	5.949745000E-04	
3474.712222000	1.340716720	5.973290000E-04	
3474.230094000	1.340708017	5.999099000E-04	
3473.747966000	1.340697050	6.027465000E-04	
3473.265838000	1.340688109	6.058834000E-04	
3472.783710000	1.340676904	6.094320000E-04	
3472.301582000	1.340667486	6.134022000E-04	
3471.819454000	1.340656757	6.177722000E-04	
3471.337326000	1.340647459	6.224487000E-04	
3470.855198000	1.340636492	6.274314000E-04	
3470.373070000	1.340627313	6.327419000E-04	
3469.890942000	1.340616107	6.384741000E-04	
3469.408814000	1.340607285	6.446429000E-04	
3468.926686000	1.340596318	6.512715000E-04	
3468.444558000	1.340587258	6.583187000E-04	
3467.962430000	1.340576649	6.658085000E-04	
3467.480302000	1.340568066	6.737228000E-04	
3466.998174000	1.340557814	6.821019000E-04	
3466.516046000	1.340549707	6.909277000E-04	
3466.033918000	1.340539575	7.002315000E-04	
3465.551790000	1.340532064	7.099875000E-04	
3465.069662000	1.340523005	7.202053000E-04	
3464.587534000	1.340516210	7.308539000E-04	
3464.105406000	1.340507507	7.419769000E-04	
3463.623278000	1.340501547	7.535742000E-04	
3463.141151000	1.340494394	7.656650000E-04	
3462.659023000	1.340489745	7.781538000E-04	
3462.176895000	1.340483665	7.909710000E-04	
3461.694767000	1.340480685	8.040094000E-04	
3461.212639000	1.340476155	8.172558000E-04	
3460.730511000	1.340474963	8.306379000E-04	
3460.248383000	1.340472341	8.440921000E-04	
3459.766255000	1.340473056	8.574504000E-04	
3459.284127000	1.340472698	8.705836000E-04	
3458.801999000	1.340475082	8.833157000E-04	
3458.319871000	1.340477347	8.955226000E-04	
3457.837743000	1.340481758	9.070081000E-04	
3457.355615000	1.340485334	9.176221000E-04	
3456.873487000	1.340492249	9.271840000E-04	
3456.391359000	1.340496659	9.355934000E-04	
3455.909231000	1.340504646	9.427160000E-04	
3455.427103000	1.340510488	9.484922000E-04	
3454.944975000	1.340518355	9.528378000E-04	
3454.462847000	1.340524316	9.557765000E-04	
3453.980719000	1.340531588	9.573190000E-04	
3453.498591000	1.340536833	9.575532000E-04	
3453.016463000	1.340542912	9.565239000E-04	
3452.534335000	1.340546489	9.543418000E-04	
3452.052207000	1.340551019	9.510953000E-04	
3451.570079000	1.340551972	9.469498000E-04	
3451.087951000	1.340553880	9.420687000E-04	
3450.605823000	1.340552688	9.366964000E-04	
3450.123695000	1.340551853	9.310460000E-04	
3449.641567000	1.340547323	9.253418000E-04	
3449.159439000	1.340544105	9.196935000E-04	
3448.677311000	1.340537190	9.142019000E-04	
3448.195183000	1.340531349	9.089097000E-04	
3447.713055000	1.340522766	9.039136000E-04	
3447.230927000	1.340514302	8.992787000E-04	
3446.748799000	1.340503097	8.951073000E-04	
3446.266671000	1.340493083	8.914538000E-04	
3445.784543000	1.340479612	8.884149000E-04	
3445.302415000	1.340467691	8.860590000E-04	
3444.820287000	1.340452313	8.844947000E-04	
3444.338159000	1.340438604	8.837742000E-04	
3443.856031000	1.340421796	8.839574000E-04	
3443.373903000	1.340406299	8.850450000E-04	
3442.891775000	1.340388417	8.870460000E-04	
3442.409647000	1.340371847	8.899428000E-04	
3441.927519000	1.340352654	8.937760000E-04	
3441.445391000	1.340335369	8.986047000E-04	
3440.963263000	1.340314507	9.045302000E-04	
3440.481136000	1.340296507	9.115962000E-04	
3439.999008000	1.340274930	9.198112000E-04	
3439.516880000	1.340256453	9.291353000E-04	
3439.034752000	1.340234518	9.395645000E-04	
3438.552624000	1.340214968	9.510893000E-04	
3438.070496000	1.340193272	9.637300000E-04	
3437.588368000	1.340173125	9.774892000E-04	
3437.106240000	1.340151191	9.924176000E-04	
3436.624112000	1.340130210	1.008595900E-03	
3436.141984000	1.340108037	1.026120200E-03	
3435.659856000	1.340087652	1.045033200E-03	
3435.177728000	1.340064883	1.065338700E-03	
3434.695600000	1.340044856	1.087011500E-03	
3434.213472000	1.340022326	1.110035800E-03	
3433.731344000	1.340002775	1.134404800E-03	
3433.249216000	1.339980721	1.160131700E-03	
3432.767088000	1.339961529	1.187269100E-03	
3432.284960000	1.339939952	1.215900600E-03	
3431.802832000	1.339921236	1.246097400E-03	
3431.320704000	1.339900374	1.277864400E-03	
3430.838576000	1.339882612	1.311198000E-03	
3430.356448000	1.339862704	1.346156800E-03	
3429.874320000	1.339845061	1.382919600E-03	
3429.392192000	1.339826345	1.421649100E-03	
3428.910064000	1.339810014	1.462420100E-03	
3428.427936000	1.339792728	1.505190600E-03	
3427.945808000	1.339779139	1.549979900E-03	
3427.463680000	1.339762688	1.596905300E-03	
3426.981552000	1.339751124	1.646165000E-03	
3426.499424000	1.339738131	1.697865100E-03	
3426.017296000	1.339728713	1.752071500E-03	
3425.535168000	1.339717984	1.808841500E-03	
3425.053040000	1.339713335	1.868360400E-03	
3424.570912000	1.339706779	1.930780900E-03	
3424.088784000	1.339705706	1.996187500E-03	
3423.606656000	1.339706182	2.064493000E-03	
3423.124528000	1.339711666	2.135643700E-03	
3422.642400000	1.339718342	2.209581000E-03	
3422.160272000	1.339731932	2.286290300E-03	
3421.678144000	1.339749217	2.365606800E-03	
3421.196016000	1.339771390	2.447306600E-03	
3420.713888000	1.339800119	2.531214400E-03	
3420.231760000	1.339836359	2.616599400E-03	
3419.749632000	1.339877486	2.703111900E-03	
3419.267504000	1.339927197	2.790098500E-03	
3418.785376000	1.339985967	2.876676900E-03	
3418.303249000	1.340052128	2.961917100E-03	
3417.821121000	1.340126157	3.044768000E-03	
3417.338993000	1.340211630	3.124214900E-03	
3416.856865000	1.340302587	3.199126300E-03	
3416.374737000	1.340405345	3.268344100E-03	
3415.892609000	1.340513349	3.330538700E-03	
3415.410481000	1.340630174	3.384429500E-03	
3414.928353000	1.340752721	3.428812100E-03	
3414.446225000	1.340880990	3.462821700E-03	
3413.964097000	1.341012597	3.485779000E-03	
3413.481969000	1.341147184	3.497236600E-03	
3412.999841000	1.341282248	3.496813800E-03	
3412.517713000	1.341417432	3.484458400E-03	
3412.035585000	1.341549754	3.460407500E-03	
3411.553457000	1.341679215	3.425291500E-03	
3411.071329000	1.341803074	3.379854400E-03	
3410.589201000	1.341922402	3.324998800E-03	
3410.107073000	1.342032075	3.261651600E-03	
3409.624945000	1.342137098	3.190952400E-03	
3409.142817000	1.342232585	3.114082200E-03	
3408.660689000	1.342321038	3.032325800E-03	
3408.178561000	1.342398286	2.946825700E-03	
3407.696433000	1.342469931	2.858678600E-03	
3407.214305000	1.342532635	2.768751000E-03	
3406.732177000	1.342586756	2.677867900E-03	
3406.250049000	1.342634797	2.586701400E-03	
3405.767921000	1.342674494	2.495967300E-03	
3405.285793000	1.342708826	2.406048100E-03	
3404.803665000	1.342736244	2.317772500E-03	
3404.321537000	1.342757344	2.231241200E-03	
3403.839409000	1.342775941	2.146702700E-03	
3403.357281000	1.342786908	2.064298100E-03	
3402.875153000	1.342796564	1.984257300E-03	
3402.393025000	1.342799664	1.906686600E-03	
3401.910897000	1.342800975	1.831731500E-03	
3401.428769000	1.342797756	1.759383200E-03	
3400.946641000	1.342793107	1.689690000E-03	
3400.464513000	1.342784643	1.622574600E-03	
3399.982385000	1.342775345	1.558046700E-03	
3399.500257000	1.342762470	1.496024900E-03	
3399.018129000	1.342749357	1.436544000E-03	
3398.536001000	1.342733026	1.379539700E-03	
3398.053873000	1.342716932	1.325019100E-03	
3397.571745000	1.342698097	1.272839600E-03	
3397.089617000	1.342679739	1.222942300E-03	
3396.607489000	1.342659116	1.175159600E-03	
3396.125362000	1.342639327	1.129460800E-03	
3395.643234000	1.342616558	1.085734100E-03	
3395.161106000	1.342595577	1.044005000E-03	
3394.678978000	1.342572451	1.004187000E-03	
3394.196850000	1.342550039	9.662724000E-04	
3393.714722000	1.342526317	9.301035000E-04	
3393.232594000	1.342504144	8.955937000E-04	
3392.750466000	1.342479706	8.625512000E-04	
3392.268338000	1.342457533	8.309251000E-04	
3391.786210000	1.342432857	8.006094000E-04	
3391.304082000	1.342410564	7.716503000E-04	
3390.821954000	1.342385888	7.440032000E-04	
3390.339826000	1.342363238	7.177113000E-04	
3389.857698000	1.342338800	6.926570000E-04	
3389.375570000	1.342316747	6.687798000E-04	
3388.893442000	1.342292666	6.459099000E-04	
3388.411314000	1.342270851	6.240107000E-04	
3387.929186000	1.342247128	6.030026000E-04	
3387.447058000	1.342225790	5.829129000E-04	
3386.964930000	1.342202425	5.636687000E-04	
3386.482802000	1.342181325	5.452678000E-04	
3386.000674000	1.342158437	5.276216000E-04	
3385.518546000	1.342137694	5.107374000E-04	
3385.036418000	1.342115164	4.945527000E-04	
3384.554290000	1.342094779	4.790947000E-04	
3384.072162000	1.342072725	4.643258000E-04	
3383.590034000	1.342052817	4.502744000E-04	
3383.107906000	1.342031002	4.368684000E-04	
3382.625778000	1.342011690	4.240749000E-04	
3382.143650000	1.341990590	4.117944000E-04	
3381.661522000	1.341971874	4.000232000E-04	
3381.179394000	1.341951013	3.887318000E-04	
3380.697266000	1.341932654	3.779450000E-04	
3380.215138000	1.341912627	3.676190000E-04	
3379.733010000	1.341894388	3.577597000E-04	
3379.250882000	1.341874719	3.483443000E-04	
3378.768754000	1.341857195	3.394036000E-04	
3378.286626000	1.341837883	3.308934000E-04	
3377.804498000	1.341820717	3.227763000E-04	
3377.322370000	1.341802120	3.149859000E-04	
3376.840242000	1.341785431	3.075353000E-04	
3376.358114000	1.341767073	3.004294000E-04	
3375.875986000	1.341750979	2.936847000E-04	
3375.393858000	1.341732979	2.872604000E-04	
3374.911730000	1.341717243	2.811411000E-04	
3374.429602000	1.341699719	2.753214000E-04	
3373.947475000	1.341684580	2.698182000E-04	
3373.465347000	1.341667414	2.646089000E-04	
3372.983219000	1.341652632	2.596453000E-04	
3372.501091000	1.341635942	2.548960000E-04	
3372.018963000	1.341621518	2.503758000E-04	
3371.536835000	1.341605186	2.461222000E-04	
3371.054707000	1.341591120	2.421326000E-04	
3370.572579000	1.341575265	2.383726000E-04	
3370.090451000	1.341561675	2.348000000E-04	
3369.608323000	1.341546059	2.314393000E-04	
3369.126195000	1.341532826	2.283147000E-04	
3368.644067000	1.341517568	2.254471000E-04	
3368.161939000	1.341504693	2.227841000E-04	
3367.679811000	1.341490149	2.202943000E-04	
3367.197683000	1.341477513	2.179505000E-04	
3366.715555000	1.341463208	2.157957000E-04	
3366.233427000	1.341451168	2.138297000E-04	
3365.751299000	1.341437221	2.120580000E-04	
3365.269171000	1.341425657	2.104179000E-04	
3364.787043000	1.341412067	2.089051000E-04	
3364.304915000	1.341400981	2.074925000E-04	
3363.822787000	1.341387749	2.062218000E-04	
3363.340659000	1.341377020	2.050722000E-04	
3362.858531000	1.341364264	2.040647000E-04	
3362.376403000	1.341353893	2.031378000E-04	
3361.894275000	1.341341615	2.022903000E-04	
3361.412147000	1.341331720	2.014546000E-04	
3360.930019000	1.341319799	2.006486000E-04	
3360.447891000	1.341310143	1.998443000E-04	
3359.965763000	1.341298461	1.991208000E-04	
3359.483635000	1.341289282	1.984780000E-04	
3359.001507000	1.341277719	1.979587000E-04	
3358.519379000	1.341268897	1.974726000E-04	
3358.037251000	1.341257811	1.969974000E-04	
3357.555123000	1.341249466	1.964444000E-04	
3357.072995000	1.341238737	1.958613000E-04	
3356.590867000	1.341230512	1.952134000E-04	
3356.108739000	1.341219902	1.945659000E-04	
3355.626611000	1.341211677	1.938851000E-04	
3355.144483000	1.341201305	1.932527000E-04	
3354.662355000	1.341193199	1.926376000E-04	
3354.180227000	1.341182947	1.920764000E-04	
3353.698099000	1.341174960	1.914705000E-04	
3353.215971000	1.341164947	1.908509000E-04	
3352.733843000	1.341156840	1.902114000E-04	
3352.251715000	1.341146827	1.896981000E-04	
3351.769587000	1.341138840	1.893032000E-04	
3351.287460000	1.341128826	1.890331000E-04	
3350.805332000	1.341121078	1.887584000E-04	
3350.323204000	1.341111183	1.885080000E-04	
3349.841076000	1.341103554	1.882768000E-04	
3349.358948000	1.341093779	1.881686000E-04	
3348.876820000	1.341086149	1.881375000E-04	
3348.394692000	1.341076374	1.882141000E-04	
3347.912564000	1.341068983	1.883584000E-04	
3347.430436000	1.341059446	1.886539000E-04	
3346.948308000	1.341052175	1.890511000E-04	
3346.466180000	1.341042876	1.895355000E-04	
3345.984052000	1.341036081	1.899992000E-04	
3345.501924000	1.341026783	1.904872000E-04	
3345.019796000	1.341020107	1.910153000E-04	
3344.537668000	1.341011047	1.916721000E-04	
3344.055540000	1.341004610	1.924046000E-04	
3343.573412000	1.340995789	1.932132000E-04	
3343.091284000	1.340989590	1.940497000E-04	
3342.609156000	1.340981126	1.949642000E-04	
3342.127028000	1.340975165	1.959034000E-04	
3341.644900000	1.340967059	1.968479000E-04	
3341.162772000	1.340961456	1.977280000E-04	
3340.680644000	1.340953588	1.986077000E-04	
3340.198516000	1.340948105	1.995236000E-04	
3339.716388000	1.340940595	2.005150000E-04	
3339.234260000	1.340935588	2.014750000E-04	
3338.752132000	1.340928555	2.023145000E-04	
3338.270004000	1.340924025	2.029542000E-04	
3337.787876000	1.340917110	2.034443000E-04	
3337.305748000	1.340912700	2.038287000E-04	
3336.823620000	1.340905905	2.041537000E-04	
3336.341492000	1.340901613	2.043788000E-04	
3335.859364000	1.340895176	2.044626000E-04	
3335.377236000	1.340891004	2.043486000E-04	
3334.895108000	1.340884686	2.040386000E-04	
3334.412980000	1.340880394	2.035575000E-04	
3333.930852000	1.340873837	2.029705000E-04	
3333.448724000	1.340869546	2.023237000E-04	
3332.966596000	1.340862870	2.016344000E-04	
3332.484468000	1.340858340	2.008840000E-04	
3332.002340000	1.340851665	2.000526000E-04	
3331.520212000	1.340847135	1.991511000E-04	
3331.038084000	1.340840220	1.982152000E-04	
3330.555956000	1.340835452	1.972902000E-04	
3330.073828000	1.340828538	1.963815000E-04	
3329.591700000	1.340823650	1.954819000E-04	
3329.109573000	1.340816736	1.945497000E-04	
3328.627445000	1.340811849	1.935849000E-04	
3328.145317000	1.340804696	1.925903000E-04	
3327.663189000	1.340799809	1.916233000E-04	
3327.181061000	1.340792418	1.907060000E-04	
3326.698933000	1.340787411	1.898495000E-04	
3326.216805000	1.340780258	1.889940000E-04	
3325.734677000	1.340775132	1.881156000E-04	
3325.252549000	1.340767980	1.871909000E-04	
3324.770421000	1.340762854	1.862888000E-04	
3324.288293000	1.340755463	1.854353000E-04	
3323.806165000	1.340750337	1.846698000E-04	
3323.324037000	1.340742946	1.839386000E-04	
3322.841909000	1.340737820	1.832242000E-04	
3322.359781000	1.340730548	1.824673000E-04	
3321.877653000	1.340725422	1.816865000E-04	
3321.395525000	1.340718269	1.808519000E-04	
3320.913397000	1.340713143	1.800080000E-04	
3320.431269000	1.340705633	1.791468000E-04	
3319.949141000	1.340700507	1.783172000E-04	
3319.467013000	1.340693116	1.774959000E-04	
3318.984885000	1.340687752	1.767223000E-04	
3318.502757000	1.340680361	1.759596000E-04	
3318.020629000	1.340675116	1.752326000E-04	
3317.538501000	1.340667605	1.744692000E-04	
3317.056373000	1.340662360	1.736702000E-04	
3316.574245000	1.340654850	1.727961000E-04	
3316.092117000	1.340649486	1.719389000E-04	
3315.609989000	1.340641737	1.711273000E-04	
3315.127861000	1.340636134	1.704380000E-04	
3314.645733000	1.340628505	1.697952000E-04	
3314.163605000	1.340623021	1.691806000E-04	
3313.681477000	1.340615273	1.685159000E-04	
3313.199349000	1.340609670	1.678682000E-04	
3312.717221000	1.340601921	1.672365000E-04	
3312.235093000	1.340596318	1.666953000E-04	
3311.752965000	1.340588331	1.661924000E-04	
3311.270837000	1.340582728	1.657503000E-04	
3310.788709000	1.340574861	1.653025000E-04	
3310.306581000	1.340569258	1.648843000E-04	
3309.824453000	1.340561271	1.644427000E-04	
3309.342325000	1.340555668	1.640317000E-04	
3308.860197000	1.340547681	1.636198000E-04	
3308.378069000	1.340541959	1.632778000E-04	
3307.895941000	1.340533972	1.629717000E-04	
3307.413813000	1.340528131	1.627332000E-04	
3306.931686000	1.340520024	1.624886000E-04	
3306.449558000	1.340514302	1.622696000E-04	
3305.967430000	1.340506196	1.620411000E-04	
3305.485302000	1.340500236	1.618921000E-04	
3305.003174000	1.340491891	1.618161000E-04	
3304.521046000	1.340485930	1.618840000E-04	
3304.038918000	1.340477586	1.620426000E-04	
3303.556790000	1.340471745	1.623076000E-04	
3303.074662000	1.340463638	1.625920000E-04	
3302.592534000	1.340457797	1.628917000E-04	
3302.110406000	1.340449691	1.631314000E-04	
3301.628278000	1.340443969	1.633590000E-04	
3301.146150000	1.340435624	1.635859000E-04	
3300.664022000	1.340429544	1.639340000E-04	
3300.181894000	1.340421319	1.644182000E-04	
3299.699766000	1.340415239	1.650709000E-04	
3299.217638000	1.340407014	1.657874000E-04	
3298.735510000	1.340401173	1.665325000E-04	
3298.253382000	1.340393186	1.672358000E-04	
3297.771254000	1.340387344	1.679632000E-04	
3297.289126000	1.340379119	1.687503000E-04	
3296.806998000	1.340373278	1.696930000E-04	
3296.324870000	1.340365052	1.707721000E-04	
3295.842742000	1.340359330	1.719572000E-04	
3295.360614000	1.340351462	1.731329000E-04	
3294.878486000	1.340345979	1.742820000E-04	
3294.396358000	1.340338111	1.754041000E-04	
3293.914230000	1.340332508	1.765997000E-04	
3293.432102000	1.340324759	1.778901000E-04	
3292.949974000	1.340319395	1.792852000E-04	
3292.467846000	1.340311766	1.807034000E-04	
3291.985718000	1.340306520	1.821177000E-04	
3291.503590000	1.340299129	1.834830000E-04	
3291.021462000	1.340294242	1.848127000E-04	
3290.539334000	1.340286851	1.860857000E-04	
3290.057206000	1.340281963	1.873366000E-04	
3289.575078000	1.340274572	1.885863000E-04	
3289.092950000	1.340269685	1.898770000E-04	
3288.610822000	1.340262294	1.911911000E-04	
3288.128694000	1.340257645	1.924991000E-04	
3287.646566000	1.340250492	1.937646000E-04	
3287.164438000	1.340245724	1.950058000E-04	
3286.682310000	1.340238690	1.962379000E-04	
3286.200182000	1.340234041	1.974757000E-04	
3285.718054000	1.340227127	1.986859000E-04	
3285.235926000	1.340222597	1.998436000E-04	
3284.753799000	1.340215802	2.009352000E-04	
3284.271671000	1.340211272	2.019626000E-04	
3283.789543000	1.340204358	2.029274000E-04	
3283.307415000	1.340199947	2.038375000E-04	
3282.825287000	1.340193033	2.047134000E-04	
3282.343159000	1.340188384	2.055881000E-04	
3281.861031000	1.340181470	2.064856000E-04	
3281.378903000	1.340176940	2.073978000E-04	
3280.896775000	1.340170026	2.082972000E-04	
3280.414647000	1.340165615	2.091489000E-04	
3279.932519000	1.340158701	2.099259000E-04	
3279.450391000	1.340154171	2.106266000E-04	
3278.968263000	1.340147257	2.112800000E-04	
3278.486135000	1.340142727	2.119330000E-04	
3278.004007000	1.340135694	2.126168000E-04	
3277.521879000	1.340131044	2.133120000E-04	
3277.039751000	1.340124130	2.139736000E-04	
3276.557623000	1.340119362	2.145630000E-04	
3276.075495000	1.340112448	2.151089000E-04	
3275.593367000	1.340107560	2.156637000E-04	
3275.111239000	1.340100408	2.162776000E-04	
3274.629111000	1.340095520	2.169481000E-04	
3274.146983000	1.340088487	2.176485000E-04	
3273.664855000	1.340083718	2.183308000E-04	
3273.182727000	1.340076447	2.189663000E-04	
3272.700599000	1.340071917	2.195298000E-04	
3272.218471000	1.340064645	2.200419000E-04	
3271.736343000	1.340059876	2.205376000E-04	
3271.254215000	1.340052485	2.210597000E-04	
3270.772087000	1.340047598	2.215971000E-04	
3270.289959000	1.340040326	2.221252000E-04	
3269.807831000	1.340035319	2.226169000E-04	
3269.325703000	1.340027928	2.231022000E-04	
3268.843575000	1.340022802	2.236093000E-04	
3268.361447000	1.340015292	2.242078000E-04	
3267.879319000	1.340010166	2.247878000E-04	
3267.397191000	1.340002656	2.253915000E-04	
3266.915063000	1.339997411	2.260036000E-04	
3266.432935000	1.339989901	2.266187000E-04	
3265.950807000	1.339984775	2.272332000E-04	
3265.468679000	1.339977145	2.278483000E-04	
3264.986551000	1.339972019	2.284677000E-04	
3264.504423000	1.339964151	2.290949000E-04	
3264.022295000	1.339959025	2.297304000E-04	
3263.540167000	1.339951277	2.303737000E-04	
3263.058039000	1.339945912	2.310235000E-04	
3262.575911000	1.339938164	2.316806000E-04	
3262.093784000	1.339932680	2.323468000E-04	
3261.611656000	1.339924932	2.330260000E-04	
3261.129528000	1.339919448	2.337232000E-04	
3260.647400000	1.339911580	2.344464000E-04	
3260.165272000	1.339905977	2.352032000E-04	
3259.683144000	1.339897871	2.359999000E-04	
3259.201016000	1.339892268	2.368354000E-04	
3258.718888000	1.339884043	2.377007000E-04	
3258.236760000	1.339878559	2.385782000E-04	
3257.754632000	1.339870453	2.394507000E-04	
3257.272504000	1.339864969	2.403945000E-04	
3256.790376000	1.339856386	2.414969000E-04	
3256.308248000	1.339850903	2.428492000E-04	
3255.826120000	1.339840412	2.443671000E-04	
3255.343992000	1.339834929	2.459557000E-04	
3254.861864000	1.339829564	2.474304000E-04	
3254.379736000	1.339824080	2.486958000E-04	
3253.897608000	1.339817047	2.496761000E-04	
3253.415480000	1.339811325	2.504830000E-04	
3252.933352000	1.339803576	2.512408000E-04	
3252.451224000	1.339797378	2.520622000E-04	
3251.969096000	1.339789391	2.529653000E-04	
3251.486968000	1.339783430	2.539469000E-04	
3251.004840000	1.339775443	2.550002000E-04	
3250.522712000	1.339769244	2.561037000E-04	
3250.040584000	1.339761138	2.572375000E-04	
3249.558456000	1.339755297	2.583703000E-04	
3249.076328000	1.339747071	2.594812000E-04	
3248.594200000	1.339741468	2.605588000E-04	
3248.112072000	1.339733124	2.616284000E-04	
3247.629944000	1.339727044	2.627359000E-04	
3247.147816000	1.339718223	2.639422000E-04	
3246.665688000	1.339711666	2.652826000E-04	
3246.183560000	1.339702964	2.667648000E-04	
3245.701432000	1.339696646	2.683592000E-04	
3245.219304000	1.339688301	2.700299000E-04	
3244.737176000	1.339682221	2.717371000E-04	
3244.255048000	1.339673758	2.734577000E-04	
3243.772920000	1.339667678	2.751705000E-04	
3243.290792000	1.339659572	2.768682000E-04	
3242.808664000	1.339653373	2.785442000E-04	
3242.326536000	1.339645267	2.802065000E-04	
3241.844408000	1.339639187	2.818619000E-04	
3241.362280000	1.339630723	2.835256000E-04	
3240.880152000	1.339624524	2.852046000E-04	
3240.398024000	1.339616179	2.869112000E-04	
3239.915897000	1.339609981	2.886524000E-04	
3239.433769000	1.339601398	2.904374000E-04	
3238.951641000	1.339595079	2.922908000E-04	
3238.469513000	1.339586377	2.941112000E-04	
3237.987385000	1.339580178	2.961682000E-04	
3237.505257000	1.339571595	2.983320000E-04	
3237.023129000	1.339565396	3.004784000E-04	
3236.541001000	1.339557052	3.027369000E-04	
3236.058873000	1.339550972	3.048981000E-04	
3235.576745000	1.339542747	3.070093000E-04	
3235.094617000	1.339536905	3.089680000E-04	
3234.612489000	1.339528322	3.110345000E-04	
3234.130361000	1.339522362	3.131804000E-04	
3233.648233000	1.339513898	3.154723000E-04	
3233.166105000	1.339508057	3.176495000E-04	
3232.683977000	1.339500070	3.197591000E-04	
3232.201849000	1.339494109	3.216941000E-04	
3231.719721000	1.339485884	3.236336000E-04	
3231.237593000	1.339479923	3.254809000E-04	
3230.755465000	1.339471340	3.273873000E-04	
3230.273337000	1.339465141	3.292946000E-04	
3229.791209000	1.339456677	3.313804000E-04	
3229.309081000	1.339450121	3.335192000E-04	
3228.826953000	1.339441776	3.357629000E-04	
3228.344825000	1.339435577	3.379557000E-04	
3227.862697000	1.339427114	3.401861000E-04	
3227.380569000	1.339421034	3.423263000E-04	
3226.898441000	1.339412451	3.444375000E-04	
3226.416313000	1.339406371	3.464318000E-04	
3225.934185000	1.339397550	3.485534000E-04	
3225.452057000	1.339391112	3.508253000E-04	
3224.969929000	1.339382410	3.532846000E-04	
3224.487801000	1.339376330	3.556029000E-04	
3224.005673000	1.339367867	3.577230000E-04	
3223.523545000	1.339361310	3.597006000E-04	
3223.041417000	1.339352250	3.619591000E-04	
3222.559289000	1.339345574	3.645770000E-04	
3222.077161000	1.339336872	3.674568000E-04	
3221.595033000	1.339330673	3.701787000E-04	
3221.112905000	1.339322329	3.726777000E-04	
3220.630777000	1.339316130	3.750138000E-04	
3220.148649000	1.339307547	3.774298000E-04	
3219.666521000	1.339301348	3.798497000E-04	
3219.184393000	1.339292884	3.822112000E-04	
3218.702265000	1.339286566	3.843891000E-04	
3218.220137000	1.339277625	3.865661000E-04	
3217.738010000	1.339271069	3.888132000E-04	
3217.255882000	1.339262128	3.912198000E-04	
3216.773754000	1.339255333	3.936997000E-04	
3216.291626000	1.339246154	3.963451000E-04	
3215.809498000	1.339239478	3.991853000E-04	
3215.327370000	1.339230418	4.022398000E-04	
3214.845242000	1.339224339	4.052272000E-04	
3214.363114000	1.339216113	4.079312000E-04	
3213.880986000	1.339209795	4.102481000E-04	
3213.398858000	1.339201331	4.123985000E-04	
3212.916730000	1.339194417	4.145881000E-04	
3212.434602000	1.339185119	4.169758000E-04	
3211.952474000	1.339178324	4.195329000E-04	
3211.470346000	1.339168906	4.222806000E-04	
3210.988218000	1.339162230	4.251657000E-04	
3210.506090000	1.339153171	4.281306000E-04	
3210.023962000	1.339146614	4.309733000E-04	
3209.541834000	1.339137793	4.335823000E-04	
3209.059706000	1.339131474	4.359744000E-04	
3208.577578000	1.339121819	4.383574000E-04	
3208.095450000	1.339115024	4.408685000E-04	
3207.613322000	1.339105487	4.435307000E-04	
3207.131194000	1.339098334	4.462826000E-04	
3206.649066000	1.339088798	4.491157000E-04	
3206.166938000	1.339081645	4.520651000E-04	
3205.684810000	1.339071870	4.551308000E-04	
3205.202682000	1.339065194	4.582111000E-04	
3204.720554000	1.339055538	4.611938000E-04	
3204.238426000	1.339048505	4.641000000E-04	
3203.756298000	1.339038968	4.670346000E-04	
3203.274170000	1.339031696	4.700985000E-04	
3202.792042000	1.339021802	4.732693000E-04	
3202.309914000	1.339014530	4.765073000E-04	
3201.827786000	1.339004993	4.797877000E-04	
3201.345658000	1.338997483	4.831503000E-04	
3200.863530000	1.338988185	4.865510000E-04	
3200.381402000	1.338980675	4.899213000E-04	
3199.899274000	1.338971496	4.931671000E-04	
3199.417146000	1.338963985	4.963580000E-04	
3198.935018000	1.338954449	4.995959000E-04	
3198.452890000	1.338946700	5.030080000E-04	
3197.970762000	1.338936806	5.065390000E-04	
3197.488634000	1.338929653	5.101284000E-04	
3197.006506000	1.338919878	5.136610000E-04	
3196.524378000	1.338912368	5.171872000E-04	
3196.042250000	1.338902593	5.207203000E-04	
3195.560123000	1.338895321	5.243053000E-04	
3195.077995000	1.338885546	5.278502000E-04	
3194.595867000	1.338878036	5.313476000E-04	
3194.113739000	1.338868260	5.347768000E-04	
3193.631611000	1.338860393	5.383061000E-04	
3193.149483000	1.338850260	5.419964000E-04	
3192.667355000	1.338842511	5.458723000E-04	
3192.185227000	1.338832617	5.497413000E-04	
3191.703099000	1.338825107	5.534961000E-04	
3191.220971000	1.338815212	5.570627000E-04	
3190.738843000	1.338807464	5.606136000E-04	
3190.256715000	1.338796973	5.641881000E-04	
3189.774587000	1.338788986	5.678468000E-04	
3189.292459000	1.338778496	5.714915000E-04	
3188.810331000	1.338770151	5.752699000E-04	
3188.328203000	1.338758945	5.793038000E-04	
3187.846075000	1.338750482	5.837476000E-04	
3187.363947000	1.338739634	5.884113000E-04	
3186.881819000	1.338731647	5.931039000E-04	
3186.399691000	1.338720918	5.976614000E-04	
3185.917563000	1.338712931	6.022732000E-04	
3185.435435000	1.338702083	6.070195000E-04	
3184.953307000	1.338694334	6.119044000E-04	
3184.471179000	1.338683844	6.166323000E-04	
3183.989051000	1.338676214	6.211387000E-04	
3183.506923000	1.338665605	6.254927000E-04	
3183.024795000	1.338657022	6.300266000E-04	
3182.542667000	1.338645935	6.348033000E-04	
3182.060539000	1.338637590	6.398443000E-04	
3181.578411000	1.338626742	6.449550000E-04	
3181.096283000	1.338618159	6.501912000E-04	
3180.614155000	1.338607430	6.555059000E-04	
3180.132027000	1.338599086	6.609487000E-04	
3179.649899000	1.338588595	6.663672000E-04	
3179.167771000	1.338580370	6.717597000E-04	
3178.685643000	1.338569999	6.770364000E-04	
3178.203515000	1.338561773	6.822826000E-04	
3177.721387000	1.338551164	6.874381000E-04	
3177.239259000	1.338542700	6.926735000E-04	
3176.757131000	1.338531256	6.980834000E-04	
3176.275003000	1.338522553	7.038736000E-04	
3175.792875000	1.338511705	7.099111000E-04	
3175.310747000	1.338503361	7.160595000E-04	
3174.828619000	1.338492632	7.220532000E-04	
3174.346491000	1.338484526	7.279817000E-04	
3173.864363000	1.338473678	7.338743000E-04	
3173.382235000	1.338465571	7.398741000E-04	
3172.900108000	1.338454604	7.458635000E-04	
3172.417980000	1.338446379	7.518837000E-04	
3171.935852000	1.338435292	7.579064000E-04	
3171.453724000	1.338426948	7.641193000E-04	
3170.971596000	1.338415742	7.704619000E-04	
3170.489468000	1.338407397	7.769863000E-04	
3170.007340000	1.338396430	7.835888000E-04	
3169.525212000	1.338387847	7.903449000E-04	
3169.043084000	1.338377118	7.971071000E-04	
3168.560956000	1.338369131	8.038385000E-04	
3168.078828000	1.338358521	8.103886000E-04	
3167.596700000	1.338349938	8.169684000E-04	
3167.114572000	1.338339090	8.236951000E-04	
3166.632444000	1.338330269	8.307535000E-04	
3166.150316000	1.338319659	8.379382000E-04	
3165.668188000	1.338311195	8.451661000E-04	
3165.186060000	1.338300705	8.522945000E-04	
3164.703932000	1.338292122	8.594923000E-04	
3164.221804000	1.338281631	8.667324000E-04	
3163.739676000	1.338273168	8.740672000E-04	
3163.257548000	1.338262439	8.813951000E-04	
3162.775420000	1.338253975	8.889106000E-04	
3162.293292000	1.338242769	8.966728000E-04	
3161.811164000	1.338234425	9.047593000E-04	
3161.329036000	1.338224173	9.128740000E-04	
3160.846908000	1.338216305	9.209137000E-04	
3160.364780000	1.338205695	9.287754000E-04	
3159.882652000	1.338197827	9.367521000E-04	
3159.400524000	1.338187099	9.449081000E-04	
3158.918396000	1.338179350	9.533099000E-04	
3158.436268000	1.338168979	9.616685000E-04	
3157.954140000	1.338161707	9.699308000E-04	
3157.472012000	1.338151336	9.780283000E-04	
3156.989884000	1.338143706	9.862550000E-04	
3156.507756000	1.338133097	9.947259000E-04	
3156.025628000	1.338124871	1.003650400E-03	
3155.543500000	1.338114738	1.012831100E-03	
3155.061372000	1.338107824	1.022144500E-03	
3154.579244000	1.338098526	1.031247000E-03	
3154.097116000	1.338091373	1.040209200E-03	
3153.614988000	1.338082314	1.049077500E-03	
3153.132860000	1.338075161	1.058172300E-03	
3152.650732000	1.338066339	1.067417700E-03	
3152.168604000	1.338059783	1.076760100E-03	
3151.686476000	1.338051558	1.085868300E-03	
3151.204348000	1.338045597	1.094805200E-03	
3150.722221000	1.338037729	1.103529600E-03	
3150.240093000	1.338032007	1.112218100E-03	
3149.757965000	1.338024497	1.120667300E-03	
3149.275837000	1.338019371	1.128836300E-03	
3148.793709000	1.338011384	1.136539000E-03	
3148.311581000	1.338006139	1.143965300E-03	
3147.829453000	1.337998629	1.151096300E-03	
3147.347325000	1.337993026	1.158082000E-03	
3146.865197000	1.337984443	1.164786400E-03	
3146.383069000	1.337978721	1.171398800E-03	
3145.900941000	1.337969422	1.177956700E-03	
3145.418813000	1.337963104	1.184733900E-03	
3144.936685000	1.337953568	1.191595200E-03	
3144.454557000	1.337947130	1.198531700E-03	
3143.972429000	1.337937593	1.205286000E-03	
3143.490301000	1.337931037	1.211995600E-03	
3143.008173000	1.337921262	1.218649000E-03	
3142.526045000	1.337913513	1.225520900E-03	
3142.043917000	1.337903380	1.232502900E-03	
3141.561789000	1.337896228	1.239667500E-03	
3141.079661000	1.337886214	1.246749200E-03	
3140.597533000	1.337878466	1.253814400E-03	
3140.115405000	1.337868094	1.260768500E-03	
3139.633277000	1.337860703	1.267902600E-03	
3139.151149000	1.337849021	1.275204900E-03	
3138.669021000	1.337841749	1.282795900E-03	
3138.186893000	1.337830305	1.290345700E-03	
3137.704765000	1.337823033	1.297853800E-03	
3137.222637000	1.337811470	1.305232300E-03	
3136.740509000	1.337802649	1.312906200E-03	
3136.258381000	1.337791443	1.320972800E-03	
3135.776253000	1.337782383	1.329563400E-03	
3135.294125000	1.337771773	1.338280400E-03	
3134.811997000	1.337763548	1.347020600E-03	
3134.329869000	1.337752581	1.355539000E-03	
3133.847741000	1.337744594	1.364032700E-03	
3133.365613000	1.337733507	1.372398700E-03	
3132.883485000	1.337725043	1.380805300E-03	
3132.401357000	1.337714672	1.389145600E-03	
3131.919229000	1.337704778	1.397719300E-03	
3131.437101000	1.337694287	1.406512300E-03	
3130.954973000	1.337684274	1.415725900E-03	
3130.472845000	1.337673903	1.425102100E-03	
3129.990717000	1.337664485	1.434679300E-03	
3129.508589000	1.337653518	1.444218700E-03	
3129.026461000	1.337645411	1.453848100E-03	
3128.544334000	1.337634444	1.463357900E-03	
3128.062206000	1.337626576	1.472848800E-03	
3127.580078000	1.337615848	1.482123400E-03	
3127.097950000	1.337607145	1.491366500E-03	
3126.615822000	1.337596416	1.500485600E-03	
3126.133694000	1.337587237	1.509721200E-03	
3125.651566000	1.337576032	1.519015400E-03	
3125.169438000	1.337566495	1.528646100E-03	
3124.687310000	1.337555170	1.538508600E-03	
3124.205182000	1.337545753	1.548708000E-03	
3123.723054000	1.337534666	1.558952100E-03	
3123.240926000	1.337525487	1.569269700E-03	
3122.758798000	1.337514639	1.579439600E-03	
3122.276670000	1.337505460	1.589645300E-03	
3121.794542000	1.337494373	1.599801700E-03	
3121.312414000	1.337485075	1.610191500E-03	
3120.830286000	1.337472916	1.620760800E-03	
3120.348158000	1.337463975	1.631682900E-03	
3119.866030000	1.337452054	1.642675500E-03	
3119.383902000	1.337443233	1.653719000E-03	
3118.901774000	1.337432265	1.664596100E-03	
3118.419646000	1.337423205	1.675611600E-03	
3117.937518000	1.337411046	1.686799000E-03	
3117.455390000	1.337402225	1.698340800E-03	
3116.973262000	1.337390780	1.709887200E-03	
3116.491134000	1.337381244	1.721410300E-03	
3116.009006000	1.337370992	1.732757500E-03	
3115.526878000	1.337360978	1.744291500E-03	
3115.044750000	1.337349296	1.756033000E-03	
3114.562622000	1.337340474	1.768143000E-03	
3114.080494000	1.337328911	1.780338700E-03	
3113.598366000	1.337319613	1.792667400E-03	
3113.116238000	1.337308288	1.804950400E-03	
3112.634110000	1.337300420	1.817357600E-03	
3112.151982000	1.337287784	1.829758100E-03	
3111.669854000	1.337279916	1.842330000E-03	
3111.187726000	1.337268710	1.854958700E-03	
3110.705598000	1.337260008	1.867785500E-03	
3110.223470000	1.337248087	1.880538100E-03	
3109.741342000	1.337241054	1.893256400E-03	
3109.259214000	1.337229133	1.905810100E-03	
3108.777086000	1.337220430	1.918501800E-03	
3108.294958000	1.337209582	1.931333000E-03	
3107.812830000	1.337200522	1.944464900E-03	
3107.330702000	1.337189794	1.957638900E-03	
3106.848574000	1.337181330	1.970923700E-03	
3106.366447000	1.337169766	1.984169000E-03	
3105.884319000	1.337161779	1.997502800E-03	
3105.402191000	1.337150216	2.010737800E-03	
3104.920063000	1.337142110	2.024020500E-03	
3104.437935000	1.337130189	2.037403900E-03	
3103.955807000	1.337121606	2.051285700E-03	
3103.473679000	1.337109685	2.065620600E-03	
3102.991551000	1.337101817	2.080300100E-03	
3102.509423000	1.337090969	2.094791300E-03	
3102.027295000	1.337083817	2.108972500E-03	
3101.545167000	1.337073565	2.122727900E-03	
3101.063039000	1.337064981	2.136349700E-03	
3100.580911000	1.337054014	2.149916700E-03	
3100.098783000	1.337045789	2.163730300E-03	
3099.616655000	1.337034106	2.177909900E-03	
3099.134527000	1.337024331	2.192793600E-03	
3098.652399000	1.337013245	2.208292500E-03	
3098.170271000	1.337004185	2.224259100E-03	
3097.688143000	1.336993933	2.240222200E-03	
3097.206015000	1.336987615	2.256038800E-03	
3096.723887000	1.336976767	2.271516200E-03	
3096.241759000	1.336969614	2.286742000E-03	
3095.759631000	1.336960316	2.301651100E-03	
3095.277503000	1.336952329	2.316494200E-03	
3094.795375000	1.336942434	2.331490400E-03	
3094.313247000	1.336934209	2.347040500E-03	
3093.831119000	1.336923122	2.363060600E-03	
3093.348991000	1.336915612	2.379360400E-03	
3092.866863000	1.336906672	2.395531400E-03	
3092.384735000	1.336899877	2.411526900E-03	
3091.902607000	1.336889863	2.427360300E-03	
3091.420479000	1.336883426	2.443195600E-03	
3090.938351000	1.336873412	2.458963500E-03	
3090.456223000	1.336866975	2.474781400E-03	
3089.974095000	1.336856604	2.490707400E-03	
3089.491967000	1.336850047	2.506965300E-03	
3089.009839000	1.336840034	2.523432500E-03	
3088.527711000	1.336833954	2.540004700E-03	
3088.045583000	1.336824298	2.556505600E-03	
3087.563455000	1.336818337	2.573105000E-03	
3087.081327000	1.336809278	2.589898900E-03	
3086.599199000	1.336802363	2.606931400E-03	
3086.117071000	1.336794615	2.623915000E-03	
3085.634943000	1.336788297	2.640701100E-03	
3085.152815000	1.336780429	2.657248600E-03	
3084.670687000	1.336775541	2.673807800E-03	
3084.188559000	1.336767554	2.690508000E-03	
3083.706432000	1.336761594	2.707415500E-03	
3083.224304000	1.336754680	2.724361100E-03	
3082.742176000	1.336750150	2.741175000E-03	
3082.260048000	1.336742163	2.757617300E-03	
3081.777920000	1.336740017	2.773641800E-03	
3081.295792000	1.336732030	2.789348800E-03	
3080.813664000	1.336727858	2.805016900E-03	
3080.331536000	1.336721897	2.820761900E-03	
3079.849408000	1.336718202	2.836445300E-03	
3079.367280000	1.336711764	2.851620500E-03	
3078.885152000	1.336708665	2.865977400E-03	
3078.403024000	1.336703539	2.879521100E-03	
3077.920896000	1.336699605	2.892600100E-03	
3077.438768000	1.336691856	2.905594900E-03	
3076.956640000	1.336687565	2.918734700E-03	
3076.474512000	1.336679339	2.932017900E-03	
3075.992384000	1.336674929	2.945319100E-03	
3075.510256000	1.336667657	2.958428800E-03	
3075.028128000	1.336661458	2.971126000E-03	
3074.546000000	1.336656213	2.983250900E-03	
3074.063872000	1.336649418	2.994820900E-03	
3073.581744000	1.336641073	3.006044100E-03	
3073.099616000	1.336635232	3.017136600E-03	
3072.617488000	1.336625695	3.028276800E-03	
3072.135360000	1.336617470	3.039488600E-03	
3071.653232000	1.336607814	3.050769200E-03	
3071.171104000	1.336598992	3.062029600E-03	
3070.688976000	1.336588144	3.073212700E-03	
3070.206848000	1.336580992	3.084238600E-03	
3069.724720000	1.336567044	3.095187000E-03	
3069.242592000	1.336559415	3.106168900E-03	
3068.760464000	1.336544991	3.117362700E-03	
3068.278336000	1.336534142	3.128800800E-03	
3067.796208000	1.336521387	3.140485600E-03	
3067.314080000	1.336509466	3.152262200E-03	
3066.831952000	1.336496353	3.164080700E-03	
3066.349824000	1.336484313	3.175820700E-03	
3065.867696000	1.336468577	3.187595400E-03	
3065.385568000	1.336455464	3.199540500E-03	
3064.903440000	1.336440921	3.211950200E-03	
3064.421312000	1.336424708	3.224846700E-03	
3063.939184000	1.336409807	3.238118700E-03	
3063.457056000	1.336395860	3.251402900E-03	
3062.974928000	1.336378336	3.264628800E-03	
3062.492800000	1.336364269	3.277842000E-03	
3062.010672000	1.336345553	3.291353800E-03	
3061.528545000	1.336330652	3.305189300E-03	
3061.046417000	1.336311936	3.319384100E-03	
3060.564289000	1.336294651	3.333786500E-03	
3060.082161000	1.336275339	3.348499800E-03	
3059.600033000	1.336259246	3.363466400E-03	
3059.117905000	1.336239457	3.378728900E-03	
3058.635777000	1.336221099	3.394074000E-03	
3058.153649000	1.336200714	3.409549600E-03	
3057.671521000	1.336184025	3.425104800E-03	
3057.189393000	1.336160183	3.440924500E-03	
3056.707265000	1.336142540	3.456927400E-03	
3056.225137000	1.336120248	3.473274200E-03	
3055.743009000	1.336099029	3.489956700E-03	
3055.260881000	1.336076260	3.507246300E-03	
3054.778753000	1.336054802	3.525051300E-03	
3054.296625000	1.336029768	3.543350600E-03	
3053.814497000	1.336008072	3.561792900E-03	
3053.332369000	1.335984230	3.580424500E-03	
3052.850241000	1.335960865	3.599183400E-03	
3052.368113000	1.335935950	3.618367900E-03	
3051.885985000	1.335911989	3.637941100E-03	
3051.403857000	1.335883856	3.658106600E-03	
3050.921729000	1.335859418	3.678774500E-03	
3050.439601000	1.335830212	3.700174900E-03	
3049.957473000	1.335804939	3.722194600E-03	
3049.475345000	1.335774899	3.744931400E-03	
3048.993217000	1.335749149	3.768082000E-03	
3048.511089000	1.335718632	3.791668900E-03	
3048.028961000	1.335691929	3.815493800E-03	
3047.546833000	1.335660219	3.839840900E-03	
3047.064705000	1.335632086	3.864713000E-03	
3046.582577000	1.335599780	3.890417500E-03	
3046.100449000	1.335568547	3.916760900E-03	
3045.618321000	1.335535169	3.943802800E-03	
3045.136193000	1.335504889	3.971299200E-03	
3044.654065000	1.335470319	3.999527500E-03	
3044.171937000	1.335436225	4.028518700E-03	
3043.689809000	1.335400581	4.058672600E-03	
3043.207681000	1.335365295	4.089873300E-03	
3042.725553000	1.335327983	4.122261900E-03	
3042.243425000	1.335294724	4.155510600E-03	
3041.761297000	1.335254550	4.189697600E-03	
3041.279169000	1.335218191	4.224537400E-03	
3040.797041000	1.335179687	4.260294100E-03	
3040.314913000	1.335141182	4.296920700E-03	
3039.832785000	1.335101247	4.334815800E-03	
3039.350658000	1.335062027	4.373796300E-03	
3038.868530000	1.335018516	4.413984300E-03	
3038.386402000	1.334978223	4.455051400E-03	
3037.904274000	1.334935546	4.497314800E-03	
3037.422146000	1.334893346	4.540779200E-03	
3036.940018000	1.334846258	4.585904500E-03	
3036.457890000	1.334803343	4.632505600E-03	
3035.975762000	1.334754705	4.680794200E-03	
3035.493634000	1.334710360	4.730542700E-03	
3035.011506000	1.334660053	4.782083400E-03	
3034.529378000	1.334614158	4.835227000E-03	
3034.047250000	1.334562182	4.890273300E-03	
3033.565122000	1.334514380	4.947071000E-03	
3033.082994000	1.334460378	5.006114500E-03	
3032.600866000	1.334410548	5.067454700E-03	
3032.118738000	1.334355950	5.131515700E-03	
3031.636610000	1.334302068	5.197976700E-03	
3031.154482000	1.334247470	5.266990000E-03	
3030.672354000	1.334192395	5.338260900E-03	
3030.190226000	1.334135175	5.412237700E-03	
3029.708098000	1.334082484	5.488896700E-03	
3029.225970000	1.334019423	5.568776300E-03	
3028.743842000	1.333965302	5.651802800E-03	
3028.261714000	1.333904743	5.738431600E-03	
3027.779586000	1.333846331	5.828560800E-03	
3027.297458000	1.333781600	5.922706300E-03	
3026.815330000	1.333726406	6.020798300E-03	
3026.333202000	1.333660960	6.123357900E-03	
3025.851074000	1.333601117	6.230220700E-03	
3025.368946000	1.333540201	6.341760000E-03	
3024.886818000	1.333480358	6.457814900E-03	
3024.404690000	1.333416104	6.579035400E-03	
3023.922562000	1.333356142	6.705576100E-03	
3023.440434000	1.333297372	6.838189400E-03	
3022.958306000	1.333233714	6.976814900E-03	
3022.476178000	1.333177090	7.122093300E-03	
3021.994050000	1.333121300	7.273501700E-03	
3021.511922000	1.333062530	7.431906600E-03	
3021.029794000	1.333011627	7.597479000E-03	
3020.547666000	1.332958341	7.771050100E-03	
3020.065538000	1.332908630	7.952672400E-03	
3019.583410000	1.332861900	8.142934200E-03	
3019.101282000	1.332824588	8.341643000E-03	
3018.619154000	1.332785845	8.549262800E-03	
3018.137026000	1.332759023	8.765745000E-03	
3017.654898000	1.332733631	8.991915700E-03	
3017.172771000	1.332715511	9.227942700E-03	
3016.690643000	1.332707882	9.474339900E-03	
3016.208515000	1.332708359	9.730476000E-03	
3015.726387000	1.332722425	9.996153400E-03	
3015.244259000	1.332745790	1.027074080E-02	
3014.762131000	1.332784891	1.055465640E-02	
3014.280003000	1.332835674	1.084765610E-02	
3013.797875000	1.332905889	1.114965700E-02	
3013.315747000	1.332991600	1.145921000E-02	
3012.833619000	1.333100677	1.177515740E-02	
3012.351491000	1.333227992	1.209571120E-02	
3011.869363000	1.333381414	1.241983190E-02	
3011.387235000	1.333558559	1.274551640E-02	
3010.905107000	1.333756208	1.307077800E-02	
3010.422979000	1.333989620	1.339200510E-02	
3009.940851000	1.334242702	1.370653040E-02	
3009.458723000	1.334529519	1.401078510E-02	
3008.976595000	1.334849000	1.430200510E-02	
3008.494467000	1.335180402	1.457669400E-02	
3008.012339000	1.335557461	1.483166680E-02	
3007.530211000	1.335940838	1.506278570E-02	
3007.048083000	1.336366773	1.526656090E-02	
3006.565955000	1.336796641	1.543928500E-02	
3006.083827000	1.337248087	1.557851860E-02	
3005.601699000	1.337718606	1.568182930E-02	
3005.119571000	1.338188052	1.574787680E-02	
3004.637443000	1.338671207	1.577528570E-02	
3004.155315000	1.339146733	1.576402780E-02	
3003.673187000	1.339615226	1.571436600E-02	
3003.191059000	1.340077877	1.562797280E-02	
3002.708931000	1.340522289	1.550650880E-02	
3002.226803000	1.340949655	1.535275210E-02	
3001.744675000	1.341366410	1.516937740E-02	
3001.262547000	1.341737509	1.496007850E-02	
3000.780419000	1.342107654	1.472817920E-02	
3000.298291000	1.342426062	1.447754350E-02	
2999.816163000	1.342741013	1.421135110E-02	
2999.334035000	1.343006372	1.393331590E-02	
2998.851907000	1.343254328	1.364659890E-02	
2998.369779000	1.343474150	1.335422040E-02	
2997.887651000	1.343666315	1.305981350E-02	
2997.405523000	1.343826771	1.276579870E-02	
2996.923395000	1.343969703	1.247410200E-02	
2996.441267000	1.344090462	1.218689330E-02	
2995.959139000	1.344190121	1.190542990E-02	
2995.477011000	1.344264746	1.163108830E-02	
2994.994883000	1.344330668	1.136435200E-02	
2994.512756000	1.344372153	1.110604410E-02	
2994.030628000	1.344407439	1.085642910E-02	
2993.548500000	1.344420910	1.061635000E-02	
2993.066372000	1.344430447	1.038604140E-02	
2992.584244000	1.344421148	1.016612440E-02	
2992.102116000	1.344410181	9.956418500E-03	
2991.619988000	1.344384909	9.757150900E-03	
2991.137860000	1.344352961	9.567878200E-03	
2990.655732000	1.344314456	9.388655400E-03	
2990.173604000	1.344275832	9.218848300E-03	
2989.691476000	1.344227076	9.058373000E-03	
2989.209348000	1.344174266	8.906622400E-03	
2988.727220000	1.344118953	8.763794800E-03	
2988.245092000	1.344058633	8.629580000E-03	
2987.762964000	1.343997121	8.504237000E-03	
2987.280836000	1.343931794	8.387206100E-03	
2986.798708000	1.343866467	8.278452800E-03	
2986.316580000	1.343798399	8.177318600E-03	
2985.834452000	1.343730807	8.083775600E-03	
2985.352324000	1.343661427	7.997161700E-03	
2984.870196000	1.343592644	7.917502900E-03	
2984.388068000	1.343523979	7.844351200E-03	
2983.905940000	1.343450308	7.778072700E-03	
2983.423812000	1.343381763	7.718275300E-03	
2982.941684000	1.343313217	7.664970100E-03	
2982.459556000	1.343246341	7.617378100E-03	
2981.977428000	1.343174934	7.575661900E-03	
2981.495300000	1.343110800	7.539714700E-03	
2981.013172000	1.343041062	7.510203400E-03	
2980.531044000	1.342979550	7.486739200E-03	
2980.048916000	1.342913747	7.469204700E-03	
2979.566788000	1.342857003	7.456734800E-03	
2979.084660000	1.342795849	7.449395000E-03	
2978.602532000	1.342743635	7.446872500E-03	
2978.120404000	1.342688799	7.449585500E-03	
2977.638276000	1.342637539	7.457203700E-03	
2977.156148000	1.342588663	7.470067100E-03	
2976.674020000	1.342548013	7.487779900E-03	
2976.191892000	1.342506766	7.510503800E-03	
2975.709764000	1.342470527	7.537529300E-03	
2975.227636000	1.342440009	7.568830200E-03	
2974.745508000	1.342413306	7.603822700E-03	
2974.263380000	1.342392921	7.642698900E-03	
2973.781252000	1.342377186	7.684805900E-03	
2973.299124000	1.342368841	7.729998800E-03	
2972.816996000	1.342365742	7.777380800E-03	
2972.334869000	1.342370510	7.826942000E-03	
2971.852741000	1.342381239	7.877943100E-03	
2971.370613000	1.342400908	7.930039400E-03	
2970.888485000	1.342429280	7.981726000E-03	
2970.406357000	1.342460990	8.032057400E-03	
2969.924229000	1.342505217	8.079617300E-03	
2969.442101000	1.342556119	8.124064700E-03	
2968.959973000	1.342614412	8.164503600E-03	
2968.477845000	1.342673898	8.200681800E-03	
2967.995717000	1.342746496	8.231459200E-03	
2967.513589000	1.342817545	8.256349700E-03	
2967.031461000	1.342900634	8.274232000E-03	
2966.549333000	1.342980146	8.284893800E-03	
2966.067205000	1.343069673	8.287664500E-03	
2965.585077000	1.343153715	8.282802100E-03	
2965.102949000	1.343245745	8.269936800E-03	
2964.620821000	1.343330741	8.249461700E-03	
2964.138693000	1.343421698	8.221101000E-03	
2963.656565000	1.343505502	8.185460200E-03	
2963.174437000	1.343587399	8.142605400E-03	
2962.692309000	1.343665004	8.093491200E-03	
2962.210181000	1.343743443	8.038456600E-03	
2961.728053000	1.343812466	7.978580900E-03	
2961.245925000	1.343877077	7.914175300E-03	
2960.763797000	1.343937635	7.846211100E-03	
2960.281669000	1.343991995	7.774871800E-03	
2959.799541000	1.344042063	7.701099900E-03	
2959.317413000	1.344085693	7.625173300E-03	
2958.835285000	1.344124794	7.548046300E-03	
2958.353157000	1.344157815	7.469799800E-03	
2957.871029000	1.344186425	7.391111500E-03	
2957.388901000	1.344210505	7.312010500E-03	
2956.906773000	1.344224334	7.233531200E-03	
2956.424645000	1.344238043	7.156046100E-03	
2955.942517000	1.344246149	7.080426400E-03	
2955.460389000	1.344251633	7.006867800E-03	
2954.978261000	1.344248891	6.934672600E-03	
2954.496133000	1.344248652	6.863915400E-03	
2954.014005000	1.344238639	6.795167900E-03	
2953.531877000	1.344231367	6.728389800E-03	
2953.049749000	1.344214559	6.664298000E-03	
2952.567621000	1.344201088	6.602759500E-03	
2952.085493000	1.344178796	6.544274300E-03	
2951.603365000	1.344160676	6.488415900E-03	
2951.121237000	1.344134450	6.435416600E-03	
2950.639109000	1.344112277	6.384836500E-03	
2950.156982000	1.344083309	6.337237500E-03	
2949.674854000	1.344053864	6.292568100E-03	
2949.192726000	1.344021678	6.251442700E-03	
2948.710598000	1.343993306	6.213399100E-03	
2948.228470000	1.343959689	6.178538300E-03	
2947.746342000	1.343926430	6.146271200E-03	
2947.264214000	1.343892574	6.116990900E-03	
2946.782086000	1.343857884	6.090456200E-03	
2946.299958000	1.343823075	6.067151700E-03	
2945.817830000	1.343787670	6.046673300E-03	
2945.335702000	1.343752384	6.029324600E-03	
2944.853574000	1.343716979	6.014664700E-03	
2944.371446000	1.343681693	6.003103700E-03	
2943.889318000	1.343647599	5.994325000E-03	
2943.407190000	1.343609333	5.988776200E-03	
2942.925062000	1.343576074	5.986045100E-03	
2942.442934000	1.343542218	5.986406900E-03	
2941.960806000	1.343510032	5.989448600E-03	
2941.478678000	1.343474150	5.995750400E-03	
2940.996550000	1.343443036	6.005246200E-03	
2940.514422000	1.343413830	6.018482600E-03	
2940.032294000	1.343381286	6.034849700E-03	
2939.550166000	1.343357086	6.054280300E-03	
2939.068038000	1.343328118	6.076133300E-03	
2938.585910000	1.343307495	6.100933500E-03	
2938.103782000	1.343282223	6.128620400E-03	
2937.621654000	1.343265653	6.159708800E-03	
2937.139526000	1.343246579	6.193628500E-03	
2936.657398000	1.343230963	6.230521500E-03	
2936.175270000	1.343222737	6.269941600E-03	
2935.693142000	1.343213201	6.312326100E-03	
2935.211014000	1.343208671	6.357197600E-03	
2934.728886000	1.343206882	6.404620600E-03	
2934.246758000	1.343215704	6.453861900E-03	
2933.764630000	1.343217969	6.505062300E-03	
2933.282502000	1.343236208	6.557651300E-03	
2932.800374000	1.343253255	6.611644800E-03	
2932.318246000	1.343277216	6.666118700E-03	
2931.836118000	1.343306422	6.720937800E-03	
2931.353990000	1.343342543	6.775375000E-03	
2930.871862000	1.343377471	6.829536100E-03	
2930.389734000	1.343429804	6.882625600E-03	
2929.907606000	1.343475938	6.934462600E-03	
2929.425478000	1.343534231	6.984217600E-03	
2928.943350000	1.343596458	7.032012600E-03	
2928.461222000	1.343665481	7.077314000E-03	
2927.979095000	1.343734980	7.120025800E-03	
2927.496967000	1.343816876	7.158953200E-03	
2927.014839000	1.343898058	7.193149100E-03	
2926.532711000	1.343988657	7.222215200E-03	
2926.050583000	1.344084620	7.245756200E-03	
2925.568455000	1.344178081	7.263156100E-03	
2925.086327000	1.344282866	7.274384600E-03	
2924.604199000	1.344384432	7.278602100E-03	
2924.122071000	1.344489098	7.275710800E-03	
2923.639943000	1.344600081	7.265069100E-03	
2923.157815000	1.344705701	7.246838400E-03	
2922.675687000	1.344817519	7.220530400E-03	
2922.193559000	1.344923615	7.186779800E-03	
2921.711431000	1.345028996	7.144809700E-03	
2921.229303000	1.345130563	7.095740200E-03	
2920.747175000	1.345233798	7.039760700E-03	
2920.265047000	1.345328331	6.977724800E-03	
2919.782919000	1.345419526	6.909708000E-03	
2919.300791000	1.345506310	6.836545700E-03	
2918.818663000	1.345587492	6.758544100E-03	
2918.336535000	1.345663428	6.676841500E-03	
2917.854407000	1.345733285	6.591959900E-03	
2917.372279000	1.345798016	6.504960800E-03	
2916.890151000	1.345858574	6.415951100E-03	
2916.408023000	1.345909357	6.325447500E-03	
2915.925895000	1.345960021	6.233267500E-03	
2915.443767000	1.346003890	6.140124100E-03	
2914.961639000	1.346043587	6.046350100E-03	
2914.479511000	1.346073270	5.953051100E-03	
2913.997383000	1.346103072	5.860388300E-03	
2913.515255000	1.346127152	5.768869100E-03	
2913.033127000	1.346148849	5.678224800E-03	
2912.550999000	1.346161842	5.588936600E-03	
2912.068871000	1.346177220	5.500946700E-03	
2911.586743000	1.346183538	5.414761600E-03	
2911.104615000	1.346192718	5.330049400E-03	
2910.622487000	1.346194744	5.247059300E-03	
2910.140359000	1.346194625	5.165461000E-03	
2909.658231000	1.346195459	5.085716500E-03	
2909.176103000	1.346190572	5.007651600E-03	
2908.693975000	1.346183181	4.931640300E-03	
2908.211847000	1.346178293	4.857312400E-03	
2907.729719000	1.346167445	4.784919300E-03	
2907.247591000	1.346156716	4.714077800E-03	
2906.765463000	1.346143723	4.645077500E-03	
2906.283335000	1.346130252	4.577624600E-03	
2905.801207000	1.346113563	4.512097700E-03	
2905.319080000	1.346101165	4.448202400E-03	
2904.836952000	1.346079111	4.386191700E-03	
2904.354824000	1.346065760	4.325623600E-03	
2903.872696000	1.346042991	4.266732800E-03	
2903.390568000	1.346024752	4.209248800E-03	
2902.908440000	1.346003652	4.153553400E-03	
2902.426312000	1.345983386	4.099333700E-03	
2901.944184000	1.345961452	4.046774900E-03	
2901.462056000	1.345941305	3.995411100E-03	
2900.979928000	1.345916748	3.945424700E-03	
2900.497800000	1.345896840	3.896427300E-03	
2900.015672000	1.345871687	3.848649300E-03	
2899.533544000	1.345850229	3.801786800E-03	
2899.051416000	1.345827222	3.756230900E-03	
2898.569288000	1.345802188	3.711798200E-03	
2898.087160000	1.345778823	3.668784400E-03	
2897.605032000	1.345756531	3.626711400E-03	
2897.122904000	1.345731139	3.585616400E-03	
2896.640776000	1.345707178	3.545087500E-03	
2896.158648000	1.345682621	3.505504900E-03	
2895.676520000	1.345659137	3.466762800E-03	
2895.194392000	1.345632792	3.429212600E-03	
2894.712264000	1.345609426	3.392515000E-03	
2894.230136000	1.345583200	3.356791800E-03	
2893.748008000	1.345559955	3.321638800E-03	
2893.265880000	1.345533609	3.287262700E-03	
2892.783752000	1.345510125	3.253435900E-03	
2892.301624000	1.345483541	3.220546100E-03	
2891.819496000	1.345458627	3.188510900E-03	
2891.337368000	1.345432162	3.157678100E-03	
2890.855240000	1.345407367	3.127711100E-03	
2890.373112000	1.345381498	3.098622000E-03	
2889.890984000	1.345357656	3.069910000E-03	
2889.408856000	1.345331073	3.041731200E-03	
2888.926728000	1.345306993	3.013959600E-03	
2888.444600000	1.345280766	2.987065400E-03	
2887.962472000	1.345256567	2.960956700E-03	
2887.480344000	1.345229506	2.935878200E-03	
2886.998216000	1.345206261	2.911453600E-03	
2886.516088000	1.345178843	2.887748900E-03	
2886.033960000	1.345155954	2.864449800E-03	
2885.551832000	1.345129609	2.841799300E-03	
2885.069704000	1.345106840	2.819654800E-03	
2884.587576000	1.345079899	2.798272800E-03	
2884.105448000	1.345057487	2.777413700E-03	
2883.623320000	1.345031023	2.757275200E-03	
2883.141193000	1.345007896	2.737667600E-03	
2882.659065000	1.344982624	2.718882400E-03	
2882.176937000	1.344959736	2.700730200E-03	
2881.694809000	1.344934464	2.683338900E-03	
2881.212681000	1.344912648	2.666323900E-03	
2880.730553000	1.344888091	2.649718400E-03	
2880.248425000	1.344866753	2.633300600E-03	
2879.766297000	1.344842315	2.617406700E-03	
2879.284169000	1.344821095	2.602047800E-03	
2878.802041000	1.344797134	2.587498600E-03	
2878.319913000	1.344775796	2.573457800E-03	
2877.837785000	1.344753146	2.559844600E-03	
2877.355657000	1.344732642	2.546308800E-03	
2876.873529000	1.344710231	2.533069800E-03	
2876.391401000	1.344689965	2.520178400E-03	
2875.909273000	1.344666600	2.508021000E-03	
2875.427145000	1.344647765	2.496429700E-03	
2874.945017000	1.344625235	2.485386800E-03	
2874.462889000	1.344606638	2.474534800E-03	
2873.980761000	1.344585061	2.463924200E-03	
2873.498633000	1.344566941	2.453411200E-03	
2873.016505000	1.344545484	2.443237000E-03	
2872.534377000	1.344527602	2.433390100E-03	
2872.052249000	1.344505429	2.424160000E-03	
2871.570121000	1.344487786	2.415496900E-03	
2871.087993000	1.344467044	2.407494900E-03	
2870.605865000	1.344449162	2.399879700E-03	
2870.123737000	1.344429493	2.392689700E-03	
2869.641609000	1.344412327	2.385848200E-03	
2869.159481000	1.344392180	2.379631400E-03	
2868.677353000	1.344376564	2.373930100E-03	
2868.195225000	1.344357252	2.368751400E-03	
2867.713097000	1.344341874	2.363829200E-03	
2867.230969000	1.344323516	2.359348100E-03	
2866.748841000	1.344308734	2.355407900E-03	
2866.266713000	1.344291210	2.352274700E-03	
2865.784585000	1.344277740	2.349696800E-03	
2865.302457000	1.344262362	2.347450500E-03	
2864.820329000	1.344249964	2.345161700E-03	
2864.338201000	1.344236135	2.342908900E-03	
2863.856073000	1.344224811	2.340703700E-03	
2863.373945000	1.344211936	2.338737700E-03	
2862.891817000	1.344201684	2.336879300E-03	
2862.409689000	1.344190001	2.335192600E-03	
2861.927561000	1.344181061	2.333630600E-03	
2861.445433000	1.344169855	2.332322800E-03	
2860.963306000	1.344162703	2.331082000E-03	
2860.481178000	1.344153047	2.329776800E-03	
2859.999050000	1.344147444	2.328166700E-03	
2859.516922000	1.344138861	2.326388400E-03	
2859.034794000	1.344134092	2.324560000E-03	
2858.552666000	1.344126701	2.322848200E-03	
2858.070538000	1.344123721	2.321002800E-03	
2857.588410000	1.344117403	2.318780900E-03	
2857.106282000	1.344116092	2.315935000E-03	
2856.624154000	1.344110727	2.312576400E-03	
2856.142026000	1.344110250	2.308783600E-03	
2855.659898000	1.344105959	2.304635500E-03	
2855.177770000	1.344105601	2.299919700E-03	
2854.695642000	1.344103098	2.294535500E-03	
2854.213514000	1.344103098	2.288406500E-03	
2853.731386000	1.344099879	2.281722600E-03	
2853.249258000	1.344099998	2.274606600E-03	
2852.767130000	1.344096661	2.267214000E-03	
2852.285002000	1.344096780	2.259596500E-03	
2851.802874000	1.344092727	2.251906300E-03	
2851.320746000	1.344092846	2.244165600E-03	
2850.838618000	1.344090104	2.236368100E-03	
2850.356490000	1.344090104	2.228290300E-03	
2849.874362000	1.344088435	2.219750800E-03	
2849.392234000	1.344088912	2.210604500E-03	
2848.910106000	1.344087243	2.200908300E-03	
2848.427978000	1.344087839	2.190736100E-03	
2847.945850000	1.344084978	2.180234800E-03	
2847.463722000	1.344086051	2.169530100E-03	
2846.981594000	1.344082952	2.158755000E-03	
2846.499466000	1.344083309	2.147919500E-03	
2846.017338000	1.344080925	2.136923400E-03	
2845.535210000	1.344081163	2.125565700E-03	
2845.053082000	1.344079018	2.113742300E-03	
2844.570954000	1.344079971	2.101452100E-03	
2844.088826000	1.344077706	2.088790100E-03	
2843.606698000	1.344077706	2.075787200E-03	
2843.124570000	1.344075441	2.062450900E-03	
2842.642442000	1.344075322	2.048809800E-03	
2842.160314000	1.344072819	2.034933500E-03	
2841.678186000	1.344072700	2.020805400E-03	
2841.196058000	1.344069481	2.006275600E-03	
2840.713930000	1.344070315	1.991160200E-03	
2840.231802000	1.344066739	1.975402200E-03	
2839.749674000	1.344066262	1.959189100E-03	
2839.267546000	1.344061971	1.942712600E-03	
2838.785419000	1.344061017	1.926019300E-03	
2838.303291000	1.344055772	1.908954300E-03	
2837.821163000	1.344054222	1.891400800E-03	
2837.339035000	1.344048738	1.873394100E-03	
2836.856907000	1.344045281	1.855131600E-03	
2836.374779000	1.344038963	1.836742000E-03	
2835.892651000	1.344034433	1.818231900E-03	
2835.410523000	1.344027042	1.799525800E-03	
2834.928395000	1.344021320	1.780666100E-03	
2834.446267000	1.344012618	1.761778100E-03	
2833.964139000	1.344005942	1.743029500E-03	
2833.482011000	1.343995571	1.724423600E-03	
2832.999883000	1.343988061	1.705961900E-03	
2832.517755000	1.343976736	1.687585000E-03	
2832.035627000	1.343968272	1.669356900E-03	
2831.553499000	1.343956113	1.651307200E-03	
2831.071371000	1.343946099	1.633526200E-03	
2830.589243000	1.343933105	1.615988200E-03	
2830.107115000	1.343922973	1.598768800E-03	
2829.624987000	1.343908429	1.581879200E-03	
2829.142859000	1.343897820	1.565393200E-03	
2828.660731000	1.343882799	1.549217500E-03	
2828.178603000	1.343871713	1.533298800E-03	
2827.696475000	1.343856454	1.517513300E-03	
2827.214347000	1.343844414	1.501921300E-03	
2826.732219000	1.343828559	1.486573800E-03	
2826.250091000	1.343815804	1.471621700E-03	
2825.767963000	1.343799233	1.457068600E-03	
2825.285835000	1.343785882	1.442976800E-03	
2824.803707000	1.343768954	1.429278500E-03	
2824.321579000	1.343755364	1.416012400E-03	
2823.839451000	1.343738317	1.403059300E-03	
2823.357323000	1.343724012	1.390435300E-03	
2822.875195000	1.343706846	1.378087000E-03	
2822.393067000	1.343692660	1.366191900E-03	
2821.910939000	1.343674779	1.354759800E-03	
2821.428811000	1.343660235	1.343787300E-03	
2820.946683000	1.343642950	1.333004400E-03	
2820.464555000	1.343628526	1.322352700E-03	
2819.982427000	1.343610525	1.311839000E-03	
2819.500299000	1.343595624	1.301811200E-03	
2819.018171000	1.343577147	1.292379600E-03	
2818.536043000	1.343562245	1.283567200E-03	
2818.053915000	1.343544245	1.275081800E-03	
2817.571787000	1.343529701	1.266852500E-03	
2817.089659000	1.343511939	1.258783700E-03	
2816.607531000	1.343497038	1.251041300E-03	
2816.125404000	1.343479633	1.243513700E-03	
2815.643276000	1.343464851	1.236221200E-03	
2815.161148000	1.343447447	1.229030500E-03	
2814.679020000	1.343432546	1.222088400E-03	
2814.196892000	1.343414783	1.215425200E-03	
2813.714764000	1.343399763	1.209270100E-03	
2813.232636000	1.343381524	1.203573900E-03	
2812.750508000	1.343366861	1.198386300E-03	
2812.268380000	1.343349218	1.193450200E-03	
2811.786252000	1.343335032	1.188685900E-03	
2811.304124000	1.343317628	1.183915700E-03	
2810.821996000	1.343303323	1.179365700E-03	
2810.339868000	1.343285680	1.175144800E-03	
2809.857740000	1.343270898	1.171511000E-03	
2809.375612000	1.343253613	1.168292900E-03	
2808.893484000	1.343239188	1.165470000E-03	
2808.411356000	1.343222380	1.162808300E-03	
2807.929228000	1.343208313	1.160398000E-03	
2807.447100000	1.343191743	1.158140400E-03	
2806.964972000	1.343177915	1.156191300E-03	
2806.482844000	1.343160868	1.154509500E-03	
2806.000716000	1.343147278	1.153343400E-03	
2805.518588000	1.343130469	1.152590200E-03	
2805.036460000	1.343117356	1.152287800E-03	
2804.554332000	1.343101263	1.152138900E-03	
2804.072204000	1.343088508	1.152232900E-03	
2803.590076000	1.343072534	1.152551200E-03	
2803.107948000	1.343060255	1.153382400E-03	
2802.625820000	1.343044400	1.154570800E-03	
2802.143692000	1.343032837	1.156145200E-03	
2801.661564000	1.343017578	1.157841600E-03	
2801.179436000	1.343006492	1.159835000E-03	
2800.697308000	1.342991829	1.162015400E-03	
2800.215180000	1.342980862	1.164547600E-03	
2799.733052000	1.342967153	1.167256600E-03	
2799.250924000	1.342956424	1.170369700E-03	
2798.768796000	1.342942834	1.173827000E-03	
2798.286668000	1.342932940	1.177811600E-03	
2797.804540000	1.342920184	1.182005300E-03	
2797.322412000	1.342911363	1.186435200E-03	
2796.840284000	1.342898965	1.190930000E-03	
2796.358156000	1.342890620	1.195831200E-03	
2795.876028000	1.342879295	1.201100200E-03	
2795.393900000	1.342871308	1.206880700E-03	
2794.911772000	1.342861295	1.212830700E-03	
2794.429644000	1.342854619	1.219033000E-03	
2793.947517000	1.342845678	1.225295200E-03	
2793.465389000	1.342839956	1.231839300E-03	
2792.983261000	1.342831731	1.238449500E-03	
2792.501133000	1.342827320	1.245252000E-03	
2792.019005000	1.342820525	1.252030400E-03	
2791.536877000	1.342816949	1.259035400E-03	
2791.054749000	1.342810750	1.266174300E-03	
2790.572621000	1.342808008	1.273718800E-03	
2790.090493000	1.342803240	1.281455600E-03	
2789.608365000	1.342802525	1.289471100E-03	
2789.126237000	1.342799544	1.297399400E-03	
2788.644109000	1.342800260	1.305336400E-03	
2788.161981000	1.342798948	1.313054400E-03	
2787.679853000	1.342801213	1.320805900E-03	
2787.197725000	1.342801809	1.328373900E-03	
2786.715597000	1.342806101	1.335864300E-03	
2786.233469000	1.342808127	1.342911400E-03	
2785.751341000	1.342814565	1.349623000E-03	
2785.269213000	1.342818499	1.355727200E-03	
2784.787085000	1.342827320	1.361388400E-03	
2784.304957000	1.342832565	1.366351000E-03	
2783.822829000	1.342842698	1.370791500E-03	
2783.340701000	1.342850208	1.374453100E-03	
2782.858573000	1.342862248	1.377452700E-03	
2782.376445000	1.342872143	1.379330100E-03	
2781.894317000	1.342885733	1.380003500E-03	
2781.412189000	1.342897415	1.379028100E-03	
2780.930061000	1.342912197	1.376586300E-03	
2780.447933000	1.342924595	1.372546500E-03	
2779.965805000	1.342939854	1.367198500E-03	
2779.483677000	1.342951894	1.360318900E-03	
2779.001549000	1.342967868	1.352087000E-03	
2778.519421000	1.342979908	1.342200700E-03	
2778.037293000	1.342995167	1.330781000E-03	
2777.555165000	1.343006611	1.317532300E-03	
2777.073037000	1.343020916	1.302729100E-03	
2776.590909000	1.343030095	1.286383000E-03	
2776.108781000	1.343042016	1.269034500E-03	
2775.626653000	1.343049407	1.250655400E-03	
2775.144525000	1.343059182	1.231499700E-03	
2774.662397000	1.343063951	1.211322100E-03	
2774.180269000	1.343071461	1.190444800E-03	
2773.698141000	1.343073726	1.168887100E-03	
2773.216013000	1.343078136	1.147071800E-03	
2772.733885000	1.343078256	1.124871400E-03	
2772.251757000	1.343080044	1.102511300E-03	
2771.769630000	1.343077183	1.079880200E-03	
2771.287502000	1.343076229	1.057463300E-03	
2770.805374000	1.343070626	1.035364600E-03	
2770.323246000	1.343067288	1.013987200E-03	
2769.841118000	1.343060017	9.930697000E-04	
2769.358990000	1.343055606	9.726086000E-04	
2768.876862000	1.343046784	9.521880000E-04	
2768.394734000	1.343040943	9.319779000E-04	
2767.912606000	1.343030930	9.119153000E-04	
2767.430478000	1.343022823	8.924281000E-04	
2766.948350000	1.343011141	8.734634000E-04	
2766.466222000	1.343001842	8.552560000E-04	
2765.984094000	1.342988729	8.375904000E-04	
2765.501966000	1.342978954	8.206377000E-04	
2765.019838000	1.342965126	8.041988000E-04	
2764.537710000	1.342954516	7.883863000E-04	
2764.055582000	1.342940331	7.728813000E-04	
2763.573454000	1.342929125	7.578177000E-04	
2763.091326000	1.342914343	7.431135000E-04	
2762.609198000	1.342902184	7.291182000E-04	
2762.127070000	1.342886925	7.156830000E-04	
2761.644942000	1.342874885	7.028273000E-04	
2761.162814000	1.342859626	6.902122000E-04	
2760.680686000	1.342847109	6.780159000E-04	
2760.198558000	1.342831492	6.662367000E-04	
2759.716430000	1.342818856	6.551017000E-04	
2759.234302000	1.342803121	6.442944000E-04	
2758.752174000	1.342790842	6.337240000E-04	
2758.270046000	1.342775226	6.231748000E-04	
2757.787918000	1.342762351	6.130245000E-04	
2757.305790000	1.342746019	6.033664000E-04	
2756.823662000	1.342733026	5.944003000E-04	
2756.341534000	1.342717052	5.858090000E-04	
2755.859406000	1.342704296	5.775660000E-04	
2755.377278000	1.342688441	5.694873000E-04	
2754.895150000	1.342676044	5.617258000E-04	
2754.413022000	1.342660308	5.541336000E-04	
2753.930894000	1.342647672	5.468350000E-04	
2753.448766000	1.342632055	5.397803000E-04	
2752.966638000	1.342619419	5.332153000E-04	
2752.484510000	1.342603803	5.270115000E-04	
2752.002382000	1.342591882	5.211042000E-04	
2751.520254000	1.342576742	5.151797000E-04	
2751.038126000	1.342565060	5.093366000E-04	
2750.555998000	1.342549920	5.037353000E-04	
2750.073870000	1.342538238	4.983398000E-04	
2749.591743000	1.342523336	4.931031000E-04	
2749.109615000	1.342512012	4.880166000E-04	
2748.627487000	1.342497110	4.829690000E-04	
2748.145359000	1.342485785	4.781905000E-04	
2747.663231000	1.342471004	4.736583000E-04	
2747.181103000	1.342459559	4.694722000E-04	
2746.698975000	1.342445254	4.654631000E-04	
2746.216847000	1.342434287	4.616624000E-04	
2745.734719000	1.342420340	4.579624000E-04	
2745.252591000	1.342409849	4.543930000E-04	
2744.770463000	1.342396259	4.507857000E-04	
2744.288335000	1.342386127	4.471990000E-04	
2743.806207000	1.342372656	4.436026000E-04	
2743.324079000	1.342362642	4.401173000E-04	
2742.841951000	1.342349291	4.366487000E-04	
2742.359823000	1.342339396	4.332344000E-04	
2741.877695000	1.342326164	4.298546000E-04	
2741.395567000	1.342316270	4.266638000E-04	
2740.913439000	1.342303038	4.236372000E-04	
2740.431311000	1.342293501	4.207446000E-04	
2739.949183000	1.342280507	4.178439000E-04	
2739.467055000	1.342271328	4.149778000E-04	
2738.984927000	1.342258573	4.121365000E-04	
2738.502799000	1.342249513	4.093435000E-04	
2738.020671000	1.342236996	4.064755000E-04	
2737.538543000	1.342227817	4.035730000E-04	
2737.056415000	1.342215300	4.007199000E-04	
2736.574287000	1.342206001	3.980804000E-04	
2736.092159000	1.342193604	3.955875000E-04	
2735.610031000	1.342184663	3.931415000E-04	
2735.127903000	1.342172503	3.906533000E-04	
2734.645775000	1.342163444	3.882117000E-04	
2734.163647000	1.342151284	3.858735000E-04	
2733.681519000	1.342142582	3.836312000E-04	
2733.199391000	1.342130542	3.813704000E-04	
2732.717263000	1.342122078	3.791013000E-04	
2732.235135000	1.342109919	3.768913000E-04	
2731.753007000	1.342101336	3.747887000E-04	
2731.270879000	1.342089534	3.727511000E-04	
2730.788751000	1.342081070	3.707407000E-04	
2730.306623000	1.342069268	3.688212000E-04	
2729.824495000	1.342060924	3.670589000E-04	
2729.342367000	1.342049360	3.653685000E-04	
2728.860239000	1.342041373	3.635836000E-04	
2728.378111000	1.342030048	3.616576000E-04	
2727.895983000	1.342021823	3.597476000E-04	
2727.413855000	1.342010260	3.580493000E-04	
2726.931728000	1.342002392	3.565430000E-04	
2726.449600000	1.341991067	3.550430000E-04	
2725.967472000	1.341983438	3.534310000E-04	
2725.485344000	1.341972232	3.517877000E-04	
2725.003216000	1.341964483	3.502473000E-04	
2724.521088000	1.341953516	3.488224000E-04	
2724.038960000	1.341946006	3.473825000E-04	
2723.556832000	1.341935039	3.459039000E-04	
2723.074704000	1.341927528	3.444744000E-04	
2722.592576000	1.341916680	3.431916000E-04	
2722.110448000	1.341909528	3.419500000E-04	
2721.628320000	1.341899157	3.405999000E-04	
2721.146192000	1.341892242	3.390454000E-04	
2720.664064000	1.341881633	3.373847000E-04	
2720.181936000	1.341874599	3.357071000E-04	
2719.699808000	1.341863751	3.341003000E-04	
2719.217680000	1.341856599	3.325703000E-04	
2718.735552000	1.341845870	3.311688000E-04	
2718.253424000	1.341838717	3.298619000E-04	
2717.771296000	1.341828227	3.285686000E-04	
2717.289168000	1.341821194	3.271583000E-04	
2716.807040000	1.341810703	3.257078000E-04	
2716.324912000	1.341803432	3.243650000E-04	
2715.842784000	1.341792703	3.232873000E-04	
2715.360656000	1.341785669	3.223499000E-04	
2714.878528000	1.341775298	3.214242000E-04	
2714.396400000	1.341768384	3.204147000E-04	
2713.914272000	1.341758132	3.194678000E-04	
2713.432144000	1.341751218	3.186077000E-04	
2712.950016000	1.341741204	3.178020000E-04	
2712.467888000	1.341734529	3.168494000E-04	
2711.985760000	1.341724515	3.158098000E-04	
2711.503632000	1.341717601	3.148300000E-04	
2711.021504000	1.341707349	3.141609000E-04	
2710.539376000	1.341700435	3.137735000E-04	
2710.057248000	1.341690540	3.135584000E-04	
2709.575120000	1.341684222	3.132798000E-04	
2709.092992000	1.341674685	3.129006000E-04	
2708.610864000	1.341668606	3.123980000E-04	
2708.128736000	1.341659069	3.119427000E-04	
2707.646608000	1.341652989	3.115904000E-04	
2707.164480000	1.341643453	3.114547000E-04	
2706.682352000	1.341637850	3.113477000E-04	
2706.200224000	1.341628909	3.111543000E-04	
2705.718096000	1.341623425	3.107194000E-04	
2705.235968000	1.341614604	3.102374000E-04	
2704.753841000	1.341608882	3.098305000E-04	
2704.271713000	1.341599941	3.096605000E-04	
2703.789585000	1.341594815	3.095596000E-04	
2703.307457000	1.341586232	3.094854000E-04	
2702.825329000	1.341581225	3.093407000E-04	
2702.343201000	1.341573000	3.092700000E-04	
2701.861073000	1.341568589	3.091711000E-04	
2701.378945000	1.341560841	3.090180000E-04	
2700.896817000	1.341556907	3.085994000E-04	
2700.414689000	1.341549397	3.080021000E-04	
2699.932561000	1.341545701	3.071902000E-04	
2699.450433000	1.341538548	3.062660000E-04	
2698.968305000	1.341534853	3.050865000E-04	
2698.486177000	1.341527820	3.037303000E-04	
2698.004049000	1.341524005	3.021494000E-04	
2697.521921000	1.341516852	3.005382000E-04	
2697.039793000	1.341513276	2.987890000E-04	
2696.557665000	1.341506124	2.969503000E-04	
2696.075537000	1.341502547	2.948639000E-04	
2695.593409000	1.341495395	2.926567000E-04	
2695.111281000	1.341491818	2.902285000E-04	
2694.629153000	1.341484547	2.876805000E-04	
2694.147025000	1.341480851	2.848408000E-04	
2693.664897000	1.341473460	2.818444000E-04	
2693.182769000	1.341469288	2.786830000E-04	
2692.700641000	1.341461420	2.756153000E-04	
2692.218513000	1.341456890	2.725505000E-04	
2691.736385000	1.341449142	2.695224000E-04	
2691.254257000	1.341444612	2.662762000E-04	
2690.772129000	1.341436625	2.629081000E-04	
2690.290001000	1.341431856	2.593817000E-04	
2689.807873000	1.341423392	2.559281000E-04	
2689.325745000	1.341418266	2.524360000E-04	
2688.843617000	1.341409564	2.489690000E-04	
2688.361489000	1.341404200	2.453590000E-04	
2687.879361000	1.341395020	2.418486000E-04	
2687.397233000	1.341389179	2.384556000E-04	
2686.915105000	1.341379762	2.353782000E-04	
2686.432977000	1.341374040	2.323747000E-04	
2685.950849000	1.341364741	2.294192000E-04	
2685.468721000	1.341359019	2.262859000E-04	
2684.986593000	1.341349602	2.231560000E-04	
2684.504465000	1.341343641	2.199351000E-04	
2684.022337000	1.341333866	2.168097000E-04	
2683.540209000	1.341327548	2.136736000E-04	
2683.058081000	1.341317415	2.107863000E-04	
2682.575954000	1.341310740	2.081054000E-04	
2682.093826000	1.341300726	2.057480000E-04	
2681.611698000	1.341294408	2.033842000E-04	
2681.129570000	1.341284513	2.009854000E-04	
2680.647442000	1.341278195	1.983923000E-04	
2680.165314000	1.341268182	1.959083000E-04	
2679.683186000	1.341261387	1.935473000E-04	
2679.201058000	1.341251135	1.914880000E-04	
2678.718930000	1.341244698	1.894732000E-04	
2678.236802000	1.341234684	1.875298000E-04	
2677.754674000	1.341228247	1.854296000E-04	
2677.272546000	1.341218233	1.833459000E-04	
2676.790418000	1.341211557	1.812030000E-04	
2676.308290000	1.341201186	1.792840000E-04	
2675.826162000	1.341194272	1.775146000E-04	
2675.344034000	1.341183901	1.760710000E-04	
2674.861906000	1.341177225	1.747111000E-04	
2674.379778000	1.341167092	1.735224000E-04	
2673.897650000	1.341160655	1.722578000E-04	
2673.415522000	1.341150880	1.710591000E-04	
2672.933394000	1.341144562	1.697157000E-04	
2672.451266000	1.341134787	1.684072000E-04	
2671.969138000	1.341128469	1.670109000E-04	
2671.487010000	1.341118455	1.657908000E-04	
2671.004882000	1.341112137	1.645894000E-04	
2670.522754000	1.341102123	1.635542000E-04	
2670.040626000	1.341095924	1.624378000E-04	
2669.558498000	1.341086030	1.614601000E-04	
2669.076370000	1.341079712	1.605015000E-04	
2668.594242000	1.341069937	1.597817000E-04	
2668.112114000	1.341063857	1.590368000E-04	
2667.629986000	1.341054201	1.583846000E-04	
2667.147858000	1.341048360	1.576640000E-04	
2666.665730000	1.341038823	1.569658000E-04	
2666.183602000	1.341033101	1.563163000E-04	
2665.701474000	1.341023803	1.556135000E-04	
2665.219346000	1.341018200	1.549131000E-04	
2664.737218000	1.341008902	1.541823000E-04	
2664.255090000	1.341003299	1.535443000E-04	
2663.772962000	1.340994000	1.529297000E-04	
2663.290834000	1.340988636	1.523470000E-04	
2662.808706000	1.340979695	1.516652000E-04	
2662.326578000	1.340974450	1.509647000E-04	
2661.844450000	1.340965390	1.502415000E-04	
2661.362322000	1.340960145	1.496253000E-04	
2660.880194000	1.340951324	1.490373000E-04	
2660.398067000	1.340946317	1.484999000E-04	
2659.915939000	1.340937853	1.478773000E-04	
2659.433811000	1.340933084	1.472038000E-04	
2658.951683000	1.340924859	1.463677000E-04	
2658.469555000	1.340920448	1.454183000E-04	
2657.987427000	1.340912342	1.442492000E-04	
2657.505299000	1.340907931	1.429332000E-04	
2657.023171000	1.340899825	1.414078000E-04	
2656.541043000	1.340895295	1.398035000E-04	
2656.058915000	1.340886831	1.380932000E-04	
2655.576787000	1.340882182	1.363903000E-04	
2655.094659000	1.340873718	1.346003000E-04	
2654.612531000	1.340869069	1.327668000E-04	
2654.130403000	1.340860605	1.307824000E-04	
2653.648275000	1.340855718	1.287493000E-04	
2653.166147000	1.340847135	1.266188000E-04	
2652.684019000	1.340842009	1.244907000E-04	
2652.201891000	1.340833306	1.222594000E-04	
2651.719763000	1.340828180	1.199983000E-04	
2651.237635000	1.340819240	1.176379000E-04	
2650.755507000	1.340813756	1.153069000E-04	
2650.273379000	1.340804458	1.129446000E-04	
2649.791251000	1.340798974	1.106457000E-04	
2649.309123000	1.340789437	1.083271000E-04	
2648.826995000	1.340783596	1.061115000E-04	
2648.344867000	1.340774059	1.039402000E-04	
2647.862739000	1.340768099	1.018925000E-04	
2647.380611000	1.340758562	9.979350000E-05	
2646.898483000	1.340752840	9.764200000E-05	
2646.416355000	1.340743184	9.530420000E-05	
2645.934227000	1.340737104	9.295570000E-05	
2645.452099000	1.340726852	9.065110000E-05	
2644.969971000	1.340720296	8.863190000E-05	
2644.487843000	1.340709925	8.682740000E-05	
2644.005715000	1.340703487	8.523670000E-05	
2643.523587000	1.340693593	8.359210000E-05	
2643.041459000	1.340687513	8.187170000E-05	
2642.559331000	1.340677500	7.995250000E-05	
2642.077203000	1.340671182	7.802600000E-05	
2641.595075000	1.340660930	7.608450000E-05	
2641.112947000	1.340654254	7.431300000E-05	
2640.630819000	1.340643764	7.262280000E-05	
2640.148691000	1.340637088	7.111450000E-05	
2639.666563000	1.340626717	6.962480000E-05	
2639.184435000	1.340620279	6.818650000E-05	
2638.702307000	1.340610027	6.662500000E-05	
2638.220179000	1.340603590	6.504020000E-05	
2637.738052000	1.340593219	6.334430000E-05	
2637.255924000	1.340586543	6.168190000E-05	
2636.773796000	1.340575933	5.995410000E-05	
2636.291668000	1.340569139	5.831250000E-05	
2635.809540000	1.340558171	5.670670000E-05	
2635.327412000	1.340551019	5.531050000E-05	
2634.845284000	1.340540171	5.397980000E-05	
2634.363156000	1.340533257	5.273060000E-05	
2633.881028000	1.340522408	5.134640000E-05	
2633.398900000	1.340515375	4.997550000E-05	
2632.916772000	1.340504289	4.862400000E-05	
2632.434644000	1.340496778	4.743680000E-05	
2631.952516000	1.340485454	4.634330000E-05	
2631.470388000	1.340478182	4.533060000E-05	
2630.988260000	1.340466976	4.434230000E-05	
2630.506132000	1.340459704	4.336050000E-05	
2630.024004000	1.340448380	4.237680000E-05	
2629.541876000	1.340440869	4.144130000E-05	
2629.059748000	1.340429306	4.059140000E-05	
2628.577620000	1.340421438	3.988900000E-05	
2628.095492000	1.340409636	3.934820000E-05	
2627.613364000	1.340401769	3.897780000E-05	
2627.131236000	1.340390086	3.872800000E-05	
2626.649108000	1.340382457	3.856770000E-05	
2626.166980000	1.340370893	3.845100000E-05	
2625.684852000	1.340363264	3.838210000E-05	
2625.202724000	1.340351701	3.834640000E-05	
2624.720596000	1.340344071	3.835390000E-05	
2624.238468000	1.340332508	3.838490000E-05	
2623.756340000	1.340324879	3.846470000E-05	
2623.274212000	1.340313077	3.861780000E-05	
2622.792084000	1.340305209	3.891250000E-05	
2622.309956000	1.340293169	3.937070000E-05	
2621.827828000	1.340285420	4.000190000E-05	
2621.345700000	1.340273619	4.074790000E-05	
2620.863572000	1.340266109	4.156810000E-05	
2620.381444000	1.340254664	4.240630000E-05	
2619.899316000	1.340247273	4.325440000E-05	
2619.417188000	1.340235829	4.408250000E-05	
2618.935060000	1.340228558	4.489240000E-05	
2618.452932000	1.340217233	4.567320000E-05	
2617.970804000	1.340209961	4.645920000E-05	
2617.488676000	1.340198278	4.727450000E-05	
2617.006548000	1.340190887	4.814240000E-05	
2616.524420000	1.340179205	4.905340000E-05	
2616.042292000	1.340171933	4.999530000E-05	
2615.560165000	1.340160251	5.101930000E-05	
2615.078037000	1.340152860	5.212870000E-05	
2614.595909000	1.340140939	5.333310000E-05	
2614.113781000	1.340133429	5.457580000E-05	
2613.631653000	1.340121627	5.585290000E-05	
2613.149525000	1.340114474	5.715090000E-05	
2612.667397000	1.340102673	5.843480000E-05	
2612.185269000	1.340095997	5.964590000E-05	
2611.703141000	1.340083957	6.071120000E-05	
2611.221013000	1.340079546	6.164460000E-05	
2610.738885000	1.340067148	6.254450000E-05	
2610.256757000	1.340055346	6.358130000E-05	
2609.774629000	1.340043187	6.483190000E-05	
2609.292501000	1.340033889	6.628430000E-05	
2608.810373000	1.340021729	6.784550000E-05	
2608.328245000	1.340012789	6.945560000E-05	
2607.846117000	1.340000629	7.128400000E-05	
2607.363989000	1.339991927	7.334400000E-05	
2606.881861000	1.339979529	7.565070000E-05	
2606.399733000	1.339970827	7.802240000E-05	
2605.917605000	1.339958310	8.046500000E-05	
2605.435477000	1.339949489	8.299050000E-05	
2604.953349000	1.339936852	8.561600000E-05	
2604.471221000	1.339927793	8.836420000E-05	
2603.989093000	1.339914918	9.125370000E-05	
2603.506965000	1.339905620	9.429930000E-05	
2603.024837000	1.339892507	9.751010000E-05	
2602.542709000	1.339883208	1.008968000E-04	
2602.060581000	1.339869857	1.044742000E-04	
2601.578453000	1.339860201	1.082637000E-04	
2601.096325000	1.339846611	1.122888000E-04	
2600.614197000	1.339836836	1.165716000E-04	
2600.132069000	1.339823008	1.211285000E-04	
2599.649941000	1.339813113	1.259691000E-04	
2599.167813000	1.339799166	1.311014000E-04	
2598.685685000	1.339789152	1.365380000E-04	
2598.203557000	1.339775085	1.423028000E-04	
2597.721429000	1.339764833	1.484280000E-04	
2597.239301000	1.339750648	1.549473000E-04	
2596.757173000	1.339740276	1.618853000E-04	
2596.275045000	1.339726090	1.692592000E-04	
2595.792917000	1.339715838	1.770814000E-04	
2595.310789000	1.339701772	1.853707000E-04	
2594.828661000	1.339691520	1.941290000E-04	
2594.346533000	1.339677453	2.033004000E-04	
2593.864405000	1.339667559	2.130100000E-04	
2593.382278000	1.339653969	2.231931000E-04	
2592.900150000	1.339644432	2.339613000E-04	
2592.418022000	1.339631081	2.452485000E-04	
2591.935894000	1.339621782	2.571716000E-04	
2591.453766000	1.339608788	2.697409000E-04	
2590.971638000	1.339600205	2.829455000E-04	
2590.489510000	1.339587808	2.965819000E-04	
2590.007382000	1.339579821	3.111532000E-04	
2589.525254000	1.339568496	3.264097000E-04	
2589.043126000	1.339561462	3.424175000E-04	
2588.560998000	1.339551210	3.591219000E-04	
2588.078870000	1.339545369	3.765865000E-04	
2587.596742000	1.339536428	3.950784000E-04	
2587.114614000	1.339532852	4.142595000E-04	
2586.632486000	1.339526057	4.338200000E-04	
2586.150358000	1.339524388	4.541465000E-04	
2585.668230000	1.339519978	4.749152000E-04	
2585.186102000	1.339520812	4.961422000E-04	
2584.703974000	1.339519143	5.177063000E-04	
2584.221846000	1.339522839	5.395898000E-04	
2583.739718000	1.339523911	5.616371000E-04	
2583.257590000	1.339530587	5.838151000E-04	
2582.775462000	1.339535117	6.059696000E-04	
2582.293334000	1.339545012	6.280580000E-04	
2581.811206000	1.339553237	6.498840000E-04	
2581.329078000	1.339566827	6.713316000E-04	
2580.846950000	1.339578748	6.921513000E-04	
2580.364822000	1.339596391	7.122144000E-04	
2579.882694000	1.339612126	7.312826000E-04	
2579.400566000	1.339633703	7.491870000E-04	
2578.918438000	1.339653492	7.655984000E-04	
2578.436310000	1.339679241	7.802520000E-04	
2577.954182000	1.339702845	7.927831000E-04	
2577.472054000	1.339732051	8.029361000E-04	
2576.989926000	1.339758873	8.103786000E-04	
2576.507798000	1.339790463	8.148730000E-04	
2576.025670000	1.339819193	8.161348000E-04	
2575.543542000	1.339852214	8.140425000E-04	
2575.061414000	1.339880824	8.085002000E-04	
2574.579286000	1.339913130	7.995623000E-04	
2574.097158000	1.339940190	7.872768000E-04	
2573.615030000	1.339969635	7.718457000E-04	
2573.132902000	1.339993238	7.535170000E-04	
2572.650774000	1.340018630	7.326978000E-04	
2572.168646000	1.340037227	7.097804000E-04	
2571.686518000	1.340057254	6.851980000E-04	
2571.204391000	1.340070605	6.593280000E-04	
2570.722263000	1.340084672	6.325826000E-04	
2570.240135000	1.340092421	6.053285000E-04	
2569.758007000	1.340101480	5.779169000E-04	
2569.275879000	1.340103984	5.506224000E-04	
2568.793751000	1.340107918	5.236950000E-04	
2568.311623000	1.340106010	4.973313000E-04	
2567.829495000	1.340105891	4.716880000E-04	
2567.347367000	1.340100288	4.468647000E-04	
2566.865239000	1.340096712	4.229366000E-04	
2566.383111000	1.340087891	4.003557000E-04	
2565.900983000	1.340082049	3.784750000E-04	
2565.418855000	1.340070844	3.576756000E-04	
2564.936727000	1.340062857	3.379058000E-04	
2564.454599000	1.340049744	3.191276000E-04	
2563.972471000	1.340039968	3.017459000E-04	
2563.490343000	1.340025783	2.853863000E-04	
2563.008215000	1.340015173	2.700393000E-04	
2562.526087000	1.340000153	2.556682000E-04	
2562.043959000	1.339988947	2.421465000E-04	
2561.561831000	1.339973569	2.294346000E-04	
2561.079703000	1.339961767	2.175055000E-04	
2560.597575000	1.339945912	2.064251000E-04	
2560.115447000	1.339933991	1.961660000E-04	
2559.633319000	1.339917898	1.867174000E-04	
2559.151191000	1.339906216	1.779737000E-04	
2558.669063000	1.339890480	1.694307000E-04	
2558.186935000	1.339878678	1.614781000E-04	
2557.704807000	1.339862704	1.541215000E-04	
2557.222679000	1.339850783	1.473119000E-04	
2556.740551000	1.339834929	1.410851000E-04	
2556.258423000	1.339823127	1.353932000E-04	
2555.776295000	1.339807510	1.302320000E-04	
2555.294167000	1.339795947	1.254964000E-04	
2554.812039000	1.339780688	1.211729000E-04	
2554.329911000	1.339769483	1.172038000E-04	
2553.847783000	1.339754462	1.136275000E-04	
2553.365655000	1.339743614	1.103848000E-04	
2552.883527000	1.339728832	1.074798000E-04	
2552.401399000	1.339718342	1.048363000E-04	
2551.919271000	1.339704037	1.024844000E-04	
2551.437143000	1.339693904	1.003835000E-04	
2550.955015000	1.339679956	9.856450000E-05	
2550.472887000	1.339670181	9.695320000E-05	
2549.990759000	1.339656591	9.554670000E-05	
2549.508631000	1.339647293	9.426820000E-05	
2549.026503000	1.339634061	9.314600000E-05	
2548.544376000	1.339625001	9.213370000E-05	
2548.062248000	1.339612126	9.127430000E-05	
2547.580120000	1.339603424	9.052750000E-05	
2547.097992000	1.339590788	8.993400000E-05	
2546.615864000	1.339582324	8.944380000E-05	
2546.133736000	1.339570045	8.907800000E-05	
2545.651608000	1.339561939	8.877960000E-05	
2545.169480000	1.339549780	8.857210000E-05	
2544.687352000	1.339542031	8.841420000E-05	
2544.205224000	1.339530230	8.833910000E-05	
2543.723096000	1.339522600	8.831300000E-05	
2543.240968000	1.339510918	8.837580000E-05	
2542.758840000	1.339503527	8.850140000E-05	
2542.276712000	1.339492083	8.872370000E-05	
2541.794584000	1.339484930	8.899930000E-05	
2541.312456000	1.339473844	8.934040000E-05	
2540.830328000	1.339466929	8.970200000E-05	
2540.348200000	1.339456081	9.010540000E-05	
2539.866072000	1.339449286	9.052830000E-05	
2539.383944000	1.339438558	9.099970000E-05	
2538.901816000	1.339432120	9.149450000E-05	
2538.419688000	1.339421630	9.202000000E-05	
2537.937560000	1.339415431	9.253970000E-05	
2537.455432000	1.339405060	9.306490000E-05	
2536.973304000	1.339399099	9.358970000E-05	
2536.491176000	1.339388967	9.413840000E-05	
2536.009048000	1.339383006	9.469560000E-05	
2535.526920000	1.339373112	9.524060000E-05	
2535.044792000	1.339367509	9.574110000E-05	
2534.562664000	1.339357734	9.619790000E-05	
2534.080536000	1.339352250	9.662180000E-05	
2533.598408000	1.339342594	9.701690000E-05	
2533.116280000	1.339337349	9.737020000E-05	
2532.634152000	1.339327812	9.765440000E-05	
2532.152024000	1.339322567	9.787980000E-05	
2531.669896000	1.339313149	9.805510000E-05	
2531.187768000	1.339307904	9.821350000E-05	
2530.705640000	1.339298487	9.833460000E-05	
2530.223512000	1.339293361	9.841850000E-05	
2529.741384000	1.339283943	9.843620000E-05	
2529.259256000	1.339278817	9.842090000E-05	
2528.777128000	1.339269400	9.835880000E-05	
2528.295000000	1.339264274	9.827800000E-05	
2527.812872000	1.339254856	9.814130000E-05	
2527.330744000	1.339249730	9.799000000E-05	
2526.848616000	1.339240313	9.779820000E-05	
2526.366489000	1.339235067	9.761490000E-05	
2525.884361000	1.339225650	9.738900000E-05	
2525.402233000	1.339220405	9.715800000E-05	
2524.920105000	1.339210868	9.687350000E-05	
2524.437977000	1.339205503	9.659360000E-05	
2523.955849000	1.339195967	9.627430000E-05	
2523.473721000	1.339190483	9.597850000E-05	
2522.991593000	1.339180827	9.566430000E-05	
2522.509465000	1.339175224	9.541890000E-05	
2522.027337000	1.339165330	9.519910000E-05	
2521.545209000	1.339159727	9.505580000E-05	
2521.063081000	1.339149833	9.490790000E-05	
2520.580953000	1.339144111	9.481140000E-05	
2520.098825000	1.339134216	9.471440000E-05	
2519.616697000	1.339128375	9.470890000E-05	
2519.134569000	1.339118361	9.474170000E-05	
2518.652441000	1.339112401	9.488760000E-05	
2518.170313000	1.339102387	9.507550000E-05	
2517.688185000	1.339096427	9.536460000E-05	
2517.206057000	1.339086413	9.565970000E-05	
2516.723929000	1.339080572	9.600490000E-05	
2516.241801000	1.339070439	9.633450000E-05	
2515.759673000	1.339064479	9.675450000E-05	
2515.277545000	1.339054227	9.726410000E-05	
2514.795417000	1.339048147	9.796800000E-05	
2514.313289000	1.339037895	9.880440000E-05	
2513.831161000	1.339031935	9.981150000E-05	
2513.349033000	1.339021802	1.009015000E-04	
2512.866905000	1.339015961	1.021064000E-04	
2512.384777000	1.339005947	1.033546000E-04	
2511.902649000	1.339000225	1.047015000E-04	
2511.420521000	1.338990450	1.061225000E-04	
2510.938393000	1.338984728	1.077005000E-04	
2510.456265000	1.338975072	1.093853000E-04	
2509.974137000	1.338969827	1.111761000E-04	
2509.492009000	1.338960409	1.129885000E-04	
2509.009881000	1.338955402	1.148577000E-04	
2508.527753000	1.338946342	1.167720000E-04	
2508.045625000	1.338941574	1.187595000E-04	
2507.563497000	1.338932872	1.207405000E-04	
2507.081369000	1.338928580	1.226807000E-04	
2506.599241000	1.338920116	1.245446000E-04	
2506.117113000	1.338916063	1.263871000E-04	
2505.634985000	1.338907957	1.282154000E-04	
2505.152857000	1.338904262	1.300104000E-04	
2504.670729000	1.338896632	1.316828000E-04	
2504.188602000	1.338893294	1.331767000E-04	
2503.706474000	1.338885903	1.344663000E-04	
2503.224346000	1.338882923	1.355611000E-04	
2502.742218000	1.338875651	1.364622000E-04	
2502.260090000	1.338872790	1.371543000E-04	
2501.777962000	1.338865638	1.376412000E-04	
2501.295834000	1.338862658	1.379151000E-04	
2500.813706000	1.338855505	1.379933000E-04	
2500.331578000	1.338852525	1.378636000E-04	
2499.849450000	1.338845253	1.375545000E-04	
2499.367322000	1.338842154	1.370796000E-04	
2498.885194000	1.338834524	1.364927000E-04	
2498.403066000	1.338831186	1.357771000E-04	
2497.920938000	1.338823557	1.349439000E-04	
2497.438810000	1.338819981	1.339519000E-04	
2496.956682000	1.338811994	1.328484000E-04	
2496.474554000	1.338808060	1.316399000E-04	
2495.992426000	1.338799715	1.303967000E-04	
2495.510298000	1.338795543	1.291092000E-04	
2495.028170000	1.338786960	1.278249000E-04	
2494.546042000	1.338782430	1.265068000E-04	
2494.063914000	1.338773608	1.251918000E-04	
2493.581786000	1.338768840	1.238361000E-04	
2493.099658000	1.338759661	1.224874000E-04	
2492.617530000	1.338754654	1.211212000E-04	
2492.135402000	1.338745117	1.198032000E-04	
2491.653274000	1.338739872	1.185059000E-04	
2491.171146000	1.338730097	1.172859000E-04	
2490.689018000	1.338724494	1.161215000E-04	
2490.206890000	1.338714480	1.150753000E-04	
2489.724762000	1.338708758	1.140972000E-04	
2489.242634000	1.338698626	1.132055000E-04	
2488.760506000	1.338692665	1.123342000E-04	
2488.278378000	1.338682413	1.115410000E-04	
2487.796250000	1.338676214	1.108220000E-04	
2487.314122000	1.338665843	1.102384000E-04	
2486.831994000	1.338659525	1.097188000E-04	
2486.349866000	1.338649035	1.092620000E-04	
2485.867738000	1.338642716	1.088156000E-04	
2485.385610000	1.338631988	1.084760000E-04	
2484.903482000	1.338625431	1.082603000E-04	
2484.421354000	1.338614583	1.082272000E-04	
2483.939226000	1.338608146	1.082807000E-04	
2483.457098000	1.338597298	1.084034000E-04	
2482.974970000	1.338590860	1.085353000E-04	
2482.492842000	1.338580012	1.087481000E-04	
2482.010715000	1.338573456	1.090311000E-04	
2481.528587000	1.338562608	1.094219000E-04	
2481.046459000	1.338556051	1.098487000E-04	
2480.564331000	1.338545203	1.103232000E-04	
2480.082203000	1.338538647	1.108039000E-04	
2479.600075000	1.338527799	1.113451000E-04	
2479.117947000	1.338521123	1.119200000E-04	
2478.635819000	1.338510156	1.125656000E-04	
2478.153691000	1.338503480	1.132483000E-04	
2477.671563000	1.338492393	1.140056000E-04	
2477.189435000	1.338485837	1.148103000E-04	
2476.707307000	1.338474631	1.156882000E-04	
2476.225179000	1.338467956	1.165941000E-04	
2475.743051000	1.338456869	1.175445000E-04	
2475.260923000	1.338450074	1.185028000E-04	
2474.778795000	1.338438869	1.194952000E-04	
2474.296667000	1.338432074	1.205096000E-04	
2473.814539000	1.338420630	1.215873000E-04	
2473.332411000	1.338413715	1.227245000E-04	
2472.850283000	1.338402271	1.239509000E-04	
2472.368155000	1.338395119	1.252375000E-04	
2471.886027000	1.338383555	1.265962000E-04	
2471.403899000	1.338376284	1.280167000E-04	
2470.921771000	1.338364482	1.295304000E-04	
2470.439643000	1.338357210	1.311316000E-04	
2469.957515000	1.338345289	1.328222000E-04	
2469.475387000	1.338337779	1.345882000E-04	
2468.993259000	1.338325739	1.364544000E-04	
2468.511131000	1.338317990	1.384599000E-04	
2468.029003000	1.338305712	1.406307000E-04	
2467.546875000	1.338297844	1.429568000E-04	
2467.064747000	1.338285446	1.454048000E-04	
2466.582619000	1.338277459	1.479890000E-04	
2466.100491000	1.338264942	1.507316000E-04	
2465.618363000	1.338256717	1.536883000E-04	
2465.136235000	1.338243961	1.568500000E-04	
2464.654107000	1.338235617	1.602317000E-04	
2464.171979000	1.338222861	1.638247000E-04	
2463.689851000	1.338214397	1.677052000E-04	
2463.207723000	1.338201523	1.717188000E-04	
2462.725595000	1.338192940	1.760543000E-04	
2462.243467000	1.338179946	1.806331000E-04	
2461.761339000	1.338171363	1.854787000E-04	
2461.279211000	1.338158250	1.905840000E-04	
2460.797083000	1.338149667	1.960521000E-04	
2460.314955000	1.338136435	2.018678000E-04	
2459.832827000	1.338127851	2.080847000E-04	
2459.350700000	1.338114738	2.146510000E-04	
2458.868572000	1.338106155	2.216484000E-04	
2458.386444000	1.338093162	2.290459000E-04	
2457.904316000	1.338084698	2.370790000E-04	
2457.422188000	1.338072062	2.455392000E-04	
2456.940060000	1.338064075	2.545140000E-04	
2456.457932000	1.338052034	2.639582000E-04	
2455.975804000	1.338044524	2.737422000E-04	
2455.493676000	1.338032842	2.842159000E-04	
2455.011548000	1.338026047	2.952551000E-04	
2454.529420000	1.338015318	3.067897000E-04	
2454.047292000	1.338009596	3.188943000E-04	
2453.565164000	1.338000059	3.314755000E-04	
2453.083036000	1.337995529	3.445706000E-04	
2452.600908000	1.337987423	3.580489000E-04	
2452.118780000	1.337984681	3.719272000E-04	
2451.636652000	1.337978125	3.860695000E-04	
2451.154524000	1.337977171	4.004876000E-04	
2450.672396000	1.337972641	4.150458000E-04	
2450.190268000	1.337973595	4.297463000E-04	
2449.708140000	1.337971449	4.444127000E-04	
2449.226012000	1.337974787	4.589648000E-04	
2448.743884000	1.337974787	4.731475000E-04	
2448.261756000	1.337980509	4.868711000E-04	
2447.779628000	1.337982774	4.999507000E-04	
2447.297500000	1.337990522	5.123724000E-04	
2446.815372000	1.337994814	5.239721000E-04	
2446.333244000	1.338004231	5.346888000E-04	
2445.851116000	1.338010073	5.443507000E-04	
2445.368988000	1.338020921	5.529562000E-04	
2444.886860000	1.338027596	5.604490000E-04	
2444.404732000	1.338039160	5.669211000E-04	
2443.922604000	1.338046312	5.723765000E-04	
2443.440476000	1.338057995	5.769163000E-04	
2442.958348000	1.338065624	5.805326000E-04	
2442.476220000	1.338077426	5.832743000E-04	
2441.994092000	1.338084936	5.850957000E-04	
2441.511964000	1.338096857	5.860447000E-04	
2441.029836000	1.338104248	5.861371000E-04	
2440.547708000	1.338115931	5.854636000E-04	
2440.065580000	1.338122964	5.840118000E-04	
2439.583452000	1.338134646	5.817562000E-04	
2439.101324000	1.338141322	5.785993000E-04	
2438.619196000	1.338152647	5.745006000E-04	
2438.137068000	1.338158965	5.694274000E-04	
2437.654940000	1.338169575	5.633892000E-04	
2437.172813000	1.338174820	5.563860000E-04	
2436.690685000	1.338184237	5.484568000E-04	
2436.208557000	1.338188052	5.396983000E-04	
2435.726429000	1.338195562	5.302610000E-04	
2435.244301000	1.338197470	5.203241000E-04	
2434.762173000	1.338202953	5.100147000E-04	
2434.280045000	1.338202953	4.994494000E-04	
2433.797917000	1.338206410	4.887059000E-04	
2433.315789000	1.338204503	4.779242000E-04	
2432.833661000	1.338206053	4.672260000E-04	
2432.351533000	1.338202238	4.567793000E-04	
2431.869405000	1.338202000	4.466555000E-04	
2431.387277000	1.338196993	4.369219000E-04	
2430.905149000	1.338195562	4.275510000E-04	
2430.423021000	1.338189363	4.185861000E-04	
2429.940893000	1.338187099	4.100139000E-04	
2429.458765000	1.338180184	4.019091000E-04	
2428.976637000	1.338177323	3.942398000E-04	
2428.494509000	1.338169813	3.870366000E-04	
2428.012381000	1.338166714	3.802184000E-04	
2427.530253000	1.338159084	3.737892000E-04	
2427.048125000	1.338155985	3.676444000E-04	
2426.565997000	1.338148475	3.617664000E-04	
2426.083869000	1.338145494	3.560391000E-04	
2425.601741000	1.338138103	3.504603000E-04	
2425.119613000	1.338135362	3.449458000E-04	
2424.637485000	1.338128209	3.395096000E-04	
2424.155357000	1.338125467	3.340493000E-04	
2423.673229000	1.338118434	3.285711000E-04	
2423.191101000	1.338115931	3.229911000E-04	
2422.708973000	1.338108778	3.173522000E-04	
2422.226845000	1.338106394	3.115667000E-04	
2421.744717000	1.338099241	3.056482000E-04	
2421.262589000	1.338096619	2.995089000E-04	
2420.780461000	1.338089228	2.932303000E-04	
2420.298333000	1.338086128	2.868116000E-04	
2419.816205000	1.338078380	2.803514000E-04	
2419.334077000	1.338074923	2.737898000E-04	
2418.851949000	1.338066578	2.671592000E-04	
2418.369821000	1.338062644	2.604141000E-04	
2417.887693000	1.338053942	2.536689000E-04	
2417.405565000	1.338049173	2.469311000E-04	
2416.923437000	1.338039875	2.402831000E-04	
2416.441309000	1.338034034	2.336700000E-04	
2415.959181000	1.338024020	2.283354000E-04	
2415.477053000	1.338019252	2.221688000E-04	
2414.994926000	1.338009000	2.161262000E-04	
2414.512798000	1.338003397	2.101666000E-04	
2414.030670000	1.337992787	2.043415000E-04	
2413.548542000	1.337986827	1.986222000E-04	
2413.066414000	1.337975979	1.930787000E-04	
2412.584286000	1.337969780	1.876901000E-04	
2412.102158000	1.337958574	1.824886000E-04	
2411.620030000	1.337952137	1.774145000E-04	
2411.137902000	1.337940812	1.724870000E-04	
2410.655774000	1.337934136	1.676699000E-04	
2410.173646000	1.337922812	1.630007000E-04	
2409.691518000	1.337916017	1.584496000E-04	
2409.209390000	1.337904453	1.540387000E-04	
2408.727262000	1.337897658	1.497317000E-04	
2408.245134000	1.337885976	1.455541000E-04	
2407.763006000	1.337879062	1.414834000E-04	
2407.280878000	1.337867379	1.375456000E-04	
2406.798750000	1.337860346	1.337106000E-04	
2406.316622000	1.337848663	1.299826000E-04	
2405.834494000	1.337841630	1.263219000E-04	
2405.352366000	1.337829828	1.227303000E-04	
2404.870238000	1.337822795	1.191982000E-04	
2404.388110000	1.337810993	1.157589000E-04	
2403.905982000	1.337803960	1.124182000E-04	
2403.423854000	1.337792039	1.091695000E-04	
2402.941726000	1.337785006	1.059697000E-04	
2402.459598000	1.337773204	1.027823000E-04	
2401.977470000	1.337766171	9.959710000E-05	
2401.495342000	1.337754250	9.643620000E-05	
2401.013214000	1.337747097	9.334420000E-05	
2400.531086000	1.337735057	9.033270000E-05	
2400.048958000	1.337727785	8.740530000E-05	
2399.566830000	1.337715864	8.451260000E-05	
2399.084702000	1.337708592	8.164240000E-05	
2398.602574000	1.337696433	7.877170000E-05	
2398.120446000	1.337689042	7.594940000E-05	
2397.638318000	1.337676883	7.318740000E-05	
2397.156190000	1.337669373	7.053040000E-05	
2396.674062000	1.337657094	6.793420000E-05	
2396.191934000	1.337649584	6.539820000E-05	
2395.709806000	1.337637305	6.286610000E-05	
2395.227678000	1.337629795	6.037960000E-05	
2394.745550000	1.337617397	5.791260000E-05	
2394.263422000	1.337609649	5.552240000E-05	
2393.781294000	1.337597251	5.316980000E-05	
2393.299166000	1.337589383	5.090420000E-05	
2392.817038000	1.337576866	4.867850000E-05	
2392.334911000	1.337568879	4.656040000E-05	
2391.852783000	1.337556243	4.450870000E-05	
2391.370655000	1.337548256	4.259240000E-05	
2390.888527000	1.337535620	4.074100000E-05	
2390.406399000	1.337527633	3.899330000E-05	
2389.924271000	1.337514997	3.725780000E-05	
2389.442143000	1.337507010	3.559570000E-05	
2388.960015000	1.337494373	3.394270000E-05	
2388.477887000	1.337486386	3.238310000E-05	
2387.995759000	1.337473631	3.084160000E-05	
2387.513631000	1.337465644	2.938410000E-05	
2387.031503000	1.337452888	2.792860000E-05	
2386.549375000	1.337444901	2.655500000E-05	
2386.067247000	1.337432027	2.519870000E-05	
2385.585119000	1.337424040	2.394000000E-05	
2385.102991000	1.337411165	2.270440000E-05	
2384.620863000	1.337403059	2.156580000E-05	
2384.138735000	1.337390184	2.044810000E-05	
2383.656607000	1.337382078	1.941910000E-05	
2383.174479000	1.337369204	1.839590000E-05	
2382.692351000	1.337361097	1.745020000E-05	
2382.210223000	1.337348223	1.652180000E-05	
2381.728095000	1.337340117	1.569140000E-05	
2381.245967000	1.337327242	1.488640000E-05	
2380.763839000	1.337319136	1.414880000E-05	
2380.281711000	1.337306261	1.339990000E-05	
2379.799583000	1.337298155	1.270260000E-05	
2379.317455000	1.337285161	1.201430000E-05	
2378.835327000	1.337277055	1.140060000E-05	
2378.353199000	1.337264061	1.080910000E-05	
2377.871071000	1.337255836	1.028080000E-05	
2377.388943000	1.337242842	9.768400000E-06	
2376.906815000	1.337234616	9.317400000E-06	
2376.424687000	1.337221622	8.891000000E-06	
2375.942559000	1.337213397	8.525600000E-06	
2375.460431000	1.337200284	8.200600000E-06	
2374.978303000	1.337191939	7.953900000E-06	
2374.496175000	1.337178826	7.758700000E-06	
2374.014047000	1.337170601	7.608000000E-06	
2373.531919000	1.337157488	7.488000000E-06	
2373.049791000	1.337149143	7.411600000E-06	
2372.567663000	1.337136030	7.376500000E-06	
2372.085535000	1.337127686	7.343000000E-06	
2371.603407000	1.337114453	7.366900000E-06	
2371.121279000	1.337105989	7.446800000E-06	
2370.639151000	1.337092757	7.587900000E-06	
2370.157024000	1.337084293	7.780600000E-06	
2369.674896000	1.337070942	8.030700000E-06	
2369.192768000	1.337062359	8.326400000E-06	
2368.710640000	1.337049007	8.698800000E-06	
2368.228512000	1.337040305	9.143100000E-06	
2367.746384000	1.337026834	9.697900000E-06	
2367.264256000	1.337018251	1.034330000E-05	
2366.782128000	1.337004662	1.111070000E-05	
2366.300000000	1.336996078	1.196370000E-05	
2365.817872000	1.336982608	1.292350000E-05	
2365.335744000	1.336973906	1.393630000E-05	
2364.853616000	1.336960435	1.504140000E-05	
2364.371488000	1.336951852	1.621620000E-05	
2363.889360000	1.336938381	1.753220000E-05	
2363.407232000	1.336929798	1.891680000E-05	
2362.925104000	1.336916447	2.040850000E-05	
2362.442976000	1.336907864	2.192590000E-05	
2361.960848000	1.336894512	2.352830000E-05	
2361.478720000	1.336886048	2.520570000E-05	
2360.996592000	1.336872697	2.704020000E-05	
2360.514464000	1.336864233	2.896170000E-05	
2360.032336000	1.336851001	3.098650000E-05	
2359.550208000	1.336842775	3.304540000E-05	
2359.068080000	1.336829543	3.522230000E-05	
2358.585952000	1.336821318	3.749580000E-05	
2358.103824000	1.336808205	3.993410000E-05	
2357.621696000	1.336800098	4.245220000E-05	
2357.139568000	1.336787224	4.507440000E-05	
2356.657440000	1.336779356	4.772390000E-05	
2356.175312000	1.336766720	5.045480000E-05	
2355.693184000	1.336759090	5.321260000E-05	
2355.211056000	1.336746573	5.604650000E-05	
2354.728928000	1.336739063	5.889770000E-05	
2354.246800000	1.336726665	6.182570000E-05	
2353.764672000	1.336719275	6.479160000E-05	
2353.282544000	1.336707115	6.785980000E-05	
2352.800416000	1.336699963	7.097940000E-05	
2352.318288000	1.336688042	7.418910000E-05	
2351.836160000	1.336681247	7.740730000E-05	
2351.354032000	1.336669683	8.064760000E-05	
2350.871904000	1.336663127	8.383170000E-05	
2350.389776000	1.336651683	8.700220000E-05	
2349.907648000	1.336645484	9.013090000E-05	
2349.425520000	1.336634159	9.327770000E-05	
2348.943392000	1.336628079	9.639420000E-05	
2348.461264000	1.336617112	9.951140000E-05	
2347.979137000	1.336611271	1.025779000E-04	
2347.497009000	1.336600423	1.056404000E-04	
2347.014881000	1.336594701	1.086674000E-04	
2346.532753000	1.336584210	1.116982000E-04	
2346.050625000	1.336578727	1.146745000E-04	
2345.568497000	1.336568356	1.176071000E-04	
2345.086369000	1.336563110	1.204608000E-04	
2344.604241000	1.336552858	1.232936000E-04	
2344.122113000	1.336547852	1.261101000E-04	
2343.639985000	1.336537838	1.289473000E-04	
2343.157857000	1.336533070	1.317476000E-04	
2342.675729000	1.336523533	1.344843000E-04	
2342.193601000	1.336519241	1.370852000E-04	
2341.711473000	1.336510062	1.395206000E-04	
2341.229345000	1.336506248	1.417083000E-04	
2340.747217000	1.336497545	1.435775000E-04	
2340.265089000	1.336493969	1.450488000E-04	
2339.782961000	1.336485147	1.461311000E-04	
2339.300833000	1.336481452	1.468803000E-04	
2338.818705000	1.336472273	1.474016000E-04	
2338.336577000	1.336468101	1.477643000E-04	
2337.854449000	1.336458683	1.480112000E-04	
2337.372321000	1.336454153	1.481684000E-04	
2336.890193000	1.336444259	1.482621000E-04	
2336.408065000	1.336439490	1.483172000E-04	
2335.925937000	1.336429477	1.483360000E-04	
2335.443809000	1.336424351	1.483321000E-04	
2334.961681000	1.336414218	1.482970000E-04	
2334.479553000	1.336408973	1.482505000E-04	
2333.997425000	1.336398721	1.481587000E-04	
2333.515297000	1.336393356	1.480158000E-04	
2333.033169000	1.336382866	1.477809000E-04	
2332.551041000	1.336377501	1.475035000E-04	
2332.068913000	1.336366773	1.471847000E-04	
2331.586785000	1.336361051	1.468829000E-04	
2331.104657000	1.336350322	1.465419000E-04	
2330.622529000	1.336344481	1.461735000E-04	
2330.140401000	1.336333513	1.457095000E-04	
2329.658273000	1.336327672	1.451960000E-04	
2329.176145000	1.336316466	1.445973000E-04	
2328.694017000	1.336310267	1.439941000E-04	
2328.211889000	1.336298823	1.433625000E-04	
2327.729761000	1.336292386	1.427902000E-04	
2327.247633000	1.336280704	1.422093000E-04	
2326.765505000	1.336274028	1.416566000E-04	
2326.283377000	1.336262345	1.410411000E-04	
2325.801250000	1.336255431	1.404506000E-04	
2325.319122000	1.336243391	1.398491000E-04	
2324.836994000	1.336236238	1.393401000E-04	
2324.354866000	1.336223960	1.388479000E-04	
2323.872738000	1.336216569	1.384469000E-04	
2323.390610000	1.336204052	1.380628000E-04	
2322.908482000	1.336196661	1.377969000E-04	
2322.426354000	1.336183906	1.375659000E-04	
2321.944226000	1.336176395	1.374332000E-04	
2321.462098000	1.336163640	1.372873000E-04	
2320.979970000	1.336155891	1.372195000E-04	
2320.497842000	1.336143017	1.371627000E-04	
2320.015714000	1.336135149	1.372192000E-04	
2319.533586000	1.336122155	1.372900000E-04	
2319.051458000	1.336114287	1.374533000E-04	
2318.569330000	1.336101174	1.376220000E-04	
2318.087202000	1.336093068	1.378978000E-04	
2317.605074000	1.336079955	1.381978000E-04	
2317.122946000	1.336071849	1.385944000E-04	
2316.640818000	1.336058617	1.389859000E-04	
2316.158690000	1.336050391	1.394522000E-04	
2315.676562000	1.336037159	1.399263000E-04	
2315.194434000	1.336028814	1.404974000E-04	
2314.712306000	1.336015463	1.410872000E-04	
2314.230178000	1.336007118	1.417504000E-04	
2313.748050000	1.335993767	1.423983000E-04	
2313.265922000	1.335985303	1.430981000E-04	
2312.783794000	1.335971832	1.438000000E-04	
2312.301666000	1.335963368	1.445798000E-04	
2311.819538000	1.335949659	1.453812000E-04	
2311.337410000	1.335941195	1.462496000E-04	
2310.855282000	1.335927486	1.471260000E-04	
2310.373154000	1.335918784	1.480612000E-04	
2309.891026000	1.335904956	1.490203000E-04	
2309.408898000	1.335896254	1.500426000E-04	
2308.926770000	1.335882306	1.510895000E-04	
2308.444642000	1.335873485	1.521881000E-04	
2307.962514000	1.335859537	1.533236000E-04	
2307.480386000	1.335850477	1.545146000E-04	
2306.998258000	1.335836411	1.557316000E-04	
2306.516130000	1.335827351	1.569711000E-04	
2306.034002000	1.335813046	1.582434000E-04	
2305.551874000	1.335803747	1.595950000E-04	
2305.069746000	1.335789323	1.610699000E-04	
2304.587618000	1.335779905	1.626614000E-04	
2304.105490000	1.335765243	1.643410000E-04	
2303.623362000	1.335755825	1.660572000E-04	
2303.141235000	1.335741162	1.678320000E-04	
2302.659107000	1.335731506	1.696678000E-04	
2302.176979000	1.335716605	1.716272000E-04	
2301.694851000	1.335706711	1.736921000E-04	
2301.212723000	1.335691810	1.759073000E-04	
2300.730595000	1.335681796	1.782366000E-04	
2300.248467000	1.335666656	1.807275000E-04	
2299.766339000	1.335656643	1.833247000E-04	
2299.284211000	1.335641384	1.860679000E-04	
2298.802083000	1.335631371	1.889024000E-04	
2298.319955000	1.335615993	1.918924000E-04	
2297.837827000	1.335605741	1.949916000E-04	
2297.355699000	1.335590363	1.982773000E-04	
2296.873571000	1.335579991	2.017058000E-04	
2296.391443000	1.335564494	2.053583000E-04	
2295.909315000	1.335554242	2.091734000E-04	
2295.427187000	1.335538626	2.132119000E-04	
2294.945059000	1.335528374	2.173911000E-04	
2294.462931000	1.335512757	2.217877000E-04	
2293.980803000	1.335502625	2.263427000E-04	
2293.498675000	1.335487008	2.311306000E-04	
2293.016547000	1.335476995	2.360647000E-04	
2292.534419000	1.335461617	2.412037000E-04	
2292.052291000	1.335451484	2.464740000E-04	
2291.570163000	1.335436344	2.519579000E-04	
2291.088035000	1.335426331	2.575821000E-04	
2290.605907000	1.335411310	2.634162000E-04	
2290.123779000	1.335401416	2.693896000E-04	
2289.641651000	1.335386515	2.755930000E-04	
2289.159523000	1.335376978	2.819650000E-04	
2288.677395000	1.335362077	2.885613000E-04	
2288.195267000	1.335352778	2.952774000E-04	
2287.713139000	1.335338354	3.021610000E-04	
2287.231011000	1.335329056	3.091586000E-04	
2286.748883000	1.335314751	3.163785000E-04	
2286.266755000	1.335305810	3.237846000E-04	
2285.784627000	1.335291743	3.314391000E-04	
2285.302499000	1.335283160	3.392541000E-04	
2284.820371000	1.335269451	3.472678000E-04	
2284.338243000	1.335261226	3.553916000E-04	
2283.856115000	1.335247993	3.636662000E-04	
2283.373987000	1.335240126	3.720264000E-04	
2282.891859000	1.335227251	3.805332000E-04	
2282.409731000	1.335219860	3.891452000E-04	
2281.927603000	1.335207224	3.979221000E-04	
2281.445475000	1.335200191	4.068099000E-04	
2280.963348000	1.335188031	4.158590000E-04	
2280.481220000	1.335181236	4.250363000E-04	
2279.999092000	1.335169673	4.343921000E-04	
2279.516964000	1.335163355	4.438748000E-04	
2279.034836000	1.335152030	4.534855000E-04	
2278.552708000	1.335146666	4.631717000E-04	
2278.070580000	1.335135818	4.729665000E-04	
2277.588452000	1.335130811	4.828561000E-04	
2277.106324000	1.335120559	4.928730000E-04	
2276.624196000	1.335116029	5.029884000E-04	
2276.142068000	1.335106492	5.132159000E-04	
2275.659940000	1.335102558	5.235399000E-04	
2275.177812000	1.335093737	5.339752000E-04	
2274.695684000	1.335090637	5.444877000E-04	
2274.213556000	1.335082531	5.550410000E-04	
2273.731428000	1.335080147	5.655990000E-04	
2273.249300000	1.335072994	5.761480000E-04	
2272.767172000	1.335071325	5.866934000E-04	
2272.285044000	1.335065007	5.972323000E-04	
2271.802916000	1.335064173	6.077667000E-04	
2271.320788000	1.335058570	6.182661000E-04	
2270.838660000	1.335058808	6.287216000E-04	
2270.356532000	1.335054517	6.390673000E-04	
2269.874404000	1.335055828	6.492679000E-04	
2269.392276000	1.335052490	6.592329000E-04	
2268.910148000	1.335054755	6.689563000E-04	
2268.428020000	1.335052371	6.783854000E-04	
2267.945892000	1.335055947	6.875477000E-04	
2267.463764000	1.335054636	6.963651000E-04	
2266.981636000	1.335059047	7.048156000E-04	
2266.499508000	1.335058928	7.127679000E-04	
2266.017380000	1.335064411	7.202036000E-04	
2265.535252000	1.335065246	7.270178000E-04	
2265.053124000	1.335071564	7.332439000E-04	
2264.570996000	1.335073233	7.387943000E-04	
2264.088868000	1.335080266	7.437096000E-04	
2263.606740000	1.335082293	7.478860000E-04	
2263.124612000	1.335090041	7.513650000E-04	
2262.642484000	1.335092545	7.540426000E-04	
2262.160356000	1.335100770	7.559729000E-04	
2261.678228000	1.335103512	7.570254000E-04	
2261.196100000	1.335111976	7.572348000E-04	
2260.713972000	1.335114479	7.564679000E-04	
2260.231844000	1.335122705	7.548168000E-04	
2259.749716000	1.335125208	7.522462000E-04	
2259.267588000	1.335132480	7.489260000E-04	
2258.785461000	1.335134029	7.448110000E-04	
2258.303333000	1.335140944	7.400114000E-04	
2257.821205000	1.335141659	7.344295000E-04	
2257.339077000	1.335147262	7.281845000E-04	
2256.856949000	1.335147142	7.212404000E-04	
2256.374821000	1.335151434	7.137951000E-04	
2255.892693000	1.335149765	7.058232000E-04	
2255.410565000	1.335152984	6.974811000E-04	
2254.928437000	1.335149765	6.886863000E-04	
2254.446309000	1.335151553	6.795744000E-04	
2253.964181000	1.335147023	6.700934000E-04	
2253.482053000	1.335147262	6.604507000E-04	
2252.999925000	1.335140944	6.506614000E-04	
2252.517797000	1.335139751	6.409333000E-04	
2252.035669000	1.335131884	6.312083000E-04	
2251.553541000	1.335129261	6.215895000E-04	
2251.071413000	1.335120320	6.119789000E-04	
2250.589285000	1.335116148	6.025202000E-04	
2250.107157000	1.335105896	5.931931000E-04	
2249.625029000	1.335100770	5.841624000E-04	
2249.142901000	1.335089207	5.753728000E-04	
2248.660773000	1.335082889	5.669306000E-04	
2248.178645000	1.335070252	5.587774000E-04	
2247.696517000	1.335062981	5.510434000E-04	
2247.214389000	1.335049629	5.436862000E-04	
2246.732261000	1.335041642	5.368024000E-04	
2246.250133000	1.335027456	5.303141000E-04	
2245.768005000	1.335018992	5.242864000E-04	
2245.285877000	1.335004449	5.186507000E-04	
2244.803749000	1.334995627	5.134622000E-04	
2244.321621000	1.334980845	5.086545000E-04	
2243.839493000	1.334971547	5.042824000E-04	
2243.357365000	1.334956884	5.003217000E-04	
2242.875237000	1.334947467	4.968364000E-04	
2242.393109000	1.334932685	4.937705000E-04	
2241.910981000	1.334923506	4.910948000E-04	
2241.428853000	1.334909201	4.887105000E-04	
2240.946725000	1.334900141	4.865907000E-04	
2240.464597000	1.334886074	4.847055000E-04	
2239.982469000	1.334877610	4.830640000E-04	
2239.500341000	1.334863901	4.816387000E-04	
2239.018213000	1.334855795	4.803748000E-04	
2238.536085000	1.334842682	4.791961000E-04	
2238.053957000	1.334835052	4.780136000E-04	
2237.571829000	1.334822178	4.767931000E-04	
2237.089701000	1.334815145	4.755096000E-04	
2236.607574000	1.334802508	4.742225000E-04	
2236.125446000	1.334795475	4.729349000E-04	
2235.643318000	1.334783077	4.716887000E-04	
2235.161190000	1.334776402	4.704166000E-04	
2234.679062000	1.334764242	4.691223000E-04	
2234.196934000	1.334757924	4.677315000E-04	
2233.714806000	1.334746122	4.662863000E-04	
2233.232678000	1.334739804	4.647232000E-04	
2232.750550000	1.334728241	4.630826000E-04	
2232.268422000	1.334722400	4.612711000E-04	
2231.786294000	1.334710836	4.593298000E-04	
2231.304166000	1.334705234	4.571756000E-04	
2230.822038000	1.334693789	4.548734000E-04	
2230.339910000	1.334688187	4.523387000E-04	
2229.857782000	1.334676862	4.496404000E-04	
2229.375654000	1.334671378	4.466831000E-04	
2228.893526000	1.334660053	4.435318000E-04	
2228.411398000	1.334654331	4.400839000E-04	
2227.929270000	1.334642887	4.364111000E-04	
2227.447142000	1.334637046	4.324205000E-04	
2226.965014000	1.334625244	4.282189000E-04	
2226.482886000	1.334619045	4.237453000E-04	
2226.000758000	1.334606886	4.191222000E-04	
2225.518630000	1.334600091	4.142782000E-04	
2225.036502000	1.334587455	4.093262000E-04	
2224.554374000	1.334580064	4.042029000E-04	
2224.072246000	1.334566832	3.990452000E-04	
2223.590118000	1.334558845	3.938070000E-04	
2223.107990000	1.334545016	3.886091000E-04	
2222.625862000	1.334536433	3.833711000E-04	
2222.143734000	1.334522247	3.781779000E-04	
2221.661606000	1.334513187	3.729439000E-04	
2221.179478000	1.334498286	3.677752000E-04	
2220.697350000	1.334488750	3.626125000E-04	
2220.215222000	1.334473372	3.575580000E-04	
2219.733094000	1.334463358	3.525502000E-04	
2219.250966000	1.334447384	3.476866000E-04	
2218.768838000	1.334436774	3.429240000E-04	
2218.286710000	1.334420443	3.383609000E-04	
2217.804582000	1.334409475	3.339417000E-04	
2217.322454000	1.334392905	3.297264000E-04	
2216.840326000	1.334381700	3.256316000E-04	
2216.358198000	1.334364653	3.216967000E-04	
2215.876070000	1.334353447	3.178495000E-04	
2215.393942000	1.334336162	3.141501000E-04	
2214.911814000	1.334324598	3.105694000E-04	
2214.429686000	1.334307075	3.071783000E-04	
2213.947559000	1.334295392	3.039352000E-04	
2213.465431000	1.334277630	3.008773000E-04	
2212.983303000	1.334265828	2.979441000E-04	
2212.501175000	1.334248066	2.951647000E-04	
2212.019047000	1.334236264	2.925006000E-04	
2211.536919000	1.334218383	2.899704000E-04	
2211.054791000	1.334206581	2.875293000E-04	
2210.572663000	1.334188700	2.851799000E-04	
2210.090535000	1.334176660	2.828986000E-04	
2209.608407000	1.334159017	2.807181000E-04	
2209.126279000	1.334146976	2.786367000E-04	
2208.644151000	1.334129095	2.766563000E-04	
2208.162023000	1.334117174	2.747400000E-04	
2207.679895000	1.334099412	2.728632000E-04	
2207.197767000	1.334087610	2.710065000E-04	
2206.715639000	1.334069848	2.691648000E-04	
2206.233511000	1.334058046	2.673355000E-04	
2205.751383000	1.334040403	2.654892000E-04	
2205.269255000	1.334028602	2.636082000E-04	
2204.787127000	1.334011078	2.616564000E-04	
2204.304999000	1.333999157	2.596424000E-04	
2203.822871000	1.333981633	2.575379000E-04	
2203.340743000	1.333969712	2.553616000E-04	
2202.858615000	1.333951950	2.530653000E-04	
2202.376487000	1.333940029	2.506610000E-04	
2201.894359000	1.333922148	2.480950000E-04	
2201.412231000	1.333909988	2.454084000E-04	
2200.930103000	1.333891749	2.425756000E-04	
2200.447975000	1.333879113	2.396720000E-04	
2199.965847000	1.333860278	2.366667000E-04	
2199.483719000	1.333847284	2.336259000E-04	
2199.001591000	1.333828092	2.304982000E-04	
2198.519463000	1.333814621	2.273712000E-04	
2198.037335000	1.333794713	2.242197000E-04	
2197.555207000	1.333780527	2.211577000E-04	
2197.073079000	1.333760142	2.181495000E-04	
2196.590951000	1.333745480	2.152913000E-04	
2196.108823000	1.333724499	2.124982000E-04	
2195.626695000	1.333709240	2.098531000E-04	
2195.144567000	1.333687901	2.072761000E-04	
2194.662439000	1.333672047	2.048827000E-04	
2194.180311000	1.333650231	2.026080000E-04	
2193.698183000	1.333633900	2.005664000E-04	
2193.216055000	1.333611608	1.986628000E-04	
2192.733927000	1.333594918	1.969938000E-04	
2192.251799000	1.333572149	1.954687000E-04	
2191.769672000	1.333555102	1.942159000E-04	
2191.287544000	1.333531976	1.931502000E-04	
2190.805416000	1.333514571	1.923705000E-04	
2190.323288000	1.333491206	1.917386000E-04	
2189.841160000	1.333473563	1.913416000E-04	
2189.359032000	1.333449841	1.910819000E-04	
2188.876904000	1.333431959	1.910967000E-04	
2188.394776000	1.333407998	1.912783000E-04	
2187.912648000	1.333389997	1.917091000E-04	
2187.430520000	1.333365798	1.922480000E-04	
2186.948392000	1.333347559	1.930112000E-04	
2186.466264000	1.333323002	1.939151000E-04	
2185.984136000	1.333304405	1.950802000E-04	
2185.502008000	1.333279848	1.963804000E-04	
2185.019880000	1.333261013	1.979105000E-04	
2184.537752000	1.333235979	1.995869000E-04	
2184.055624000	1.333216906	2.015486000E-04	
2183.573496000	1.333191633	2.037030000E-04	
2183.091368000	1.333172321	2.061130000E-04	
2182.609240000	1.333146930	2.086535000E-04	
2182.127112000	1.333127379	2.114235000E-04	
2181.644984000	1.333101630	2.143720000E-04	
2181.162856000	1.333081722	2.175993000E-04	
2180.680728000	1.333055854	2.210122000E-04	
2180.198600000	1.333035588	2.246667000E-04	
2179.716472000	1.333009362	2.285137000E-04	
2179.234344000	1.332988858	2.326496000E-04	
2178.752216000	1.332962275	2.370264000E-04	
2178.270088000	1.332941532	2.416795000E-04	
2177.787960000	1.332914710	2.465679000E-04	
2177.305832000	1.332893372	2.517665000E-04	
2176.823704000	1.332866192	2.572798000E-04	
2176.341576000	1.332844615	2.631312000E-04	
2175.859448000	1.332817197	2.692742000E-04	
2175.377320000	1.332795143	2.757388000E-04	
2174.895192000	1.332767248	2.825843000E-04	
2174.413064000	1.332744956	2.898696000E-04	
2173.930936000	1.332716703	2.975940000E-04	
2173.448808000	1.332694054	3.057025000E-04	
2172.966680000	1.332665563	3.142077000E-04	
2172.484552000	1.332642674	3.231521000E-04	
2172.002424000	1.332613826	3.326440000E-04	
2171.520296000	1.332590580	3.426706000E-04	
2171.038168000	1.332561851	3.532447000E-04	
2170.556040000	1.332538247	3.643092000E-04	
2170.073912000	1.332510591	3.759594000E-04	
2169.591785000	1.332486868	3.852390000E-04	
2169.109657000	1.332455158	3.979522000E-04	
2168.627529000	1.332431316	4.112657000E-04	
2168.145401000	1.332400441	4.252845000E-04	
2167.663273000	1.332376242	4.399893000E-04	
2167.181145000	1.332345486	4.555219000E-04	
2166.699017000	1.332321167	4.718170000E-04	
2166.216889000	1.332290530	4.889817000E-04	
2165.734761000	1.332266212	5.069509000E-04	
2165.252633000	1.332235575	5.258826000E-04	
2164.770505000	1.332211375	5.457365000E-04	
2164.288377000	1.332180738	5.666674000E-04	
2163.806249000	1.332156777	5.886186000E-04	
2163.324121000	1.332126856	6.117396000E-04	
2162.841993000	1.332103372	6.359547000E-04	
2162.359865000	1.332073808	6.613987000E-04	
2161.877737000	1.332051516	6.879968000E-04	
2161.395609000	1.332022905	7.159267000E-04	
2160.913481000	1.332001448	7.451309000E-04	
2160.431353000	1.331974506	7.757181000E-04	
2159.949225000	1.331954598	8.075319000E-04	
2159.467097000	1.331929445	8.406699000E-04	
2158.984969000	1.331911564	8.750813000E-04	
2158.502841000	1.331888556	9.109573000E-04	
2158.020713000	1.331873298	9.481968000E-04	
2157.538585000	1.331853390	9.868187000E-04	
2157.056457000	1.331840992	1.026600800E-03	
2156.574329000	1.331824899	1.067570800E-03	
2156.092201000	1.331816316	1.109587000E-03	
2155.610073000	1.331804395	1.152670800E-03	
2155.127945000	1.331800580	1.196582700E-03	
2154.645817000	1.331793189	1.241219700E-03	
2154.163689000	1.331794620	1.286275200E-03	
2153.681561000	1.331793308	1.331589200E-03	
2153.199433000	1.331800580	1.376797200E-03	
2152.717305000	1.331804752	1.421687500E-03	
2152.235177000	1.331818461	1.465922200E-03	
2151.753049000	1.331827998	1.509338200E-03	
2151.270921000	1.331847668	1.551601200E-03	
2150.788793000	1.331863642	1.592459600E-03	
2150.306665000	1.331889272	1.631512900E-03	
2149.824537000	1.331910253	1.668510800E-03	
2149.342409000	1.331941366	1.703120800E-03	
2148.860281000	1.331967592	1.735094400E-03	
2148.378153000	1.332002282	1.764089100E-03	
2147.896025000	1.332033277	1.789917200E-03	
2147.413898000	1.332070947	1.812428000E-03	
2146.931770000	1.332103610	1.831626800E-03	
2146.449642000	1.332143188	1.847461100E-03	
2145.967514000	1.332176924	1.859925500E-03	
2145.485386000	1.332217097	1.868982000E-03	
2145.003258000	1.332250714	1.874702600E-03	
2144.521130000	1.332290053	1.877172500E-03	
2144.039002000	1.332322478	1.876520600E-03	
2143.556874000	1.332359076	1.872885000E-03	
2143.074746000	1.332389355	1.866462200E-03	
2142.592618000	1.332423091	1.857492300E-03	
2142.110490000	1.332449913	1.846199300E-03	
2141.628362000	1.332480431	1.832776500E-03	
2141.146234000	1.332502723	1.817360300E-03	
2140.664106000	1.332530141	1.800156100E-03	
2140.181978000	1.332548022	1.781388800E-03	
2139.699850000	1.332570314	1.761369100E-03	
2139.217722000	1.332583904	1.740298500E-03	
2138.735594000	1.332601786	1.718385400E-03	
2138.253466000	1.332610846	1.695742500E-03	
2137.771338000	1.332624197	1.672624600E-03	
2137.289210000	1.332627892	1.649267300E-03	
2136.807082000	1.332636476	1.626030700E-03	
2136.324954000	1.332636595	1.603093900E-03	
2135.842826000	1.332640290	1.580680500E-03	
2135.360698000	1.332636595	1.558837400E-03	
2134.878570000	1.332636833	1.537777700E-03	
2134.396442000	1.332628965	1.517588000E-03	
2133.914314000	1.332626820	1.498509300E-03	
2133.432186000	1.332615972	1.480562400E-03	
2132.950058000	1.332610846	1.463910400E-03	
2132.467930000	1.332598209	1.448511800E-03	
2131.985802000	1.332591295	1.434505500E-03	
2131.503674000	1.332577348	1.421816200E-03	
2131.021546000	1.332569361	1.410557500E-03	
2130.539418000	1.332554817	1.400620100E-03	
2130.057290000	1.332545877	1.392101400E-03	
2129.575162000	1.332531571	1.384854000E-03	
2129.093034000	1.332523108	1.378928300E-03	
2128.610906000	1.332509398	1.374114500E-03	
2128.128778000	1.332501888	1.370437000E-03	
2127.646650000	1.332489491	1.367664800E-03	
2127.164522000	1.332483649	1.365795000E-03	
2126.682394000	1.332472324	1.364548900E-03	
2126.200266000	1.332468629	1.363911800E-03	
2125.718138000	1.332459331	1.363626900E-03	
2125.236010000	1.332457662	1.363695900E-03	
2124.753883000	1.332450628	1.363807900E-03	
2124.271755000	1.332451344	1.363873100E-03	
2123.789627000	1.332446694	1.363540200E-03	
2123.307499000	1.332449794	1.362785300E-03	
2122.825371000	1.332446694	1.361354400E-03	
2122.343243000	1.332451940	1.359255300E-03	
2121.861115000	1.332450509	1.356189600E-03	
2121.378987000	1.332457423	1.352115900E-03	
2120.896859000	1.332457542	1.346754500E-03	
2120.414731000	1.332464576	1.340154800E-03	
2119.932603000	1.332465887	1.332148700E-03	
2119.450475000	1.332472920	1.322887500E-03	
2118.968347000	1.332473516	1.312301000E-03	
2118.486219000	1.332480073	1.300605200E-03	
2118.004091000	1.332479715	1.287750900E-03	
2117.521963000	1.332485437	1.273915300E-03	
2117.039835000	1.332483292	1.259017600E-03	
2116.557707000	1.332487464	1.243264300E-03	
2116.075579000	1.332484007	1.226694800E-03	
2115.593451000	1.332485557	1.209626900E-03	
2115.111323000	1.332480192	1.192146000E-03	
2114.629195000	1.332479715	1.174493900E-03	
2114.147067000	1.332472444	1.156655600E-03	
2113.664939000	1.332470298	1.138801100E-03	
2113.182811000	1.332460880	1.120926500E-03	
2112.700683000	1.332456946	1.103226800E-03	
2112.218555000	1.332446456	1.085720600E-03	
2111.736427000	1.332441330	1.068547800E-03	
2111.254299000	1.332429528	1.051656700E-03	
2110.772171000	1.332423210	1.035092200E-03	
2110.290043000	1.332410693	1.018757700E-03	
2109.807915000	1.332404375	1.002662000E-03	
2109.325787000	1.332391500	9.867275000E-04	
2108.843659000	1.332384467	9.709590000E-04	
2108.361531000	1.332371593	9.552825000E-04	
2107.879403000	1.332364559	9.396365000E-04	
2107.397275000	1.332351804	9.238781000E-04	
2106.915147000	1.332345128	9.078719000E-04	
2106.433019000	1.332332015	8.915117000E-04	
2105.950891000	1.332325101	8.747301000E-04	
2105.468763000	1.332312107	8.575007000E-04	
2104.986635000	1.332304835	8.397366000E-04	
2104.504507000	1.332291007	8.214096000E-04	
2104.022379000	1.332282782	8.024607000E-04	
2103.540251000	1.332267761	7.829730000E-04	
2103.058123000	1.332258582	7.629668000E-04	
2102.575996000	1.332242012	7.425635000E-04	
2102.093868000	1.332230806	7.217657000E-04	
2101.611740000	1.332212448	7.007428000E-04	
2101.129612000	1.332199097	6.795624000E-04	
2100.647484000	1.332178712	6.584452000E-04	
2100.165356000	1.332163453	6.374042000E-04	
2099.683228000	1.332140565	6.166109000E-04	
2099.201100000	1.332123756	5.960689000E-04	
2098.718972000	1.332098961	5.760001000E-04	
2098.236844000	1.332080007	5.563929000E-04	
2097.754716000	1.332053661	5.374003000E-04	
2097.272588000	1.332033157	5.189349000E-04	
2096.790460000	1.332005382	5.011727000E-04	
2096.308332000	1.331983209	4.840730000E-04	
2095.826204000	1.331954360	4.682685000E-04	
2095.344076000	1.331932068	4.526362000E-04	
2094.861948000	1.331902146	4.379182000E-04	
2094.379820000	1.331879258	4.237976000E-04	
2093.897692000	1.331848979	4.104491000E-04	
2093.415564000	1.331825614	3.977520000E-04	
2092.933436000	1.331795216	3.857803000E-04	
2092.451308000	1.331771731	3.743015000E-04	
2091.969180000	1.331741333	3.633795000E-04	
2091.487052000	1.331717730	3.528772000E-04	
2091.004924000	1.331687331	3.429461000E-04	
2090.522796000	1.331663728	3.334597000E-04	
2090.040668000	1.331633449	3.245212000E-04	
2089.558540000	1.331609964	3.159732000E-04	
2089.076412000	1.331579924	3.078980000E-04	
2088.594284000	1.331556797	3.001210000E-04	
2088.112156000	1.331527114	2.926904000E-04	
2087.630028000	1.331504226	2.852629000E-04	
2087.147900000	1.331474662	2.781535000E-04	
2086.665772000	1.331451774	2.712910000E-04	
2086.183644000	1.331422210	2.647823000E-04	
2085.701516000	1.331399560	2.585019000E-04	
2085.219388000	1.331369996	2.524984000E-04	
2084.737260000	1.331347585	2.466590000E-04	
2084.255132000	1.331318378	2.410550000E-04	
2083.773004000	1.331296086	2.356069000E-04	
2083.290876000	1.331266999	2.303762000E-04	
2082.808748000	1.331244946	2.252821000E-04	
2082.326620000	1.331215858	2.203684000E-04	
2081.844492000	1.331194043	2.155738000E-04	
2081.362364000	1.331165314	2.109389000E-04	
2080.880236000	1.331143498	2.064260000E-04	
2080.398109000	1.331114888	2.020709000E-04	
2079.915981000	1.331093311	1.978256000E-04	
2079.433853000	1.331064820	1.936864000E-04	
2078.951725000	1.331043601	1.895978000E-04	
2078.469597000	1.331015229	1.855628000E-04	
2077.987469000	1.330994010	1.815729000E-04	
2077.505341000	1.330965757	1.776405000E-04	
2077.023213000	1.330944657	1.737549000E-04	
2076.541085000	1.330916524	1.699070000E-04	
2076.058957000	1.330895424	1.661104000E-04	
2075.576829000	1.330867410	1.623661000E-04	
2075.094701000	1.330846310	1.586876000E-04	
2074.612573000	1.330818415	1.550306000E-04	
2074.130445000	1.330797434	1.513945000E-04	
2073.648317000	1.330769420	1.477394000E-04	
2073.166189000	1.330748439	1.441060000E-04	
2072.684061000	1.330720544	1.404596000E-04	
2072.201933000	1.330699563	1.368437000E-04	
2071.719805000	1.330671430	1.332208000E-04	
2071.237677000	1.330650449	1.296597000E-04	
2070.755549000	1.330622315	1.261095000E-04	
2070.273421000	1.330601215	1.226072000E-04	
2069.791293000	1.330573082	1.190600000E-04	
2069.309165000	1.330551982	1.155310000E-04	
2068.827037000	1.330523610	1.119780000E-04	
2068.344909000	1.330502272	1.085009000E-04	
2067.862781000	1.330473900	1.050221000E-04	
2067.380653000	1.330452561	1.016034000E-04	
2066.898525000	1.330423951	9.815580000E-05	
2066.416397000	1.330402493	9.478320000E-05	
2065.934269000	1.330373764	9.140760000E-05	
2065.452141000	1.330352187	8.810490000E-05	
2064.970013000	1.330323458	8.474290000E-05	
2064.487885000	1.330301762	8.141310000E-05	
2064.005757000	1.330272675	7.804250000E-05	
2063.523629000	1.330250621	7.479310000E-05	
2063.041501000	1.330221415	7.158250000E-05	
2062.559373000	1.330199242	6.850310000E-05	
2062.077245000	1.330169797	6.540430000E-05	
2061.595117000	1.330147386	6.238480000E-05	
2061.112989000	1.330117822	5.934630000E-05	
2060.630861000	1.330095172	5.645380000E-05	
2060.148733000	1.330065250	5.361630000E-05	
2059.666605000	1.330042362	5.096690000E-05	
2059.184477000	1.330012321	4.836330000E-05	
2058.702349000	1.329989433	4.592280000E-05	
2058.220222000	1.329959273	4.351250000E-05	
2057.738094000	1.329936147	4.126650000E-05	
2057.255966000	1.329905868	3.905360000E-05	
2056.773838000	1.329882622	3.699270000E-05	
2056.291710000	1.329852223	3.493990000E-05	
2055.809582000	1.329828858	3.303080000E-05	
2055.327454000	1.329798341	3.115150000E-05	
2054.845326000	1.329774857	2.945560000E-05	
2054.363198000	1.329744101	2.782610000E-05	
2053.881070000	1.329720497	2.639280000E-05	
2053.398942000	1.329689741	2.501380000E-05	
2052.916814000	1.329666138	2.379020000E-05	
2052.434686000	1.329635382	2.258490000E-05	
2051.952558000	1.329611659	2.152640000E-05	
2051.470430000	1.329580784	2.051680000E-05	
2050.988302000	1.329557180	1.967990000E-05	
2050.506174000	1.329526305	1.887500000E-05	
2050.024046000	1.329502583	1.815990000E-05	
2049.541918000	1.329471827	1.740300000E-05	
2049.059790000	1.329448104	1.671180000E-05	
2048.577662000	1.329417109	1.603880000E-05	
2048.095534000	1.329393268	1.550870000E-05	
2047.613406000	1.329362154	1.505900000E-05	
2047.131278000	1.329338312	1.473880000E-05	
2046.649150000	1.329307199	1.443200000E-05	
2046.167022000	1.329283237	1.417140000E-05	
2045.684894000	1.329251885	1.397950000E-05	
2045.202766000	1.329227686	1.409970000E-05	
2044.720638000	1.329196334	1.464990000E-05	
2044.238510000	1.329172730	1.553090000E-05	
2043.756382000	1.329142451	1.626160000E-05	
2043.274254000	1.329120040	1.635250000E-05	
2042.792126000	1.329090118	1.546970000E-05	
2042.309998000	1.329066634	1.419190000E-05	
2041.827870000	1.329035044	1.313100000E-05	
2041.345742000	1.329010487	1.258040000E-05	
2040.863614000	1.328978658	1.241020000E-05	
2040.381486000	1.328954220	1.227970000E-05	
2039.899358000	1.328922510	1.214890000E-05	
2039.417230000	1.328897834	1.205780000E-05	
2038.935102000	1.328865886	1.217450000E-05	
2038.452974000	1.328841329	1.232570000E-05	
2037.970846000	1.328809261	1.243210000E-05	
2037.488718000	1.328784466	1.246750000E-05	
2037.006590000	1.328752160	1.268620000E-05	
2036.524462000	1.328727007	1.304890000E-05	
2036.042334000	1.328694582	1.353280000E-05	
2035.560207000	1.328669548	1.394320000E-05	
2035.078079000	1.328636765	1.447500000E-05	
2034.595951000	1.328611374	1.512550000E-05	
2034.113823000	1.328578591	1.596740000E-05	
2033.631695000	1.328553319	1.671800000E-05	
2033.149567000	1.328520298	1.747250000E-05	
2032.667439000	1.328494549	1.823980000E-05	
2032.185311000	1.328461170	1.926720000E-05	
2031.703183000	1.328435183	2.038830000E-05	
2031.221055000	1.328401327	2.176540000E-05	
2030.738927000	1.328374743	2.353830000E-05	
2030.256799000	1.328340769	2.616740000E-05	
2029.774671000	1.328315139	2.936130000E-05	
2029.292543000	1.328282952	3.232490000E-05	
2028.810415000	1.328258872	3.429170000E-05	
2028.328287000	1.328227043	3.521070000E-05	
2027.846159000	1.328201532	3.549920000E-05	
2027.364031000	1.328167558	3.607890000E-05	
2026.881903000	1.328140616	3.723720000E-05	
2026.399775000	1.328105927	3.904330000E-05	
2025.917647000	1.328078866	4.114490000E-05	
2025.435519000	1.328044176	4.357230000E-05	
2024.953391000	1.328017116	4.619580000E-05	
2024.471263000	1.327982426	4.909430000E-05	
2023.989135000	1.327955365	5.208050000E-05	
2023.507007000	1.327920675	5.528070000E-05	
2023.024879000	1.327893496	5.865020000E-05	
2022.542751000	1.327858686	6.230090000E-05	
2022.060623000	1.327831745	6.605020000E-05	
2021.578495000	1.327796936	6.994270000E-05	
2021.096367000	1.327769876	7.394530000E-05	
2020.614239000	1.327734947	7.824010000E-05	
2020.132111000	1.327707887	8.275700000E-05	
2019.649983000	1.327673197	8.747490000E-05	
2019.167855000	1.327646255	9.224490000E-05	
2018.685727000	1.327611566	9.713570000E-05	
2018.203599000	1.327584505	1.021587000E-04	
2017.721471000	1.327549696	1.074260000E-04	
2017.239343000	1.327522635	1.129299000E-04	
2016.757215000	1.327487826	1.187290000E-04	
2016.275087000	1.327461004	1.247801000E-04	
2015.792959000	1.327426553	1.307439000E-04	
2015.310831000	1.327399611	1.368880000E-04	
2014.828703000	1.327364922	1.432523000E-04	
2014.346575000	1.327337980	1.499129000E-04	
2013.864447000	1.327303290	1.569352000E-04	
2013.382320000	1.327276349	1.643303000E-04	
2012.900192000	1.327241778	1.720683000E-04	
2012.418064000	1.327215195	1.801847000E-04	
2011.935936000	1.327180982	1.886802000E-04	
2011.453808000	1.327154756	1.975596000E-04	
2010.971680000	1.327121019	2.067304000E-04	
2010.489552000	1.327095270	2.162360000E-04	
2010.007424000	1.327062130	2.261176000E-04	
2009.525296000	1.327036977	2.365215000E-04	
2009.043168000	1.327004552	2.473635000E-04	
2008.561040000	1.326980472	2.585379000E-04	
2008.078912000	1.326949120	2.703549000E-04	
2007.596784000	1.326926470	2.824366000E-04	
2007.114656000	1.326896787	2.947029000E-04	
2006.632528000	1.326875925	3.072034000E-04	
2006.150400000	1.326848149	3.197202000E-04	
2005.668272000	1.326829195	3.322284000E-04	
2005.186144000	1.326803446	3.445000000E-04	
2004.704016000	1.326786757	3.565108000E-04	
2004.221888000	1.326763153	3.679772000E-04	
2003.739760000	1.326748610	3.788933000E-04	
2003.257632000	1.326726913	3.890302000E-04	
2002.775504000	1.326714158	3.984108000E-04	
2002.293376000	1.326694608	4.066991000E-04	
2001.811248000	1.326683640	4.138425000E-04	
2001.329120000	1.326665282	4.195632000E-04	
2000.846992000	1.326655269	4.239898000E-04	
2000.364864000	1.326637864	4.269159000E-04	
1999.882736000	1.326628327	4.284126000E-04	
1999.400608000	1.326610923	4.282388000E-04	
1998.918480000	1.326601028	4.266157000E-04	
1998.436352000	1.326582789	4.234945000E-04	
1997.954224000	1.326571822	4.191532000E-04	
1997.472096000	1.326552272	4.134588000E-04	
1996.989968000	1.326539755	4.066761000E-04	
1996.507840000	1.326518536	3.987544000E-04	
1996.025712000	1.326503992	3.900189000E-04	
1995.543584000	1.326480627	3.803452000E-04	
1995.061456000	1.326463938	3.700072000E-04	
1994.579328000	1.326438069	3.589872000E-04	
1994.097200000	1.326418877	3.477244000E-04	
1993.615072000	1.326390624	3.362177000E-04	
1993.132944000	1.326369047	3.246676000E-04	
1992.650816000	1.326338768	3.130923000E-04	
1992.168688000	1.326315403	3.014323000E-04	
1991.686560000	1.326283216	2.897458000E-04	
1991.204433000	1.326257944	2.779847000E-04	
1990.722305000	1.326223850	2.663087000E-04	
1990.240177000	1.326196432	2.548327000E-04	
1989.758049000	1.326160312	2.438826000E-04	
1989.275921000	1.326131225	2.333025000E-04	
1988.793793000	1.326093912	2.230831000E-04	
1988.311665000	1.326063633	2.130220000E-04	
1987.829537000	1.326025009	2.032683000E-04	
1987.347409000	1.325993419	1.938080000E-04	
1986.865281000	1.325953603	1.846666000E-04	
1986.383153000	1.325920820	1.758580000E-04	
1985.901025000	1.325880051	1.674082000E-04	
1985.418897000	1.325845838	1.593088000E-04	
1984.936769000	1.325804114	1.517102000E-04	
1984.454641000	1.325768590	1.447507000E-04	
1983.972513000	1.325726032	1.385853000E-04	
1983.490385000	1.325686812	1.330625000E-04	
1983.008257000	1.325643182	1.280501000E-04	
1982.526129000	1.325611591	1.232745000E-04	
1982.044001000	1.325567245	1.186223000E-04	
1981.561873000	1.325532079	1.139705000E-04	
1981.079745000	1.325486898	1.094924000E-04	
1980.597617000	1.325450420	1.053605000E-04	
1980.115489000	1.325404644	1.017410000E-04	
1979.633361000	1.325367451	9.863550000E-05	
1979.151233000	1.325321317	9.603240000E-05	
1978.669105000	1.325283766	9.391340000E-05	
1978.186977000	1.325237393	9.225800000E-05	
1977.704849000	1.325199604	9.104310000E-05	
1977.222721000	1.325153232	9.024350000E-05	
1976.740593000	1.325115323	8.983490000E-05	
1976.258465000	1.325068951	8.979540000E-05	
1975.776337000	1.325031042	9.010760000E-05	
1975.294209000	1.324984550	9.075940000E-05	
1974.812081000	1.324946642	9.174260000E-05	
1974.329953000	1.324900150	9.305120000E-05	
1973.847825000	1.324862361	9.467290000E-05	
1973.365697000	1.324815989	9.658250000E-05	
1972.883569000	1.324778438	9.873680000E-05	
1972.401441000	1.324732304	1.010820000E-04	
1971.919313000	1.324695230	1.035602000E-04	
1971.437185000	1.324649453	1.061203000E-04	
1970.955057000	1.324612379	1.087232000E-04	
1970.472929000	1.324566603	1.113462000E-04	
1969.990801000	1.324529529	1.139780000E-04	
1969.508673000	1.324483514	1.166142000E-04	
1969.026546000	1.324446321	1.193140000E-04	
1968.544418000	1.324399829	1.222026000E-04	
1968.062290000	1.324361920	1.254707000E-04	
1967.580162000	1.324313641	1.292518000E-04	
1967.098034000	1.324274063	1.336175000E-04	
1966.615906000	1.324227571	1.385150000E-04	
1966.133778000	1.324189782	1.438270000E-04	
1965.651650000	1.324143767	1.493731000E-04	
1965.169522000	1.324106574	1.550331000E-04	
1964.687394000	1.324061036	1.607465000E-04	
1964.205266000	1.324024200	1.665110000E-04	
1963.723138000	1.323979020	1.723196000E-04	
1963.241010000	1.323942661	1.781600000E-04	
1962.758882000	1.323897839	1.840169000E-04	
1962.276754000	1.323861837	1.898766000E-04	
1961.794626000	1.323817253	1.957306000E-04	
1961.312498000	1.323781490	2.015768000E-04	
1960.830370000	1.323737264	2.074178000E-04	
1960.348242000	1.323701859	2.132579000E-04	
1959.866114000	1.323657870	2.190401000E-04	
1959.383986000	1.323623061	2.246441000E-04	
1958.901858000	1.323579669	2.298865000E-04	
1958.419730000	1.323546529	2.346431000E-04	
1957.937602000	1.323504806	2.388495000E-04	
1957.455474000	1.323469996	2.425623000E-04	
1956.973346000	1.323426366	2.458980000E-04	
1956.491218000	1.323390961	2.490321000E-04	
1956.009090000	1.323346734	2.520790000E-04	
1955.526962000	1.323310733	2.550935000E-04	
1955.044834000	1.323266149	2.580736000E-04	
1954.562706000	1.323229790	2.610227000E-04	
1954.080578000	1.323184609	2.639509000E-04	
1953.598450000	1.323147893	2.668717000E-04	
1953.116322000	1.323102236	2.697983000E-04	
1952.634194000	1.323065162	2.727398000E-04	
1952.152066000	1.323019147	2.756994000E-04	
1951.669938000	1.322981715	2.786760000E-04	
1951.187810000	1.322935462	2.816663000E-04	
1950.705682000	1.322897673	2.846680000E-04	
1950.223554000	1.322851181	2.876804000E-04	
1949.741426000	1.322813034	2.907049000E-04	
1949.259298000	1.322766185	2.937446000E-04	
1948.777170000	1.322727799	2.968034000E-04	
1948.295042000	1.322680593	2.998848000E-04	
1947.812914000	1.322641969	3.029899000E-04	
1947.330786000	1.322594523	3.061167000E-04	
1946.848658000	1.322555661	3.092594000E-04	
1946.366531000	1.322507858	3.124108000E-04	
1945.884403000	1.322468877	3.155645000E-04	
1945.402275000	1.322420835	3.187172000E-04	
1944.920147000	1.322381496	3.218684000E-04	
1944.438019000	1.322333217	3.250199000E-04	
1943.955891000	1.322293639	3.281729000E-04	
1943.473763000	1.322245121	3.313279000E-04	
1942.991635000	1.322205305	3.344836000E-04	
1942.509507000	1.322156429	3.376383000E-04	
1942.027379000	1.322116375	3.407882000E-04	
1941.545251000	1.322067261	3.439252000E-04	
1941.063123000	1.322027087	3.470344000E-04	
1940.580995000	1.321977854	3.500954000E-04	
1940.098867000	1.321937442	3.530849000E-04	
1939.616739000	1.321888089	3.559814000E-04	
1939.134611000	1.321847558	3.587693000E-04	
1938.652483000	1.321797848	3.614429000E-04	
1938.170355000	1.321756840	3.640054000E-04	
1937.688227000	1.321706772	3.664667000E-04	
1937.206099000	1.321665406	3.688394000E-04	
1936.723971000	1.321614742	3.711364000E-04	
1936.241843000	1.321572900	3.733698000E-04	
1935.759715000	1.321521759	3.755492000E-04	
1935.277587000	1.321479440	3.776824000E-04	
1934.795459000	1.321427941	3.797752000E-04	
1934.313331000	1.321384907	3.818318000E-04	
1933.831203000	1.321333051	3.838544000E-04	
1933.349075000	1.321289539	3.857973000E-04	
1932.866947000	1.321237326	3.876222000E-04	
1932.384819000	1.321193218	3.893024000E-04	
1931.902691000	1.321141362	3.909231000E-04	
1931.420563000	1.321096420	3.925663000E-04	
1930.938435000	1.321040988	3.943535000E-04	
1930.456307000	1.320995688	3.963296000E-04	
1929.974179000	1.320940852	3.985322000E-04	
1929.492051000	1.320895314	4.008880000E-04	
1929.009923000	1.320840359	4.033418000E-04	
1928.527795000	1.320794225	4.058397000E-04	
1928.045667000	1.320738792	4.083717000E-04	
1927.563539000	1.320692301	4.109183000E-04	
1927.081411000	1.320636749	4.134445000E-04	
1926.599283000	1.320590138	4.159534000E-04	
1926.117155000	1.320533991	4.184807000E-04	
1925.635027000	1.320486665	4.209738000E-04	
1925.152899000	1.320429325	4.236989000E-04	
1924.670771000	1.320381045	4.269986000E-04	
1924.188644000	1.320323586	4.310124000E-04	
1923.706516000	1.320276856	4.354702000E-04	
1923.224388000	1.320221901	4.394546000E-04	
1922.742260000	1.320176959	4.413086000E-04	
1922.260132000	1.320121646	4.414562000E-04	
1921.778004000	1.320073605	4.404946000E-04	
1921.295876000	1.320014715	4.399880000E-04	
1920.813748000	1.319963932	4.395724000E-04	
1920.331620000	1.319902658	4.397809000E-04	
1919.849492000	1.319848776	4.409613000E-04	
1919.367364000	1.319784880	4.452686000E-04	
1918.885236000	1.319732308	4.523808000E-04	
1918.403108000	1.319674611	4.602277000E-04	
1917.920980000	1.319629908	4.641685000E-04	
1917.438852000	1.319575191	4.628943000E-04	
1916.956724000	1.319525361	4.580040000E-04	
1916.474596000	1.319460869	4.543843000E-04	
1915.992468000	1.319403648	4.539484000E-04	
1915.510340000	1.319337726	4.564796000E-04	
1915.028212000	1.319282770	4.589693000E-04	
1914.546084000	1.319218159	4.609618000E-04	
1914.063956000	1.319161773	4.625486000E-04	
1913.581828000	1.319094896	4.654381000E-04	
1913.099700000	1.319037795	4.689256000E-04	
1912.617572000	1.318971157	4.730651000E-04	
1912.135444000	1.318913817	4.769903000E-04	
1911.653316000	1.318846345	4.818451000E-04	
1911.171188000	1.318788886	4.871899000E-04	
1910.689060000	1.318722010	4.933330000E-04	
1910.206932000	1.318665624	4.989348000E-04	
1909.724804000	1.318599463	5.044787000E-04	
1909.242676000	1.318542957	5.093463000E-04	
1908.760548000	1.318476439	5.143235000E-04	
1908.278420000	1.318419456	5.185229000E-04	
1907.796292000	1.318351865	5.227640000E-04	
1907.314164000	1.318293333	5.266744000E-04	
1906.832036000	1.318224192	5.314397000E-04	
1906.349908000	1.318164706	5.363484000E-04	
1905.867780000	1.318095088	5.419693000E-04	
1905.385652000	1.318035483	5.473350000E-04	
1904.903524000	1.317965388	5.532222000E-04	
1904.421396000	1.317905426	5.588111000E-04	
1903.939268000	1.317835331	5.647892000E-04	
1903.457140000	1.317774892	5.702029000E-04	
1902.975012000	1.317703962	5.758880000E-04	
1902.492884000	1.317642450	5.811230000E-04	
1902.010757000	1.317570210	5.868995000E-04	
1901.528629000	1.317507386	5.925750000E-04	
1901.046501000	1.317433953	5.992219000E-04	
1900.564373000	1.317370176	6.061411000E-04	
1900.082245000	1.317296386	6.140292000E-04	
1899.600117000	1.317232609	6.218210000E-04	
1899.117989000	1.317158580	6.302221000E-04	
1898.635861000	1.317094684	6.384129000E-04	
1898.153733000	1.317020416	6.471965000E-04	
1897.671605000	1.316956282	6.556129000E-04	
1897.189477000	1.316881180	6.645425000E-04	
1896.707349000	1.316815972	6.736098000E-04	
1896.225221000	1.316739917	6.841921000E-04	
1895.743093000	1.316675067	6.953966000E-04	
1895.260965000	1.316600919	7.072024000E-04	
1894.778837000	1.316537857	7.177627000E-04	
1894.296709000	1.316464186	7.277482000E-04	
1893.814581000	1.316399693	7.370869000E-04	
1893.332453000	1.316324353	7.474648000E-04	
1892.850325000	1.316259265	7.581079000E-04	
1892.368197000	1.316183925	7.692899000E-04	
1891.886069000	1.316118717	7.800864000E-04	
1891.403941000	1.316042185	7.922523000E-04	
1890.921813000	1.315976620	8.061198000E-04	
1890.439685000	1.315902829	8.222520000E-04	
1889.957557000	1.315843463	8.375720000E-04	
1889.475429000	1.315776348	8.500514000E-04	
1888.993301000	1.315720201	8.576418000E-04	
1888.511173000	1.315650582	8.625643000E-04	
1888.029045000	1.315588355	8.666766000E-04	
1887.546917000	1.315514088	8.725107000E-04	
1887.064789000	1.315451145	8.789407000E-04	
1886.582661000	1.315378308	8.852496000E-04	
1886.100533000	1.315316916	8.894751000E-04	
1885.618405000	1.315243840	8.922993000E-04	
1885.136277000	1.315180540	8.933469000E-04	
1884.654149000	1.315105081	8.936714000E-04	
1884.172021000	1.315039158	8.925307000E-04	
1883.689893000	1.314960241	8.909348000E-04	
1883.207765000	1.314890623	8.887053000E-04	
1882.725637000	1.314807773	8.871634000E-04	
1882.243509000	1.314734817	8.857441000E-04	
1881.761381000	1.314649820	8.850170000E-04	
1881.279253000	1.314574838	8.839646000E-04	
1880.797125000	1.314487576	8.833703000E-04	
1880.314997000	1.314410090	8.827526000E-04	
1879.832870000	1.314320087	8.832022000E-04	
1879.350742000	1.314240813	8.839079000E-04	
1878.868614000	1.314149618	8.852082000E-04	
1878.386486000	1.314069033	8.859694000E-04	
1877.904358000	1.313975573	8.870998000E-04	
1877.422230000	1.313892007	8.885381000E-04	
1876.940102000	1.313795805	8.915378000E-04	
1876.457974000	1.313711047	8.952041000E-04	
1875.975846000	1.313614368	8.996496000E-04	
1875.493718000	1.313528895	9.038546000E-04	
1875.011590000	1.313431025	9.087379000E-04	
1874.529462000	1.313344121	9.138108000E-04	
1874.047334000	1.313245058	9.195450000E-04	
1873.565206000	1.313157320	9.249045000E-04	
1873.083078000	1.313057184	9.305796000E-04	
1872.600950000	1.312967300	9.361095000E-04	
1872.118822000	1.312864900	9.421894000E-04	
1871.636694000	1.312772393	9.482763000E-04	
1871.154566000	1.312666059	9.561812000E-04	
1870.672438000	1.312570214	9.671280000E-04	
1870.190310000	1.312464595	9.822235000E-04	
1869.708182000	1.312375426	9.981258000E-04	
1869.226054000	1.312278509	1.010827300E-03	
1868.743926000	1.312193394	1.017161900E-03	
1868.261798000	1.312091708	1.019625300E-03	
1867.779670000	1.311996102	1.021954600E-03	
1867.297542000	1.311885357	1.027466000E-03	
1866.815414000	1.311785698	1.035117300E-03	
1866.333286000	1.311673760	1.043904800E-03	
1865.851158000	1.311571956	1.053180800E-03	
1865.369030000	1.311457038	1.064592900E-03	
1864.886902000	1.311354041	1.077784200E-03	
1864.404774000	1.311239839	1.092006600E-03	
1863.922646000	1.311137438	1.105646700E-03	
1863.440518000	1.311021805	1.119697700E-03	
1862.958390000	1.310917020	1.134842900E-03	
1862.476262000	1.310799837	1.151760500E-03	
1861.994134000	1.310695291	1.169074400E-03	
1861.512006000	1.310578704	1.186594600E-03	
1861.029878000	1.310473323	1.204177900E-03	
1860.547750000	1.310355186	1.222694900E-03	
1860.065622000	1.310248733	1.241622700E-03	
1859.583494000	1.310129881	1.261076400E-03	
1859.101366000	1.310022116	1.281017700E-03	
1858.619238000	1.309902072	1.302339600E-03	
1858.137110000	1.309794426	1.324438800E-03	
1857.654982000	1.309674740	1.346771300E-03	
1857.172855000	1.309567213	1.368667200E-03	
1856.690727000	1.309446335	1.391001700E-03	
1856.208599000	1.309337258	1.413975800E-03	
1855.726471000	1.309216022	1.437456600E-03	
1855.244343000	1.309106708	1.460635800E-03	
1854.762215000	1.308983564	1.484155900E-03	
1854.280087000	1.308872104	1.508823700E-03	
1853.797959000	1.308748126	1.534995200E-03	
1853.315831000	1.308637500	1.561581700E-03	
1852.833703000	1.308514357	1.587967500E-03	
1852.351575000	1.308402896	1.614456600E-03	
1851.869447000	1.308279037	1.641722200E-03	
1851.387319000	1.308167934	1.669307900E-03	
1850.905191000	1.308044076	1.696354700E-03	
1850.423063000	1.307932258	1.723032100E-03	
1849.940935000	1.307806492	1.750511200E-03	
1849.458807000	1.307693243	1.779378200E-03	
1848.976679000	1.307568669	1.808602900E-03	
1848.494551000	1.307457328	1.837228700E-03	
1848.012423000	1.307332873	1.864970400E-03	
1847.530295000	1.307222247	1.891796700E-03	
1847.048167000	1.307097316	1.916383300E-03	
1846.566039000	1.306981564	1.939054800E-03	
1846.083911000	1.306847095	1.963738400E-03	
1845.601783000	1.306723237	1.997068800E-03	
1845.119655000	1.306592584	2.039670200E-03	
1844.637527000	1.306490302	2.082811400E-03	
1844.155399000	1.306386113	2.112570200E-03	
1843.673271000	1.306293249	2.123557500E-03	
1843.191143000	1.306171894	2.122827300E-03	
1842.709015000	1.306048274	2.124262700E-03	
1842.226887000	1.305902839	2.134583700E-03	
1841.744759000	1.305772305	2.151965400E-03	
1841.262631000	1.305629134	2.170235600E-03	
1840.780503000	1.305498719	2.188182900E-03	
1840.298375000	1.305352330	2.206670400E-03	
1839.816247000	1.305218935	2.226948000E-03	
1839.334119000	1.305071473	2.246559800E-03	
1838.851991000	1.304934859	2.265663600E-03	
1838.369863000	1.304781795	2.285312400E-03	
1837.887735000	1.304640055	2.308291800E-03	
1837.405607000	1.304485202	2.332481100E-03	
1836.923479000	1.304344535	2.356112500E-03	
1836.441351000	1.304187417	2.377504000E-03	
1835.959223000	1.304040313	2.400045100E-03	
1835.477095000	1.303876638	2.424543700E-03	
1834.994968000	1.303725958	2.451628200E-03	
1834.512840000	1.303560376	2.478422800E-03	
1834.030712000	1.303406954	2.506275900E-03	
1833.548584000	1.303236842	2.534954300E-03	
1833.066456000	1.303079844	2.565886100E-03	
1832.584328000	1.302906632	2.596544600E-03	
1832.102200000	1.302744269	2.629151800E-03	
1831.620072000	1.302562833	2.665587200E-03	
1831.137944000	1.302397132	2.710155400E-03	
1830.655816000	1.302221894	2.758674600E-03	
1830.173688000	1.302068591	2.805987600E-03	
1829.691560000	1.301903129	2.844863300E-03	
1829.209432000	1.301746368	2.877881800E-03	
1828.727304000	1.301567674	2.908431700E-03	
1828.245176000	1.301396847	2.943179600E-03	
1827.763048000	1.301206827	2.981471800E-03	
1827.280920000	1.301029325	3.025281700E-03	
1826.798792000	1.300835490	3.073099100E-03	
1826.316664000	1.300657630	3.127851800E-03	
1825.834536000	1.300469398	3.185172600E-03	
1825.352408000	1.300301909	3.242395100E-03	
1824.870280000	1.300120354	3.292757800E-03	
1824.388152000	1.299949408	3.339156300E-03	
1823.906024000	1.299757242	3.383762200E-03	
1823.423896000	1.299573421	3.433990300E-03	
1822.941768000	1.299373746	3.488067500E-03	
1822.459640000	1.299188972	3.546360900E-03	
1821.977512000	1.298990130	3.603753600E-03	
1821.495384000	1.298804760	3.663337100E-03	
1821.013256000	1.298601389	3.723532200E-03	
1820.531128000	1.298413038	3.787584600E-03	
1820.049000000	1.298209190	3.851049300E-03	
1819.566872000	1.298019052	3.916537900E-03	
1819.084744000	1.297810793	3.982157000E-03	
1818.602616000	1.297616601	4.053009200E-03	
1818.120488000	1.297406197	4.125444700E-03	
1817.638360000	1.297214150	4.200799900E-03	
1817.156232000	1.297005057	4.273960800E-03	
1816.674104000	1.296809554	4.349183300E-03	
1816.191976000	1.296596169	4.424466300E-03	
1815.709848000	1.296396732	4.504226100E-03	
1815.227720000	1.296181321	4.584253800E-03	
1814.745592000	1.295978546	4.668545000E-03	
1814.263464000	1.295761108	4.753981700E-03	
1813.781336000	1.295557857	4.844787100E-03	
1813.299208000	1.295340300	4.935700900E-03	
1812.817081000	1.295138478	5.029943800E-03	
1812.334953000	1.294920087	5.124126100E-03	
1811.852825000	1.294717908	5.224159500E-03	
1811.370697000	1.294500709	5.325288500E-03	
1810.888569000	1.294304967	5.429127700E-03	
1810.406441000	1.294093370	5.528591600E-03	
1809.924313000	1.293896437	5.628643600E-03	
1809.442185000	1.293680906	5.727221700E-03	
1808.960057000	1.293479800	5.830952400E-03	
1808.477929000	1.293263793	5.934961100E-03	
1807.995801000	1.293062925	6.043081600E-03	
1807.513673000	1.292849541	6.149662700E-03	
1807.031545000	1.292651057	6.259227600E-03	
1806.549417000	1.292437673	6.366355800E-03	
1806.067289000	1.292240024	6.476279800E-03	
1805.585161000	1.292026162	6.584634100E-03	
1805.103033000	1.291829705	6.696841200E-03	
1804.620905000	1.291616440	6.806423400E-03	
1804.138777000	1.291422129	6.917738800E-03	
1803.656649000	1.291208267	7.026614600E-03	
1803.174521000	1.291011095	7.140700200E-03	
1802.692393000	1.290801048	7.254052000E-03	
1802.210265000	1.290611744	7.368282400E-03	
1801.728137000	1.290407777	7.474449000E-03	
1801.246009000	1.290217757	7.579809100E-03	
1800.763881000	1.290006995	7.683022400E-03	
1800.281753000	1.289814115	7.790924500E-03	
1799.799625000	1.289611936	7.893196300E-03	
1799.317497000	1.289424658	7.990992600E-03	
1798.835369000	1.289217949	8.078923400E-03	
1798.353241000	1.289018154	8.167886200E-03	
1797.871113000	1.288800597	8.255082200E-03	
1797.388985000	1.288598537	8.345878700E-03	
1796.906857000	1.288377285	8.432223500E-03	
1796.424729000	1.288172126	8.519911200E-03	
1795.942601000	1.287949800	8.601833100E-03	
1795.460473000	1.287742615	8.681790900E-03	
1794.978345000	1.287512660	8.752438200E-03	
1794.496217000	1.287289739	8.825667200E-03	
1794.014089000	1.287040472	8.902995800E-03	
1793.531961000	1.286815882	8.992407500E-03	
1793.049833000	1.286584020	9.076763900E-03	
1792.567705000	1.286378026	9.148900400E-03	
1792.085577000	1.286148906	9.197258400E-03	
1791.603449000	1.285920501	9.236658900E-03	
1791.121321000	1.285654902	9.270957700E-03	
1790.639194000	1.285398960	9.311482300E-03	
1790.157066000	1.285115242	9.348884200E-03	
1789.674938000	1.284839749	9.388913400E-03	
1789.192810000	1.284539819	9.426257600E-03	
1788.710682000	1.284246564	9.470421800E-03	
1788.228554000	1.283928514	9.512548300E-03	
1787.746426000	1.283624291	9.557319800E-03	
1787.264298000	1.283293843	9.596807000E-03	
1786.782170000	1.282967329	9.641710700E-03	
1786.300042000	1.282615542	9.686935700E-03	
1785.817914000	1.282275200	9.739992200E-03	
1785.335786000	1.281913638	9.789772300E-03	
1784.853658000	1.281563640	9.841013700E-03	
1784.371530000	1.281186581	9.884221500E-03	
1783.889402000	1.280813575	9.929489300E-03	
1783.407274000	1.280405045	9.973036100E-03	
1782.925146000	1.280000448	1.002785000E-02	
1782.443018000	1.279568195	1.008724510E-02	
1781.960890000	1.279146433	1.015813930E-02	
1781.478762000	1.278701067	1.022922900E-02	
1780.996634000	1.278265834	1.030762960E-02	
1780.514506000	1.277805567	1.038376990E-02	
1780.032378000	1.277350307	1.046576820E-02	
1779.550250000	1.276864529	1.054530680E-02	
1779.068122000	1.276384830	1.063467930E-02	
1778.585994000	1.275871754	1.072872150E-02	
1778.103866000	1.275364399	1.083689280E-02	
1777.621738000	1.274834633	1.094674690E-02	
1777.139610000	1.274311304	1.106603820E-02	
1776.657482000	1.273753047	1.118876230E-02	
1776.175354000	1.273206115	1.132760100E-02	
1775.693226000	1.272631407	1.147029640E-02	
1775.211098000	1.272065282	1.162055410E-02	
1774.728970000	1.271463156	1.177112670E-02	
1774.246842000	1.270853043	1.194461990E-02	
1773.764714000	1.270220399	1.214217770E-02	
1773.282586000	1.269615293	1.236653610E-02	
1772.800458000	1.269003987	1.258647810E-02	
1772.318330000	1.268409252	1.279542780E-02	
1771.836202000	1.267773628	1.298777760E-02	
1771.354074000	1.267124057	1.318970510E-02	
1770.871946000	1.266432285	1.340308040E-02	
1770.389818000	1.265733123	1.363932900E-02	
1769.907690000	1.265001178	1.389091740E-02	
1769.425562000	1.264264226	1.417536750E-02	
1768.943434000	1.263504148	1.448753940E-02	
1768.461306000	1.262774110	1.482708570E-02	
1767.979179000	1.262030005	1.516578440E-02	
1767.497051000	1.261289239	1.550339720E-02	
1767.014923000	1.260510087	1.583858210E-02	
1766.532795000	1.259711266	1.619635710E-02	
1766.050667000	1.258877754	1.657673900E-02	
1765.568539000	1.258038759	1.698934100E-02	
1765.086411000	1.257166386	1.742449400E-02	
1764.604283000	1.256294370	1.789344850E-02	
1764.122155000	1.255388141	1.839025690E-02	
1763.640027000	1.254486442	1.892567430E-02	
1763.157899000	1.253545403	1.949558030E-02	
1762.675771000	1.252620816	2.011413130E-02	
1762.193643000	1.251671314	2.077324320E-02	
1761.711515000	1.250746727	2.147175190E-02	
1761.229387000	1.249799371	2.219387330E-02	
1760.747259000	1.248854399	2.295422000E-02	
1760.265131000	1.247861981	2.376592160E-02	
1759.783003000	1.246892214	2.465250530E-02	
1759.300875000	1.245906234	2.560759890E-02	
1758.818747000	1.244970322	2.663080210E-02	
1758.336619000	1.244027257	2.771735190E-02	
1757.854491000	1.243134022	2.888436800E-02	
1757.372363000	1.242274880	3.013052790E-02	
1756.890235000	1.241497397	3.144971280E-02	
1756.408107000	1.240792632	3.281893950E-02	
1755.925979000	1.240175962	3.423654290E-02	
1755.443851000	1.239626288	3.570073840E-02	
1754.961723000	1.239218354	3.721152250E-02	
1754.479595000	1.238914728	3.874096650E-02	
1753.997467000	1.238762617	4.026091470E-02	
1753.515339000	1.238736391	4.174137120E-02	
1753.033211000	1.238865852	4.316783700E-02	
1752.551083000	1.239096642	4.451067750E-02	
1752.068955000	1.239501119	4.573425650E-02	
1751.586827000	1.239977598	4.678902400E-02	
1751.104699000	1.240542889	4.764779660E-02	
1750.622571000	1.241100192	4.829454050E-02	
1750.140443000	1.241624355	4.873888570E-02	
1749.658315000	1.242063046	4.899594560E-02	
1749.176187000	1.242391348	4.909751190E-02	
1748.694059000	1.242586255	4.906632010E-02	
1748.211931000	1.242644787	4.892586920E-02	
1747.729803000	1.242522120	4.869076980E-02	
1747.247675000	1.242241263	4.839531700E-02	
1746.765547000	1.241754413	4.807508740E-02	
1746.283419000	1.241103888	4.776629810E-02	
1745.801292000	1.240291357	4.747963700E-02	
1745.319164000	1.239337683	4.722717400E-02	
1744.837036000	1.238212466	4.702155660E-02	
1744.354908000	1.236974955	4.688711460E-02	
1743.872780000	1.235594273	4.682907830E-02	
1743.390652000	1.234136939	4.684447120E-02	
1742.908524000	1.232548952	4.692581300E-02	
1742.426396000	1.230865598	4.708603400E-02	
1741.944268000	1.229046702	4.733903330E-02	
1741.462140000	1.227181792	4.769404230E-02	
1740.980012000	1.225190401	4.814653470E-02	
1740.497884000	1.223161340	4.869598900E-02	
1740.015756000	1.221012354	4.934117200E-02	
1739.533628000	1.218844175	5.007605630E-02	
1739.051500000	1.216567397	5.088916050E-02	
1738.569372000	1.214214802	5.178381880E-02	
1738.087244000	1.211721659	5.278469990E-02	
1737.605116000	1.209165454	5.391593650E-02	
1737.122988000	1.206495881	5.517832930E-02	
1736.640860000	1.203783631	5.655589330E-02	
1736.158732000	1.200935006	5.805294960E-02	
1735.676604000	1.197991371	5.970111120E-02	
1735.194476000	1.194939733	6.153012810E-02	
1734.712348000	1.191850185	6.353112310E-02	
1734.230220000	1.188659430	6.567251680E-02	
1733.748092000	1.185413003	6.794539840E-02	
1733.265964000	1.181988001	7.037446650E-02	
1732.783836000	1.178442478	7.300774750E-02	
1732.301708000	1.174740791	7.585756480E-02	
1731.819580000	1.170901060	7.894827430E-02	
1731.337452000	1.166867733	8.232521270E-02	
1730.855324000	1.162711382	8.605735000E-02	
1730.373196000	1.158398032	9.016190470E-02	
1729.891068000	1.154066563	9.463716300E-02	
1729.408940000	1.149514794	9.947973490E-02	
1728.926812000	1.144914627	1.047811359E-01	
1728.444684000	1.140086889	1.106226221E-01	
1727.962556000	1.135282993	1.170741767E-01	
1727.480428000	1.130421519	1.241179183E-01	
1726.998300000	1.125585318	1.318324059E-01	
1726.516172000	1.120601535	1.403275579E-01	
1726.034044000	1.115946174	1.497700959E-01	
1725.551916000	1.111432314	1.599564701E-01	
1725.069788000	1.107166052	1.712136716E-01	
1724.587660000	1.103291273	1.834462434E-01	
1724.105532000	1.099959612	1.969161630E-01	
1723.623405000	1.097579241	2.117215544E-01	
1723.141277000	1.096436143	2.271986604E-01	
1722.659149000	1.095840693	2.437562495E-01	
1722.177021000	1.096867323	2.615886927E-01	
1721.694893000	1.099178076	2.806515694E-01	
1721.212765000	1.104503751	3.008550704E-01	
1720.730637000	1.111889601	3.204107881E-01	
1720.248509000	1.120990872	3.404726684E-01	
1719.766381000	1.132640600	3.604727685E-01	
1719.284253000	1.146645308	3.804752231E-01	
1718.802125000	1.164183140	3.996272981E-01	
1718.319997000	1.184519649	4.166001379E-01	
1717.837869000	1.206401706	4.311734140E-01	
1717.355741000	1.229632378	4.442545772E-01	
1716.873613000	1.255395412	4.557005763E-01	
1716.391485000	1.283759236	4.635646343E-01	
1715.909357000	1.312568545	4.667559862E-01	
1715.427229000	1.339861751	4.668434262E-01	
1714.945101000	1.366865873	4.654379189E-01	
1714.462973000	1.394655824	4.615493119E-01	
1713.980845000	1.422108412	4.533896744E-01	
1713.498717000	1.447095275	4.416404665E-01	
1713.016589000	1.468768954	4.285465777E-01	
1712.534461000	1.489205837	4.148002565E-01	
1712.052333000	1.508496642	3.993810713E-01	
1711.570205000	1.525624394	3.818922937E-01	
1711.088077000	1.539718866	3.634757996E-01	
1710.605949000	1.551568508	3.452357054E-01	
1710.123821000	1.561281562	3.271018267E-01	
1709.641693000	1.570298910	3.096185327E-01	
1709.159565000	1.577880025	2.904537320E-01	
1708.677437000	1.582209229	2.719199657E-01	
1708.195309000	1.585448623	2.543785274E-01	
1707.713181000	1.587157130	2.376513779E-01	
1707.231053000	1.588370562	2.214509696E-01	
1706.748925000	1.587960839	2.053677142E-01	
1706.266797000	1.586171389	1.904004663E-01	
1705.784669000	1.583522081	1.765766293E-01	
1705.302541000	1.580368876	1.636354923E-01	
1704.820413000	1.576614499	1.515550613E-01	
1704.338285000	1.572309494	1.402449757E-01	
1703.856157000	1.567463636	1.299420446E-01	
1703.374029000	1.562488914	1.205601543E-01	
1702.891901000	1.557311654	1.119623333E-01	
1702.409773000	1.552064300	1.041017622E-01	
1701.927645000	1.546694160	9.700816870E-02	
1701.445518000	1.541468024	9.063791480E-02	
1700.963390000	1.536347866	8.484286810E-02	
1700.481262000	1.531430125	7.947045560E-02	
1699.999134000	1.526523829	7.448364050E-02	
1699.517006000	1.521693945	6.992422040E-02	
1699.034878000	1.516914606	6.581693890E-02	
1698.552750000	1.512334943	6.210615110E-02	
1698.070622000	1.507850051	5.873196570E-02	
1697.588494000	1.503572106	5.567611010E-02	
1697.106366000	1.499412298	5.293264240E-02	
1696.624238000	1.495512962	5.044901000E-02	
1696.142110000	1.491800308	4.813265060E-02	
1695.659982000	1.488270640	4.592024910E-02	
1695.177854000	1.484788537	4.382734750E-02	
1694.695726000	1.481406331	4.190254580E-02	
1694.213598000	1.478086591	4.016389700E-02	
1693.731470000	1.474930763	3.858600560E-02	
1693.249342000	1.471873760	3.713464740E-02	
1692.767214000	1.468972683	3.579621020E-02	
1692.285086000	1.466132045	3.456632790E-02	
1691.802958000	1.463442445	3.343472260E-02	
1691.320830000	1.460834146	3.238585960E-02	
1690.838702000	1.458331347	3.141526130E-02	
1690.356574000	1.455911160	3.052396140E-02	
1689.874446000	1.453598142	2.970723440E-02	
1689.392318000	1.451363325	2.895003560E-02	
1688.910190000	1.449236035	2.824394590E-02	
1688.428062000	1.447158694	2.758894860E-02	
1687.945934000	1.445190907	2.698411790E-02	
1687.463806000	1.443284869	2.641623470E-02	
1686.981678000	1.441455722	2.587817800E-02	
1686.499550000	1.439663768	2.538127270E-02	
1686.017422000	1.437954426	2.494487730E-02	
1685.535294000	1.436327696	2.455831320E-02	
1685.053166000	1.434829235	2.417561410E-02	
1684.571038000	1.433392882	2.374914290E-02	
1684.088910000	1.431980014	2.327996120E-02	
1683.606782000	1.430531025	2.281136620E-02	
1683.124654000	1.429093599	2.238832970E-02	
1682.642526000	1.427649498	2.202294390E-02	
1682.160398000	1.426251292	2.171184310E-02	
1681.678270000	1.424860954	2.145664210E-02	
1681.196142000	1.423531055	2.126934010E-02	
1680.714014000	1.422249556	2.114899830E-02	
1680.231886000	1.421052575	2.108139920E-02	
1679.749758000	1.419921637	2.105056680E-02	
1679.267630000	1.418877602	2.105735240E-02	
1678.785503000	1.417910337	2.110259420E-02	
1678.303375000	1.417063951	2.117330020E-02	
1677.821247000	1.416326523	2.123760620E-02	
1677.339119000	1.415701151	2.127083760E-02	
1676.856991000	1.415171623	2.125855910E-02	
1676.374863000	1.414742231	2.118743580E-02	
1675.892735000	1.414396405	2.102290470E-02	
1675.410607000	1.414117813	2.072849680E-02	
1674.928479000	1.413826227	2.029111050E-02	
1674.446351000	1.413487673	1.974029470E-02	
1673.964223000	1.413051844	1.912144200E-02	
1673.482095000	1.412545800	1.847597580E-02	
1672.999967000	1.411967039	1.782682350E-02	
1672.517839000	1.411339402	1.719494540E-02	
1672.035711000	1.410668015	1.657502350E-02	
1671.553583000	1.409966707	1.597470910E-02	
1671.071455000	1.409221649	1.540072790E-02	
1670.589327000	1.408465981	1.486065760E-02	
1670.107199000	1.407687306	1.435845030E-02	
1669.625071000	1.406925201	1.388584480E-02	
1669.142943000	1.406156540	1.342966660E-02	
1668.660815000	1.405390978	1.298257240E-02	
1668.178687000	1.404604435	1.255255130E-02	
1667.696559000	1.403807402	1.215223380E-02	
1667.214431000	1.403008223	1.178826550E-02	
1666.732303000	1.402220249	1.145501720E-02	
1666.250175000	1.401442766	1.114536080E-02	
1665.768047000	1.400677562	1.085539260E-02	
1665.285919000	1.399915695	1.058674540E-02	
1664.803791000	1.399171829	1.033910740E-02	
1664.321663000	1.398435354	1.011220710E-02	
1663.839535000	1.397719383	9.903742900E-03	
1663.357407000	1.397019148	9.711047900E-03	
1662.875279000	1.396346092	9.525373600E-03	
1662.393151000	1.395671487	9.338601500E-03	
1661.911023000	1.395011544	9.173443900E-03	
1661.428895000	1.394363165	9.016980200E-03	
1660.946767000	1.393741250	8.873964100E-03	
1660.464639000	1.393128753	8.720386500E-03	
1659.982511000	1.392521858	8.573820000E-03	
1659.500383000	1.391919017	8.435222100E-03	
1659.018255000	1.391329408	8.304299800E-03	
1658.536127000	1.390745163	8.181213500E-03	
1658.053999000	1.390169740	8.065578700E-03	
1657.571871000	1.389604568	7.958184700E-03	
1657.089743000	1.389052272	7.858639200E-03	
1656.607616000	1.388506293	7.766293400E-03	
1656.125488000	1.387978077	7.680241700E-03	
1655.643360000	1.387457013	7.599399900E-03	
1655.161232000	1.386951685	7.522489100E-03	
1654.679104000	1.386456013	7.448185200E-03	
1654.196976000	1.385975122	7.375234800E-03	
1653.714848000	1.385500073	7.302575200E-03	
1653.232720000	1.385040045	7.229427400E-03	
1652.750592000	1.384582877	7.155381600E-03	
1652.268464000	1.384137988	7.080424800E-03	
1651.786336000	1.383694410	7.004913000E-03	
1651.304208000	1.383258939	6.929469500E-03	
1650.822080000	1.382823706	6.854869800E-03	
1650.339952000	1.382396936	6.781914200E-03	
1649.857824000	1.381972551	6.711323400E-03	
1649.375696000	1.381553054	6.643625100E-03	
1648.893568000	1.381137609	6.579077400E-03	
1648.411440000	1.380729556	6.517629000E-03	
1647.929312000	1.380326390	6.458960600E-03	
1647.447184000	1.379931331	6.402554100E-03	
1646.965056000	1.379542112	6.347785300E-03	
1646.482928000	1.379158616	6.293994800E-03	
1646.000800000	1.378782868	6.240579300E-03	
1645.518672000	1.378411770	6.187074200E-03	
1645.036544000	1.378045201	6.133237500E-03	
1644.554416000	1.377683878	6.079069300E-03	
1644.072288000	1.377325416	6.024783300E-03	
1643.590160000	1.376971602	5.970725300E-03	
1643.108032000	1.376617908	5.917306200E-03	
1642.625904000	1.376270533	5.864942700E-03	
1642.143776000	1.375923157	5.814033400E-03	
1641.661648000	1.375580072	5.764921200E-03	
1641.179520000	1.375239611	5.717866200E-03	
1640.697392000	1.374903202	5.673004700E-03	
1640.215264000	1.374570847	5.630340000E-03	
1639.733136000	1.374241352	5.589735400E-03	
1639.251008000	1.373918414	5.550935600E-03	
1638.768880000	1.373598695	5.513576500E-03	
1638.286752000	1.373284101	5.477216500E-03	
1637.804624000	1.372974634	5.441363000E-03	
1637.322496000	1.372669816	5.405520900E-03	
1636.840368000	1.372370124	5.369224500E-03	
1636.358240000	1.372072458	5.332080400E-03	
1635.876112000	1.371780872	5.293793400E-03	
1635.393984000	1.371490240	5.254213400E-03	
1634.911856000	1.371202469	5.213358400E-03	
1634.429729000	1.370916367	5.171428500E-03	
1633.947601000	1.370631576	5.128771700E-03	
1633.465473000	1.370347738	5.085843600E-03	
1632.983345000	1.370064974	5.043146200E-03	
1632.501217000	1.369781375	5.001182900E-03	
1632.019089000	1.369500518	4.960394900E-03	
1631.536961000	1.369219303	4.921119800E-03	
1631.054833000	1.368939519	4.883561200E-03	
1630.572705000	1.368662238	4.847809600E-03	
1630.090577000	1.368384719	4.813864000E-03	
1629.608449000	1.368111730	4.781658300E-03	
1629.126321000	1.367840290	4.751054100E-03	
1628.644193000	1.367570996	4.721857000E-03	
1628.162065000	1.367303848	4.693844400E-03	
1627.679937000	1.367040038	4.666823900E-03	
1627.197809000	1.366777778	4.640653700E-03	
1626.715681000	1.366518855	4.615242300E-03	
1626.233553000	1.366261721	4.590509200E-03	
1625.751425000	1.366006494	4.566369800E-03	
1625.269297000	1.365752459	4.542722800E-03	
1624.787169000	1.365503073	4.519469500E-03	
1624.305041000	1.365252972	4.496528100E-03	
1623.822913000	1.365006089	4.473877300E-03	
1623.340785000	1.364759803	4.451582000E-03	
1622.858657000	1.364514470	4.429809000E-03	
1622.376529000	1.364270926	4.408784500E-03	
1621.894401000	1.364028335	4.388744300E-03	
1621.412273000	1.363786221	4.369881300E-03	
1620.930145000	1.363546729	4.352335500E-03	
1620.448017000	1.363307714	4.336175400E-03	
1619.965889000	1.363071918	4.321383200E-03	
1619.483761000	1.362837434	4.307818900E-03	
1619.001633000	1.362605095	4.295224600E-03	
1618.519505000	1.362375855	4.283249900E-03	
1618.037377000	1.362149000	4.271512000E-03	
1617.555249000	1.361923337	4.259637800E-03	
1617.073121000	1.361701369	4.247314700E-03	
1616.590993000	1.361479282	4.234326900E-03	
1616.108865000	1.361260414	4.220606300E-03	
1615.626737000	1.361038923	4.206248300E-03	
1615.144609000	1.360821486	4.191508800E-03	
1614.662481000	1.360600471	4.176756600E-03	
1614.180353000	1.360381603	4.162429700E-03	
1613.698225000	1.360160589	4.148972700E-03	
1613.216097000	1.359941363	4.136788000E-03	
1612.733969000	1.359720826	4.126179300E-03	
1612.251842000	1.359501123	4.117334500E-03	
1611.769714000	1.359282136	4.110325600E-03	
1611.287586000	1.359064579	4.105136500E-03	
1610.805458000	1.358846784	4.101670500E-03	
1610.323330000	1.358632565	4.099764600E-03	
1609.841202000	1.358417749	4.099202400E-03	
1609.359074000	1.358207107	4.099765600E-03	
1608.876946000	1.357994318	4.101280700E-03	
1608.394818000	1.357787013	4.103654900E-03	
1607.912690000	1.357577205	4.106862900E-03	
1607.430562000	1.357371330	4.110924900E-03	
1606.948434000	1.357164264	4.115873800E-03	
1606.466306000	1.356960654	4.121749200E-03	
1605.984178000	1.356755853	4.128586000E-03	
1605.502050000	1.356554866	4.136416700E-03	
1605.019922000	1.356351376	4.145260500E-03	
1604.537794000	1.356151581	4.155130900E-03	
1604.055666000	1.355952024	4.166031400E-03	
1603.573538000	1.355754495	4.177964400E-03	
1603.091410000	1.355556488	4.190925400E-03	
1602.609282000	1.355360627	4.204910800E-03	
1602.127154000	1.355165243	4.219916500E-03	
1601.645026000	1.354971647	4.235949500E-03	
1601.162898000	1.354778647	4.253023800E-03	
1600.680770000	1.354587793	4.271165700E-03	
1600.198642000	1.354395747	4.290404000E-03	
1599.716514000	1.354207635	4.310773700E-03	
1599.234386000	1.354018331	4.332308000E-03	
1598.752258000	1.353831410	4.355043300E-03	
1598.270130000	1.353644967	4.379010000E-03	
1597.788002000	1.353460550	4.404235900E-03	
1597.305874000	1.353276610	4.430738100E-03	
1596.823746000	1.353095412	4.458528700E-03	
1596.341618000	1.352913499	4.487611400E-03	
1595.859490000	1.352734566	4.517989700E-03	
1595.377362000	1.352555633	4.549663700E-03	
1594.895234000	1.352381468	4.582637200E-03	
1594.413106000	1.352204680	4.616912900E-03	
1593.930978000	1.352033138	4.652497800E-03	
1593.448850000	1.351860285	4.689394800E-03	
1592.966722000	1.351692557	4.727603600E-03	
1592.484594000	1.351523519	4.767110600E-03	
1592.002466000	1.351360440	4.807891000E-03	
1591.520338000	1.351194620	4.849898200E-03	
1591.038210000	1.351036906	4.893064400E-03	
1590.556082000	1.350876570	4.937289400E-03	
1590.073954000	1.350722909	4.982443200E-03	
1589.591827000	1.350569010	5.028362200E-03	
1589.109699000	1.350421786	5.074609900E-03	
1588.627571000	1.350274920	5.120471700E-03	
1588.145443000	1.350132465	5.165663900E-03	
1587.663315000	1.349991322	5.210150100E-03	
1587.181187000	1.349854112	5.254157800E-03	
1586.699059000	1.349716306	5.297487100E-03	
1586.216931000	1.349584460	5.339954700E-03	
1585.734803000	1.349451065	5.381392100E-03	
1585.252675000	1.349323988	5.421691800E-03	
1584.770547000	1.349193096	5.460782200E-03	
1584.288419000	1.349069953	5.498638800E-03	
1583.806291000	1.348942518	5.535245400E-03	
1583.324163000	1.348820686	5.570620200E-03	
1582.842035000	1.348696113	5.604811100E-03	
1582.359907000	1.348576427	5.637887600E-03	
1581.877779000	1.348454237	5.669933500E-03	
1581.395651000	1.348334670	5.701037300E-03	
1580.913523000	1.348214626	5.731284400E-03	
1580.431395000	1.348097086	5.760750300E-03	
1579.949267000	1.347976923	5.789495700E-03	
1579.467139000	1.347861290	5.817564200E-03	
1578.985011000	1.347742438	5.844982700E-03	
1578.502883000	1.347628951	5.871763500E-03	
1578.020755000	1.347509861	5.897908900E-03	
1577.538627000	1.347398281	5.923415700E-03	
1577.056499000	1.347281098	5.948281000E-03	
1576.574371000	1.347169161	5.972506700E-03	
1576.092243000	1.347053647	5.996103100E-03	
1575.610115000	1.346942902	6.019090500E-03	
1575.127987000	1.346828341	6.041498500E-03	
1574.645859000	1.346719146	6.063362400E-03	
1574.163731000	1.346603990	6.084718000E-03	
1573.681603000	1.346496344	6.105595700E-03	
1573.199475000	1.346382618	6.126013400E-03	
1572.717347000	1.346274495	6.145972100E-03	
1572.235219000	1.346162438	6.165452400E-03	
1571.753091000	1.346055984	6.184413800E-03	
1571.270963000	1.345943451	6.202797100E-03	
1570.788835000	1.345838785	6.220529500E-03	
1570.306707000	1.345727921	6.237533300E-03	
1569.824579000	1.345622659	6.253736700E-03	
1569.342451000	1.345513105	6.269085100E-03	
1568.860323000	1.345408320	6.283552600E-03	
1568.378195000	1.345299006	6.297150800E-03	
1567.896067000	1.345194936	6.309933800E-03	
1567.413940000	1.345083594	6.321998700E-03	
1566.931812000	1.344979525	6.333480600E-03	
1566.449684000	1.344868183	6.344542800E-03	
1565.967556000	1.344761848	6.355362600E-03	
1565.485428000	1.344650388	6.366114200E-03	
1565.003300000	1.344544053	6.376951100E-03	
1564.521172000	1.344430566	6.387988100E-03	
1564.039044000	1.344324946	6.399286400E-03	
1563.556916000	1.344211936	6.410843500E-03	
1563.074788000	1.344107151	6.422588000E-03	
1562.592660000	1.343996048	6.434381600E-03	
1562.110532000	1.343891025	6.446027300E-03	
1561.628404000	1.343782902	6.457283900E-03	
1561.146276000	1.343678117	6.467884900E-03	
1560.664148000	1.343572378	6.477560500E-03	
1560.182020000	1.343469739	6.486060100E-03	
1559.699892000	1.343362927	6.493173300E-03	
1559.217764000	1.343263268	6.498747100E-03	
1558.735636000	1.343157053	6.502698900E-03	
1558.253508000	1.343053460	6.505024100E-03	
1557.771380000	1.342946649	6.505796200E-03	
1557.289252000	1.342843652	6.505162500E-03	
1556.807124000	1.342732787	6.503332900E-03	
1556.324996000	1.342625260	6.500565000E-03	
1555.842868000	1.342513442	6.497147000E-03	
1555.360740000	1.342403173	6.493378900E-03	
1554.878612000	1.342284560	6.489555200E-03	
1554.396484000	1.342171669	6.485949300E-03	
1553.914356000	1.342052102	6.482802200E-03	
1553.432228000	1.341934562	6.480314500E-03	
1552.950100000	1.341810584	6.478643100E-03	
1552.467972000	1.341693163	6.477901200E-03	
1551.985844000	1.341567159	6.478162200E-03	
1551.503716000	1.341446996	6.479465400E-03	
1551.021588000	1.341318607	6.481825500E-03	
1550.539460000	1.341198087	6.485240900E-03	
1550.057332000	1.341068864	6.489702600E-03	
1549.575204000	1.340947747	6.495200600E-03	
1549.093076000	1.340818763	6.501727400E-03	
1548.610948000	1.340695739	6.509278700E-03	
1548.128820000	1.340567350	6.517851400E-03	
1547.646692000	1.340445161	6.527438800E-03	
1547.164564000	1.340315461	6.538023800E-03	
1546.682436000	1.340194583	6.549570900E-03	
1546.200308000	1.340066552	6.562018400E-03	
1545.718180000	1.339945197	6.575272100E-03	
1545.236053000	1.339819193	6.589201000E-03	
1544.753925000	1.339699745	6.603636000E-03	
1544.271797000	1.339575887	6.618372300E-03	
1543.789669000	1.339459181	6.633174700E-03	
1543.307541000	1.339336395	6.647787000E-03	
1542.825413000	1.339220166	6.661944200E-03	
1542.343285000	1.339101911	6.675387400E-03	
1541.861157000	1.338987470	6.687878700E-03	
1541.379029000	1.338869572	6.699216500E-03	
1540.896901000	1.338754892	6.709247800E-03	
1540.414773000	1.338637352	6.717877900E-03	
1539.932645000	1.338524938	6.725076100E-03	
1539.450517000	1.338404775	6.730877600E-03	
1538.968389000	1.338289976	6.735379800E-03	
1538.486261000	1.338168502	6.738735600E-03	
1538.004133000	1.338051319	6.741141000E-03	
1537.522005000	1.337927103	6.742821000E-03	
1537.039877000	1.337807775	6.744013600E-03	
1536.557749000	1.337678671	6.744954200E-03	
1536.075621000	1.337556839	6.745862300E-03	
1535.593493000	1.337425470	6.746930500E-03	
1535.111365000	1.337298989	6.748317200E-03	
1534.629237000	1.337165594	6.750142000E-03	
1534.147109000	1.337036729	6.752485700E-03	
1533.664981000	1.336901903	6.755393500E-03	
1533.182853000	1.336769223	6.758881600E-03	
1532.700725000	1.336633205	6.762945200E-03	
1532.218597000	1.336499572	6.767567000E-03	
1531.736469000	1.336360335	6.772725200E-03	
1531.254341000	1.336225867	6.778401100E-03	
1530.772213000	1.336085677	6.784583900E-03	
1530.290085000	1.335947990	6.791273400E-03	
1529.807957000	1.335807085	6.798480700E-03	
1529.325829000	1.335668087	6.806224800E-03	
1528.843701000	1.335525751	6.814529000E-03	
1528.361573000	1.335386157	6.823414400E-03	
1527.879445000	1.335240722	6.832894800E-03	
1527.397317000	1.335101366	6.842970900E-03	
1526.915189000	1.334953070	6.853626000E-03	
1526.433061000	1.334813595	6.864823100E-03	
1525.950933000	1.334664464	6.876504000E-03	
1525.468805000	1.334524393	6.888590200E-03	
1524.986677000	1.334375262	6.900987000E-03	
1524.504549000	1.334232807	6.913588500E-03	
1524.022421000	1.334083676	6.926284300E-03	
1523.540293000	1.333941221	6.938965800E-03	
1523.058166000	1.333789468	6.951533400E-03	
1522.576038000	1.333646655	6.963903100E-03	
1522.093910000	1.333494425	6.976011800E-03	
1521.611782000	1.333348155	6.987822500E-03	
1521.129654000	1.333194733	6.999327100E-03	
1520.647526000	1.333046317	7.010548300E-03	
1520.165398000	1.332891107	7.021539200E-03	
1519.683270000	1.332738042	7.032381000E-03	
1519.201142000	1.332580447	7.043179300E-03	
1518.719014000	1.332424760	7.054060100E-03	
1518.236886000	1.332260966	7.065164700E-03	
1517.754758000	1.332104921	7.076645300E-03	
1517.272630000	1.331935525	7.088661200E-03	
1516.790502000	1.331773758	7.101375300E-03	
1516.308374000	1.331603765	7.114950600E-03	
1515.826246000	1.331435561	7.129548000E-03	
1515.344118000	1.331262589	7.145322200E-03	
1514.861990000	1.331091523	7.162419500E-03	
1514.379862000	1.330913186	7.180973200E-03	
1513.897734000	1.330739617	7.201099500E-03	
1513.415606000	1.330559015	7.222892100E-03	
1512.933478000	1.330380797	7.246416000E-03	
1512.451350000	1.330198646	7.271701700E-03	
1511.969222000	1.330019236	7.298739100E-03	
1511.487094000	1.329832792	7.327473500E-03	
1511.004966000	1.329654932	7.357803700E-03	
1510.522838000	1.329468250	7.389583600E-03	
1510.040710000	1.329285741	7.422628400E-03	
1509.558582000	1.329099059	7.456723600E-03	
1509.076454000	1.328918934	7.491639100E-03	
1508.594326000	1.328729749	7.527144800E-03	
1508.112198000	1.328547359	7.563029000E-03	
1507.630070000	1.328357697	7.599117000E-03	
1507.147942000	1.328173757	7.635288500E-03	
1506.665814000	1.327981830	7.671491800E-03	
1506.183686000	1.327795982	7.707753900E-03	
1505.701558000	1.327598453	7.744184200E-03	
1505.219430000	1.327409387	7.780971200E-03	
1504.737302000	1.327208042	7.818373000E-03	
1504.255174000	1.327011824	7.856701400E-03	
1503.773046000	1.326806068	7.896302600E-03	
1503.290918000	1.326604724	7.937533700E-03	
1502.808790000	1.326394558	7.980740300E-03	
1502.326662000	1.326186180	8.026235100E-03	
1501.844534000	1.325972319	8.074121900E-03	
1501.362406000	1.325760722	8.124625100E-03	
1500.880278000	1.325540900	8.177886700E-03	
1500.398151000	1.325327396	8.234123000E-03	
1499.916023000	1.325104952	8.293291700E-03	
1499.433895000	1.324893236	8.355302100E-03	
1498.951767000	1.324668765	8.413644700E-03	
1498.469639000	1.324450016	8.475594000E-03	
1497.987511000	1.324217200	8.540703900E-03	
1497.505383000	1.323991179	8.614916700E-03	
1497.023255000	1.323762774	8.690433900E-03	
1496.541127000	1.323539495	8.767277200E-03	
1496.058999000	1.323310852	8.845608000E-03	
1495.576871000	1.323083520	8.925690600E-03	
1495.094743000	1.322853208	9.007854000E-03	
1494.612615000	1.322624207	9.092454400E-03	
1494.130487000	1.322388530	9.179839300E-03	
1493.648359000	1.322158217	9.270311200E-03	
1493.166231000	1.321920633	9.364080800E-03	
1492.684103000	1.321690440	9.461215500E-03	
1492.201975000	1.321450233	9.561605600E-03	
1491.719847000	1.321221828	9.664973700E-03	
1491.237719000	1.320984125	9.770937900E-03	
1490.755591000	1.320754290	9.879020400E-03	
1490.273463000	1.320523500	9.988708400E-03	
1489.791335000	1.320293069	1.009947890E-02	
1489.309207000	1.320061326	1.021110100E-02	
1488.827079000	1.319837451	1.032287560E-02	
1488.344951000	1.319602728	1.043437280E-02	
1487.862823000	1.319380045	1.054523800E-02	
1487.380695000	1.319143414	1.065580490E-02	
1486.898567000	1.318915963	1.076903550E-02	
1486.416439000	1.318681836	1.087860640E-02	
1485.934311000	1.318452716	1.098653180E-02	
1485.452183000	1.318207264	1.109222760E-02	
1484.970055000	1.317968130	1.120253590E-02	
1484.487927000	1.317718744	1.131472360E-02	
1484.005799000	1.317473412	1.142638770E-02	
1483.523671000	1.317223668	1.153766740E-02	
1483.041543000	1.316967010	1.165006710E-02	
1482.559415000	1.316706181	1.176404730E-02	
1482.077287000	1.316448569	1.187881480E-02	
1481.595159000	1.316176176	1.199324210E-02	
1481.113031000	1.315910101	1.210706680E-02	
1480.630903000	1.315625072	1.222117620E-02	
1480.148775000	1.315338373	1.233780440E-02	
1479.666647000	1.315036058	1.245943270E-02	
1479.184519000	1.314732075	1.258770310E-02	
1478.702391000	1.314415574	1.272315870E-02	
1478.220264000	1.314093113	1.286725080E-02	
1477.738136000	1.313764215	1.302268320E-02	
1477.256008000	1.313435316	1.319078080E-02	
1476.773880000	1.313104510	1.336751970E-02	
1476.291752000	1.312781811	1.354558580E-02	
1475.809624000	1.312447667	1.372181530E-02	
1475.327496000	1.312099218	1.390321680E-02	
1474.845368000	1.311737061	1.410231180E-02	
1474.363240000	1.311371684	1.432636570E-02	
1473.881112000	1.311017156	1.457065720E-02	
1473.398984000	1.310677886	1.482359910E-02	
1472.916856000	1.310342908	1.507586520E-02	
1472.434728000	1.310018301	1.532487420E-02	
1471.952600000	1.309677362	1.557153210E-02	
1471.470472000	1.309342384	1.581798120E-02	
1470.988344000	1.308979869	1.606870130E-02	
1470.506216000	1.308617115	1.633233580E-02	
1470.024088000	1.308231950	1.661718820E-02	
1469.541960000	1.307855129	1.692559450E-02	
1469.059832000	1.307481050	1.725242720E-02	
1468.577704000	1.307114363	1.759124730E-02	
1468.095576000	1.306753159	1.793902860E-02	
1467.613448000	1.306399822	1.829683470E-02	
1467.131320000	1.306039453	1.866642200E-02	
1466.649192000	1.305686355	1.904444210E-02	
1466.167064000	1.305326939	1.944389380E-02	
1465.684936000	1.304987192	1.986306720E-02	
1465.202808000	1.304663420	2.029603160E-02	
1464.720680000	1.304361582	2.072551290E-02	
1464.238552000	1.304069757	2.113986570E-02	
1463.756424000	1.303763986	2.154507120E-02	
1463.274296000	1.303435326	2.196201870E-02	
1462.792168000	1.303109169	2.240313960E-02	
1462.310040000	1.302787185	2.286368790E-02	
1461.827912000	1.302483439	2.332950570E-02	
1461.345784000	1.302174807	2.379801500E-02	
1460.863656000	1.301860929	2.427785840E-02	
1460.381528000	1.301540494	2.477790230E-02	
1459.899400000	1.301246643	2.529341170E-02	
1459.417272000	1.300942779	2.581706460E-02	
1458.935144000	1.300648451	2.635076460E-02	
1458.453016000	1.300332904	2.691026960E-02	
1457.970888000	1.300049186	2.750479430E-02	
1457.488760000	1.299795747	2.812391520E-02	
1457.006632000	1.299584627	2.873685400E-02	
1456.524504000	1.299389839	2.931890450E-02	
1456.042377000	1.299186707	2.986970540E-02	
1455.560249000	1.298938870	3.041733240E-02	
1455.078121000	1.298662901	3.099401850E-02	
1454.595993000	1.298372269	3.161860260E-02	
1454.113865000	1.298087001	3.228688610E-02	
1453.631737000	1.297831059	3.298688680E-02	
1453.149609000	1.297586083	3.370967130E-02	
1452.667481000	1.297351956	3.445822000E-02	
1452.185353000	1.297141552	3.523535650E-02	
1451.703225000	1.296953201	3.604016450E-02	
1451.221097000	1.296782494	3.686567020E-02	
1450.738969000	1.296645403	3.771176190E-02	
1450.256841000	1.296516418	3.858328610E-02	
1449.774713000	1.296428800	3.948748860E-02	
1449.292585000	1.296371341	4.042140770E-02	
1448.810457000	1.296362877	4.137786850E-02	
1448.328329000	1.296391487	4.234763980E-02	
1447.846201000	1.296478391	4.332765940E-02	
1447.364073000	1.296607494	4.431350530E-02	
1446.881945000	1.296777606	4.530289400E-02	
1446.399817000	1.296999454	4.629400000E-02	
1445.917689000	1.297251940	4.729171470E-02	
1445.435561000	1.297566533	4.829600080E-02	
1444.953433000	1.297939897	4.929989580E-02	
1444.471305000	1.298378229	5.028713490E-02	
1443.989177000	1.298869491	5.124922100E-02	
1443.507049000	1.299417853	5.218500270E-02	
1443.024921000	1.300017238	5.309706550E-02	
1442.542793000	1.300674915	5.397195370E-02	
1442.060665000	1.301381946	5.480229850E-02	
1441.578537000	1.302145720	5.557483810E-02	
1441.096409000	1.302926779	5.629273500E-02	
1440.614281000	1.303752899	5.695648860E-02	
1440.132153000	1.304604411	5.755878980E-02	
1439.650025000	1.305490613	5.808593330E-02	
1439.167897000	1.306362152	5.853843690E-02	
1438.685769000	1.307234168	5.892973770E-02	
1438.203641000	1.308090687	5.927651380E-02	
1437.721513000	1.308966875	5.957686160E-02	
1437.239385000	1.309838772	5.981382730E-02	
1436.757257000	1.310723901	5.996515230E-02	
1436.275129000	1.311555743	6.002530460E-02	
1435.793001000	1.312347889	6.000765040E-02	
1435.310873000	1.313039541	5.994314330E-02	
1434.828745000	1.313670397	5.986097080E-02	
1434.346617000	1.314224720	5.977941300E-02	
1433.864490000	1.314748526	5.969693510E-02	
1433.382362000	1.315221786	5.960714440E-02	
1432.900234000	1.315656543	5.951004480E-02	
1432.418106000	1.316012621	5.942159150E-02	
1431.935978000	1.316344619	5.935813490E-02	
1431.453850000	1.316607833	5.932881310E-02	
1430.971722000	1.316871166	5.933149160E-02	
1430.489594000	1.317090869	5.936763440E-02	
1430.007466000	1.317303896	5.944100770E-02	
1429.525338000	1.317502022	5.955597010E-02	
1429.043210000	1.317698836	5.970897150E-02	
1428.561082000	1.317891240	5.989971380E-02	
1428.078954000	1.318094850	6.013286490E-02	
1427.596826000	1.318309784	6.041664630E-02	
1427.114698000	1.318557978	6.074618180E-02	
1426.632570000	1.318845868	6.110868600E-02	
1426.150442000	1.319183946	6.149297950E-02	
1425.668314000	1.319559693	6.190232930E-02	
1425.186186000	1.319989085	6.233868380E-02	
1424.704058000	1.320491314	6.279137730E-02	
1424.221930000	1.321069241	6.323496250E-02	
1423.739802000	1.321725249	6.365217270E-02	
1423.257674000	1.322441459	6.403800100E-02	
1422.775546000	1.323203564	6.439147140E-02	
1422.293418000	1.324056506	6.469769780E-02	
1421.811290000	1.324946284	6.494055690E-02	
1421.329162000	1.325888515	6.511589140E-02	
1420.847034000	1.326863766	6.523355840E-02	
1420.364906000	1.327891350	6.528859590E-02	
1419.882778000	1.328976870	6.525128330E-02	
1419.400650000	1.330109358	6.508212540E-02	
1418.918522000	1.331228375	6.476992370E-02	
1418.436394000	1.332298398	6.433489920E-02	
1417.954266000	1.333305359	6.380767380E-02	
1417.472138000	1.334270239	6.320107730E-02	
1416.990010000	1.335164666	6.251641360E-02	
1416.507882000	1.336006165	6.175465510E-02	
1416.025754000	1.336769700	6.092587490E-02	
1415.543626000	1.337451100	6.003883480E-02	
1415.061498000	1.338057518	5.910198760E-02	
1414.579370000	1.338570952	5.812378230E-02	
1414.097242000	1.338991880	5.711881070E-02	
1413.615114000	1.339323878	5.609790240E-02	
1413.132986000	1.339568734	5.506894740E-02	
1412.650858000	1.339738846	5.403346940E-02	
1412.168730000	1.339819551	5.300204460E-02	
1411.686602000	1.339821696	5.198386680E-02	
1411.204475000	1.339747190	5.098484080E-02	
1410.722347000	1.339616656	5.000423640E-02	
1410.240219000	1.339403749	4.904556650E-02	
1409.758091000	1.339136720	4.811518640E-02	
1409.275963000	1.338803768	4.722015190E-02	
1408.793835000	1.338432074	4.635901750E-02	
1408.311707000	1.337998271	4.552976410E-02	
1407.829579000	1.337526798	4.473304380E-02	
1407.347451000	1.337000966	4.397594930E-02	
1406.865323000	1.336447239	4.326128960E-02	
1406.383195000	1.335848689	4.258801040E-02	
1405.901067000	1.335233331	4.195100810E-02	
1405.418939000	1.334586024	4.134925080E-02	
1404.936811000	1.333917022	4.078024250E-02	
1404.454683000	1.333218694	4.024185240E-02	
1403.972555000	1.332504511	3.973114120E-02	
1403.490427000	1.331745386	3.925268350E-02	
1403.008299000	1.330977678	3.881154580E-02	
1402.526171000	1.330178142	3.840973230E-02	
1402.044043000	1.329367399	3.803987430E-02	
1401.561915000	1.328541756	3.769751640E-02	
1401.079787000	1.327693701	3.738433500E-02	
1400.597659000	1.326822758	3.710857780E-02	
1400.115531000	1.325941920	3.686987610E-02	
1399.633403000	1.325060010	3.665986660E-02	
1399.151275000	1.324170470	3.646638240E-02	
1398.669147000	1.323259234	3.628798570E-02	
1398.187019000	1.322324038	3.612955660E-02	
1397.704891000	1.321357727	3.599922360E-02	
1397.222763000	1.320375443	3.589897980E-02	
1396.740635000	1.319365263	3.583209220E-02	
1396.258507000	1.318337440	3.580069540E-02	
1395.776379000	1.317289829	3.580798950E-02	
1395.294251000	1.316245198	3.584800660E-02	
1394.812123000	1.315180063	3.591191020E-02	
1394.329995000	1.314117789	3.598997740E-02	
1393.847867000	1.313016415	3.608402240E-02	
1393.365739000	1.311882615	3.620149200E-02	
1392.883611000	1.310715437	3.635473550E-02	
1392.401483000	1.309520841	3.654904290E-02	
1391.919355000	1.308289886	3.678701070E-02	
1391.437227000	1.307054996	3.706472740E-02	
1390.955099000	1.305784106	3.738134350E-02	
1390.472971000	1.304497838	3.773483630E-02	
1389.990843000	1.303178072	3.812915090E-02	
1389.508715000	1.301828504	3.856778890E-02	
1389.026588000	1.300443053	3.905967250E-02	
1388.544460000	1.299038410	3.960970420E-02	
1388.062332000	1.297610998	4.022105040E-02	
1387.580204000	1.296170831	4.088734090E-02	
1387.098076000	1.294709802	4.160514470E-02	
1386.615948000	1.293234229	4.237539690E-02	
1386.133820000	1.291721582	4.321101680E-02	
1385.651692000	1.290206075	4.411827030E-02	
1385.169564000	1.288689137	4.509129000E-02	
1384.687436000	1.287190676	4.610542210E-02	
1384.205308000	1.285671115	4.714131730E-02	
1383.723180000	1.284121990	4.819344730E-02	
1383.241052000	1.282506108	4.927906770E-02	
1382.758924000	1.280809045	5.041951690E-02	
1382.276796000	1.279038310	5.163954200E-02	
1381.794668000	1.277185678	5.295851450E-02	
1381.312540000	1.275246620	5.439901350E-02	
1380.830412000	1.273263812	5.597445740E-02	
1380.348284000	1.271220684	5.769759040E-02	
1379.866156000	1.269132137	5.956457180E-02	
1379.384028000	1.267009258	6.159020590E-02	
1378.901900000	1.264842749	6.378611920E-02	
1378.419772000	1.262645841	6.616572290E-02	
1377.937644000	1.260436296	6.873423610E-02	
1377.455516000	1.258190393	7.150498030E-02	
1376.973388000	1.255934119	7.449718560E-02	
1376.491260000	1.253668427	7.773762940E-02	
1376.009132000	1.251426935	8.124189080E-02	
1375.527004000	1.249202132	8.502374590E-02	
1375.044876000	1.247026563	8.909974250E-02	
1374.562748000	1.244917750	9.350317720E-02	
1374.080620000	1.242896557	9.825394300E-02	
1373.598492000	1.241015077	1.033707261E-01	
1373.116364000	1.239305735	1.088608205E-01	
1372.634236000	1.237803340	1.147475839E-01	
1372.152108000	1.236535311	1.210614145E-01	
1371.669980000	1.235601664	1.278228164E-01	
1371.187852000	1.235082150	1.350219548E-01	
1370.705724000	1.235023975	1.426404119E-01	
1370.223596000	1.235512495	1.506653130E-01	
1369.741468000	1.236650229	1.590844989E-01	
1369.259340000	1.238541961	1.678468883E-01	
1368.777212000	1.241291285	1.768586338E-01	
1368.295084000	1.244949698	1.860079914E-01	
1367.812956000	1.249700665	1.951943636E-01	
1367.330828000	1.255393744	2.041263580E-01	
1366.848701000	1.262156487	2.129109800E-01	
1366.366573000	1.270016313	2.212052792E-01	
1365.884445000	1.278907657	2.288259864E-01	
1365.402317000	1.288750410	2.356272340E-01	
1364.920189000	1.299376607	2.414555252E-01	
1364.438061000	1.310656667	2.461327016E-01	
1363.955933000	1.322405338	2.495388091E-01	
1363.473805000	1.334281206	2.516702712E-01	
1362.991677000	1.346119523	2.525934577E-01	
1362.509549000	1.357788205	2.523651123E-01	
1362.027421000	1.369032860	2.510561943E-01	
1361.545293000	1.379747152	2.488204688E-01	
1361.063165000	1.389816523	2.458774149E-01	
1360.581037000	1.399294734	2.424109280E-01	
1360.098909000	1.408175111	2.385275066E-01	
1359.616781000	1.416539073	2.343062758E-01	
1359.134653000	1.424425006	2.298446000E-01	
1358.652525000	1.431872725	2.252198756E-01	
1358.170397000	1.439063072	2.204336077E-01	
1357.688269000	1.446018100	2.154190391E-01	
1357.206141000	1.452807903	2.101036012E-01	
1356.724013000	1.459229708	2.044370174E-01	
1356.241885000	1.465522289	1.985696703E-01	
1355.759757000	1.471643090	1.920365393E-01	
1355.277629000	1.477148890	1.850259453E-01	
1354.795501000	1.482161283	1.775695533E-01	
1354.313373000	1.486440420	1.697602123E-01	
1353.831245000	1.490040541	1.617131084E-01	
1353.349117000	1.492813110	1.535437107E-01	
1352.866989000	1.494863749	1.453698575E-01	
1352.384861000	1.496131182	1.373138875E-01	
1351.902733000	1.496745229	1.294877529E-01	
1351.420605000	1.496695876	1.219768822E-01	
1350.938477000	1.496164560	1.148360744E-01	
1350.456349000	1.495141506	1.080981418E-01	
1349.974221000	1.493812084	1.017808840E-01	
1349.492093000	1.492151499	9.588878600E-02	
1349.009965000	1.490307808	9.040464460E-02	
1348.527837000	1.488256931	8.531938490E-02	
1348.045709000	1.486141086	8.060140160E-02	
1347.563581000	1.483905554	7.622667400E-02	
1347.081453000	1.481632352	7.217160610E-02	
1346.599325000	1.479329228	6.841119380E-02	
1346.117197000	1.477025867	6.491890550E-02	
1345.635069000	1.474711657	6.167199840E-02	
1345.152941000	1.472419858	5.865155160E-02	
1344.670814000	1.470130563	5.584622920E-02	
1344.188686000	1.467895031	5.323799700E-02	
1343.706558000	1.465676188	5.080901830E-02	
1343.224430000	1.463520765	4.854342710E-02	
1342.742302000	1.461377144	4.643100130E-02	
1342.260174000	1.459303856	4.446314280E-02	
1341.778046000	1.457250714	4.262970020E-02	
1341.295918000	1.455282331	4.091759770E-02	
1340.813790000	1.453340054	3.931556640E-02	
1340.331662000	1.451463699	3.781445700E-02	
1339.849534000	1.449629664	3.640680020E-02	
1339.367406000	1.447859049	3.508357330E-02	
1338.885278000	1.446120501	3.383694960E-02	
1338.403150000	1.444448113	3.266156460E-02	
1337.921022000	1.442795753	3.155517950E-02	
1337.438894000	1.441209555	3.051394220E-02	
1336.956766000	1.439652681	2.953181040E-02	
1336.474638000	1.438153386	2.860141550E-02	
1335.992510000	1.436683893	2.771835960E-02	
1335.510382000	1.435266614	2.687997930E-02	
1335.028254000	1.433863282	2.608482540E-02	
1334.546126000	1.432521224	2.533007040E-02	
1334.063998000	1.431189537	2.461390380E-02	
1333.581870000	1.429913044	2.393408120E-02	
1333.099742000	1.428647876	2.328886460E-02	
1332.617614000	1.427435875	2.267457360E-02	
1332.135486000	1.426236987	2.208856490E-02	
1331.653358000	1.425086856	2.152874880E-02	
1331.171230000	1.423942089	2.099483650E-02	
1330.689102000	1.422848940	2.048489450E-02	
1330.206974000	1.421761155	1.999714780E-02	
1329.724846000	1.420714140	1.952965000E-02	
1329.242718000	1.419673324	1.908294860E-02	
1328.760590000	1.418673873	1.865666920E-02	
1328.278462000	1.417680383	1.824994570E-02	
1327.796334000	1.416729212	1.786000470E-02	
1327.314206000	1.415778875	1.748597810E-02	
1326.832078000	1.414868832	1.712733690E-02	
1326.349950000	1.413957715	1.678442020E-02	
1325.867822000	1.413089514	1.645554040E-02	
1325.385694000	1.412220716	1.613974570E-02	
1324.903566000	1.411385775	1.583606750E-02	
1324.421438000	1.410555840	1.554503760E-02	
1323.939310000	1.409759045	1.526532600E-02	
1323.457182000	1.408964038	1.499572300E-02	
1322.975054000	1.408204794	1.473452150E-02	
1322.492926000	1.407441497	1.448228400E-02	
1322.010799000	1.406712770	1.423871610E-02	
1321.528671000	1.405982733	1.400367360E-02	
1321.046543000	1.405287385	1.377542600E-02	
1320.564415000	1.404587626	1.355389690E-02	
1320.082287000	1.403922915	1.333807500E-02	
1319.600159000	1.403253675	1.312714630E-02	
1319.118031000	1.402621508	1.291797960E-02	
1318.635903000	1.401981950	1.270936430E-02	
1318.153775000	1.401372075	1.250084680E-02	
1317.671647000	1.400751233	1.229438190E-02	
1317.189519000	1.400161386	1.208975260E-02	
1316.707391000	1.399562120	1.188636010E-02	
1316.225263000	1.398987293	1.168220120E-02	
1315.743135000	1.398404956	1.147767720E-02	
1315.261007000	1.397842765	1.127288400E-02	
1314.778879000	1.397269249	1.106919910E-02	
1314.296751000	1.396715045	1.086631040E-02	
1313.814623000	1.396150231	1.066507030E-02	
1313.332495000	1.395603657	1.046508270E-02	
1312.850367000	1.395043612	1.026715710E-02	
1312.368239000	1.394500971	1.007092090E-02	
1311.886111000	1.393942475	9.877939700E-03	
1311.403983000	1.393402219	9.688988300E-03	
1310.921855000	1.392846227	9.505794400E-03	
1310.439727000	1.392308474	9.327730200E-03	
1309.957599000	1.391755939	9.155326500E-03	
1309.475471000	1.391223550	8.988334800E-03	
1308.993343000	1.390674233	8.828303800E-03	
1308.511215000	1.390148759	8.674564800E-03	
1308.029087000	1.389608979	8.526830900E-03	
1307.546959000	1.389089823	8.383342100E-03	
1307.064831000	1.388559103	8.244621600E-03	
1306.582703000	1.388047576	8.110228900E-03	
1306.100575000	1.387523293	7.980816100E-03	
1305.618447000	1.387018681	7.855212300E-03	
1305.136319000	1.386500001	7.734571100E-03	
1304.654191000	1.386001945	7.619112700E-03	
1304.172063000	1.385491610	7.509904400E-03	
1303.689935000	1.385003448	7.404587200E-03	
1303.207807000	1.384505749	7.301867900E-03	
1302.725679000	1.384026527	7.199828500E-03	
1302.243551000	1.383534431	7.099947900E-03	
1301.761423000	1.383060813	7.002268000E-03	
1301.279295000	1.382572174	6.907776500E-03	
1300.797167000	1.382104039	6.815486600E-03	
1300.315039000	1.381618261	6.726642600E-03	
1299.832912000	1.381154299	6.641053600E-03	
1299.350784000	1.380673885	6.559602000E-03	
1298.868656000	1.380214095	6.480479600E-03	
1298.386528000	1.379738331	6.404043200E-03	
1297.904400000	1.379284263	6.329741800E-03	
1297.422272000	1.378810883	6.259282100E-03	
1296.940144000	1.378360271	6.191646200E-03	
1296.458016000	1.377892733	6.127066900E-03	
1295.975888000	1.377446055	6.063952100E-03	
1295.493760000	1.376982570	6.003606600E-03	
1295.011632000	1.376538038	5.945412000E-03	
1294.529504000	1.376076818	5.890568300E-03	
1294.047376000	1.375636101	5.837828400E-03	
1293.565248000	1.375176907	5.788310000E-03	
1293.083120000	1.374739766	5.741205500E-03	
1292.600992000	1.374283433	5.697594000E-03	
1292.118864000	1.373849511	5.655888900E-03	
1291.636736000	1.373399019	5.616684000E-03	
1291.154608000	1.372967839	5.578493700E-03	
1290.672480000	1.372519970	5.542426400E-03	
1290.190352000	1.372090816	5.507323000E-03	
1289.708224000	1.371644020	5.474527800E-03	
1289.226096000	1.371216416	5.443105000E-03	
1288.743968000	1.370771289	5.414377000E-03	
1288.261840000	1.370344639	5.386796800E-03	
1287.779712000	1.369901538	5.361288300E-03	
1287.297584000	1.369475007	5.336821100E-03	
1286.815456000	1.369031429	5.315121700E-03	
1286.333328000	1.368606448	5.295006100E-03	
1285.851200000	1.368163943	5.277030200E-03	
1285.369072000	1.367741108	5.259038900E-03	
1284.886944000	1.367299080	5.242163800E-03	
1284.404816000	1.366874456	5.225522900E-03	
1283.922688000	1.366430163	5.210874600E-03	
1283.440560000	1.366002798	5.196854900E-03	
1282.958432000	1.365556002	5.185093700E-03	
1282.476304000	1.365126252	5.174792400E-03	
1281.994176000	1.364674807	5.167949000E-03	
1281.512048000	1.364244103	5.162845400E-03	
1281.029920000	1.363792539	5.160005300E-03	
1280.547792000	1.363360047	5.157330500E-03	
1280.065664000	1.362906575	5.156310300E-03	
1279.583536000	1.362470031	5.155783600E-03	
1279.101408000	1.362011671	5.157441400E-03	
1278.619280000	1.361570716	5.159948500E-03	
1278.137152000	1.361107111	5.165458200E-03	
1277.655025000	1.360660434	5.172983300E-03	
1277.172897000	1.360192180	5.183953300E-03	
1276.690769000	1.359742880	5.195889600E-03	
1276.208641000	1.359269977	5.209846400E-03	
1275.726513000	1.358814359	5.224602300E-03	
1275.244385000	1.358334899	5.242764000E-03	
1274.762257000	1.357871890	5.263157200E-03	
1274.280129000	1.357387066	5.287274700E-03	
1273.798001000	1.356919408	5.313038800E-03	
1273.315873000	1.356427193	5.342222300E-03	
1272.833745000	1.355954647	5.372944800E-03	
1272.351617000	1.355456948	5.406594400E-03	
1271.869489000	1.354977012	5.441233100E-03	
1271.387361000	1.354472160	5.479182100E-03	
1270.905233000	1.353983641	5.519361700E-03	
1270.423105000	1.353471041	5.563486400E-03	
1269.940977000	1.352977395	5.608480400E-03	
1269.458849000	1.352457047	5.655339900E-03	
1268.976721000	1.351953149	5.702696300E-03	
1268.494593000	1.351421356	5.753949800E-03	
1268.012465000	1.350906730	5.807888200E-03	
1267.530337000	1.350364923	5.865701900E-03	
1267.048209000	1.349840879	5.924300300E-03	
1266.566081000	1.349288464	5.985488200E-03	
1266.083953000	1.348751664	6.048246300E-03	
1265.601825000	1.348184586	6.115430000E-03	
1265.119697000	1.347634435	6.185084100E-03	
1264.637569000	1.347053766	6.258737800E-03	
1264.155441000	1.346490741	6.334184700E-03	
1263.673313000	1.345895886	6.413667000E-03	
1263.191185000	1.345317245	6.495328600E-03	
1262.709057000	1.344706059	6.581214700E-03	
1262.226929000	1.344112158	6.669057100E-03	
1261.744801000	1.343485117	6.760648000E-03	
1261.262673000	1.342871428	6.853343900E-03	
1260.780545000	1.342225313	6.949133700E-03	
1260.298417000	1.341589212	7.046438300E-03	
1259.816289000	1.340916514	7.149078000E-03	
1259.334161000	1.340253234	7.256438500E-03	
1258.852033000	1.339555383	7.371253800E-03	
1258.369905000	1.338868856	7.490841200E-03	
1257.887777000	1.338143587	7.616987500E-03	
1257.405649000	1.337431788	7.747714400E-03	
1256.923521000	1.336678863	7.885728000E-03	
1256.441393000	1.335937619	8.028903000E-03	
1255.959265000	1.335153341	8.179553800E-03	
1255.477138000	1.334380269	8.336221800E-03	
1254.995010000	1.333562136	8.502552300E-03	
1254.512882000	1.332754493	8.676928500E-03	
1254.030754000	1.331902504	8.861017400E-03	
1253.548626000	1.331060171	9.051364800E-03	
1253.066498000	1.330171347	9.250246900E-03	
1252.584370000	1.329288602	9.456442700E-03	
1252.102242000	1.328354836	9.673303900E-03	
1251.620114000	1.327425718	9.898706300E-03	
1251.137986000	1.326443672	1.013534240E-02	
1250.655858000	1.325462937	1.038248000E-02	
1250.173730000	1.324424028	1.064475250E-02	
1249.691602000	1.323386073	1.092106850E-02	
1249.209474000	1.322291732	1.121332870E-02	
1248.727346000	1.321193814	1.151865440E-02	
1248.245218000	1.320033312	1.184051670E-02	
1247.763090000	1.318866849	1.217913720E-02	
1247.280962000	1.317630291	1.253890430E-02	
1246.798834000	1.316388965	1.291827390E-02	
1246.316706000	1.315073609	1.332042740E-02	
1245.834578000	1.313741684	1.374543180E-02	
1245.352450000	1.312335610	1.419880800E-02	
1244.870322000	1.310909271	1.468061190E-02	
1244.388194000	1.309402108	1.519414880E-02	
1243.906066000	1.307868361	1.573875920E-02	
1243.423938000	1.306246519	1.632019500E-02	
1242.941810000	1.304589868	1.694135740E-02	
1242.459682000	1.302834153	1.760933920E-02	
1241.977554000	1.301038742	1.832656560E-02	
1241.495426000	1.299134970	1.909990240E-02	
1241.013298000	1.297187448	1.993294810E-02	
1240.531170000	1.295121908	2.083361520E-02	
1240.049042000	1.293000579	2.180605380E-02	
1239.566914000	1.290747762	2.285926600E-02	
1239.084786000	1.288431406	2.400114010E-02	
1238.602658000	1.285961032	2.524518220E-02	
1238.120530000	1.283421636	2.660238930E-02	
1237.638402000	1.280715704	2.808764020E-02	
1237.156274000	1.277915001	2.971498480E-02	
1236.674146000	1.274943233	3.150478750E-02	
1236.192018000	1.271861553	3.347770120E-02	
1235.709890000	1.268589139	3.565904870E-02	
1235.227762000	1.265196323	3.807518260E-02	
1234.745634000	1.261595607	4.075992480E-02	
1234.263506000	1.257872820	4.375131060E-02	
1233.781378000	1.253937721	4.709391670E-02	
1233.299250000	1.249876261	5.083515120E-02	
1232.817123000	1.245625615	5.503026770E-02	
1232.334995000	1.241258144	5.974188820E-02	
1231.852867000	1.236733675	6.504181030E-02	
1231.370739000	1.232167363	7.101305570E-02	
1230.888611000	1.227511168	7.772614810E-02	
1230.406483000	1.222932339	8.527866010E-02	
1229.924355000	1.218369484	9.377534690E-02	
1229.442227000	1.214088917	1.033283994E-01	
1228.960099000	1.210085034	1.140841246E-01	
1228.477971000	1.206699133	1.260970831E-01	
1227.995843000	1.203985214	1.395030469E-01	
1227.513715000	1.202448368	1.543871760E-01	
1227.031587000	1.202272177	1.707806438E-01	
1226.549459000	1.204159021	1.886163205E-01	
1226.067331000	1.208324313	2.077001035E-01	
1225.585203000	1.215678930	2.276827395E-01	
1225.103075000	1.226302385	2.478818893E-01	
1224.620947000	1.240963697	2.676484287E-01	
1224.138819000	1.259449601	2.859218717E-01	
1223.656691000	1.282021046	3.015608191E-01	
1223.174563000	1.307476163	3.134795427E-01	
1222.692435000	1.335743308	3.208034933E-01	
1222.210307000	1.364102840	3.223489225E-01	
1221.728179000	1.391996384	3.200883865E-01	
1221.246051000	1.418879032	3.125649095E-01	
1220.763923000	1.442625999	3.013184369E-01	
1220.281795000	1.463341832	2.873186171E-01	
1219.799667000	1.480560541	2.714968324E-01	
1219.317539000	1.494588137	2.546938956E-01	
1218.835411000	1.505381703	2.376018912E-01	
1218.353283000	1.513679743	2.208245248E-01	
1217.871155000	1.519569159	2.044633776E-01	
1217.389027000	1.523547411	1.888829023E-01	
1216.906899000	1.525741696	1.742232442E-01	
1216.424771000	1.526688933	1.605618000E-01	
1215.942643000	1.526474118	1.479179561E-01	
1215.460515000	1.525448799	1.362702996E-01	
1214.978387000	1.523717165	1.255796403E-01	
1214.496259000	1.521459460	1.158010811E-01	
1214.014131000	1.518811703	1.068838462E-01	
1213.532003000	1.515874982	9.875882420E-02	
1213.049875000	1.512691498	9.138420970E-02	
1212.567747000	1.509435773	8.468592910E-02	
1212.085619000	1.506066442	7.860511540E-02	
1211.603491000	1.502679706	7.308595630E-02	
1211.121363000	1.499302745	6.807486710E-02	
1210.639236000	1.495960116	6.352066250E-02	
1210.157108000	1.492656469	5.938502030E-02	
1209.674980000	1.489443421	5.562589690E-02	
1209.192852000	1.486287713	5.220598730E-02	
1208.710724000	1.483240843	4.909059780E-02	
1208.228596000	1.480277777	4.624846950E-02	
1207.746468000	1.477413058	4.365355520E-02	
1207.264340000	1.474647522	4.128203540E-02	
1206.782212000	1.471982956	3.911229970E-02	
1206.300084000	1.469398260	3.712388130E-02	
1205.817956000	1.466927171	3.530047830E-02	
1205.335828000	1.464528918	3.362785280E-02	
1204.853700000	1.462231517	3.209379320E-02	
1204.371572000	1.460005522	3.068500570E-02	
1203.889444000	1.457877398	2.939064800E-02	
1203.407316000	1.455814600	2.820190600E-02	
1202.925188000	1.453825951	2.711403370E-02	
1202.443060000	1.451912761	2.612200010E-02	
1201.960932000	1.450069308	2.522138880E-02	
1201.478804000	1.448296547	2.440671440E-02	
1200.996676000	1.446592569	2.367507110E-02	
1200.514548000	1.444965601	2.302349360E-02	
1200.032420000	1.443414211	2.244972250E-02	
1199.550292000	1.441940069	2.194830030E-02	
1199.068164000	1.440564990	2.151259220E-02	
1198.586036000	1.439281464	2.113140750E-02	
1198.103908000	1.438105941	2.079065520E-02	
1197.621780000	1.437039375	2.046966740E-02	
1197.139652000	1.436075330	2.014620040E-02	
1196.657524000	1.435205460	1.979742010E-02	
1196.175396000	1.434411168	1.940701160E-02	
1195.693268000	1.433663249	1.896459610E-02	
1195.211140000	1.432946563	1.847001910E-02	
1194.729012000	1.432231426	1.792991160E-02	
1194.246884000	1.431500435	1.735904440E-02	
1193.764756000	1.430756330	1.677281040E-02	
1193.282628000	1.429985881	1.618653350E-02	
1192.800500000	1.429201841	1.560970300E-02	
1192.318372000	1.428398967	1.505047830E-02	
1191.836244000	1.427590251	1.451326250E-02	
1191.354116000	1.426774144	1.400268360E-02	
1190.871988000	1.425963044	1.351934580E-02	
1190.389860000	1.425150990	1.306356120E-02	
1189.907732000	1.424355745	1.263261870E-02	
1189.425604000	1.423560858	1.222599390E-02	
1188.943476000	1.422785759	1.184164080E-02	
1188.461349000	1.422016621	1.147959010E-02	
1187.979221000	1.421266913	1.113718560E-02	
1187.497093000	1.420529008	1.081318870E-02	
1187.014965000	1.419807911	1.050402410E-02	
1186.532837000	1.419099092	1.020892340E-02	
1186.050709000	1.418404460	9.926637600E-03	
1185.568581000	1.417714834	9.659536200E-03	
1185.086453000	1.417041540	9.407329400E-03	
1184.604325000	1.416378379	9.170526600E-03	
1184.122197000	1.415727139	8.947461800E-03	
1183.640069000	1.415083170	8.742036300E-03	
1183.157941000	1.414453983	8.559551100E-03	
1182.675813000	1.413841724	8.405767400E-03	
1182.193685000	1.413272500	8.274107200E-03	
1181.711557000	1.412742019	8.148565000E-03	
1181.229429000	1.412259579	8.006651900E-03	
1180.747301000	1.411795259	7.835703000E-03	
1180.265173000	1.411338449	7.634743100E-03	
1179.783045000	1.410865903	7.416186400E-03	
1179.300917000	1.410382867	7.192854800E-03	
1178.818789000	1.409879088	6.976583500E-03	
1178.336661000	1.409376860	6.772026900E-03	
1177.854533000	1.408863783	6.583316300E-03	
1177.372405000	1.408362150	6.409653900E-03	
1176.890277000	1.407860041	6.250068500E-03	
1176.408149000	1.407375216	6.099409000E-03	
1175.926021000	1.406891346	5.956116600E-03	
1175.443893000	1.406421423	5.818731600E-03	
1174.961765000	1.405950546	5.689892000E-03	
1174.479637000	1.405494213	5.568726000E-03	
1173.997509000	1.405040383	5.454895600E-03	
1173.515381000	1.404602766	5.344860700E-03	
1173.033253000	1.404164910	5.238846900E-03	
1172.551125000	1.403741360	5.136119700E-03	
1172.068997000	1.403315783	5.038902600E-03	
1171.586869000	1.402905822	4.946039100E-03	
1171.104741000	1.402493954	4.858226500E-03	
1170.622613000	1.402098775	4.773271300E-03	
1170.140485000	1.401700735	4.691878800E-03	
1169.658357000	1.401319385	4.612371300E-03	
1169.176229000	1.400934100	4.535867800E-03	
1168.694101000	1.400563598	4.461004900E-03	
1168.211973000	1.400188088	4.389525900E-03	
1167.729845000	1.399826527	4.320781200E-03	
1167.247717000	1.399461031	4.256916200E-03	
1166.765589000	1.399111509	4.196843600E-03	
1166.283462000	1.398759723	4.141133300E-03	
1165.801334000	1.398426294	4.086429700E-03	
1165.319206000	1.398091555	4.031654400E-03	
1164.837078000	1.397772670	3.973702900E-03	
1164.354950000	1.397446513	3.913993900E-03	
1163.872822000	1.397131443	3.852899900E-03	
1163.390694000	1.396807909	3.794126700E-03	
1162.908566000	1.396495938	3.737573500E-03	
1162.426438000	1.396178246	3.684341200E-03	
1161.944310000	1.395874739	3.631604600E-03	
1161.462182000	1.395564795	3.579839800E-03	
1160.980054000	1.395266175	3.527889500E-03	
1160.497926000	1.394958973	3.478237700E-03	
1160.015798000	1.394663930	3.430558600E-03	
1159.533670000	1.394360423	3.386687500E-03	
1159.051542000	1.394070864	3.345089700E-03	
1158.569414000	1.393774629	3.306551100E-03	
1158.087286000	1.393492818	3.268806700E-03	
1157.605158000	1.393203020	3.232519600E-03	
1157.123030000	1.392925739	3.196427100E-03	
1156.640902000	1.392638922	3.163248100E-03	
1156.158774000	1.392364144	3.133119100E-03	
1155.676646000	1.392081976	3.107882300E-03	
1155.194518000	1.391815543	3.085001400E-03	
1154.712390000	1.391543031	3.064313700E-03	
1154.230262000	1.391284347	3.044035500E-03	
1153.748134000	1.391017795	3.026397200E-03	
1153.266006000	1.390766025	3.010802900E-03	
1152.783878000	1.390508413	2.998156000E-03	
1152.301750000	1.390267253	2.985718900E-03	
1151.819622000	1.390020251	2.973743000E-03	
1151.337494000	1.389789820	2.960119900E-03	
1150.855366000	1.389552355	2.945191200E-03	
1150.373238000	1.389330387	2.925926600E-03	
1149.891110000	1.389098763	2.902617400E-03	
1149.408982000	1.388876438	2.874502400E-03	
1148.926854000	1.388639927	2.845527100E-03	
1148.444726000	1.388411164	2.817471700E-03	
1147.962598000	1.388168216	2.793935600E-03	
1147.480470000	1.387938738	2.774210200E-03	
1146.998342000	1.387699604	2.758720900E-03	
1146.516214000	1.387476683	2.743956400E-03	
1146.034086000	1.387243748	2.729213600E-03	
1145.551958000	1.387024164	2.712574100E-03	
1145.069830000	1.386790395	2.697242900E-03	
1144.587702000	1.386568308	2.684558700E-03	
1144.105574000	1.386334896	2.677058100E-03	
1143.623447000	1.386118293	2.672134200E-03	
1143.141319000	1.385893941	2.668705100E-03	
1142.659191000	1.385686040	2.663597200E-03	
1142.177063000	1.385467768	2.657319900E-03	
1141.694935000	1.385263681	2.647910700E-03	
1141.212807000	1.385046721	2.636468500E-03	
1140.730679000	1.384839296	2.622648100E-03	
1140.248551000	1.384617090	2.610192900E-03	
1139.766423000	1.384403944	2.599818900E-03	
1139.284295000	1.384178877	2.592901200E-03	
1138.802167000	1.383965731	2.586915200E-03	
1138.320039000	1.383739471	2.583113000E-03	
1137.837911000	1.383522749	2.582196400E-03	
1137.355783000	1.383294106	2.587292600E-03	
1136.873655000	1.383080721	2.596425400E-03	
1136.391527000	1.382858157	2.608233400E-03	
1135.909399000	1.382651091	2.619594100E-03	
1135.427271000	1.382431030	2.632399100E-03	
1134.945143000	1.382224917	2.646635100E-03	
1134.463015000	1.382007837	2.663277300E-03	
1133.980887000	1.381806135	2.679228500E-03	
1133.498759000	1.381590962	2.694709900E-03	
1133.016631000	1.381387234	2.709428800E-03	
1132.534503000	1.381167412	2.726840300E-03	
1132.052375000	1.380957961	2.747892600E-03	
1131.570247000	1.380734324	2.775795800E-03	
1131.088119000	1.380525947	2.810936700E-03	
1130.605991000	1.380310416	2.854270600E-03	
1130.123863000	1.380118608	2.900292400E-03	
1129.641735000	1.379924178	2.943010500E-03	
1129.159607000	1.379749179	2.975286900E-03	
1128.677479000	1.379557014	2.997965800E-03	
1128.195351000	1.379371881	3.014653700E-03	
1127.713223000	1.379162669	3.032650800E-03	
1127.231095000	1.378962398	3.054344300E-03	
1126.748967000	1.378743887	3.082151300E-03	
1126.266839000	1.378538013	3.115125900E-03	
1125.784711000	1.378318548	3.154282500E-03	
1125.302583000	1.378115654	3.196870900E-03	
1124.820455000	1.377900720	3.241280100E-03	
1124.338327000	1.377700210	3.284522300E-03	
1123.856199000	1.377483130	3.328782000E-03	
1123.374071000	1.377276540	3.375550500E-03	
1122.891943000	1.377054453	3.427803700E-03	
1122.409815000	1.376847863	3.483610200E-03	
1121.927687000	1.376626968	3.542207400E-03	
1121.445560000	1.376421213	3.601538500E-03	
1120.963432000	1.376198769	3.663696600E-03	
1120.481304000	1.375988722	3.728562000E-03	
1119.999176000	1.375765204	3.797285000E-03	
1119.517048000	1.375555038	3.867580800E-03	
1119.034920000	1.375329852	3.939643500E-03	
1118.552792000	1.375115156	4.012672200E-03	
1118.070664000	1.374883175	4.089371300E-03	
1117.588536000	1.374661326	4.170361400E-03	
1117.106408000	1.374421597	4.257683200E-03	
1116.624280000	1.374196410	4.350051700E-03	
1116.142152000	1.373954058	4.448014800E-03	
1115.660024000	1.373725891	4.550243700E-03	
1115.177896000	1.373480082	4.657921800E-03	
1114.695768000	1.373249650	4.769705200E-03	
1114.213640000	1.373001456	4.885542700E-03	
1113.731512000	1.372765899	5.003606400E-03	
1113.249384000	1.372508645	5.125640400E-03	
1112.767256000	1.372259498	5.253096100E-03	
1112.285128000	1.371988297	5.389664300E-03	
1111.803000000	1.371726990	5.535805100E-03	
1111.320872000	1.371444583	5.692896900E-03	
1110.838744000	1.371173143	5.860291900E-03	
1110.356616000	1.370881677	6.039926300E-03	
1109.874488000	1.370602131	6.231399700E-03	
1109.392360000	1.370301962	6.435686300E-03	
1108.910232000	1.370013356	6.652028300E-03	
1108.428104000	1.369701266	6.883038700E-03	
1107.945976000	1.369400620	7.130377000E-03	
1107.463848000	1.369077563	7.397035600E-03	
1106.981720000	1.368766785	7.682921400E-03	
1106.499592000	1.368433833	7.989832200E-03	
1106.017464000	1.368113756	8.319234500E-03	
1105.535336000	1.367772102	8.675368500E-03	
1105.053208000	1.367441416	9.059876200E-03	
1104.571080000	1.367096543	9.475315900E-03	
1104.088952000	1.366763711	9.922905800E-03	
1103.606824000	1.366415501	1.040746460E-02	
1103.124696000	1.366080999	1.093325580E-02	
1102.642568000	1.365738988	1.150550230E-02	
1102.160440000	1.365418792	1.212700550E-02	
1101.678312000	1.365091443	1.280330870E-02	
1101.196184000	1.364799857	1.354026050E-02	
1100.714056000	1.364513040	1.434579860E-02	
1100.231928000	1.364277959	1.522424720E-02	
1099.749800000	1.364074945	1.617897860E-02	
1099.267673000	1.363943458	1.721125470E-02	
1098.785545000	1.363868713	1.832440500E-02	
1098.303417000	1.363900542	1.951967740E-02	
1097.821289000	1.364022613	2.079649830E-02	
1097.339161000	1.364296794	2.214781940E-02	
1096.857033000	1.364714861	2.356187250E-02	
1096.374905000	1.365338683	2.501810900E-02	
1095.892777000	1.366151810	2.648820910E-02	
1095.410649000	1.367225170	2.793283950E-02	
1094.928521000	1.368512630	2.930556800E-02	
1094.446393000	1.370073318	3.055233510E-02	
1093.964265000	1.371842027	3.161631520E-02	
1093.482137000	1.373830795	3.243938090E-02	
1093.000009000	1.375956774	3.297214210E-02	
1092.517881000	1.378179789	3.317974510E-02	
1092.035753000	1.380401969	3.304940090E-02	
1091.553625000	1.382580996	3.258817640E-02	
1091.071497000	1.384619832	3.182317690E-02	
1090.589369000	1.386488318	3.079585170E-02	
1090.107241000	1.388121486	2.956028470E-02	
1089.625113000	1.389529943	2.817431650E-02	
1089.142985000	1.390668750	2.669559980E-02	
1088.660857000	1.391587257	2.517384480E-02	
1088.178729000	1.392268538	2.365050840E-02	
1087.696601000	1.392770171	2.215549350E-02	
1087.214473000	1.393077016	2.071150020E-02	
1086.732345000	1.393250585	1.933388040E-02	
1086.250217000	1.393279314	1.803559620E-02	
1085.768089000	1.393213153	1.682442050E-02	
1085.285961000	1.393051028	1.570434310E-02	
1084.803833000	1.392836928	1.467273010E-02	
1084.321705000	1.392554522	1.372548660E-02	
1083.839577000	1.392249823	1.285711960E-02	
1083.357449000	1.391902804	1.206490210E-02	
1082.875321000	1.391546130	1.134487520E-02	
1082.393193000	1.391167402	1.069290940E-02	
1081.911065000	1.390800953	1.010100260E-02	
1081.428937000	1.390422702	9.561020900E-03	
1080.946809000	1.390068650	9.063279300E-03	
1080.464681000	1.389701486	8.601133700E-03	
1079.982553000	1.389355540	8.169132300E-03	
1079.500425000	1.388993263	7.766251900E-03	
1079.018297000	1.388648510	7.391979500E-03	
1078.536169000	1.388285756	7.047847400E-03	
1078.054041000	1.387944102	6.732954200E-03	
1077.571913000	1.387591481	6.446588300E-03	
1077.089786000	1.387263417	6.185540500E-03	
1076.607658000	1.386928082	5.947638800E-03	
1076.125530000	1.386620641	5.729212000E-03	
1075.643402000	1.386306643	5.528013700E-03	
1075.161274000	1.386018634	5.340576200E-03	
1074.679146000	1.385721445	5.165686800E-03	
1074.197018000	1.385447979	5.002225700E-03	
1073.714890000	1.385160446	4.852156200E-03	
1073.232762000	1.384896398	4.716356800E-03	
1072.750634000	1.384622574	4.595747700E-03	
1072.268506000	1.384377122	4.487557800E-03	
1071.786378000	1.384123445	4.389350800E-03	
1071.304250000	1.383896470	4.298707900E-03	
1070.822122000	1.383659601	4.216625400E-03	
1070.339994000	1.383447409	4.143317700E-03	
1069.857866000	1.383228898	4.078703900E-03	
1069.375738000	1.383036494	4.019838800E-03	
1068.893610000	1.382837296	3.965424400E-03	
1068.411482000	1.382662535	3.914823800E-03	
1067.929354000	1.382479906	3.869232500E-03	
1067.447226000	1.382323027	3.827107800E-03	
1066.965098000	1.382159829	3.786410200E-03	
1066.482970000	1.382021546	3.744476700E-03	
1066.000842000	1.381871462	3.702128500E-03	
1065.518714000	1.381744862	3.660130800E-03	
1065.036586000	1.381605983	3.619179600E-03	
1064.554458000	1.381492376	3.576915900E-03	
1064.072330000	1.381365776	3.532392400E-03	
1063.590202000	1.381260872	3.485567200E-03	
1063.108074000	1.381139994	3.438703900E-03	
1062.625946000	1.381042242	3.391453800E-03	
1062.143818000	1.380931854	3.342369800E-03	
1061.661690000	1.380842924	3.288772200E-03	
1061.179562000	1.380736828	3.231308400E-03	
1060.697434000	1.380648971	3.171692800E-03	
1060.215306000	1.380544066	3.111917500E-03	
1059.733178000	1.380460143	3.050330300E-03	
1059.251050000	1.380360603	2.984603200E-03	
1058.768922000	1.380279541	2.912541400E-03	
1058.286794000	1.380175471	2.835745700E-03	
1057.804666000	1.380084634	2.756895500E-03	
1057.322538000	1.379970312	2.679175000E-03	
1056.840410000	1.379871488	2.603132500E-03	
1056.358282000	1.379750729	2.529297300E-03	
1055.876154000	1.379646063	2.457831800E-03	
1055.394026000	1.379520416	2.390750700E-03	
1054.911898000	1.379413724	2.328533200E-03	
1054.429771000	1.379290462	2.270403600E-03	
1053.947643000	1.379189730	2.212873200E-03	
1053.465515000	1.379070878	2.153913500E-03	
1052.983387000	1.378969908	2.093561200E-03	
1052.501259000	1.378846407	2.034964700E-03	
1052.019131000	1.378740668	1.980190900E-03	
1051.537003000	1.378616691	1.929624600E-03	
1051.054875000	1.378515124	1.880865300E-03	
1050.572747000	1.378395915	1.832396500E-03	
1050.090619000	1.378295898	1.783402100E-03	
1049.608491000	1.378177047	1.734904200E-03	
1049.126363000	1.378076315	1.687113400E-03	
1048.644235000	1.377956152	1.640589600E-03	
1048.162107000	1.377854347	1.595156700E-03	
1047.679979000	1.377732754	1.551454900E-03	
1047.197851000	1.377630711	1.509262600E-03	
1046.715723000	1.377508163	1.468873900E-03	
1046.233595000	1.377404809	1.430369800E-03	
1045.751467000	1.377281189	1.394941900E-03	
1045.269339000	1.377177477	1.362909300E-03	
1044.787211000	1.377055883	1.334160800E-03	
1044.305083000	1.376956463	1.307125900E-03	
1043.822955000	1.376838684	1.281311900E-03	
1043.340827000	1.376741052	1.256754200E-03	
1042.858699000	1.376625180	1.234517900E-03	
1042.376571000	1.376530647	1.214377000E-03	
1041.894443000	1.376419187	1.195619600E-03	
1041.412315000	1.376329780	1.176882400E-03	
1040.930187000	1.376221657	1.157990700E-03	
1040.448059000	1.376133680	1.139209600E-03	
1039.965931000	1.376026392	1.121567200E-03	
1039.483803000	1.375939012	1.105512300E-03	
1039.001675000	1.375833511	1.091663300E-03	
1038.519547000	1.375749826	1.079525000E-03	
1038.037419000	1.375649095	1.068464200E-03	
1037.555291000	1.375571012	1.057206500E-03	
1037.073163000	1.375474691	1.045615100E-03	
1036.591035000	1.375399470	1.034005500E-03	
1036.108907000	1.375306010	1.023154800E-03	
1035.626779000	1.375235200	1.012511000E-03	
1035.144651000	1.375147820	1.000936500E-03	
1034.662523000	1.375082850	9.866763000E-04	
1034.180395000	1.374998808	9.692586000E-04	
1033.698267000	1.374933958	9.489452000E-04	
1033.216139000	1.374847531	9.270668000E-04	
1032.734011000	1.374779463	9.045827000E-04	
1032.251884000	1.374690175	8.823671000E-04	
1031.769756000	1.374620438	8.603573000E-04	
1031.287628000	1.374530077	8.385615000E-04	
1030.805500000	1.374459386	8.166953000E-04	
1030.323372000	1.374367595	7.950750000E-04	
1029.841244000	1.374295354	7.738177000E-04	
1029.359116000	1.374201775	7.532868000E-04	
1028.876988000	1.374127746	7.334625000E-04	
1028.394860000	1.374032021	7.151530000E-04	
1027.912732000	1.373955965	6.992568000E-04	
1027.430604000	1.373860002	6.867927000E-04	
1026.948476000	1.373787045	6.769962000E-04	
1026.466348000	1.373697758	6.679490000E-04	
1025.984220000	1.373632073	6.567916000E-04	
1025.502092000	1.373546600	6.422049000E-04	
1025.019964000	1.373479247	6.248571000E-04	
1024.537836000	1.373387694	6.077777000E-04	
1024.055708000	1.373313785	5.939600000E-04	
1023.573580000	1.373219609	5.849958000E-04	
1023.091452000	1.373149753	5.792674000E-04	
1022.609324000	1.373063684	5.736057000E-04	
1022.127196000	1.373000860	5.650960000E-04	
1021.645068000	1.372916579	5.538373000E-04	
1021.162940000	1.372850776	5.420735000E-04	
1020.680812000	1.372762799	5.326325000E-04	
1020.198684000	1.372696877	5.259250000E-04	
1019.716556000	1.372613192	5.203728000E-04	
1019.234428000	1.372553229	5.135675000E-04	
1018.752300000	1.372473836	5.045047000E-04	
1018.270172000	1.372415066	4.932638000E-04	
1017.788044000	1.372334838	4.807071000E-04	
1017.305916000	1.372274518	4.671474000E-04	
1016.823788000	1.372192383	4.530487000E-04	
1016.341660000	1.372130156	4.384575000E-04	
1015.859532000	1.372045636	4.237253000E-04	
1015.377404000	1.371980906	4.088873000E-04	
1014.895276000	1.371893287	3.946671000E-04	
1014.413148000	1.371824980	3.817670000E-04	
1013.931020000	1.371734858	3.711708000E-04	
1013.448892000	1.371665955	3.628590000E-04	
1012.966764000	1.371577024	3.563868000E-04	
1012.484636000	1.371510863	3.507688000E-04	
1012.002508000	1.371424913	3.455055000E-04	
1011.520380000	1.371361852	3.396313000E-04	
1011.038252000	1.371278167	3.324175000E-04	
1010.556124000	1.371215701	3.230150000E-04	
1010.073997000	1.371129513	3.121678000E-04	
1009.591869000	1.371061921	3.014237000E-04	
1009.109741000	1.370970488	2.924946000E-04	
1008.627613000	1.370899439	2.856808000E-04	
1008.145485000	1.370805979	2.806914000E-04	
1007.663357000	1.370733023	2.780668000E-04	
1007.181229000	1.370638609	2.787648000E-04	
1006.699101000	1.370566726	2.823414000E-04	
1006.216973000	1.370475531	2.885673000E-04	
1005.734845000	1.370408654	2.959668000E-04	
1005.252717000	1.370322585	3.038458000E-04	
1004.770589000	1.370260596	3.110905000E-04	
1004.288461000	1.370178461	3.172933000E-04	
1003.806333000	1.370119452	3.216611000E-04	
1003.324205000	1.370038152	3.233597000E-04	
1002.842077000	1.369975686	3.235774000E-04	
1002.359949000	1.369888067	3.256709000E-04	
1001.877821000	1.369821429	3.315453000E-04	
1001.395693000	1.369735241	3.406450000E-04	
1000.913565000	1.369674206	3.497056000E-04	
1000.431437000	1.369592547	3.565627000E-04	
999.949309000	1.369531274	3.613197000E-04	
999.467181000	1.369444370	3.667846000E-04	
998.985053000	1.369377971	3.762312000E-04	
998.502925000	1.369290829	3.892334000E-04	
998.020797000	1.369228244	4.044782000E-04	
997.538669000	1.369146705	4.204735000E-04	
997.056541000	1.369089961	4.352126000E-04	
996.574413000	1.369011998	4.477869000E-04	
996.092285000	1.368954897	4.580191000E-04	
995.610157000	1.368872643	4.681017000E-04	
995.128029000	1.368809938	4.803656000E-04	
994.645901000	1.368723989	4.968609000E-04	
994.163773000	1.368662119	5.168532000E-04	
993.681645000	1.368580699	5.389735000E-04	
993.199517000	1.368523836	5.614518000E-04	
992.717389000	1.368445992	5.842904000E-04	
992.235261000	1.368391633	6.074382000E-04	
991.753133000	1.368315578	6.315270000E-04	
991.271005000	1.368263125	6.564848000E-04	
990.788877000	1.368189692	6.829521000E-04	
990.306749000	1.368141055	7.101342000E-04	
989.824621000	1.368072510	7.369425000E-04	
989.342493000	1.368027449	7.619146000E-04	
988.860365000	1.367958426	7.865016000E-04	
988.378237000	1.367910266	8.136676000E-04	
987.896110000	1.367840886	8.464520000E-04	
987.413982000	1.367800355	8.833872000E-04	
986.931854000	1.367745519	9.198414000E-04	
986.449726000	1.367719054	9.507450000E-04	
985.967598000	1.367670536	9.758924000E-04	
985.485470000	1.367642283	9.984324000E-04	
985.003342000	1.367590070	1.022684900E-03	
984.521214000	1.367563486	1.049074000E-03	
984.039086000	1.367519379	1.075264200E-03	
983.556958000	1.367502928	1.097355900E-03	
983.074830000	1.367465258	1.114146700E-03	
982.592702000	1.367450356	1.126071100E-03	
982.110574000	1.367410898	1.135389100E-03	
981.628446000	1.367394328	1.142738000E-03	
981.146318000	1.367355108	1.148041200E-03	
980.664190000	1.367339492	1.149678700E-03	
980.182062000	1.367299795	1.147372800E-03	
979.699934000	1.367280602	1.141401700E-03	
979.217806000	1.367235422	1.133594200E-03	
978.735678000	1.367211580	1.124201000E-03	
978.253550000	1.367162347	1.113083200E-03	
977.771422000	1.367133737	1.099127800E-03	
977.289294000	1.367076993	1.083716100E-03	
976.807166000	1.367038488	1.069115200E-03	
976.325038000	1.366973162	1.058150500E-03	
975.842910000	1.366931200	1.050440900E-03	
975.360782000	1.366867542	1.044037600E-03	
974.878654000	1.366828203	1.035838200E-03	
974.396526000	1.366764069	1.025422400E-03	
973.914398000	1.366720319	1.013542400E-03	
973.432270000	1.366649628	1.002502000E-03	
972.950142000	1.366600394	9.928724000E-04	
972.468014000	1.366526008	9.849068000E-04	
971.985886000	1.366474390	9.775078000E-04	
971.503758000	1.366397500	9.708903000E-04	
971.021630000	1.366342425	9.650309000E-04	
970.539502000	1.366261601	9.611915000E-04	
970.057374000	1.366203547	9.593658000E-04	
969.575246000	1.366121292	9.597012000E-04	
969.093118000	1.366062880	9.610358000E-04	
968.610990000	1.365979671	9.635875000E-04	
968.128862000	1.365919352	9.673550000E-04	
967.646734000	1.365833879	9.738583000E-04	
967.164606000	1.365773082	9.829787000E-04	
966.682478000	1.365689754	9.945517000E-04	
966.200350000	1.365633011	1.006548900E-03	
965.718222000	1.365553617	1.017827800E-03	
965.236095000	1.365498781	1.026778400E-03	
964.753967000	1.365417600	1.034232600E-03	
964.271839000	1.365357280	1.041396800E-03	
963.789711000	1.365269303	1.051290400E-03	
963.307583000	1.365204334	1.065049200E-03	
962.825455000	1.365116000	1.082912800E-03	
962.343327000	1.365054488	1.102432300E-03	
961.861199000	1.364970207	1.122567900E-03	
961.379071000	1.364910960	1.142342800E-03	
960.896943000	1.364827394	1.162906900E-03	
960.414815000	1.364769340	1.183510900E-03	
959.932687000	1.364687085	1.203779500E-03	
959.450559000	1.364628792	1.222400000E-03	
958.968431000	1.364543080	1.240884700E-03	
958.486303000	1.364479065	1.260821400E-03	
958.004175000	1.364388347	1.284834100E-03	
957.522047000	1.364323020	1.312707000E-03	
957.039919000	1.364235044	1.343947100E-03	
956.557791000	1.364174485	1.376177000E-03	
956.075663000	1.364091396	1.408673000E-03	
955.593535000	1.364034295	1.439995900E-03	
955.111407000	1.363952398	1.470712500E-03	
954.629279000	1.363894582	1.500629000E-03	
954.147151000	1.363810301	1.531417700E-03	
953.665023000	1.363749862	1.563591000E-03	
953.182895000	1.363664269	1.598567800E-03	
952.700767000	1.363605261	1.635275500E-03	
952.218639000	1.363523364	1.672923700E-03	
951.736511000	1.363467693	1.709133900E-03	
951.254383000	1.363386512	1.744281000E-03	
950.772255000	1.363328218	1.779074900E-03	
950.290127000	1.363243103	1.816146700E-03	
949.807999000	1.363183618	1.855203800E-03	
949.325871000	1.363099933	1.895609200E-03	
948.843743000	1.363041639	1.935272900E-03	
948.361615000	1.362956285	1.975562400E-03	
947.879487000	1.362894773	2.017950900E-03	
947.397359000	1.362807393	2.064819700E-03	
946.915231000	1.362749219	2.114405600E-03	
946.433103000	1.362668753	2.164579000E-03	
945.950975000	1.362616777	2.211850800E-03	
945.468847000	1.362538695	2.256217200E-03	
944.986719000	1.362483144	2.298367400E-03	
944.504591000	1.362397552	2.341926100E-03	
944.022463000	1.362335682	2.388578600E-03	
943.540335000	1.362248063	2.439600400E-03	
943.058208000	1.362189054	2.491966600E-03	
942.576080000	1.362105131	2.543475500E-03	
942.093952000	1.362045646	2.592547600E-03	
941.611824000	1.361955166	2.642781000E-03	
941.129696000	1.361887097	2.696924100E-03	
940.647568000	1.361792207	2.757060600E-03	
940.165440000	1.361724138	2.821042400E-03	
939.683312000	1.361630201	2.889480400E-03	
939.201184000	1.361563206	2.963761100E-03	
938.719056000	1.361475825	3.046017800E-03	
938.236928000	1.361425996	3.131075500E-03	
937.754800000	1.361361623	3.210351600E-03	
937.272672000	1.361328006	3.275548300E-03	
936.790544000	1.361260891	3.328491900E-03	
936.308416000	1.361206532	3.376947500E-03	
935.826288000	1.361113191	3.431557200E-03	
935.344160000	1.361041546	3.495913700E-03	
934.862032000	1.360944152	3.569717800E-03	
934.379904000	1.360876918	3.648138800E-03	
933.897776000	1.360787034	3.728345000E-03	
933.415648000	1.360725522	3.806604300E-03	
932.933520000	1.360634565	3.883205400E-03	
932.451392000	1.360564113	3.959908600E-03	
931.969264000	1.360460639	4.042992400E-03	
931.487136000	1.360381246	4.135233400E-03	
931.005008000	1.360278249	4.236583100E-03	
930.522880000	1.360206842	4.341640000E-03	
930.040752000	1.360110521	4.447963600E-03	
929.558624000	1.360040069	4.555096400E-03	
929.076496000	1.359940529	4.667406000E-03	
928.594368000	1.359866261	4.786459300E-03	
928.112240000	1.359768629	4.913521900E-03	
927.630112000	1.359701157	5.045855900E-03	
927.147984000	1.359612584	5.182325400E-03	
926.665856000	1.359554052	5.319969700E-03	
926.183728000	1.359470725	5.458757300E-03	
925.701600000	1.359414577	5.598384000E-03	
925.219472000	1.359329224	5.742196000E-03	
924.737344000	1.359270453	5.891600600E-03	
924.255216000	1.359186172	6.048285400E-03	
923.773088000	1.359131932	6.210436600E-03	
923.290960000	1.359053612	6.378158900E-03	
922.808832000	1.359005332	6.550226400E-03	
922.326704000	1.358931541	6.727759300E-03	
921.844576000	1.358888149	6.910003300E-03	
921.362448000	1.358819246	7.099010100E-03	
920.880321000	1.358780503	7.295521400E-03	
920.398193000	1.358718872	7.501851800E-03	
919.916065000	1.358694673	7.715542300E-03	
919.433937000	1.358652472	7.933734000E-03	
918.951809000	1.358646750	8.151122400E-03	
918.469681000	1.358617425	8.367033700E-03	
917.987553000	1.358616352	8.582224100E-03	
917.505425000	1.358583927	8.802325500E-03	
917.023297000	1.358577371	9.031473700E-03	
916.541169000	1.358545661	9.274073900E-03	
916.059041000	1.358548403	9.528898600E-03	
915.576913000	1.358533144	9.794028500E-03	
915.094785000	1.358553171	1.006612830E-02	
914.612657000	1.358551860	1.034806020E-02	
914.130529000	1.358582973	1.064338540E-02	
913.648401000	1.358600736	1.095611510E-02	
913.166273000	1.358665228	1.128248680E-02	
912.684145000	1.358721972	1.161715670E-02	
912.202017000	1.358826876	1.195480950E-02	
911.719889000	1.358916640	1.229779700E-02	
911.237761000	1.359051704	1.264921110E-02	
910.755633000	1.359177589	1.301180480E-02	
910.273505000	1.359356999	1.338182480E-02	
909.791377000	1.359534502	1.375619230E-02	
909.309249000	1.359768391	1.413223520E-02	
908.827121000	1.359996796	1.451154430E-02	
908.344993000	1.360290051	1.489237790E-02	
907.862865000	1.360586762	1.527111790E-02	
907.380737000	1.360951781	1.563931260E-02	
906.898609000	1.361323476	1.599178280E-02	
906.416481000	1.361754775	1.632487400E-02	
905.934353000	1.362185240	1.663957160E-02	
905.452225000	1.362676501	1.693422350E-02	
904.970097000	1.363173366	1.720638200E-02	
904.487969000	1.363729000	1.744891330E-02	
904.005841000	1.364292383	1.765600030E-02	
903.523713000	1.364908457	1.782061720E-02	
903.041585000	1.365519285	1.793907960E-02	
902.559457000	1.366176128	1.800697670E-02	
902.077329000	1.366811037	1.802418750E-02	
901.595201000	1.367476821	1.799094490E-02	
901.113073000	1.368113518	1.791022900E-02	
900.630945000	1.368775368	1.778087760E-02	
900.148817000	1.369403362	1.760069650E-02	
899.666689000	1.370046377	1.736519670E-02	
899.184561000	1.370637417	1.707564480E-02	
898.702433000	1.371223450	1.673674580E-02	
898.220306000	1.371738791	1.635864190E-02	
897.738178000	1.372244239	1.594924000E-02	
897.256050000	1.372678041	1.551589460E-02	
896.773922000	1.373105049	1.506089510E-02	
896.291794000	1.373461485	1.458688640E-02	
895.809666000	1.373808026	1.409527940E-02	
895.327538000	1.374077678	1.359255150E-02	
894.845410000	1.374333262	1.308626220E-02	
894.363282000	1.374516129	1.258579180E-02	
893.881154000	1.374694705	1.209396030E-02	
893.399026000	1.374815941	1.161031520E-02	
892.916898000	1.374939442	1.113082190E-02	
892.434770000	1.375003815	1.065690440E-02	
891.952642000	1.375067711	1.019175910E-02	
891.470514000	1.375072241	9.741043700E-03	
890.988386000	1.375086904	9.305262000E-03	
890.506258000	1.375048041	8.884408500E-03	
890.024130000	1.375021458	8.477223100E-03	
889.542002000	1.374943733	8.086917900E-03	
889.059874000	1.374881268	7.714932300E-03	
888.577746000	1.374775171	7.362780200E-03	
888.095618000	1.374692202	7.027361500E-03	
887.613490000	1.374570251	6.707270600E-03	
887.131362000	1.374472618	6.399918800E-03	
886.649234000	1.374335647	6.106219300E-03	
886.167106000	1.374221921	5.825516300E-03	
885.684978000	1.374070644	5.560069300E-03	
885.202850000	1.373945236	5.309645100E-03	
884.720722000	1.373787522	5.074877300E-03	
884.238594000	1.373661280	4.851475800E-03	
883.756466000	1.373503566	4.637200900E-03	
883.274338000	1.373373151	4.430247900E-03	
882.792210000	1.373205423	4.235405000E-03	
882.310082000	1.373067021	4.055299300E-03	
881.827954000	1.372900009	3.890869900E-03	
881.345826000	1.372771978	3.735529300E-03	
880.863698000	1.372617006	3.584743500E-03	
880.381570000	1.372494102	3.435632400E-03	
879.899442000	1.372335553	3.292727500E-03	
879.417314000	1.372206688	3.158379600E-03	
878.935186000	1.372046709	3.035008200E-03	
878.453058000	1.371921778	2.919395700E-03	
877.970930000	1.371768355	2.811159900E-03	
877.488802000	1.371649623	2.708016200E-03	
877.006674000	1.371502161	2.611034500E-03	
876.524546000	1.371389747	2.517940700E-03	
876.042419000	1.371248007	2.429381700E-03	
875.560291000	1.371140599	2.343676500E-03	
875.078163000	1.371002436	2.262446800E-03	
874.596035000	1.370898962	2.184017600E-03	
874.113907000	1.370764613	2.109610700E-03	
873.631779000	1.370664001	2.037947100E-03	
873.149651000	1.370532036	1.970889300E-03	
872.667523000	1.370434284	1.906873000E-03	
872.185395000	1.370305538	1.847403000E-03	
871.703267000	1.370209932	1.792355700E-03	
871.221139000	1.370084524	1.745864200E-03	
870.739011000	1.370000482	1.706393300E-03	
870.256883000	1.369896531	1.669584700E-03	
869.774755000	1.369837999	1.624207900E-03	
869.292627000	1.369748712	1.565958000E-03	
868.810499000	1.369683862	1.497049800E-03	
868.328371000	1.369573355	1.429958500E-03	
867.846243000	1.369490147	1.371368200E-03	
867.364115000	1.369376302	1.322173200E-03	
866.881987000	1.369301081	1.274080700E-03	
866.399859000	1.369193077	1.224794000E-03	
865.917731000	1.369115114	1.175322300E-03	
865.435603000	1.369000673	1.132482300E-03	
864.953475000	1.368922114	1.095975400E-03	
864.471347000	1.368815303	1.064160500E-03	
863.989219000	1.368747234	1.031552100E-03	
863.507091000	1.368647099	9.990290000E-04	
863.024963000	1.368582368	9.659085000E-04	
862.542835000	1.368485451	9.338373000E-04	
862.060707000	1.368423939	8.998648000E-04	
861.578579000	1.368327618	8.656032000E-04	
861.096451000	1.368263483	8.315492000E-04	
860.614323000	1.368164539	8.017847000E-04	
860.132195000	1.368102551	7.743465000E-04	
859.650067000	1.368009686	7.481112000E-04	
859.167939000	1.367953539	7.188382000E-04	
858.685811000	1.367861271	6.883013000E-04	
858.203683000	1.367801309	6.571843000E-04	
857.721555000	1.367704034	6.298888000E-04	
857.239427000	1.367642879	6.055383000E-04	
856.757299000	1.367547393	5.848529000E-04	
856.275171000	1.367491961	5.664490000E-04	
855.793043000	1.367404461	5.453012000E-04	
855.310915000	1.367351055	5.229493000E-04	
854.828787000	1.367262483	5.009776000E-04	
854.346659000	1.367208600	4.795905000E-04	
853.864532000	1.367120147	4.593752000E-04	
853.382404000	1.367067218	4.392213000E-04	
852.900276000	1.366978884	4.199269000E-04	
852.418148000	1.366925836	4.015906000E-04	
851.936020000	1.366838217	3.850206000E-04	
851.453892000	1.366787672	3.684763000E-04	
850.971764000	1.366701603	3.514883000E-04	
850.489636000	1.366650105	3.339849000E-04	
850.007508000	1.366560578	3.190272000E-04	
849.525380000	1.366507292	3.078520000E-04	
849.043252000	1.366420746	3.006190000E-04	
848.561124000	1.366375327	2.941409000E-04	
848.078996000	1.366297126	2.865288000E-04	
847.596868000	1.366258264	2.755107000E-04	
847.114740000	1.366182327	2.609243000E-04	
846.632612000	1.366142154	2.421047000E-04	
846.150484000	1.366055131	2.217177000E-04	
845.668356000	1.366004348	2.136496000E-04	
845.186228000	1.365923524	2.025912000E-04	
844.704100000	1.365875363	1.929791000E-04	
844.221972000	1.365793347	1.850738000E-04	
843.739844000	1.365747452	1.786710000E-04	
843.257716000	1.365667939	1.730070000E-04	
842.775588000	1.365625739	1.674072000E-04	
842.293460000	1.365548134	1.599822000E-04	
841.811332000	1.365505099	1.533134000E-04	
841.329204000	1.365426540	1.474810000E-04	
840.847076000	1.365383863	1.425509000E-04	
840.364948000	1.365305662	1.385954000E-04	
839.882820000	1.365264058	1.356339000E-04	
839.400692000	1.365187287	1.336097000E-04	
838.918564000	1.365147471	1.323665000E-04	
838.436436000	1.365072846	1.317004000E-04	
837.954308000	1.365035653	1.313650000E-04	
837.472180000	1.364963412	1.310940000E-04	
836.990052000	1.364928722	1.305845000E-04	
836.507924000	1.364858747	1.295615000E-04	
836.025796000	1.364825964	1.278294000E-04	
835.543668000	1.364757061	1.253394000E-04	
835.061540000	1.364724874	1.221531000E-04	
834.579412000	1.364656091	1.184108000E-04	
834.097284000	1.364623785	1.142648000E-04	
833.615156000	1.364554405	1.098825000E-04	
833.133028000	1.364521623	1.054112000E-04	
832.650900000	1.364451885	1.009752000E-04	
832.168772000	1.364418864	9.661890000E-05	
831.686645000	1.364348888	9.233770000E-05	
831.204517000	1.364315867	8.807670000E-05	
830.722389000	1.364245772	8.376760000E-05	
830.240261000	1.364212871	7.931430000E-05	
829.758133000	1.364142656	7.463490000E-05	
829.276005000	1.364109278	6.968580000E-05	
828.793877000	1.364037991	6.454590000E-05	
828.311749000	1.364003539	5.939810000E-05	
827.829621000	1.363930702	5.449520000E-05	
827.347493000	1.363894701	5.006590000E-05	
826.865365000	1.363820553	4.629760000E-05	
826.383237000	1.363783598	4.330740000E-05	
825.901109000	1.363708735	4.116250000E-05	
825.418981000	1.363671541	3.983680000E-05	
824.936853000	1.363596678	3.921680000E-05	
824.454725000	1.363559961	3.911790000E-05	
823.972597000	1.363485456	3.937510000E-05	
823.490469000	1.363449097	3.986410000E-05	
823.008341000	1.363374829	4.052500000E-05	
822.526213000	1.363338590	4.128600000E-05	
822.044085000	1.363264084	4.207230000E-05	
821.561957000	1.363227606	4.282220000E-05	
821.079829000	1.363152504	4.357060000E-05	
820.597701000	1.363114953	4.444290000E-05	
820.115573000	1.363038540	4.563820000E-05	
819.633445000	1.362999678	4.732570000E-05	
819.151317000	1.362921953	4.963670000E-05	
818.669189000	1.362882018	5.265400000E-05	
818.187061000	1.362803221	5.645730000E-05	
817.704933000	1.362762570	6.108720000E-05	
817.222805000	1.362683177	6.654090000E-05	
816.740677000	1.362642288	7.273810000E-05	
816.258549000	1.362562537	7.958460000E-05	
815.776421000	1.362521529	8.700200000E-05	
815.294293000	1.362441421	9.496300000E-05	
814.812165000	1.362400174	1.034338000E-04	
814.330037000	1.362319708	1.123719000E-04	
813.847909000	1.362277985	1.217098000E-04	
813.365781000	1.362196922	1.314275000E-04	
812.883653000	1.362154484	1.415582000E-04	
812.401525000	1.362072587	1.522089000E-04	
811.919397000	1.362029552	1.629618000E-04	
811.437269000	1.361946583	1.739582000E-04	
810.955141000	1.361901879	1.852678000E-04	
810.473013000	1.361817598	1.969964000E-04	
809.990885000	1.361770868	2.076670000E-04	
809.508757000	1.361682177	2.199914000E-04	
809.026630000	1.361631870	2.333308000E-04	
808.544502000	1.361540437	2.486464000E-04	
808.062374000	1.361487627	2.644982000E-04	
807.580246000	1.361392975	2.823861000E-04	
807.098118000	1.361336946	3.021645000E-04	
806.615990000	1.361240029	3.249020000E-04	
806.133862000	1.361183524	3.486380000E-04	
805.651734000	1.361085176	3.739733000E-04	
805.169606000	1.361027598	4.005406000E-04	
804.687478000	1.360926151	4.261617000E-04	
804.205350000	1.360861659	4.574993000E-04	
803.723222000	1.360759497	4.909546000E-04	
803.241094000	1.360695243	5.238607000E-04	
802.758966000	1.360588312	5.587997000E-04	
802.276838000	1.360518098	5.955430000E-04	
801.794710000	1.360405326	6.363306000E-04	
801.312582000	1.360330462	6.788866000E-04	
800.830454000	1.360211372	7.251294000E-04	
800.348326000	1.360128284	7.748912000E-04	
799.866198000	1.360000372	8.317594000E-04	
799.384070000	1.359910846	8.943212000E-04	
798.901942000	1.359777451	9.635648000E-04	
798.419814000	1.359681010	1.038225800E-03	
797.937686000	1.359537959	1.122668500E-03	
797.455558000	1.359431863	1.218785500E-03	
796.973430000	1.359283924	1.329969400E-03	
796.491302000	1.359179854	1.453416000E-03	
796.009174000	1.359036684	1.588794400E-03	
795.527046000	1.358936787	1.734192700E-03	
795.044918000	1.358794928	1.893390400E-03	
794.562790000	1.358695984	2.067640700E-03	
794.080662000	1.358557701	2.261119900E-03	
793.598534000	1.358466148	2.474445200E-03	
793.116406000	1.358340502	2.712053200E-03	
792.634278000	1.358269811	2.975329300E-03	
792.152150000	1.358176827	3.267289100E-03	
791.670022000	1.358154178	3.584046800E-03	
791.187894000	1.358124375	3.922158900E-03	
790.705766000	1.358175159	4.273842600E-03	
790.223638000	1.358224630	4.636145700E-03	
789.741510000	1.358360410	5.003452800E-03	
789.259382000	1.358502030	5.372169000E-03	
788.777254000	1.358740568	5.731805700E-03	
788.295126000	1.358992815	6.071875800E-03	
787.812998000	1.359339714	6.376703300E-03	
787.330870000	1.359691024	6.635010200E-03	
786.848743000	1.360116005	6.836039000E-03	
786.366615000	1.360518336	6.978346500E-03	
785.884487000	1.360968351	7.062313600E-03	
785.402359000	1.361373901	7.093792300E-03	
784.920231000	1.361816406	7.073560300E-03	
784.438103000	1.362201452	7.004244700E-03	
783.955975000	1.362607479	6.886645700E-03	
783.473847000	1.362939596	6.729314600E-03	
782.991719000	1.363279104	6.540583000E-03	
782.509591000	1.363539815	6.331684100E-03	
782.027463000	1.363811493	6.107069100E-03	
781.545335000	1.364008307	5.871685200E-03	
781.063207000	1.364219904	5.626397700E-03	
780.581079000	1.364358664	5.376061400E-03	
780.098951000	1.364511847	5.122278400E-03	
779.616823000	1.364595413	4.869599800E-03	
779.134695000	1.364696383	4.618838400E-03	
778.652567000	1.364730239	4.374215800E-03	
778.170439000	1.364785314	4.136451500E-03	
777.688311000	1.364776134	3.909259100E-03	
777.206183000	1.364794612	3.692569000E-03	
776.724055000	1.364752889	3.489511100E-03	
776.241927000	1.364744425	3.299223700E-03	
775.759799000	1.364682794	3.122859600E-03	
775.277671000	1.364660025	2.956886800E-03	
774.795543000	1.364586473	2.801352600E-03	
774.313415000	1.364552021	2.654878000E-03	
773.831287000	1.364467263	2.520412200E-03	
773.349159000	1.364426851	2.396177300E-03	
772.867031000	1.364342093	2.280845300E-03	
772.384903000	1.364302993	2.169012800E-03	
771.902775000	1.364215732	2.061135600E-03	
771.420647000	1.364169478	1.957953700E-03	
770.938519000	1.364073634	1.863827700E-03	
770.456391000	1.364023685	1.777351100E-03	
769.974263000	1.363928795	1.697693400E-03	
769.492135000	1.363880754	1.621550100E-03	
769.010007000	1.363785267	1.550950300E-03	
768.527879000	1.363736033	1.485442300E-03	
768.045751000	1.363641858	1.426103100E-03	
767.563623000	1.363595724	1.369966300E-03	
767.081495000	1.363503695	1.318313300E-03	
766.599367000	1.363459468	1.270837200E-03	
766.117239000	1.363371730	1.228952700E-03	
765.635111000	1.363336444	1.187938800E-03	
765.152983000	1.363257289	1.145251200E-03	
764.670856000	1.363223433	1.099039100E-03	
764.188728000	1.363137603	1.054968200E-03	
763.706600000	1.363096952	1.015939300E-03	
763.224472000	1.363011003	9.833826000E-04	
762.742344000	1.362977147	9.518265000E-04	
762.260216000	1.362897038	9.196004000E-04	
761.778088000	1.362862825	8.863561000E-04	
761.295960000	1.362778544	8.570082000E-04	
760.813832000	1.362743258	8.315269000E-04	
760.331704000	1.362662792	8.093198000E-04	
759.849576000	1.362633109	7.860069000E-04	
759.367448000	1.362554550	7.626689000E-04	
758.885320000	1.362522364	7.401371000E-04	
758.403192000	1.362441063	7.223575000E-04	
757.921064000	1.362410188	7.080417000E-04	
757.438936000	1.362334490	6.966571000E-04	
756.956808000	1.362310529	6.844333000E-04	
756.474680000	1.362238884	6.721976000E-04	
755.992552000	1.362215757	6.599828000E-04	
755.510424000	1.362144709	6.510239000E-04	
755.028296000	1.362125993	6.436513000E-04	
754.546168000	1.362062931	6.362913000E-04	
754.064040000	1.362051845	6.242672000E-04	
753.581912000	1.361989856	6.089707000E-04	
753.099784000	1.361973166	5.927998000E-04	
752.617656000	1.361905336	5.812955000E-04	
752.135528000	1.361889601	5.730392000E-04	
751.653400000	1.361829638	5.654058000E-04	
751.171272000	1.361821890	5.530849000E-04	
750.689144000	1.361763239	5.375549000E-04	
750.207016000	1.361750603	5.206508000E-04	
749.724888000	1.361687183	5.066509000E-04	
749.242760000	1.361673594	4.917861000E-04	
748.760632000	1.361608863	4.802064000E-04	
748.278504000	1.361596823	4.690049000E-04	
747.796376000	1.361535668	4.583098000E-04	
747.314248000	1.361526966	4.455762000E-04	
746.832120000	1.361467242	4.308707000E-04	
746.349992000	1.361455321	4.137471000E-04	
745.867864000	1.361389875	4.006394000E-04	
745.385736000	1.361378193	3.882248000E-04	
744.903608000	1.361315250	3.745205000E-04	
744.421480000	1.361302137	3.603200000E-04	
743.939352000	1.361237168	3.474634000E-04	
743.457224000	1.361222625	3.340515000E-04	
742.975096000	1.361155391	3.236363000E-04	
742.492969000	1.361141682	3.137239000E-04	
742.010841000	1.361076236	3.042829000E-04	
741.528713000	1.361062884	2.944392000E-04	
741.046585000	1.360997081	2.854917000E-04	
740.564457000	1.360983610	2.768560000E-04	
740.082329000	1.360918045	2.690930000E-04	
739.600201000	1.360905051	2.611370000E-04	
739.118073000	1.360839248	2.540209000E-04	
738.635945000	1.360825777	2.473827000E-04	
738.153817000	1.360760212	2.422574000E-04	
737.671689000	1.360748053	2.369738000E-04	
737.189561000	1.360683322	2.328072000E-04	
736.707433000	1.360672235	2.287047000E-04	
736.225305000	1.360608935	2.251982000E-04	
735.743177000	1.360599399	2.210893000E-04	
735.261049000	1.360536814	2.170335000E-04	
734.778921000	1.360527277	2.125021000E-04	
734.296793000	1.360464096	2.089042000E-04	
733.814665000	1.360454798	2.056567000E-04	
733.332537000	1.360392570	2.032709000E-04	
732.850409000	1.360384822	2.003272000E-04	
732.368281000	1.360323548	1.974164000E-04	
731.886153000	1.360316038	1.940513000E-04	
731.404025000	1.360254288	1.915846000E-04	
730.921897000	1.360247135	1.893629000E-04	
730.439769000	1.360186696	1.878491000E-04	
729.957641000	1.360181332	1.855879000E-04	
729.475513000	1.360121965	1.832296000E-04	
728.993385000	1.360117078	1.800859000E-04	
728.511257000	1.360057473	1.772966000E-04	
728.029129000	1.360052705	1.741827000E-04	
727.547001000	1.359993219	1.719738000E-04	
727.064873000	1.359989762	1.690699000E-04	
726.582745000	1.359931231	1.661696000E-04	
726.100617000	1.359928250	1.625380000E-04	
725.618489000	1.359869957	1.590657000E-04	
725.136361000	1.359867573	1.547843000E-04	
724.654233000	1.359809637	1.501899000E-04	
724.172105000	1.359807491	1.442484000E-04	
723.689977000	1.359748363	1.379954000E-04	
723.207849000	1.359744430	1.311992000E-04	
722.725721000	1.359682798	1.252777000E-04	
722.243593000	1.359678030	1.205723000E-04	
721.761465000	1.359617114	1.156103000E-04	
721.279337000	1.359612703	1.106819000E-04	
720.797209000	1.359551549	1.057397000E-04	
720.315081000	1.359547019	1.008243000E-04	
719.832954000	1.359485507	9.591600000E-05	
719.350826000	1.359480739	9.111080000E-05	
718.868698000	1.359418869	8.640370000E-05	
718.386570000	1.359413862	8.184630000E-05	
717.904442000	1.359351635	7.737570000E-05	
717.422314000	1.359346509	7.304040000E-05	
716.940186000	1.359283924	6.883160000E-05	
716.458058000	1.359278679	6.483060000E-05	
715.975930000	1.359215736	6.098870000E-05	
715.493802000	1.359210491	5.731600000E-05	
715.011674000	1.359147191	5.374060000E-05	
714.529546000	1.359141946	5.083260000E-05	
714.047418000	1.359079123	4.755870000E-05	
713.565290000	1.359073877	4.439830000E-05	
713.083162000	1.359010577	4.133590000E-05	
712.601034000	1.359005213	3.849600000E-05	
712.118906000	1.358941555	3.587340000E-05	
711.636778000	1.358936191	3.346740000E-05	
711.154650000	1.358872414	3.126330000E-05	
710.672522000	1.358867288	2.925400000E-05	
710.190394000	1.358803391	2.742980000E-05	
709.708266000	1.358798385	2.579670000E-05	
709.226138000	1.358734488	2.435460000E-05	
708.744010000	1.358729839	2.310710000E-05	
708.261882000	1.358666062	2.192310000E-05	
707.779754000	1.358661652	2.079860000E-05	
707.297626000	1.358597875	1.972140000E-05	
706.815498000	1.358593702	1.885860000E-05	
706.333370000	1.358530045	1.802840000E-05	
705.851242000	1.358526230	1.723860000E-05	
705.369114000	1.358462453	1.648850000E-05	
704.886986000	1.358458877	1.577960000E-05	
704.404858000	1.358395219	1.510790000E-05	
703.922730000	1.358391762	1.447240000E-05	
703.440602000	1.358327985	1.386760000E-05	
702.958474000	1.358324885	1.329270000E-05	
702.476346000	1.358261228	1.257510000E-05	
701.994218000	1.358258128	1.189240000E-05	
701.512090000	1.358194232	1.123840000E-05	
701.029962000	1.358191252	1.061130000E-05	
700.547834000	1.358127117	1.000930000E-05	
700.065706000	1.358124256	9.430900000E-06	
699.583578000	1.358060122	8.874500000E-06	
699.101450000	1.358057261	8.339000000E-06	
698.619322000	1.357992887	7.823200000E-06	
698.137194000	1.357990265	7.325800000E-06	
697.655067000	1.357925653	6.844800000E-06	
697.172939000	1.357923150	6.378500000E-06	
696.690811000	1.357858419	5.926000000E-06	
696.208683000	1.357855916	5.487500000E-06	
695.726555000	1.357790947	5.063800000E-06	
695.244427000	1.357788444	4.656100000E-06	
694.762299000	1.357723355	4.265100000E-06	
694.280171000	1.357720971	3.891600000E-06	
693.798043000	1.357655644	3.535900000E-06	
693.315915000	1.357653260	3.199000000E-06	
692.833787000	1.357587695	2.881400000E-06	
692.351659000	1.357585311	2.583900000E-06	
691.869531000	1.357519507	2.306500000E-06	
691.387403000	1.357517242	2.049600000E-06	
690.905275000	1.357451200	1.813600000E-06	
690.423147000	1.357448936	1.599100000E-06	
689.941019000	1.357382655	1.406800000E-06	
689.458891000	1.357380390	1.238200000E-06	
688.976763000	1.357313752	1.094600000E-06	
688.494635000	1.357311606	9.771000000E-07	
688.012507000	1.357244730	8.853000000E-07	
687.530379000	1.357242584	8.185000000E-07	
687.048251000	1.357175469	7.751000000E-07	
686.566123000	1.357173324	7.542000000E-07	
686.083995000	1.357105970	7.547000000E-07	
685.601867000	1.357103825	7.759000000E-07	
685.119739000	1.357036233	8.163000000E-07	
684.637611000	1.357034087	8.749000000E-07	
684.155483000	1.356966257	9.503000000E-07	
683.673355000	1.356964111	1.042300000E-06	
683.191227000	1.356896043	1.150700000E-06	
682.709099000	1.356893778	1.276000000E-06	
682.226971000	1.356825471	1.418000000E-06	
681.744843000	1.356823206	1.576700000E-06	
681.262715000	1.356754661	1.751500000E-06	
680.780587000	1.356752396	1.942400000E-06	
680.298459000	1.356683493	2.148700000E-06	
679.816331000	1.356681228	2.370600000E-06	
679.334203000	1.356611967	2.608100000E-06	
678.852075000	1.356609702	2.861500000E-06	
678.369947000	1.356540203	3.131100000E-06	
677.887819000	1.356537938	3.417100000E-06	
677.405691000	1.356468081	3.719200000E-06	
676.923563000	1.356465697	4.037100000E-06	
676.441435000	1.356395602	4.370100000E-06	
675.959307000	1.356393218	4.718000000E-06	
675.477180000	1.356322765	5.079100000E-06	
674.995052000	1.356320381	5.451400000E-06	
674.512924000	1.356249571	5.832100000E-06	
674.030796000	1.356247306	6.218300000E-06	
673.548668000	1.356176138	6.606800000E-06	
673.066540000	1.356173754	6.994800000E-06	
672.584412000	1.356102228	7.379300000E-06	
672.102284000	1.356099844	7.757400000E-06	
671.620156000	1.356028080	8.126000000E-06	
671.138028000	1.356025696	8.483300000E-06	
670.655900000	1.355953455	8.827200000E-06	
670.173772000	1.355950952	9.156800000E-06	
669.691644000	1.355878472	9.470500000E-06	
669.209516000	1.355875969	9.766700000E-06	
668.727388000	1.355803013	1.004250000E-05	
668.245260000	1.355800390	1.029440000E-05	
667.763132000	1.355727077	1.051920000E-05	
667.281004000	1.355724335	1.071410000E-05	
666.798876000	1.355650663	1.087660000E-05	
666.316748000	1.355647802	1.100530000E-05	
665.834620000	1.355573654	1.109880000E-05	
665.352492000	1.355570674	1.115670000E-05	
664.870364000	1.355496049	1.117930000E-05	
664.388236000	1.355492949	1.116860000E-05	
663.906108000	1.355417848	1.112720000E-05	
663.423980000	1.355414510	1.105810000E-05	
662.941852000	1.355338812	1.096380000E-05	
662.459724000	1.355335355	1.084720000E-05	
661.977596000	1.355259180	1.071030000E-05	
661.495468000	1.355255485	1.055550000E-05	
661.013340000	1.355178714	1.038490000E-05	
660.531212000	1.355174780	1.020110000E-05	
660.049084000	1.355097413	1.000700000E-05	
659.566956000	1.355093241	9.806400000E-06	
659.084828000	1.355015278	9.603600000E-06	
658.602700000	1.355010867	9.402700000E-06	
658.120572000	1.354932427	9.207500000E-06	
657.638444000	1.354927659	9.021300000E-06	
657.156316000	1.354848623	8.846600000E-06	
656.674188000	1.354843616	8.685500000E-06	
656.192060000	1.354763865	8.539300000E-06	
655.709932000	1.354758739	8.408500000E-06	
655.227804000	1.354678392	8.292600000E-06	
654.745676000	1.354672909	8.191500000E-06	
654.263548000	1.354592085	8.104300000E-06	
653.781420000	1.354586244	8.030700000E-06	
653.299293000	1.354504824	7.969400000E-06	
652.817165000	1.354498863	7.919400000E-06	
652.335037000	1.354416728	7.878800000E-06	
651.852909000	1.354410410	7.846000000E-06	
651.370781000	1.354327798	7.818200000E-06	
650.888653000	1.354321241	7.793300000E-06	
650.406525000	1.354237914	7.768100000E-06	
649.924397000	1.354231119	7.740300000E-06	
649.442269000	1.354147077	7.708100000E-06	
648.960141000	1.354140043	7.670900000E-06	
648.478013000	1.354055285	7.627700000E-06	
647.995885000	1.354047894	7.578600000E-06	
647.513757000	1.353962541	7.523100000E-06	
647.031629000	1.353954792	7.461400000E-06	
646.549501000	1.353868723	7.393400000E-06	
646.067373000	1.353860617	7.319100000E-06	
645.585245000	1.353773832	7.237100000E-06	
645.103117000	1.353765488	7.145700000E-06	
644.620989000	1.353677869	7.042800000E-06	
644.138861000	1.353669047	6.927300000E-06	
643.656733000	1.353580832	6.798500000E-06	
643.174605000	1.353571534	6.656400000E-06	
642.692477000	1.353482485	6.501300000E-06	
642.210349000	1.353472829	6.333900000E-06	
641.728221000	1.353382945	6.155400000E-06	
641.246093000	1.353372812	5.968100000E-06	
640.763965000	1.353281975	5.774700000E-06	
640.281837000	1.353271484	5.578100000E-06	
639.799709000	1.353179812	5.380700000E-06	
639.317581000	1.353168726	5.185300000E-06	
638.835453000	1.353076220	4.994500000E-06	
638.353325000	1.353064537	4.811400000E-06	
637.871197000	1.352971077	4.638800000E-06	
637.389069000	1.352959037	4.479500000E-06	
636.906941000	1.352864623	4.335200000E-06	
636.424813000	1.352851987	4.207700000E-06	
635.942685000	1.352756619	4.097700000E-06	
635.460557000	1.352743506	4.004500000E-06	
634.978429000	1.352647185	3.926600000E-06	
634.496301000	1.352633476	3.861900000E-06	
634.014173000	1.352536201	3.808100000E-06	
633.532045000	1.352521896	3.763700000E-06	
633.049917000	1.352423668	3.727400000E-06	
632.567789000	1.352408767	3.698000000E-06	
632.085661000	1.352309585	3.673400000E-06	
631.603533000	1.352294087	3.652500000E-06	
631.121405000	1.352193713	3.634500000E-06	
630.639278000	1.352177620	3.619600000E-06	
630.157150000	1.352076292	3.607700000E-06	
629.675022000	1.352059364	3.599200000E-06	
629.192894000	1.351956964	3.593700000E-06	
628.710766000	1.351939440	3.591300000E-06	
628.228638000	1.351835847	3.592700000E-06	
627.746510000	1.351817608	3.599300000E-06	
627.264382000	1.351712823	3.612600000E-06	
626.782254000	1.351693749	3.634800000E-06	
626.300126000	1.351587772	3.668400000E-06	
625.817998000	1.351567984	3.716600000E-06	
625.335870000	1.351460695	3.781900000E-06	
624.853742000	1.351440191	3.866700000E-06	
624.371614000	1.351331592	3.971300000E-06	
623.889486000	1.351310134	4.095700000E-06	
623.407358000	1.351200342	4.239600000E-06	
622.925230000	1.351178050	4.403000000E-06	
622.443102000	1.351066947	4.585500000E-06	
621.960974000	1.351043820	4.786300000E-06	
621.478846000	1.350931287	5.004300000E-06	
620.996718000	1.350907207	5.239100000E-06	
620.514590000	1.350793362	5.490200000E-06	
620.032462000	1.350768328	5.757800000E-06	
619.550334000	1.350653052	6.041300000E-06	
619.068206000	1.350626945	6.340100000E-06	
618.586078000	1.350510240	6.652000000E-06	
618.103950000	1.350483179	6.975800000E-06	
617.621822000	1.350364923	7.309800000E-06	
617.139694000	1.350336790	7.652700000E-06	
616.657566000	1.350216985	8.002000000E-06	
616.175438000	1.350187778	8.355200000E-06	
615.693310000	1.350066423	8.709600000E-06	
615.211182000	1.350036144	9.063300000E-06	
614.729054000	1.349913120	9.414600000E-06	
614.246926000	1.349881530	9.762100000E-06	
613.764798000	1.349756837	1.010320000E-05	
613.282670000	1.349724054	1.043480000E-05	
612.800542000	1.349597692	1.075260000E-05	
612.318414000	1.349563599	1.105220000E-05	
611.836286000	1.349435329	1.132900000E-05	
611.354158000	1.349399924	1.157890000E-05	
610.872030000	1.349269867	1.179790000E-05	
610.389902000	1.349233031	1.198350000E-05	
609.907774000	1.349100947	1.213360000E-05	
609.425646000	1.349062562	1.224750000E-05	
608.943518000	1.348928452	1.232510000E-05	
608.461391000	1.348888397	1.236760000E-05	
607.979263000	1.348752141	1.237730000E-05	
607.497135000	1.348710537	1.235780000E-05	
607.015007000	1.348572016	1.231150000E-05	
606.532879000	1.348528624	1.224030000E-05	
606.050751000	1.348387837	1.214460000E-05	
605.568623000	1.348342538	1.202500000E-05	
605.086495000	1.348199368	1.188170000E-05	
604.604367000	1.348152161	1.171620000E-05	
604.122239000	1.348006487	1.152950000E-05	
603.640111000	1.347957253	1.132280000E-05	
603.157983000	1.347808838	1.109650000E-05	
602.675855000	1.347757578	1.085200000E-05	
602.193727000	1.347606540	1.059150000E-05	
601.711599000	1.347552896	1.031780000E-05	
601.229471000	1.347399116	1.003340000E-05	
600.747343000	1.347343087	9.741300000E-06	
600.265215000	1.347186327	9.443400000E-06	
599.783087000	1.347127914	9.142100000E-06	
599.300959000	1.346968055	8.839800000E-06	
598.818831000	1.346907020	8.540200000E-06	
598.336703000	1.346744061	8.247600000E-06	
597.854575000	1.346680284	7.967100000E-06	
597.372447000	1.346513987	7.703400000E-06	
596.890319000	1.346447349	7.461200000E-06	
596.408191000	1.346277595	7.243500000E-06	
595.926063000	1.346207976	7.052900000E-06	
595.443935000	1.346034646	6.890000000E-06	
594.961807000	1.345961928	6.755100000E-06	
594.479679000	1.345784783	6.647200000E-06	
593.997551000	1.345708847	6.564200000E-06	
593.515423000	1.345527887	6.502400000E-06	
593.033295000	1.345448494	6.458900000E-06	
592.551167000	1.345263362	6.432100000E-06	
592.069039000	1.345180273	6.422600000E-06	
591.586911000	1.344990969	6.432400000E-06	
591.104783000	1.344904065	6.465200000E-06	
590.622655000	1.344710112	6.535300000E-06	
590.140527000	1.344619155	6.627600000E-06	
589.658399000	1.344420433	6.755600000E-06	
589.176271000	1.344325185	6.923700000E-06	
588.694143000	1.344121456	7.137200000E-06	
588.212015000	1.344021559	7.402000000E-06	
587.729887000	1.343812585	7.724800000E-06	
587.247759000	1.343707800	8.112800000E-06	
586.765631000	1.343493223	8.574200000E-06	
586.283504000	1.343383312	9.121900000E-06	
585.801376000	1.343162894	9.774800000E-06	
585.319248000	1.343047261	1.055910000E-05	
584.837120000	1.342820644	1.150690000E-05	
584.354992000	1.342699170	1.265480000E-05	
583.872864000	1.342465878	1.404270000E-05	
583.390736000	1.342338204	1.571140000E-05	
582.908608000	1.342098117	1.770330000E-05	
582.426480000	1.341964006	2.006190000E-05	
581.944352000	1.341717005	2.282910000E-05	
581.462224000	1.341576338	2.604450000E-05	
580.980096000	1.341323614	2.865010000E-05	
580.497968000	1.341177702	3.053280000E-05	
580.015840000	1.340914965	3.156990000E-05	
579.533712000	1.340758920	3.282850000E-05	
579.051584000	1.340486050	3.443140000E-05	
578.569456000	1.340320110	3.655240000E-05	
578.087328000	1.340036750	3.931280000E-05	
577.605200000	1.339860320	4.284590000E-05	
577.123072000	1.339565873	4.724420000E-05	
576.640944000	1.339377761	5.363360000E-05	
576.158816000	1.339070439	6.217270000E-05	
575.676688000	1.338875175	7.186510000E-05	
575.194560000	1.338558674	8.308180000E-05	
574.712432000	1.338349462	9.554970000E-05	
574.230304000	1.338023782	1.102218000E-04	
573.748176000	1.337805986	1.253329000E-04	
573.266048000	1.337468863	1.413665000E-04	
572.783920000	1.337239504	1.584795000E-04	
572.301792000	1.336889625	1.764539000E-04	
571.819664000	1.336647630	1.958456000E-04	
571.337536000	1.336284161	2.156589000E-04	
570.855408000	1.336027741	2.397190000E-04	
570.373280000	1.335655332	2.623909000E-04	
569.891152000	1.335384369	2.812646000E-04	
569.409024000	1.334990978	3.056486000E-04	
568.926896000	1.334702969	3.274999000E-04	
568.444768000	1.334290743	3.536658000E-04	
567.962640000	1.333981752	3.759592000E-04	
567.480512000	1.333543301	4.061346000E-04	
566.998384000	1.333209872	4.377470000E-04	
566.516256000	1.332749248	4.782063000E-04	
566.034128000	1.332395554	5.190170000E-04	
565.552000000	1.331912994	5.673512000E-04	
565.069872000	1.331535220	6.169053000E-04	
564.587744000	1.331027508	6.754298000E-04	
564.105617000	1.330622435	7.380705000E-04	
563.623489000	1.330089927	8.154581000E-04	
563.141361000	1.329667449	8.977675000E-04	
562.659233000	1.329123735	9.871785000E-04	
562.177105000	1.328684092	1.070864300E-03	
561.694977000	1.328112483	1.159423800E-03	
561.212849000	1.327630520	1.252870900E-03	
560.730721000	1.327027321	1.368738400E-03	
560.248593000	1.326524854	1.494085400E-03	
559.766465000	1.325952172	1.627861800E-03	
559.284337000	1.325439215	1.657866500E-03	
558.802209000	1.324715018	1.771993600E-03	
558.320081000	1.324132681	1.886961200E-03	
557.837953000	1.323373675	2.033800600E-03	
557.355825000	1.322743773	2.195927500E-03	
556.873697000	1.321960330	2.382339700E-03	
556.391569000	1.321299553	2.570983300E-03	
555.909441000	1.320478201	2.781939000E-03	
555.427313000	1.319776416	3.000134400E-03	
554.945185000	1.318917990	3.240850300E-03	
554.463057000	1.318179131	3.480933100E-03	
553.980929000	1.317272425	3.734606800E-03	
553.498801000	1.316466570	3.995113500E-03	
553.016673000	1.315492630	4.285874800E-03	
552.534545000	1.314628363	4.583697800E-03	
552.052417000	1.313591242	4.901283000E-03	
551.570289000	1.312644005	5.223820000E-03	
551.088161000	1.311504364	5.584552900E-03	
550.606033000	1.310455918	5.975221700E-03	
550.123905000	1.309233189	6.419618100E-03	
549.641777000	1.308121324	6.877707300E-03	
549.159649000	1.306818008	7.360769900E-03	
548.677521000	1.305582285	7.858980400E-03	
548.195393000	1.304124594	8.420277400E-03	
547.713265000	1.302742124	9.039740100E-03	
547.231137000	1.301161766	9.738454600E-03	
546.749009000	1.299670100	1.048491900E-02	
546.266881000	1.297965288	1.130403670E-02	
545.784753000	1.296332955	1.218171050E-02	
545.302625000	1.294477344	1.314745010E-02	
544.820497000	1.292687654	1.417478360E-02	
544.338369000	1.290642381	1.529674600E-02	
543.856241000	1.288621306	1.651517300E-02	
543.374113000	1.286331296	1.789021680E-02	
542.891985000	1.284083724	1.940955220E-02	
542.409857000	1.281575561	2.109643440E-02	
541.927729000	1.279083490	2.292953800E-02	
541.445602000	1.276266813	2.498161610E-02	
540.963474000	1.273423672	2.728930670E-02	
540.481346000	1.270282388	2.993547730E-02	
539.999218000	1.267169714	3.291107710E-02	
539.517090000	1.263774395	3.626619650E-02	
539.034962000	1.260385990	4.001534360E-02	
538.552834000	1.256676435	4.427574200E-02	
538.070706000	1.252981544	4.911382120E-02	
537.588578000	1.249004841	5.467428270E-02	
537.106450000	1.245139956	6.104607880E-02	
536.624322000	1.241129041	6.841136520E-02	
536.142194000	1.237443924	7.688387480E-02	
535.660066000	1.233935714	8.664991710E-02	
535.177938000	1.231147051	9.782991560E-02	
534.695810000	1.229033947	1.106437296E-01	
534.213682000	1.228429317	1.252156496E-01	
533.731554000	1.229591608	1.416294873E-01	
533.249426000	1.233655810	1.597031802E-01	
532.767298000	1.241168618	1.789497733E-01	
532.285170000	1.253244400	1.984933466E-01	
531.803042000	1.270187974	2.169971913E-01	
531.320914000	1.292398095	2.326089889E-01	
530.838786000	1.318640351	2.434188873E-01	
530.356658000	1.347511053	2.480119467E-01	
529.874530000	1.376457214	2.458746284E-01	
529.392402000	1.403600931	2.374294102E-01	
528.910274000	1.426904321	2.239214033E-01	
528.428146000	1.445631027	2.070859075E-01	
527.946018000	1.459312558	1.887337267E-01	
527.463890000	1.468793631	1.702743024E-01	
526.981762000	1.474494219	1.526106447E-01	
526.499634000	1.477521420	1.362108737E-01	
526.017506000	1.478163362	1.213559806E-01	
525.535378000	1.477424860	1.081034765E-01	
525.053250000	1.475375295	9.641216700E-02	
524.571122000	1.472791910	8.614754680E-02	
524.088994000	1.469534993	7.716481390E-02	
523.606866000	1.466179490	6.931618600E-02	
523.124738000	1.462496281	6.247919430E-02	
522.642610000	1.458971620	5.651845410E-02	
522.160482000	1.455301285	5.131897700E-02	
521.678354000	1.451922536	4.676472020E-02	
521.196226000	1.448477268	4.277288540E-02	
520.714098000	1.445378661	3.925030680E-02	
520.231970000	1.442243814	3.612864020E-02	
519.749842000	1.439447045	3.333611410E-02	
519.267715000	1.436594605	3.084564580E-02	
518.785587000	1.434069276	2.862281910E-02	
518.303459000	1.431499720	2.664771300E-02	
517.821331000	1.429288268	2.485960910E-02	
517.339203000	1.427025080	2.321568500E-02	
516.857075000	1.425067067	2.167125050E-02	
516.374947000	1.422982931	2.023715530E-02	
515.892819000	1.421155691	1.891672980E-02	
515.410691000	1.419206500	1.772619600E-02	
514.928563000	1.417540431	1.663400610E-02	
514.446435000	1.415751457	1.562875140E-02	
513.964307000	1.414218426	1.469163600E-02	
513.482179000	1.412533998	1.385136880E-02	
513.000051000	1.411114097	1.310384370E-02	
512.517923000	1.409587264	1.244812650E-02	
512.035795000	1.408362031	1.182731430E-02	
511.553667000	1.407003880	1.122860050E-02	
511.071539000	1.405892849	1.063819700E-02	
510.589411000	1.404607773	1.008287170E-02	
510.107283000	1.403563380	9.548500200E-03	
509.625155000	1.402333736	9.044759000E-03	
509.143027000	1.401317239	8.568152800E-03	
508.660899000	1.400100589	8.164632100E-03	
508.178771000	1.399140120	7.832776800E-03	
507.696643000	1.398052812	7.557674300E-03	
507.214515000	1.397255898	7.268785500E-03	
506.732387000	1.396272421	6.959593400E-03	
506.250259000	1.395490050	6.644278300E-03	
505.768131000	1.394487858	6.383841900E-03	
505.286003000	1.393738985	6.165992000E-03	
504.803875000	1.392823219	5.972985600E-03	
504.321747000	1.392148495	5.763855300E-03	
503.839619000	1.391244173	5.577867900E-03	
503.357491000	1.390563726	5.436095400E-03	
502.875363000	1.389705539	5.361266000E-03	
502.393235000	1.389141917	5.297009400E-03	
501.911107000	1.388402462	5.222871900E-03	
501.428979000	1.387900829	5.119845300E-03	
500.946851000	1.387169361	5.033433000E-03	
500.464723000	1.386679888	4.960549100E-03	
499.982595000	1.385988235	4.909792400E-03	
499.500467000	1.385548115	4.845690400E-03	
499.018339000	1.384875536	4.788731700E-03	
498.536211000	1.384427547	4.737493100E-03	
498.054083000	1.383740902	4.730086800E-03	
497.571955000	1.383301854	4.756935900E-03	
497.089828000	1.382653117	4.842052200E-03	
496.607700000	1.382292271	4.960871300E-03	
496.125572000	1.381758571	5.115273900E-03	
495.643444000	1.381536722	5.255452400E-03	
495.161316000	1.381123066	5.380607200E-03	
494.679188000	1.380981565	5.469086100E-03	
494.197060000	1.380608797	5.559346200E-03	
493.714932000	1.380508304	5.646912400E-03	
493.232804000	1.380205512	5.755651700E-03	
492.750676000	1.380222440	5.844545100E-03	
492.268548000	1.380060911	5.900099400E-03	
491.786420000	1.380203009	5.864368300E-03	
491.304292000	1.380097389	5.748689600E-03	
490.822164000	1.380218267	5.554141000E-03	
490.340036000	1.380052567	5.337273200E-03	
489.857908000	1.380141616	5.081367700E-03	
489.375780000	1.379974127	4.777719300E-03	
488.893652000	1.380030036	4.376412800E-03	
488.411524000	1.379731178	3.920490900E-03	
487.929396000	1.379566073	3.450773200E-03	
487.447268000	1.379057765	3.075230900E-03	
486.965140000	1.378806710	2.737926600E-03	
486.483012000	1.378271580	2.455901100E-03	
486.000884000	1.378020525	2.185163300E-03	
485.518756000	1.377489805	1.936236200E-03	
485.036628000	1.377233863	1.679976600E-03	
484.554500000	1.376681447	1.434812200E-03	
484.072372000	1.376382947	1.183796300E-03	
483.590244000	1.375766993	9.679761000E-04	
483.108116000	1.375414968	7.811084000E-04	
482.625988000	1.374775887	6.456592000E-04	
482.143860000	1.374427199	5.249567000E-04	
481.661732000	1.373792052	4.466427000E-04	
481.179604000	1.373452663	3.773701000E-04	
480.697476000	1.372825384	3.590691000E-04	
480.215348000	1.372525692	3.474765000E-04	
479.733220000	1.371941566	3.545382000E-04	
479.251092000	1.371671081	3.525164000E-04	
478.768964000	1.371093869	3.711007000E-04	
478.286836000	1.370830536	4.001920000E-04	
477.804708000	1.370277643	4.550667000E-04	
477.322580000	1.370051146	5.050679000E-04	
476.840452000	1.369531155	5.718039000E-04	
476.358324000	1.369342327	6.179406000E-04	
475.876196000	1.368837714	6.645911000E-04	
475.394068000	1.368641138	6.958649000E-04	
474.911941000	1.368111372	7.551495000E-04	
474.429813000	1.367912412	8.275350000E-04	
473.947685000	1.367413163	9.238980000E-04	
473.465557000	1.367262244	9.943097000E-04	
472.983429000	1.366775036	1.057974500E-03	
472.501301000	1.366597176	1.109710000E-03	
472.019173000	1.366070032	1.199277800E-03	
471.537045000	1.365887880	1.302457600E-03	
471.054917000	1.365379453	1.432481000E-03	
470.572789000	1.365220428	1.560334800E-03	
470.090661000	1.364726186	1.723148600E-03	
469.608533000	1.364610076	1.893470300E-03	
469.126405000	1.364187241	2.072867200E-03	
468.644277000	1.364143968	2.204127400E-03	
468.162149000	1.363735557	2.313485100E-03	
467.680021000	1.363657355	2.400195200E-03	
467.197893000	1.363200188	2.517520900E-03	
466.715765000	1.363109469	2.640414300E-03	
466.233637000	1.362662077	2.788072200E-03	
465.751509000	1.362595320	2.927117300E-03	
465.269381000	1.362168550	3.082999300E-03	
464.787253000	1.362131357	3.216253400E-03	
464.305125000	1.361714363	3.347968000E-03	
463.822997000	1.361661434	3.461298300E-03	
463.340869000	1.361211896	3.610279900E-03	
462.858741000	1.361168981	3.767696400E-03	
462.376613000	1.360767603	3.932216700E-03	
461.894485000	1.360767365	4.042057800E-03	
461.412357000	1.360327601	4.140543800E-03	
460.930229000	1.360236406	4.249022800E-03	
460.448101000	1.359726906	4.438563300E-03	
459.965973000	1.359668016	4.665483300E-03	
459.483845000	1.359259129	4.912954300E-03	
459.001717000	1.359305620	5.108875200E-03	
458.519589000	1.358932972	5.276511000E-03	
458.037461000	1.358956099	5.399865600E-03	
457.555333000	1.358510375	5.541221200E-03	
457.073205000	1.358465672	5.700609600E-03	
456.591077000	1.357989669	5.928851700E-03	
456.108949000	1.357997179	6.174533600E-03	
455.626821000	1.357613325	6.425662400E-03	
455.144693000	1.357695580	6.615630800E-03	
454.662565000	1.357299566	6.792897400E-03	
454.180437000	1.357328534	6.965552000E-03	
453.698309000	1.356898904	7.186795100E-03	
453.216181000	1.356963038	7.395672600E-03	
452.734053000	1.356566906	7.595983800E-03	
452.251926000	1.356615901	7.761064500E-03	
451.769798000	1.356150866	7.969946600E-03	
451.287670000	1.356173038	8.211867900E-03	
450.805542000	1.355751634	8.501010000E-03	
450.323414000	1.355871320	8.753948800E-03	
449.841286000	1.355505466	8.981637700E-03	
449.359158000	1.355618477	9.156666700E-03	
448.877030000	1.355181336	9.346583900E-03	
448.394902000	1.355224252	9.541402600E-03	
447.912774000	1.354732513	9.797898100E-03	
447.430646000	1.354779482	1.007925630E-02	
446.948518000	1.354329109	1.040735930E-02	
446.466390000	1.354451776	1.071533840E-02	
445.984262000	1.354047060	1.102979950E-02	
445.502134000	1.354192138	1.131984500E-02	
445.020006000	1.353785038	1.164208350E-02	
444.537878000	1.353962898	1.195311920E-02	
444.055750000	1.353598356	1.227441800E-02	
443.573622000	1.353820086	1.255100870E-02	
443.091494000	1.353451848	1.283178010E-02	
442.609366000	1.353666067	1.308570150E-02	
442.127238000	1.353280544	1.335526260E-02	
441.645110000	1.353489637	1.359133790E-02	
441.162982000	1.353060603	1.384573900E-02	
440.680854000	1.353225470	1.409681510E-02	
440.198726000	1.352751493	1.440583170E-02	
439.716598000	1.352928758	1.472267040E-02	
439.234470000	1.352481127	1.507662140E-02	
438.752342000	1.352704167	1.541101190E-02	
438.270214000	1.352272391	1.577191800E-02	
437.788086000	1.352524638	1.611196620E-02	
437.305958000	1.352103233	1.647543530E-02	
436.823830000	1.352381706	1.681190360E-02	
436.341702000	1.351957560	1.716903780E-02	
435.859574000	1.352250099	1.749485360E-02	
435.377446000	1.351797104	1.783974840E-02	
434.895318000	1.352070928	1.817175750E-02	
434.413190000	1.351548076	1.852453870E-02	
433.931062000	1.351751924	1.897609230E-02	
433.448934000	1.351295948	1.950529960E-02	
432.966806000	1.351681471	1.999777180E-02	
432.484678000	1.351332664	2.046258560E-02	
432.002550000	1.351756930	2.085127680E-02	
431.520422000	1.351338148	2.126512680E-02	
431.038294000	1.351718783	2.168753930E-02	
430.556166000	1.351291895	2.217820470E-02	
430.074039000	1.351757288	2.264793960E-02	
429.591911000	1.351397753	2.311546540E-02	
429.109783000	1.351907969	2.350764720E-02	
428.627655000	1.351476669	2.391116510E-02	
428.145527000	1.351902246	2.432233840E-02	
427.663399000	1.351401448	2.483954650E-02	
427.181271000	1.351903439	2.537810990E-02	
426.699143000	1.351519465	2.593033950E-02	
426.217015000	1.352127433	2.638611570E-02	
425.734887000	1.351680398	2.683710120E-02	
425.252759000	1.352177501	2.730109730E-02	
424.770631000	1.351623774	2.790210950E-02	
424.288503000	1.352203727	2.855816670E-02	
423.806375000	1.351810336	2.926368080E-02	
423.324247000	1.352598667	2.988099490E-02	
422.842119000	1.352275729	3.045498950E-02	
422.359991000	1.353056788	3.094508690E-02	
421.877863000	1.352592349	3.148379920E-02	
421.395735000	1.353299499	3.205551580E-02	
420.913607000	1.352799058	3.274115180E-02	
420.431479000	1.353623390	3.342220560E-02	
419.949351000	1.353185654	3.413023800E-02	
419.467223000	1.354061723	3.481270000E-02	
418.985095000	1.353569031	3.561960160E-02	
418.502967000	1.354580879	3.649599850E-02	
418.020839000	1.354343176	3.741812330E-02	
417.538711000	1.355731368	3.814887260E-02	
417.056583000	1.355566502	3.871406610E-02	
416.574455000	1.356786728	3.915291650E-02	
416.092327000	1.356231689	3.973714260E-02	
415.610199000	1.357319355	4.047170650E-02	
415.128071000	1.356819391	4.137103260E-02	
414.645943000	1.358220220	4.221974690E-02	
414.163815000	1.357824564	4.305519540E-02	
413.681687000	1.359295607	4.384402560E-02	
413.199559000	1.358782172	4.475797340E-02	
412.717431000	1.360370159	4.572756590E-02	
412.235303000	1.359942198	4.680567610E-02	
411.753175000	1.361836672	4.784595970E-02	
411.271047000	1.361503124	4.893371460E-02	
410.788919000	1.363659263	4.996636140E-02	
410.306791000	1.363344669	5.104728420E-02	
409.824663000	1.365754604	5.207396670E-02	
409.342535000	1.365389943	5.315680060E-02	
408.860407000	1.368024826	5.423384900E-02	
408.378279000	1.367523670	5.548045040E-02	
407.896152000	1.370685577	5.682750790E-02	
407.414024000	1.370176554	5.792590230E-02	
406.931896000	1.373523831	5.983554200E-02	
406.449768000	1.373836994	6.134490300E-02	
405.967640000	1.378130794	6.266660240E-02	
405.485512000	1.378231764	6.399451940E-02	
405.003384000	1.383173704	6.529387090E-02	
404.521256000	1.383058786	6.678565590E-02	
404.039128000	1.389071107	6.841919570E-02	
403.557000000	1.389033318	0.070334531
403.074872000	1.397149205	7.234846800E-02	
402.592744000	1.397503257	7.450178270E-02	
402.110616000	1.409218431	7.667660710E-02	
401.628488000	1.409936666	7.902360710E-02	
401.146360000	1.429704547	8.150486650E-02	
400.664232000	1.431279659	8.398620780E-02	
400.182104000	1.431279659	8.646835390E-02	
