9996.944655	1.347445726	6.1803167E-07
9996.462527	1.347445726	6.1806763E-07
9995.980398	1.347445607	6.1817272E-07
9995.498269	1.347445607	6.1836835E-07
9995.016140	1.347445488	6.1866218E-07
9994.534012	1.347445488	6.1907641E-07
9994.051883	1.347445369	6.1962935E-07
9993.569754	1.347445250	6.2033711E-07
9993.087625	1.347445130	6.2119590E-07
9992.605497	1.347445130	6.2223426E-07
9992.123368	1.347445011	6.2346664E-07
9991.641239	1.347444892	6.2488773E-07
9991.159110	1.347444773	6.2646869E-07
9990.676982	1.347444654	6.2819877E-07
9990.194853	1.347444654	6.3004810E-07
9989.712724	1.347444534	6.3197433E-07
9989.230595	1.347444415	6.3394012E-07
9988.748467	1.347444296	6.3590385E-07
9988.266338	1.347444177	6.3783625E-07
9987.784209	1.347444057	6.3971669E-07
9987.302080	1.347444057	6.4150736E-07
9986.819952	1.347443938	6.4318635E-07
9986.337823	1.347443819	6.4476484E-07
9985.855694	1.347443700	6.4626561E-07
9985.373565	1.347443581	6.4769453E-07
9984.891436	1.347443461	6.4906720E-07
9984.409308	1.347443342	6.5041045E-07
9983.927179	1.347443223	6.5173963E-07
9983.445050	1.347443223	6.5306837E-07
9982.962921	1.347443104	6.5441588E-07
9982.480793	1.347442985	6.5579785E-07
9981.998664	1.347442865	6.5722765E-07
9981.516535	1.347442746	6.5870538E-07
9981.034406	1.347442627	6.6022637E-07
9980.552278	1.347442508	6.6177596E-07
9980.070149	1.347442389	6.6334236E-07
9979.588020	1.347442269	6.6490969E-07
9979.105891	1.347442150	6.6646629E-07
9978.623763	1.347442150	6.6799485E-07
9978.141634	1.347442031	6.6948284E-07
9977.659505	1.347441912	6.7091570E-07
9977.177376	1.347441792	6.7228756E-07
9976.695248	1.347441673	6.7359371E-07
9976.213119	1.347441554	6.7483710E-07
9975.730990	1.347441435	6.7602033E-07
9975.248861	1.347441316	6.7715013E-07
9974.766733	1.347441196	6.7823385E-07
9974.284604	1.347441077	6.7928450E-07
9973.802475	1.347441077	6.8031998E-07
9973.320346	1.347440958	6.8136009E-07
9972.838217	1.347440839	6.8242167E-07
9972.356089	1.347440720	6.8351153E-07
9971.873960	1.347440600	6.8462943E-07
9971.391831	1.347440481	6.8576770E-07
9970.909702	1.347440362	6.8692163E-07
9970.427574	1.347440243	6.8808597E-07
9969.945445	1.347440124	6.8926114E-07
9969.463316	1.347440004	6.9044219E-07
9968.981187	1.347439885	6.9162524E-07
9968.499059	1.347439766	6.9279834E-07
9968.016930	1.347439766	6.9395533E-07
9967.534801	1.347439647	6.9509019E-07
9967.052672	1.347439528	6.9621135E-07
9966.570544	1.347439408	6.9733024E-07
9966.088415	1.347439289	6.9846566E-07
9965.606286	1.347439170	6.9962918E-07
9965.124157	1.347439051	7.0083126E-07
9964.642029	1.347438931	7.0207485E-07
9964.159900	1.347438812	7.0336716E-07
9963.677771	1.347438693	7.0471572E-07
9963.195642	1.347438574	7.0613307E-07
9962.713514	1.347438455	7.0762708E-07
9962.231385	1.347438455	7.0920052E-07
9961.749256	1.347438216	7.1084686E-07
9961.267127	1.347438216	7.1255311E-07
9960.784998	1.347438097	7.1430496E-07
9960.302870	1.347437978	7.1608722E-07
9959.820741	1.347437859	7.1788683E-07
9959.338612	1.347437739	7.1968689E-07
9958.856483	1.347437620	7.2147156E-07
9958.374355	1.347437501	7.2322323E-07
9957.892226	1.347437382	7.2493232E-07
9957.410097	1.347437263	7.2659108E-07
9956.927968	1.347437143	7.2820067E-07
9956.445840	1.347437024	7.2976136E-07
9955.963711	1.347436905	7.3128193E-07
9955.481582	1.347436905	7.3277128E-07
9954.999453	1.347436666	7.3424921E-07
9954.517325	1.347436666	7.3573558E-07
9954.035196	1.347436547	7.3725504E-07
9953.553067	1.347436428	7.3882255E-07
9953.070938	1.347436309	7.4044704E-07
9952.588810	1.347436190	7.4212429E-07
9952.106681	1.347436070	7.4384900E-07
9951.624552	1.347435951	7.4561460E-07
9951.142423	1.347435832	7.4742042E-07
9950.660295	1.347435713	7.4926446E-07
9950.178166	1.347435594	7.5113962E-07
9949.696037	1.347435474	7.5303044E-07
9949.213908	1.347435355	7.5491611E-07
9948.731779	1.347435236	7.5677898E-07
9948.249651	1.347435117	7.5860787E-07
9947.767522	1.347435117	7.6040397E-07
9947.285393	1.347434998	7.6217193E-07
9946.803264	1.347434878	7.6391823E-07
9946.321136	1.347434759	7.6564081E-07
9945.839007	1.347434640	7.6733711E-07
9945.356878	1.347434521	7.6900061E-07
9944.874749	1.347434402	7.7063453E-07
9944.392621	1.347434282	7.7224251E-07
9943.910492	1.347434163	7.7383493E-07
9943.428363	1.347434044	7.7541422E-07
9942.946234	1.347433925	7.7698445E-07
9942.464106	1.347433805	7.7854190E-07
9941.981977	1.347433686	7.8008598E-07
9941.499848	1.347433567	7.8160944E-07
9941.017719	1.347433567	7.8310579E-07
9940.535591	1.347433329	7.8456247E-07
9940.053462	1.347433329	7.8596968E-07
9939.571333	1.347433209	7.8731764E-07
9939.089204	1.347433090	7.8860279E-07
9938.607076	1.347432971	7.8982474E-07
9938.124947	1.347432852	7.9098679E-07
9937.642818	1.347432733	7.9209300E-07
9937.160689	1.347432613	7.9314733E-07
9936.678560	1.347432494	7.9415577E-07
9936.196432	1.347432375	7.9512653E-07
9935.714303	1.347432256	7.9607586E-07
9935.232174	1.347432137	7.9702312E-07
9934.750045	1.347432017	7.9799437E-07
9934.267917	1.347431898	7.9901045E-07
9933.785788	1.347431779	8.0009145E-07
9933.303659	1.347431660	8.0124678E-07
9932.821530	1.347431540	8.0248638E-07
9932.339402	1.347431540	8.0381320E-07
9931.857273	1.347431421	8.0523589E-07
9931.375144	1.347431302	8.0675939E-07
9930.893015	1.347431183	8.0839328E-07
9930.410887	1.347431064	8.1013973E-07
9929.928758	1.347430944	8.1200145E-07
9929.446629	1.347430825	8.1397161E-07
9928.964500	1.347430706	8.1604061E-07
9928.482372	1.347430587	8.1819051E-07
9928.000243	1.347430468	8.2040378E-07
9927.518114	1.347430348	8.2266268E-07
9927.035985	1.347430229	8.2495594E-07
9926.553857	1.347430110	8.2727481E-07
9926.071728	1.347429991	8.2961129E-07
9925.589599	1.347429872	8.3195553E-07
9925.107470	1.347429752	8.3429632E-07
9924.625341	1.347429633	8.3662605E-07
9924.143213	1.347429514	8.3893838E-07
9923.661084	1.347429514	8.4123345E-07
9923.178955	1.347429395	8.4351169E-07
9922.696826	1.347429276	8.4578216E-07
9922.214698	1.347429156	8.4805210E-07
9921.732569	1.347429037	8.5033128E-07
9921.250440	1.347428918	8.5261939E-07
9920.768311	1.347428799	8.5491507E-07
9920.286183	1.347428679	8.5720768E-07
9919.804054	1.347428560	8.5948962E-07
9919.321925	1.347428441	8.6174713E-07
9918.839796	1.347428322	8.6397128E-07
9918.357668	1.347428203	8.6615091E-07
9917.875539	1.347428083	8.6828362E-07
9917.393410	1.347427964	8.7036551E-07
9916.911281	1.347427845	8.7239589E-07
9916.429153	1.347427726	8.7436872E-07
9915.947024	1.347427726	8.7628025E-07
9915.464895	1.347427487	8.7812924E-07
9914.982766	1.347427487	8.7992345E-07
9914.500638	1.347427368	8.8167558E-07
9914.018509	1.347427249	8.8339980E-07
9913.536380	1.347427130	8.8510853E-07
9913.054251	1.347427011	8.8680854E-07
9912.572122	1.347426891	8.8850537E-07
9912.089994	1.347426772	8.9020084E-07
9911.607865	1.347426653	8.9189928E-07
9911.125736	1.347426534	8.9360146E-07
9910.643607	1.347426414	8.9531175E-07
9910.161479	1.347426295	8.9703003E-07
9909.679350	1.347426176	8.9875880E-07
9909.197221	1.347426057	9.0049264E-07
9908.715092	1.347425938	9.0222662E-07
9908.232964	1.347425818	9.0394593E-07
9907.750835	1.347425699	9.0563702E-07
9907.268706	1.347425699	9.0727831E-07
9906.786577	1.347425461	9.0885319E-07
9906.304449	1.347425461	9.1034565E-07
9905.822320	1.347425342	9.1175300E-07
9905.340191	1.347425222	9.1307830E-07
9904.858062	1.347425103	9.1433310E-07
9904.375934	1.347424984	9.1552509E-07
9903.893805	1.347424865	9.1666076E-07
9903.411676	1.347424746	9.1774604E-07
9902.929547	1.347424626	9.1879431E-07
9902.447419	1.347424507	9.1982640E-07
9901.965290	1.347424388	9.2086568E-07
9901.483161	1.347424269	9.2193062E-07
9901.001032	1.347424150	9.2302585E-07
9900.518903	1.347424030	9.2414733E-07
9900.036775	1.347423911	9.2528505E-07
9899.554646	1.347423792	9.2643455E-07
9899.072517	1.347423673	9.2759153E-07
9898.590388	1.347423673	9.2875673E-07
9898.108260	1.347423434	9.2992331E-07
9897.626131	1.347423434	9.3108596E-07
9897.144002	1.347423315	9.3223276E-07
9896.661873	1.347423196	9.3335852E-07
9896.179745	1.347423077	9.3445672E-07
9895.697616	1.347422957	9.3553163E-07
9895.215487	1.347422838	9.3658766E-07
9894.733358	1.347422719	9.3763595E-07
9894.251230	1.347422600	9.3868353E-07
9893.769101	1.347422481	9.3974125E-07
9893.286972	1.347422361	9.4081765E-07
9892.804843	1.347422242	9.4192656E-07
9892.322715	1.347422123	9.4307894E-07
9891.840586	1.347422004	9.4428318E-07
9891.358457	1.347421885	9.4553983E-07
9890.876328	1.347421765	9.4684540E-07
9890.394199	1.347421646	9.4819433E-07
9889.912071	1.347421527	9.4957895E-07
9889.429942	1.347421408	9.5098947E-07
9888.947813	1.347421288	9.5240912E-07
9888.465684	1.347421169	9.5382032E-07
9887.983556	1.347421169	9.5520368E-07
9887.501427	1.347421050	9.5655005E-07
9887.019298	1.347420931	9.5785531E-07
9886.537169	1.347420812	9.5912747E-07
9886.055041	1.347420692	9.6037240E-07
9885.572912	1.347420573	9.6160118E-07
9885.090783	1.347420454	9.6281787E-07
9884.608654	1.347420335	9.6403141E-07
9884.126526	1.347420216	9.6524734E-07
9883.644397	1.347420096	9.6647793E-07
9883.162268	1.347419977	9.6772939E-07
9882.680139	1.347419858	9.6900829E-07
9882.198011	1.347419739	9.7031165E-07
9881.715882	1.347419620	9.7163519E-07
9881.233753	1.347419500	9.7296747E-07
9880.751624	1.347419381	9.7429836E-07
9880.269496	1.347419262	9.7561490E-07
9879.787367	1.347419143	9.7690805E-07
9879.305238	1.347419024	9.7817084E-07
9878.823109	1.347418904	9.7939934E-07
9878.340980	1.347418904	9.8059336E-07
9877.858852	1.347418666	9.8175500E-07
9877.376723	1.347418666	9.8289338E-07
9876.894594	1.347418547	9.8402050E-07
9876.412465	1.347418427	9.8515520E-07
9875.930337	1.347418308	9.8631126E-07
9875.448208	1.347418189	9.8750157E-07
9874.966079	1.347418070	9.8872951E-07
9874.483950	1.347417951	9.9000048E-07
9874.001822	1.347417831	9.9131350E-07
9873.519693	1.347417712	9.9267152E-07
9873.037564	1.347417593	9.9406718E-07
9872.555435	1.347417474	9.9549176E-07
9872.073307	1.347417355	9.9692466E-07
9871.591178	1.347417235	9.9834718E-07
9871.109049	1.347417116	9.9973715E-07
9870.626920	1.347416997	1.0010823E-06
9870.144792	1.347416878	1.0023728E-06
9869.662663	1.347416759	1.0036094E-06
9869.180534	1.347416639	1.0047938E-06
9868.698405	1.347416520	1.0059330E-06
9868.216277	1.347416401	1.0070320E-06
9867.734148	1.347416282	1.0080971E-06
9867.252019	1.347416162	1.0091333E-06
9866.769890	1.347416162	1.0101457E-06
9866.287761	1.347415924	1.0111419E-06
9865.805633	1.347415924	1.0121290E-06
9865.323504	1.347415805	1.0131172E-06
9864.841375	1.347415686	1.0141122E-06
9864.359246	1.347415566	1.0151179E-06
9863.877118	1.347415447	1.0161302E-06
9863.394989	1.347415328	1.0171451E-06
9862.912860	1.347415209	1.0181519E-06
9862.430731	1.347415090	1.0191449E-06
9861.948603	1.347414970	1.0201162E-06
9861.466474	1.347414851	1.0210671E-06
9860.984345	1.347414732	1.0219956E-06
9860.502216	1.347414613	1.0229028E-06
9860.020088	1.347414494	1.0237763E-06
9859.537959	1.347414374	1.0246012E-06
9859.055830	1.347414255	1.0253577E-06
9858.573701	1.347414136	1.0260376E-06
9858.091573	1.347414017	1.0266398E-06
9857.609444	1.347413898	1.0271743E-06
9857.127315	1.347413778	1.0276505E-06
9856.645186	1.347413659	1.0280777E-06
9856.163058	1.347413659	1.0284619E-06
9855.680929	1.347413421	1.0288088E-06
9855.198800	1.347413421	1.0291260E-06
9854.716671	1.347413301	1.0294218E-06
9854.234542	1.347413182	1.0297076E-06
9853.752414	1.347413063	1.0299929E-06
9853.270285	1.347412944	1.0302913E-06
9852.788156	1.347412825	1.0306114E-06
9852.306027	1.347412705	1.0309631E-06
9851.823899	1.347412586	1.0313464E-06
9851.341770	1.347412467	1.0317599E-06
9850.859641	1.347412348	1.0321921E-06
9850.377512	1.347412229	1.0326342E-06
9849.895384	1.347412109	1.0330715E-06
9849.413255	1.347411990	1.0334957E-06
9848.931126	1.347411871	1.0338938E-06
9848.448997	1.347411752	1.0342584E-06
9847.966869	1.347411633	1.0345765E-06
9847.484740	1.347411513	1.0348402E-06
9847.002611	1.347411394	1.0350396E-06
9846.520482	1.347411275	1.0351756E-06
9846.038354	1.347411156	1.0352571E-06
9845.556225	1.347411036	1.0353072E-06
9845.074096	1.347410917	1.0353535E-06
9844.591967	1.347410798	1.0354246E-06
9844.109839	1.347410679	1.0355425E-06
9843.627710	1.347410560	1.0357220E-06
9843.145581	1.347410440	1.0359748E-06
9842.663452	1.347410440	1.0363082E-06
9842.181323	1.347410202	1.0367280E-06
9841.699195	1.347410202	1.0372312E-06
9841.217066	1.347409964	1.0378116E-06
9840.734937	1.347409964	1.0384515E-06
9840.252808	1.347409844	1.0391338E-06
9839.770680	1.347409725	1.0398347E-06
9839.288551	1.347409606	1.0405359E-06
9838.806422	1.347409487	1.0412163E-06
9838.324293	1.347409368	1.0418627E-06
9837.842165	1.347409248	1.0424587E-06
9837.360036	1.347409129	1.0429959E-06
9836.877907	1.347409010	1.0434641E-06
9836.395778	1.347408891	1.0438647E-06
9835.913650	1.347408772	1.0441996E-06
9835.431521	1.347408652	1.0444803E-06
9834.949392	1.347408533	1.0447155E-06
9834.467263	1.347408414	1.0449195E-06
9833.985135	1.347408295	1.0451058E-06
9833.503006	1.347408175	1.0452922E-06
9833.020877	1.347408056	1.0454950E-06
9832.538748	1.347407937	1.0457279E-06
9832.056620	1.347407818	1.0459996E-06
9831.574491	1.347407699	1.0463123E-06
9831.092362	1.347407579	1.0466629E-06
9830.610233	1.347407460	1.0470408E-06
9830.128104	1.347407341	1.0474348E-06
9829.645976	1.347407222	1.0478272E-06
9829.163847	1.347407103	1.0482006E-06
9828.681718	1.347406983	1.0485287E-06
9828.199589	1.347406864	1.0487901E-06
9827.717461	1.347406745	1.0489624E-06
9827.235332	1.347406745	1.0490373E-06
9826.753203	1.347406507	1.0490079E-06
9826.271074	1.347406507	1.0488775E-06
9825.788946	1.347406387	1.0486475E-06
9825.306817	1.347406268	1.0483290E-06
9824.824688	1.347406149	1.0479321E-06
9824.342559	1.347406030	1.0474758E-06
9823.860431	1.347405910	1.0469763E-06
9823.378302	1.347405791	1.0464578E-06
9822.896173	1.347405672	1.0459419E-06
9822.414044	1.347405553	1.0454494E-06
9821.931916	1.347405434	1.0449885E-06
9821.449787	1.347405314	1.0445578E-06
9820.967658	1.347405195	1.0441487E-06
9820.485529	1.347405076	1.0437516E-06
9820.003401	1.347404957	1.0433579E-06
9819.521272	1.347404838	1.0429548E-06
9819.039143	1.347404718	1.0425271E-06
9818.557014	1.347404599	1.0420554E-06
9818.074885	1.347404480	1.0415281E-06
9817.592757	1.347404361	1.0409365E-06
9817.110628	1.347404242	1.0402840E-06
9816.628499	1.347404122	1.0395737E-06
9816.146370	1.347404003	1.0388198E-06
9815.664242	1.347403884	1.0380368E-06
9815.182113	1.347403765	1.0372506E-06
9814.699984	1.347403646	1.0364813E-06
9814.217855	1.347403526	1.0357507E-06
9813.735727	1.347403407	1.0350660E-06
9813.253598	1.347403288	1.0344342E-06
9812.771469	1.347403169	1.0338551E-06
9812.289340	1.347403049	1.0333361E-06
9811.807212	1.347402930	1.0328804E-06
9811.325083	1.347402811	1.0324913E-06
9810.842954	1.347402692	1.0321615E-06
9810.360825	1.347402573	1.0318805E-06
9809.878697	1.347402453	1.0316360E-06
9809.396568	1.347402334	1.0314218E-06
9808.914439	1.347402215	1.0312383E-06
9808.432310	1.347402096	1.0310901E-06
9807.950182	1.347401977	1.0309839E-06
9807.468053	1.347401857	1.0309217E-06
9806.985924	1.347401738	1.0309059E-06
9806.503795	1.347401619	1.0309340E-06
9806.021666	1.347401500	1.0310087E-06
9805.539538	1.347401381	1.0311296E-06
9805.057409	1.347401381	1.0313028E-06
9804.575280	1.347401142	1.0315258E-06
9804.093151	1.347401142	1.0317962E-06
9803.611023	1.347400904	1.0320979E-06
9803.128894	1.347400904	1.0324167E-06
9802.646765	1.347400665	1.0327301E-06
9802.164636	1.347400665	1.0330230E-06
9801.682508	1.347400427	1.0332744E-06
9801.200379	1.347400427	1.0334712E-06
9800.718250	1.347400308	1.0336004E-06
9800.236121	1.347400188	1.0336628E-06
9799.753993	1.347400069	1.0336639E-06
9799.271864	1.347399950	1.0336186E-06
9798.789735	1.347399831	1.0335403E-06
9798.307606	1.347399712	1.0334435E-06
9797.825478	1.347399592	1.0333412E-06
9797.343349	1.347399473	1.0332469E-06
9796.861220	1.347399354	1.0331746E-06
9796.379091	1.347399235	1.0331341E-06
9795.896963	1.347399116	1.0331312E-06
9795.414834	1.347398996	1.0331574E-06
9794.932705	1.347398877	1.0331982E-06
9794.450576	1.347398758	1.0332288E-06
9793.968447	1.347398639	1.0332310E-06
9793.486319	1.347398520	1.0331853E-06
9793.004190	1.347398400	1.0330842E-06
9792.522061	1.347398281	1.0329154E-06
9792.039932	1.347398162	1.0326739E-06
9791.557804	1.347398043	1.0323497E-06
9791.075675	1.347397923	1.0319441E-06
9790.593546	1.347397804	1.0314569E-06
9790.111417	1.347397685	1.0308983E-06
9789.629289	1.347397566	1.0302757E-06
9789.147160	1.347397447	1.0296055E-06
9788.665031	1.347397327	1.0289035E-06
9788.182902	1.347397208	1.0281943E-06
9787.700774	1.347397089	1.0274984E-06
9787.218645	1.347396970	1.0268341E-06
9786.736516	1.347396851	1.0262087E-06
9786.254387	1.347396731	1.0256231E-06
9785.772259	1.347396612	1.0250781E-06
9785.290130	1.347396493	1.0245782E-06
9784.808001	1.347396374	1.0241325E-06
9784.325872	1.347396255	1.0237437E-06
9783.843744	1.347396135	1.0234065E-06
9783.361615	1.347396016	1.0231014E-06
9782.879486	1.347395897	1.0228107E-06
9782.397357	1.347395778	1.0225169E-06
9781.915228	1.347395658	1.0222153E-06
9781.433100	1.347395539	1.0218991E-06
9780.950971	1.347395420	1.0215696E-06
9780.468842	1.347395301	1.0212205E-06
9779.986713	1.347395182	1.0208553E-06
9779.504585	1.347395062	1.0204735E-06
9779.022456	1.347394943	1.0200826E-06
9778.540327	1.347394824	1.0196833E-06
9778.058198	1.347394705	1.0192816E-06
9777.576070	1.347394586	1.0188777E-06
9777.093941	1.347394466	1.0184782E-06
9776.611812	1.347394347	1.0180874E-06
9776.129683	1.347394228	1.0177134E-06
9775.647555	1.347394109	1.0173600E-06
9775.165426	1.347393990	1.0170293E-06
9774.683297	1.347393870	1.0167174E-06
9774.201168	1.347393751	1.0164154E-06
9773.719040	1.347393632	1.0161135E-06
9773.236911	1.347393513	1.0158021E-06
9772.754782	1.347393394	1.0154788E-06
9772.272653	1.347393274	1.0151406E-06
9771.790525	1.347393155	1.0147877E-06
9771.308396	1.347393036	1.0144093E-06
9770.826267	1.347392917	1.0139929E-06
9770.344138	1.347392797	1.0135155E-06
9769.862009	1.347392678	1.0129674E-06
9769.379881	1.347392559	1.0123434E-06
9768.897752	1.347392440	1.0116560E-06
9768.415623	1.347392321	1.0109123E-06
9767.933494	1.347392201	1.0101221E-06
9767.451366	1.347392082	1.0092821E-06
9766.969237	1.347391963	1.0083969E-06
9766.487108	1.347391844	1.0074706E-06
9766.004979	1.347391725	1.0065202E-06
9765.522851	1.347391605	1.0055605E-06
9765.040722	1.347391486	1.0046101E-06
9764.558593	1.347391367	1.0036791E-06
9764.076464	1.347391248	1.0027749E-06
9763.594336	1.347391129	1.0018974E-06
9763.112207	1.347391009	1.0010422E-06
9762.630078	1.347390890	1.0002031E-06
9762.147949	1.347390771	9.9937271E-07
9761.665821	1.347390652	9.9854619E-07
9761.183692	1.347390532	9.9771652E-07
9760.701563	1.347390413	9.9688087E-07
9760.219434	1.347390294	9.9603019E-07
9759.737306	1.347390175	9.9516164E-07
9759.255177	1.347390056	9.9426743E-07
9758.773048	1.347389936	9.9334941E-07
9758.290919	1.347389817	9.9240393E-07
9757.808790	1.347389698	9.9143539E-07
9757.326662	1.347389579	9.9044061E-07
9756.844533	1.347389460	9.8942754E-07
9756.362404	1.347389340	9.8840229E-07
9755.880275	1.347389221	9.8738093E-07
9755.398147	1.347389102	9.8636785E-07
9754.916018	1.347388983	9.8536697E-07
9754.433889	1.347388864	9.8437123E-07
9753.951760	1.347388744	9.8338417E-07
9753.469632	1.347388625	9.8241314E-07
9752.987503	1.347388506	9.8147421E-07
9752.505374	1.347388387	9.8057896E-07
9752.023245	1.347388268	9.7973475E-07
9751.541117	1.347388148	9.7894268E-07
9751.058988	1.347388029	9.7820072E-07
9750.576859	1.347387910	9.7750902E-07
9750.094730	1.347387791	9.7686679E-07
9749.612602	1.347387671	9.7627665E-07
9749.130473	1.347387552	9.7573482E-07
9748.648344	1.347387433	9.7523969E-07
9748.166215	1.347387314	9.7478297E-07
9747.684087	1.347387195	9.7436552E-07
9747.201958	1.347387075	9.7398187E-07
9746.719829	1.347386956	9.7363125E-07
9746.237700	1.347386837	9.7329791E-07
9745.755571	1.347386718	9.7296976E-07
9745.273443	1.347386599	9.7262919E-07
9744.791314	1.347386479	9.7227747E-07
9744.309185	1.347386360	9.7191805E-07
9743.827056	1.347386241	9.7156522E-07
9743.344928	1.347386122	9.7122082E-07
9742.862799	1.347386003	9.7088463E-07
9742.380670	1.347385883	9.7054364E-07
9741.898541	1.347385764	9.7018882E-07
9741.416413	1.347385645	9.6981350E-07
9740.934284	1.347385526	9.6942383E-07
9740.452155	1.347385406	9.6903272E-07
9739.970026	1.347385287	9.6865517E-07
9739.487898	1.347385168	9.6829875E-07
9739.005769	1.347385049	9.6795756E-07
9738.523640	1.347384930	9.6762100E-07
9738.041511	1.347384810	9.6727576E-07
9737.559383	1.347384691	9.6691843E-07
9737.077254	1.347384572	9.6654503E-07
9736.595125	1.347384453	9.6616154E-07
9736.112996	1.347384334	9.6576994E-07
9735.630868	1.347384214	9.6538480E-07
9735.148739	1.347384095	9.6501470E-07
9734.666610	1.347383976	9.6467240E-07
9734.184481	1.347383857	9.6435185E-07
9733.702352	1.347383738	9.6404718E-07
9733.220224	1.347383499	9.6374278E-07
9732.738095	1.347383499	9.6343908E-07
9732.255966	1.347383261	9.6313994E-07
9731.773837	1.347383261	9.6286263E-07
9731.291709	1.347383022	9.6261379E-07
9730.809580	1.347383022	9.6239378E-07
9730.327451	1.347382784	9.6218430E-07
9729.845322	1.347382665	9.6196497E-07
9729.363194	1.347382545	9.6171935E-07
9728.881065	1.347382426	9.6144682E-07
9728.398936	1.347382307	9.6115859E-07
9727.916807	1.347382188	9.6086807E-07
9727.434679	1.347382069	9.6058282E-07
9726.952550	1.347381949	9.6029563E-07
9726.470421	1.347381830	9.5999590E-07
9725.988292	1.347381711	9.5966683E-07
9725.506164	1.347381592	9.5930365E-07
9725.024035	1.347381473	9.5890211E-07
9724.541906	1.347381353	9.5846959E-07
9724.059777	1.347381234	9.5800390E-07
9723.577649	1.347381115	9.5751023E-07
9723.095520	1.347380996	9.5698358E-07
9722.613391	1.347380877	9.5642733E-07
9722.131262	1.347380757	9.5583411E-07
9721.649133	1.347380638	9.5520298E-07
9721.167005	1.347380519	9.5452325E-07
9720.684876	1.347380400	9.5379748E-07
9720.202747	1.347380280	9.5303001E-07
9719.720618	1.347380161	9.5224038E-07
9719.238490	1.347380042	9.5144484E-07
9718.756361	1.347379923	9.5066082E-07
9718.274232	1.347379804	9.4989484E-07
9717.792103	1.347379684	9.4915164E-07
9717.309975	1.347379565	9.4843489E-07
9716.827846	1.347379446	9.4775327E-07
9716.345717	1.347379327	9.4712202E-07
9715.863588	1.347379208	9.4655591E-07
9715.381460	1.347379088	9.4606882E-07
9714.899331	1.347378969	9.4566061E-07
9714.417202	1.347378850	9.4532801E-07
9713.935073	1.347378731	9.4505573E-07
9713.452945	1.347378612	9.4483778E-07
9712.970816	1.347378492	9.4466247E-07
9712.488687	1.347378373	9.4452697E-07
9712.006558	1.347378254	9.4441469E-07
9711.524430	1.347378135	9.4431300E-07
9711.042301	1.347378016	9.4419680E-07
9710.560172	1.347377896	9.4405317E-07
9710.078043	1.347377658	9.4386571E-07
9709.595914	1.347377658	9.4363494E-07
9709.113786	1.347377419	9.4335834E-07
9708.631657	1.347377419	9.4304631E-07
9708.149528	1.347377181	9.4270421E-07
9707.667399	1.347377062	9.4234738E-07
9707.185271	1.347376943	9.4198934E-07
9706.703142	1.347376823	9.4164913E-07
9706.221013	1.347376704	9.4133961E-07
9705.738884	1.347376585	9.4106715E-07
9705.256756	1.347376466	9.4082873E-07
9704.774627	1.347376347	9.4061449E-07
9704.292498	1.347376227	9.4041565E-07
9703.810369	1.347376108	9.4022085E-07
9703.328241	1.347375989	9.4002448E-07
9702.846112	1.347375870	9.3981493E-07
9702.363983	1.347375751	9.3958805E-07
9701.881854	1.347375631	9.3933238E-07
9701.399726	1.347375512	9.3904581E-07
9700.917597	1.347375393	9.3871878E-07
9700.435468	1.347375274	9.3835469E-07
9699.953339	1.347375154	9.3795259E-07
9699.471210	1.347375035	9.3752674E-07
9698.989082	1.347374916	9.3708635E-07
9698.506953	1.347374797	9.3665415E-07
9698.024824	1.347374678	9.3624551E-07
9697.542695	1.347374558	9.3588579E-07
9697.060567	1.347374439	9.3558953E-07
9696.578438	1.347374320	9.3537245E-07
9696.096309	1.347374201	9.3523550E-07
9695.614180	1.347374082	9.3517603E-07
9695.132052	1.347373962	9.3518297E-07
9694.649923	1.347373843	9.3524445E-07
9694.167794	1.347373724	9.3534660E-07
9693.685665	1.347373486	9.3547207E-07
9693.203537	1.347373486	9.3560252E-07
9692.721408	1.347373247	9.3571517E-07
9692.239279	1.347373128	9.3579429E-07
9691.757150	1.347373009	9.3582510E-07
9691.275022	1.347372890	9.3580810E-07
9690.792893	1.347372770	9.3574251E-07
9690.310764	1.347372651	9.3564019E-07
9689.828635	1.347372532	9.3550324E-07
9689.346507	1.347372413	9.3534280E-07
9688.864378	1.347372293	9.3515752E-07
9688.382249	1.347372174	9.3495665E-07
9687.900120	1.347372055	9.3473979E-07
9687.417991	1.347371936	9.3452030E-07
9686.935863	1.347371817	9.3430281E-07
9686.453734	1.347371697	9.3410278E-07
9685.971605	1.347371578	9.3392289E-07
9685.489476	1.347371459	9.3376906E-07
9685.007348	1.347371340	9.3363262E-07
9684.525219	1.347371221	9.3350715E-07
9684.043090	1.347371101	9.3337886E-07
9683.560961	1.347370982	9.3323658E-07
9683.078833	1.347370863	9.3306696E-07
9682.596704	1.347370744	9.3285962E-07
9682.114575	1.347370625	9.3260763E-07
9681.632446	1.347370505	9.3230573E-07
9681.150318	1.347370386	9.3195230E-07
9680.668189	1.347370267	9.3153988E-07
9680.186060	1.347370028	9.3106536E-07
9679.703931	1.347370028	9.3052084E-07
9679.221803	1.347369790	9.2991314E-07
9678.739674	1.347369790	9.2924786E-07
9678.257545	1.347369552	9.2854897E-07
9677.775416	1.347369432	9.2783482E-07
9677.293288	1.347369313	9.2713616E-07
9676.811159	1.347369194	9.2646919E-07
9676.329030	1.347369075	9.2585532E-07
9675.846901	1.347368956	9.2529855E-07
9675.364772	1.347368836	9.2481048E-07
9674.882644	1.347368717	9.2439159E-07
9674.400515	1.347368598	9.2405230E-07
9673.918386	1.347368479	9.2379081E-07
9673.436257	1.347368360	9.2360681E-07
9672.954129	1.347368240	9.2348542E-07
9672.472000	1.347368121	9.2341119E-07
9671.989871	1.347368002	9.2336364E-07
9671.507742	1.347367883	9.2332670E-07
9671.025614	1.347367764	9.2328706E-07
9670.543485	1.347367644	9.2323510E-07
9670.061356	1.347367525	9.2316969E-07
9669.579227	1.347367406	9.2309439E-07
9669.097099	1.347367287	9.2302435E-07
9668.614970	1.347367048	9.2296996E-07
9668.132841	1.347367048	9.2294531E-07
9667.650712	1.347366810	9.2294852E-07
9667.168584	1.347366691	9.2298497E-07
9666.686455	1.347366571	9.2305155E-07
9666.204326	1.347366452	9.2316211E-07
9665.722197	1.347366333	9.2332152E-07
9665.240069	1.347366214	9.2354372E-07
9664.757940	1.347366095	9.2382076E-07
9664.275811	1.347365975	9.2414337E-07
9663.793682	1.347365856	9.2448032E-07
9663.311553	1.347365737	9.2480959E-07
9662.829425	1.347365618	9.2510623E-07
9662.347296	1.347365499	9.2536722E-07
9661.865167	1.347365379	9.2559090E-07
9661.383038	1.347365260	9.2578413E-07
9660.900910	1.347365141	9.2594298E-07
9660.418781	1.347365022	9.2606025E-07
9659.936652	1.347364902	9.2612436E-07
9659.454523	1.347364783	9.2612916E-07
9658.972395	1.347364664	9.2607862E-07
9658.490266	1.347364545	9.2598319E-07
9658.008137	1.347364426	9.2586243E-07
9657.526008	1.347364306	9.2572993E-07
9657.043880	1.347364068	9.2560178E-07
9656.561751	1.347364068	9.2547846E-07
9656.079622	1.347363830	9.2536328E-07
9655.597493	1.347363710	9.2524505E-07
9655.115365	1.347363591	9.2512486E-07
9654.633236	1.347363472	9.2499489E-07
9654.151107	1.347363353	9.2486379E-07
9653.668978	1.347363234	9.2472888E-07
9653.186850	1.347363114	9.2459892E-07
9652.704721	1.347362995	9.2446709E-07
9652.222592	1.347362876	9.2433515E-07
9651.740463	1.347362757	9.2418830E-07
9651.258334	1.347362638	9.2401955E-07
9650.776206	1.347362518	9.2381409E-07
9650.294077	1.347362399	9.2357198E-07
9649.811948	1.347362280	9.2329383E-07
9649.329819	1.347362161	9.2299088E-07
9648.847691	1.347362041	9.2267162E-07
9648.365562	1.347361922	9.2234567E-07
9647.883433	1.347361803	9.2202119E-07
9647.401304	1.347361565	9.2170459E-07
9646.919176	1.347361565	9.2140509E-07
9646.437047	1.347361326	9.2112902E-07
9645.954918	1.347361207	9.2089210E-07
9645.472789	1.347361088	9.2070539E-07
9644.990661	1.347360969	9.2058785E-07
9644.508532	1.347360849	9.2053998E-07
9644.026403	1.347360730	9.2056191E-07
9643.544274	1.347360611	9.2063153E-07
9643.062146	1.347360492	9.2073562E-07
9642.580017	1.347360373	9.2084802E-07
9642.097888	1.347360253	9.2095882E-07
9641.615759	1.347360134	9.2104721E-07
9641.133631	1.347360015	9.2110754E-07
9640.651502	1.347359896	9.2112320E-07
9640.169373	1.347359776	9.2109111E-07
9639.687244	1.347359657	9.2099930E-07
9639.205115	1.347359538	9.2084999E-07
9638.722987	1.347359419	9.2064399E-07
9638.240858	1.347359300	9.2039803E-07
9637.758729	1.347359061	9.2013107E-07
9637.276600	1.347358942	9.1986978E-07
9636.794472	1.347358823	9.1963891E-07
9636.312343	1.347358704	9.1946063E-07
9635.830214	1.347358584	9.1935336E-07
9635.348085	1.347358465	9.1932363E-07
9634.865957	1.347358346	9.1937355E-07
9634.383828	1.347358227	9.1949023E-07
9633.901699	1.347358108	9.1966574E-07
9633.419570	1.347357988	9.1988247E-07
9632.937442	1.347357869	9.2013524E-07
9632.455313	1.347357750	9.2040536E-07
9631.973184	1.347357631	9.2068449E-07
9631.491055	1.347357512	9.2094711E-07
9631.008927	1.347357392	9.2118125E-07
9630.526798	1.347357273	9.2136375E-07
9630.044669	1.347357035	9.2149303E-07
9629.562540	1.347357035	9.2156379E-07
9629.080412	1.347356796	9.2159420E-07
9628.598283	1.347356677	9.2159601E-07
9628.116154	1.347356558	9.2159322E-07
9627.634025	1.347356439	9.2159519E-07
9627.151896	1.347356319	9.2161491E-07
9626.669768	1.347356200	9.2165490E-07
9626.187639	1.347356081	9.2172466E-07
9625.705510	1.347355962	9.2183242E-07
9625.223381	1.347355843	9.2198903E-07
9624.741253	1.347355723	9.2220066E-07
9624.259124	1.347355604	9.2246443E-07
9623.776995	1.347355485	9.2277433E-07
9623.294866	1.347355366	9.2311495E-07
9622.812738	1.347355247	9.2347783E-07
9622.330609	1.347355127	9.2384698E-07
9621.848480	1.347355008	9.2421868E-07
9621.366351	1.347354770	9.2457835E-07
9620.884223	1.347354650	9.2492474E-07
9620.402094	1.347354531	9.2524349E-07
9619.919965	1.347354412	9.2553574E-07
9619.437836	1.347354293	9.2579138E-07
9618.955708	1.347354174	9.2601948E-07
9618.473579	1.347354054	9.2621801E-07
9617.991450	1.347353935	9.2639908E-07
9617.509321	1.347353816	9.2655736E-07
9617.027193	1.347353697	9.2669668E-07
9616.545064	1.347353578	9.2680827E-07
9616.062935	1.347353458	9.2689640E-07
9615.580806	1.347353339	9.2695897E-07
9615.098677	1.347353220	9.2700333E-07
9614.616549	1.347353101	9.2703239E-07
9614.134420	1.347352982	9.2705374E-07
9613.652291	1.347352743	9.2707428E-07
9613.170162	1.347352743	9.2710087E-07
9612.688034	1.347352505	9.2714207E-07
9612.205905	1.347352386	9.2720073E-07
9611.723776	1.347352266	9.2728610E-07
9611.241647	1.347352147	9.2739977E-07
9610.759519	1.347352028	9.2755336E-07
9610.277390	1.347351909	9.2774590E-07
9609.795261	1.347351789	9.2798572E-07
9609.313132	1.347351670	9.2826353E-07
9608.831004	1.347351551	9.2858071E-07
9608.348875	1.347351432	9.2892222E-07
9607.866746	1.347351313	9.2928938E-07
9607.384617	1.347351193	9.2967013E-07
9606.902489	1.347351074	9.3006894E-07
9606.420360	1.347350955	9.3047212E-07
9605.938231	1.347350717	9.3087622E-07
9605.456102	1.347350597	9.3126112E-07
9604.973974	1.347350478	9.3161987E-07
9604.491845	1.347350359	9.3193881E-07
9604.009716	1.347350240	9.3221887E-07
9603.527587	1.347350121	9.3245807E-07
9603.045458	1.347350001	9.3266350E-07
9602.563330	1.347349882	9.3284212E-07
9602.081201	1.347349763	9.3300487E-07
9601.599072	1.347349644	9.3316503E-07
9601.116943	1.347349524	9.3333450E-07
9600.634815	1.347349405	9.3352902E-07
9600.152686	1.347349286	9.3375371E-07
9599.670557	1.347349167	9.3401697E-07
9599.188428	1.347348928	9.3431187E-07
9598.706300	1.347348928	9.3464118E-07
9598.224171	1.347348690	9.3499465E-07
9597.742042	1.347348571	9.3537595E-07
9597.259913	1.347348452	9.3576904E-07
9596.777785	1.347348332	9.3616636E-07
9596.295656	1.347348213	9.3653782E-07
9595.813527	1.347348094	9.3686913E-07
9595.331398	1.347347975	9.3713463E-07
9594.849270	1.347347856	9.3733258E-07
9594.367141	1.347347736	9.3745233E-07
9593.885012	1.347347617	9.3750216E-07
9593.402883	1.347347498	9.3748060E-07
9592.920755	1.347347379	9.3740190E-07
9592.438626	1.347347260	9.3727602E-07
9591.956497	1.347347140	9.3712498E-07
9591.474368	1.347346902	9.3696547E-07
9590.992239	1.347346783	9.3681422E-07
9590.510111	1.347346663	9.3668139E-07
9590.027982	1.347346544	9.3657476E-07
9589.545853	1.347346425	9.3650577E-07
9589.063724	1.347346306	9.3648195E-07
9588.581596	1.347346187	9.3651294E-07
9588.099467	1.347346067	9.3659064E-07
9587.617338	1.347345948	9.3670776E-07
9587.135209	1.347345829	9.3683878E-07
9586.653081	1.347345710	9.3697329E-07
9586.170952	1.347345591	9.3709333E-07
9585.688823	1.347345471	9.3720573E-07
9585.206694	1.347345352	9.3730646E-07
9584.724566	1.347345114	9.3740771E-07
9584.242437	1.347344995	9.3749813E-07
9583.760308	1.347344875	9.3757540E-07
9583.278179	1.347344756	9.3761994E-07
9582.796051	1.347344637	9.3763617E-07
9582.313922	1.347344518	9.3762611E-07
9581.831793	1.347344398	9.3761366E-07
9581.349664	1.347344279	9.3761058E-07
9580.867536	1.347344160	9.3763068E-07
9580.385407	1.347344041	9.3767020E-07
9579.903278	1.347343922	9.3772503E-07
9579.421149	1.347343802	9.3778547E-07
9578.939020	1.347343683	9.3784446E-07
9578.456892	1.347343564	9.3789928E-07
9577.974763	1.347343326	9.3794774E-07
9577.492634	1.347343206	9.3799457E-07
9577.010505	1.347343087	9.3803618E-07
9576.528377	1.347342968	9.3807473E-07
9576.046248	1.347342849	9.3809728E-07
9575.564119	1.347342730	9.3810289E-07
9575.081990	1.347342610	9.3807798E-07
9574.599862	1.347342491	9.3802946E-07
9574.117733	1.347342372	9.3795299E-07
9573.635604	1.347342253	9.3786465E-07
9573.153475	1.347342134	9.3776279E-07
9572.671347	1.347342014	9.3766219E-07
9572.189218	1.347341776	9.3755813E-07
9571.707089	1.347341776	9.3746141E-07
9571.224960	1.347341537	9.3736726E-07
9570.742832	1.347341418	9.3728896E-07
9570.260703	1.347341299	9.3722993E-07
9569.778574	1.347341180	9.3720965E-07
9569.296445	1.347341061	9.3723697E-07
9568.814317	1.347340941	9.3732336E-07
9568.332188	1.347340822	9.3746648E-07
9567.850059	1.347340703	9.3766048E-07
9567.367930	1.347340584	9.3789436E-07
9566.885801	1.347340465	9.3815459E-07
9566.403673	1.347340345	9.3842959E-07
9565.921544	1.347340226	9.3870046E-07
9565.439415	1.347339988	9.3895672E-07
9564.957286	1.347339869	9.3918122E-07
9564.475158	1.347339749	9.3937191E-07
9563.993029	1.347339630	9.3951515E-07
9563.510900	1.347339511	9.3961304E-07
9563.028771	1.347339392	9.3965286E-07
9562.546643	1.347339272	9.3964404E-07
9562.064514	1.347339153	9.3958291E-07
9561.582385	1.347339034	9.3948817E-07
9561.100256	1.347338915	9.3936222E-07
9560.618128	1.347338796	9.3922598E-07
9560.135999	1.347338676	9.3908065E-07
9559.653870	1.347338438	9.3894035E-07
9559.171741	1.347338319	9.3879715E-07
9558.689613	1.347338200	9.3865082E-07
9558.207484	1.347338080	9.3848593E-07
9557.725355	1.347337961	9.3829876E-07
9557.243226	1.347337842	9.3808071E-07
9556.761098	1.347337723	9.3783261E-07
9556.278969	1.347337604	9.3755306E-07
9555.796840	1.347337484	9.3723981E-07
9555.314711	1.347337365	9.3688937E-07
9554.832582	1.347337246	9.3649306E-07
9554.350454	1.347337127	9.3605070E-07
9553.868325	1.347336888	9.3556045E-07
9553.386196	1.347336888	9.3503880E-07
9552.904067	1.347336650	9.3449526E-07
9552.421939	1.347336531	9.3395604E-07
9551.939810	1.347336411	9.3342978E-07
9551.457681	1.347336292	9.3293842E-07
9550.975552	1.347336173	9.3248037E-07
9550.493424	1.347336054	9.3206739E-07
9550.011295	1.347335935	9.3168649E-07
9549.529166	1.347335815	9.3134272E-07
9549.047037	1.347335696	9.3102342E-07
9548.564909	1.347335577	9.3073563E-07
9548.082780	1.347335339	9.3046864E-07
9547.600651	1.347335219	9.3022460E-07
9547.118522	1.347335100	9.2998562E-07
9546.636394	1.347334981	9.2974401E-07
9546.154265	1.347334862	9.2948342E-07
9545.672136	1.347334743	9.2920287E-07
9545.190007	1.347334623	9.2890353E-07
9544.707879	1.347334504	9.2859686E-07
9544.225750	1.347334385	9.2829446E-07
9543.743621	1.347334266	9.2800432E-07
9543.261492	1.347334146	9.2773422E-07
9542.779363	1.347334027	9.2748237E-07
9542.297235	1.347333789	9.2725465E-07
9541.815106	1.347333670	9.2704835E-07
9541.332977	1.347333550	9.2687560E-07
9540.850848	1.347333431	9.2673388E-07
9540.368720	1.347333312	9.2663330E-07
9539.886591	1.347333193	9.2655989E-07
9539.404462	1.347333074	9.2651359E-07
9538.922333	1.347332954	9.2647503E-07
9538.440205	1.347332835	9.2644918E-07
9537.958076	1.347332716	9.2642617E-07
9537.475947	1.347332478	9.2641744E-07
9536.993818	1.347332358	9.2641458E-07
9536.511690	1.347332239	9.2642573E-07
9536.029561	1.347332120	9.2644375E-07
9535.547432	1.347332001	9.2647832E-07
9535.065303	1.347331882	9.2652830E-07
9534.583175	1.347331762	9.2660406E-07
9534.101046	1.347331643	9.2670590E-07
9533.618917	1.347331524	9.2683660E-07
9533.136788	1.347331405	9.2699050E-07
9532.654660	1.347331166	9.2715828E-07
9532.172531	1.347331166	9.2732965E-07
9531.690402	1.347330928	9.2749070E-07
9531.208273	1.347330809	9.2763691E-07
9530.726144	1.347330689	9.2775685E-07
9530.244016	1.347330570	9.2785237E-07
9529.761887	1.347330451	9.2791125E-07
9529.279758	1.347330332	9.2793622E-07
9528.797629	1.347330213	9.2791187E-07
9528.315501	1.347330093	9.2784354E-07
9527.833372	1.347329974	9.2772101E-07
9527.351243	1.347329855	9.2755992E-07
9526.869114	1.347329617	9.2735981E-07
9526.386986	1.347329497	9.2714193E-07
9525.904857	1.347329378	9.2690699E-07
9525.422728	1.347329259	9.2667401E-07
9524.940599	1.347329140	9.2644189E-07
9524.458471	1.347329021	9.2622501E-07
9523.976342	1.347328901	9.2602022E-07
9523.494213	1.347328782	9.2583610E-07
9523.012084	1.347328663	9.2566813E-07
9522.529956	1.347328544	9.2551932E-07
9522.047827	1.347328305	9.2538386E-07
9521.565698	1.347328186	9.2525713E-07
9521.083569	1.347328067	9.2513201E-07
9520.601440	1.347327948	9.2499889E-07
9520.119312	1.347327828	9.2485193E-07
9519.637183	1.347327709	9.2467918E-07
9519.155054	1.347327590	9.2448186E-07
9518.672925	1.347327471	9.2425559E-07
9518.190797	1.347327352	9.2401700E-07
9517.708668	1.347327232	9.2377034E-07
9517.226539	1.347326994	9.2353770E-07
9516.744410	1.347326875	9.2331972E-07
9516.262282	1.347326756	9.2313324E-07
9515.780153	1.347326636	9.2297079E-07
9515.298024	1.347326517	9.2284247E-07
9514.815895	1.347326398	9.2273468E-07
9514.333767	1.347326279	9.2265212E-07
9513.851638	1.347326159	9.2257757E-07
9513.369509	1.347326040	9.2250992E-07
9512.887380	1.347325921	9.2242626E-07
9512.405252	1.347325683	9.2231722E-07
9511.923123	1.347325563	9.2216038E-07
9511.440994	1.347325444	9.2194999E-07
9510.958865	1.347325325	9.2167884E-07
9510.476737	1.347325206	9.2135311E-07
9509.994608	1.347325087	9.2098012E-07
9509.512479	1.347324967	9.2057039E-07
9509.030350	1.347324848	9.2013724E-07
9508.548221	1.347324729	9.1968981E-07
9508.066093	1.347324610	9.1924664E-07
9507.583964	1.347324371	9.1881872E-07
9507.101835	1.347324252	9.1842980E-07
9506.619706	1.347324133	9.1808621E-07
9506.137578	1.347324014	9.1780475E-07
9505.655449	1.347323895	9.1757579E-07
9505.173320	1.347323775	9.1740246E-07
9504.691191	1.347323656	9.1726343E-07
9504.209063	1.347323537	9.1715721E-07
9503.726934	1.347323418	9.1706066E-07
9503.244805	1.347323298	9.1697318E-07
9502.762676	1.347323060	9.1687315E-07
9502.280548	1.347322941	9.1676066E-07
9501.798419	1.347322822	9.1661959E-07
9501.316290	1.347322702	9.1645704E-07
9500.834161	1.347322583	9.1627118E-07
9500.352033	1.347322464	9.1608060E-07
9499.869904	1.347322345	9.1589487E-07
9499.387775	1.347322226	9.1573152E-07
9498.905646	1.347321987	9.1559820E-07
9498.423518	1.347321987	9.1550266E-07
9497.941389	1.347321749	9.1544847E-07
9497.459260	1.347321630	9.1543376E-07
9496.977131	1.347321510	9.1545659E-07
9496.495002	1.347321391	9.1550170E-07
9496.012874	1.347321272	9.1555987E-07
9495.530745	1.347321153	9.1560775E-07
9495.048616	1.347321033	9.1563778E-07
9494.566487	1.347320914	9.1562794E-07
9494.084359	1.347320676	9.1557796E-07
9493.602230	1.347320557	9.1547006E-07
9493.120101	1.347320437	9.1530972E-07
9492.637972	1.347320318	9.1508284E-07
9492.155844	1.347320199	9.1480247E-07
9491.673715	1.347320080	9.1446646E-07
9491.191586	1.347319961	9.1410074E-07
9490.709457	1.347319841	9.1371236E-07
9490.227329	1.347319722	9.1332403E-07
9489.745200	1.347319603	9.1293387E-07
9489.263071	1.347319365	9.1255055E-07
9488.780942	1.347319245	9.1216725E-07
9488.298814	1.347319126	9.1179020E-07
9487.816685	1.347319007	9.1141718E-07
9487.334556	1.347318888	9.1105104E-07
9486.852427	1.347318769	9.1068505E-07
9486.370299	1.347318649	9.1030609E-07
9485.888170	1.347318530	9.0989974E-07
9485.406041	1.347318292	9.0945034E-07
9484.923912	1.347318172	9.0895943E-07
9484.441783	1.347318053	9.0842525E-07
9483.959655	1.347317934	9.0786091E-07
9483.477526	1.347317815	9.0726025E-07
9482.995397	1.347317696	9.0663122E-07
9482.513268	1.347317576	9.0596343E-07
9482.031140	1.347317457	9.0527181E-07
9481.549011	1.347317338	9.0455397E-07
9481.066882	1.347317219	9.0383167E-07
9480.584753	1.347316980	9.0310139E-07
9480.102625	1.347316861	9.0237691E-07
9479.620496	1.347316742	9.0164419E-07
9479.138367	1.347316623	9.0090860E-07
9478.656238	1.347316504	9.0015855E-07
9478.174110	1.347316384	8.9940609E-07
9477.691981	1.347316265	8.9864951E-07
9477.209852	1.347316146	8.9789989E-07
9476.727723	1.347315907	8.9715145E-07
9476.245595	1.347315788	8.9640702E-07
9475.763466	1.347315669	8.9566538E-07
9475.281337	1.347315550	8.9493409E-07
9474.799208	1.347315431	8.9422228E-07
9474.317080	1.347315311	8.9353515E-07
9473.834951	1.347315192	8.9287878E-07
9473.352822	1.347315073	8.9224585E-07
9472.870693	1.347314835	8.9163858E-07
9472.388564	1.347314715	8.9104756E-07
9471.906436	1.347314596	8.9048267E-07
9471.424307	1.347314477	8.8993832E-07
9470.942178	1.347314358	8.8942807E-07
9470.460049	1.347314239	8.8894293E-07
9469.977921	1.347314119	8.8849496E-07
9469.495792	1.347314000	8.8807328E-07
9469.013663	1.347313881	8.8768957E-07
9468.531534	1.347313762	8.8732872E-07
9468.049406	1.347313523	8.8699409E-07
9467.567277	1.347313404	8.8666571E-07
9467.085148	1.347313285	8.8634689E-07
9466.603019	1.347313166	8.8602684E-07
9466.120891	1.347313046	8.8571488E-07
9465.638762	1.347312927	8.8540522E-07
9465.156633	1.347312808	8.8510079E-07
9464.674504	1.347312689	8.8479088E-07
9464.192376	1.347312450	8.8447061E-07
9463.710247	1.347312331	8.8413558E-07
9463.228118	1.347312212	8.8378908E-07
9462.745989	1.347312093	8.8344276E-07
9462.263861	1.347311974	8.8310208E-07
9461.781732	1.347311854	8.8277349E-07
9461.299603	1.347311735	8.8244260E-07
9460.817474	1.347311616	8.8210306E-07
9460.335345	1.347311378	8.8173432E-07
9459.853217	1.347311258	8.8134085E-07
9459.371088	1.347311139	8.8091380E-07
9458.888959	1.347311020	8.8046755E-07
9458.406830	1.347310901	8.7999008E-07
9457.924702	1.347310781	8.7948752E-07
9457.442573	1.347310662	8.7893837E-07
9456.960444	1.347310543	8.7834517E-07
9456.478315	1.347310305	8.7769196E-07
9455.996187	1.347310185	8.7699055E-07
9455.514058	1.347310066	8.7623772E-07
9455.031929	1.347309947	8.7545303E-07
9454.549800	1.347309828	8.7464178E-07
9454.067672	1.347309709	8.7382477E-07
9453.585543	1.347309589	8.7300862E-07
9453.103414	1.347309470	8.7220533E-07
9452.621285	1.347309232	8.7141598E-07
9452.139157	1.347309113	8.7064372E-07
9451.657028	1.347308993	8.6989344E-07
9451.174899	1.347308874	8.6916912E-07
9450.692770	1.347308755	8.6847827E-07
9450.210642	1.347308636	8.6781314E-07
9449.728513	1.347308517	8.6717058E-07
9449.246384	1.347308397	8.6653031E-07
9448.764255	1.347308159	8.6589049E-07
9448.282126	1.347308040	8.6523607E-07
9447.799998	1.347307920	8.6457958E-07
9447.317869	1.347307801	8.6391777E-07
9446.835740	1.347307682	8.6327343E-07
9446.353611	1.347307563	8.6264448E-07
9445.871483	1.347307324	8.6205026E-07
9445.389354	1.347307205	8.6148510E-07
9444.907225	1.347307086	8.6096812E-07
9444.425096	1.347306967	8.6049875E-07
9443.942968	1.347306848	8.6009573E-07
9443.460839	1.347306728	8.5975186E-07
9442.978710	1.347306609	8.5946894E-07
9442.496581	1.347306490	8.5922835E-07
9442.014453	1.347306252	8.5902326E-07
9441.532324	1.347306132	8.5883806E-07
9441.050195	1.347306013	8.5866433E-07
9440.568066	1.347305894	8.5848868E-07
9440.085938	1.347305775	8.5829814E-07
9439.603809	1.347305655	8.5808569E-07
9439.121680	1.347305536	8.5784453E-07
9438.639551	1.347305417	8.5758342E-07
9438.157423	1.347305179	8.5730282E-07
9437.675294	1.347305059	8.5701710E-07
9437.193165	1.347304940	8.5672247E-07
9436.711036	1.347304821	8.5643458E-07
9436.228907	1.347304702	8.5615195E-07
9435.746779	1.347304583	8.5589686E-07
9435.264650	1.347304344	8.5566621E-07
9434.782521	1.347304225	8.5547416E-07
9434.300392	1.347304106	8.5530306E-07
9433.818264	1.347303987	8.5515322E-07
9433.336135	1.347303867	8.5499860E-07
9432.854006	1.347303748	8.5483679E-07
9432.371877	1.347303629	8.5464877E-07
9431.889749	1.347303510	8.5444046E-07
9431.407620	1.347303271	8.5420311E-07
9430.925491	1.347303152	8.5393986E-07
9430.443362	1.347303033	8.5363730E-07
9429.961234	1.347302914	8.5329208E-07
9429.479105	1.347302794	8.5290249E-07
9428.996976	1.347302675	8.5248082E-07
9428.514847	1.347302556	8.5204557E-07
9428.032719	1.347302437	8.5161051E-07
9427.550590	1.347302198	8.5118765E-07
9427.068461	1.347302079	8.5077212E-07
9426.586332	1.347301960	8.5036709E-07
9426.104204	1.347301841	8.4996005E-07
9425.622075	1.347301722	8.4955680E-07
9425.139946	1.347301602	8.4914401E-07
9424.657817	1.347301364	8.4872859E-07
9424.175688	1.347301245	8.4829340E-07
9423.693560	1.347301126	8.4784313E-07
9423.211431	1.347301006	8.4735844E-07
9422.729302	1.347300887	8.4684712E-07
9422.247173	1.347300768	8.4629687E-07
9421.765045	1.347300649	8.4572292E-07
9421.282916	1.347300529	8.4512012E-07
9420.800787	1.347300291	8.4450623E-07
9420.318658	1.347300172	8.4387984E-07
9419.836530	1.347300053	8.4325862E-07
9419.354401	1.347299933	8.4264627E-07
9418.872272	1.347299814	8.4205747E-07
9418.390143	1.347299695	8.4149321E-07
9417.908015	1.347299457	8.4095478E-07
9417.425886	1.347299337	8.4043492E-07
9416.943757	1.347299218	8.3992694E-07
9416.461628	1.347299099	8.3943129E-07
9415.979500	1.347298980	8.3894731E-07
9415.497371	1.347298861	8.3848436E-07
9415.015242	1.347298741	8.3803675E-07
9414.533113	1.347298622	8.3760815E-07
9414.050985	1.347298384	8.3718326E-07
9413.568856	1.347298265	8.3677036E-07
9413.086727	1.347298145	8.3636431E-07
9412.604598	1.347298026	8.3598980E-07
9412.122469	1.347297907	8.3565064E-07
9411.640341	1.347297788	8.3536846E-07
9411.158212	1.347297549	8.3513023E-07
9410.676083	1.347297430	8.3493794E-07
9410.193954	1.347297311	8.3476697E-07
9409.711826	1.347297192	8.3461751E-07
9409.229697	1.347297072	8.3447278E-07
9408.747568	1.347296953	8.3433661E-07
9408.265439	1.347296715	8.3419228E-07
9407.783311	1.347296596	8.3403461E-07
9407.301182	1.347296476	8.3384540E-07
9406.819053	1.347296357	8.3361823E-07
9406.336924	1.347296238	8.3334637E-07
9405.854796	1.347296119	8.3303119E-07
9405.372667	1.347296000	8.3267862E-07
9404.890538	1.347295880	8.3229520E-07
9404.408409	1.347295642	8.3189649E-07
9403.926281	1.347295523	8.3148872E-07
9403.444152	1.347295403	8.3108979E-07
9402.962023	1.347295284	8.3070231E-07
9402.479894	1.347295165	8.3034412E-07
9401.997766	1.347295046	8.3001030E-07
9401.515637	1.347294807	8.2971271E-07
9401.033508	1.347294688	8.2943717E-07
9400.551379	1.347294569	8.2919332E-07
9400.069250	1.347294450	8.2896773E-07
9399.587122	1.347294331	8.2877044E-07
9399.104993	1.347294211	8.2858209E-07
9398.622864	1.347293973	8.2840195E-07
9398.140735	1.347293854	8.2820541E-07
9397.658607	1.347293735	8.2799326E-07
9397.176478	1.347293615	8.2775319E-07
9396.694349	1.347293496	8.2749419E-07
9396.212220	1.347293377	8.2721233E-07
9395.730092	1.347293258	8.2691655E-07
9395.247963	1.347293139	8.2660608E-07
9394.765834	1.347292900	8.2628601E-07
9394.283705	1.347292781	8.2595891E-07
9393.801577	1.347292662	8.2562883E-07
9393.319448	1.347292542	8.2530585E-07
9392.837319	1.347292423	8.2499512E-07
9392.355190	1.347292304	8.2470929E-07
9391.873062	1.347292066	8.2444424E-07
9391.390933	1.347291946	8.2420560E-07
9390.908804	1.347291827	8.2397809E-07
9390.426675	1.347291708	8.2376395E-07
9389.944547	1.347291589	8.2354563E-07
9389.462418	1.347291470	8.2333128E-07
9388.980289	1.347291231	8.2310764E-07
9388.498160	1.347291112	8.2288634E-07
9388.016031	1.347290993	8.2265248E-07
9387.533903	1.347290874	8.2241346E-07
9387.051774	1.347290754	8.2215407E-07
9386.569645	1.347290635	8.2188425E-07
9386.087516	1.347290397	8.2159703E-07
9385.605388	1.347290277	8.2130770E-07
9385.123259	1.347290158	8.2101799E-07
9384.641130	1.347290039	8.2074503E-07
9384.159001	1.347289920	8.2049275E-07
9383.676873	1.347289801	8.2027137E-07
9383.194744	1.347289562	8.2008228E-07
9382.712615	1.347289443	8.1992883E-07
9382.230486	1.347289324	8.1981504E-07
9381.748358	1.347289205	8.1974055E-07
9381.266229	1.347289085	8.1971006E-07
9380.784100	1.347288966	8.1971612E-07
9380.301971	1.347288728	8.1976119E-07
9379.819843	1.347288609	8.1982964E-07
9379.337714	1.347288489	8.1991807E-07
9378.855585	1.347288370	8.1999897E-07
9378.373456	1.347288251	8.2006500E-07
9377.891328	1.347288132	8.2009066E-07
9377.409199	1.347288013	8.2008110E-07
9376.927070	1.347287774	8.2002251E-07
9376.444941	1.347287655	8.1992782E-07
9375.962812	1.347287536	8.1978466E-07
9375.480684	1.347287416	8.1960132E-07
9374.998555	1.347287297	8.1936375E-07
9374.516426	1.347287178	8.1908103E-07
9374.034297	1.347287059	8.1875062E-07
9373.552169	1.347286820	8.1839416E-07
9373.070040	1.347286701	8.1802251E-07
9372.587911	1.347286582	8.1765467E-07
9372.105782	1.347286463	8.1729243E-07
9371.623654	1.347286344	8.1693598E-07
9371.141525	1.347286224	8.1657916E-07
9370.659396	1.347285986	8.1621521E-07
9370.177267	1.347285867	8.1584118E-07
9369.695139	1.347285748	8.1544629E-07
9369.213010	1.347285628	8.1502898E-07
9368.730881	1.347285509	8.1457526E-07
9368.248752	1.347285390	8.1408652E-07
9367.766624	1.347285151	8.1354761E-07
9367.284495	1.347285032	8.1296428E-07
9366.802366	1.347284913	8.1232467E-07
9366.320237	1.347284794	8.1164468E-07
9365.838109	1.347284675	8.1092137E-07
9365.355980	1.347284555	8.1017877E-07
9364.873851	1.347284317	8.0941982E-07
9364.391722	1.347284198	8.0867409E-07
9363.909593	1.347284079	8.0795037E-07
9363.427465	1.347283959	8.0727670E-07
9362.945336	1.347283840	8.0665507E-07
9362.463207	1.347283721	8.0609814E-07
9361.981078	1.347283483	8.0559798E-07
9361.498950	1.347283363	8.0516011E-07
9361.016821	1.347283244	8.0477982E-07
9360.534692	1.347283125	8.0446199E-07
9360.052563	1.347283006	8.0420320E-07
9359.570435	1.347282887	8.0399709E-07
9359.088306	1.347282648	8.0383217E-07
9358.606177	1.347282529	8.0369030E-07
9358.124048	1.347282410	8.0356190E-07
9357.641920	1.347282290	8.0343234E-07
9357.159791	1.347282171	8.0330650E-07
9356.677662	1.347281933	8.0317972E-07
9356.195533	1.347281814	8.0306803E-07
9355.713405	1.347281694	8.0296927E-07
9355.231276	1.347281575	8.0290105E-07
9354.749147	1.347281456	8.0285774E-07
9354.267018	1.347281218	8.0285615E-07
9353.784890	1.347281098	8.0288962E-07
9353.302761	1.347280979	8.0297407E-07
9352.820632	1.347280860	8.0309879E-07
9352.338503	1.347280741	8.0327052E-07
9351.856374	1.347280622	8.0346978E-07
9351.374246	1.347280383	8.0369486E-07
9350.892117	1.347280264	8.0392592E-07
9350.409988	1.347280145	8.0415923E-07
9349.927859	1.347280025	8.0437694E-07
9349.445731	1.347279906	8.0457164E-07
9348.963602	1.347279787	8.0472921E-07
9348.481473	1.347279549	8.0484557E-07
9347.999344	1.347279429	8.0492094E-07
9347.517216	1.347279310	8.0495983E-07
9347.035087	1.347279191	8.0497142E-07
9346.552958	1.347279072	8.0495496E-07
9346.070829	1.347278953	8.0491629E-07
9345.588701	1.347278714	8.0484785E-07
9345.106572	1.347278595	8.0475981E-07
9344.624443	1.347278476	8.0464949E-07
9344.142314	1.347278357	8.0453644E-07
9343.660186	1.347278237	8.0441838E-07
9343.178057	1.347278118	8.0430912E-07
9342.695928	1.347277880	8.0419276E-07
9342.213799	1.347277761	8.0407194E-07
9341.731671	1.347277641	8.0392665E-07
9341.249542	1.347277522	8.0376439E-07
9340.767413	1.347277403	8.0357407E-07
9340.285284	1.347277284	8.0336477E-07
9339.803155	1.347277045	8.0312232E-07
9339.321027	1.347276926	8.0284730E-07
9338.838898	1.347276807	8.0252603E-07
9338.356769	1.347276688	8.0216243E-07
9337.874640	1.347276568	8.0175565E-07
9337.392512	1.347276330	8.0131687E-07
9336.910383	1.347276211	8.0085429E-07
9336.428254	1.347276092	8.0037716E-07
9335.946125	1.347275972	7.9989329E-07
9335.463997	1.347275853	7.9940512E-07
9334.981868	1.347275615	7.9892190E-07
9334.499739	1.347275496	7.9844342E-07
9334.017610	1.347275376	7.9798070E-07
9333.535482	1.347275257	7.9752700E-07
9333.053353	1.347275138	7.9708901E-07
9332.571224	1.347275019	7.9665248E-07
9332.089095	1.347274780	7.9622340E-07
9331.606967	1.347274661	7.9578656E-07
9331.124838	1.347274542	7.9534831E-07
9330.642709	1.347274423	7.9489151E-07
9330.160580	1.347274303	7.9442118E-07
9329.678451	1.347274184	7.9392245E-07
9329.196323	1.347273946	7.9340630E-07
9328.714194	1.347273827	7.9286902E-07
9328.232065	1.347273707	7.9232977E-07
9327.749936	1.347273588	7.9179140E-07
9327.267808	1.347273469	7.9126926E-07
9326.785679	1.347273231	7.9076319E-07
9326.303550	1.347273111	7.9028244E-07
9325.821421	1.347272992	7.8983126E-07
9325.339293	1.347272873	7.8942125E-07
9324.857164	1.347272754	7.8906312E-07
9324.375035	1.347272515	7.8876212E-07
9323.892906	1.347272396	7.8852147E-07
9323.410778	1.347272277	7.8833187E-07
9322.928649	1.347272158	7.8819069E-07
9322.446520	1.347272038	7.8808285E-07
9321.964391	1.347271919	7.8800890E-07
9321.482263	1.347271681	7.8795390E-07
9321.000134	1.347271562	7.8792227E-07
9320.518005	1.347271442	7.8789830E-07
9320.035876	1.347271323	7.8788747E-07
9319.553748	1.347271204	7.8787387E-07
9319.071619	1.347270966	7.8786650E-07
9318.589490	1.347270846	7.8785509E-07
9318.107361	1.347270727	7.8785214E-07
9317.625232	1.347270608	7.8784983E-07
9317.143104	1.347270489	7.8785856E-07
9316.660975	1.347270250	7.8787064E-07
9316.178846	1.347270131	7.8789507E-07
9315.696717	1.347270012	7.8792612E-07
9315.214589	1.347269893	7.8796817E-07
9314.732460	1.347269773	7.8801264E-07
9314.250331	1.347269654	7.8805633E-07
9313.768202	1.347269416	7.8809268E-07
9313.286074	1.347269297	7.8811893E-07
9312.803945	1.347269177	7.8813620E-07
9312.321816	1.347269058	7.8814141E-07
9311.839687	1.347268820	7.8813708E-07
9311.357559	1.347268701	7.8811249E-07
9310.875430	1.347268581	7.8806675E-07
9310.393301	1.347268462	7.8798564E-07
9309.911172	1.347268343	7.8787485E-07
9309.429044	1.347268224	7.8772599E-07
9308.946915	1.347267985	7.8755084E-07
9308.464786	1.347267866	7.8733709E-07
9307.982657	1.347267747	7.8708798E-07
9307.500529	1.347267628	7.8678375E-07
9307.018400	1.347267509	7.8642859E-07
9306.536271	1.347267389	7.8601226E-07
9306.054142	1.347267151	7.8554941E-07
9305.572013	1.347267032	7.8503874E-07
9305.089885	1.347266912	7.8449489E-07
9304.607756	1.347266793	7.8391424E-07
9304.125627	1.347266555	7.8330419E-07
9303.643498	1.347266436	7.8265974E-07
9303.161370	1.347266316	7.8198614E-07
9302.679241	1.347266197	7.8128569E-07
9302.197112	1.347266078	7.8056784E-07
9301.714983	1.347265959	7.7984457E-07
9301.232855	1.347265720	7.7912561E-07
9300.750726	1.347265601	7.7842288E-07
9300.268597	1.347265482	7.7773639E-07
9299.786468	1.347265363	7.7707334E-07
9299.304340	1.347265124	7.7642813E-07
9298.822211	1.347265005	7.7581216E-07
9298.340082	1.347264886	7.7522382E-07
9297.857953	1.347264767	7.7468127E-07
9297.375825	1.347264647	7.7418303E-07
9296.893696	1.347264528	7.7374378E-07
9296.411567	1.347264290	7.7335146E-07
9295.929438	1.347264171	7.7300849E-07
9295.447310	1.347264051	7.7269391E-07
9294.965181	1.347263932	7.7240882E-07
9294.483052	1.347263694	7.7214063E-07
9294.000923	1.347263575	7.7190013E-07
9293.518794	1.347263455	7.7168120E-07
9293.036666	1.347263336	7.7148936E-07
9292.554537	1.347263217	7.7131252E-07
9292.072408	1.347263098	7.7114730E-07
9291.590279	1.347262859	7.7098322E-07
9291.108151	1.347262740	7.7081996E-07
9290.626022	1.347262621	7.7065912E-07
9290.143893	1.347262502	7.7050561E-07
9289.661764	1.347262263	7.7036778E-07
9289.179636	1.347262144	7.7024792E-07
9288.697507	1.347262025	7.7015166E-07
9288.215378	1.347261906	7.7007096E-07
9287.733249	1.347261786	7.7000636E-07
9287.251121	1.347261667	7.6994404E-07
9286.768992	1.347261429	7.6988729E-07
9286.286863	1.347261310	7.6982501E-07
9285.804734	1.347261190	7.6976535E-07
9285.322606	1.347261071	7.6969649E-07
9284.840477	1.347260833	7.6962322E-07
9284.358348	1.347260714	7.6952810E-07
9283.876219	1.347260594	7.6941302E-07
9283.394091	1.347260475	7.6926466E-07
9282.911962	1.347260356	7.6909373E-07
9282.429833	1.347260237	7.6890007E-07
9281.947704	1.347259998	7.6870278E-07
9281.465575	1.347259879	7.6850682E-07
9280.983447	1.347259760	7.6832651E-07
9280.501318	1.347259641	7.6816417E-07
9280.019189	1.347259402	7.6802827E-07
9279.537060	1.347259283	7.6792357E-07
9279.054932	1.347259164	7.6785728E-07
9278.572803	1.347259045	7.6783508E-07
9278.090674	1.347258925	7.6785484E-07
9277.608545	1.347258687	7.6791311E-07
9277.126417	1.347258568	7.6799311E-07
9276.644288	1.347258449	7.6808560E-07
9276.162159	1.347258329	7.6817036E-07
9275.680030	1.347258210	7.6824286E-07
9275.197902	1.347257972	7.6828569E-07
9274.715773	1.347257853	7.6830077E-07
9274.233644	1.347257733	7.6827366E-07
9273.751515	1.347257614	7.6820970E-07
9273.269387	1.347257376	7.6809664E-07
9272.787258	1.347257257	7.6794363E-07
9272.305129	1.347257137	7.6774417E-07
9271.823000	1.347257018	7.6751313E-07
9271.340872	1.347256899	7.6724958E-07
9270.858743	1.347256780	7.6696830E-07
9270.376614	1.347256541	7.6666815E-07
9269.894485	1.347256422	7.6635936E-07
9269.412356	1.347256303	7.6603993E-07
9268.930228	1.347256184	7.6571560E-07
9268.448099	1.347255945	7.6538454E-07
9267.965970	1.347255826	7.6504954E-07
9267.483841	1.347255707	7.6471118E-07
9267.001713	1.347255588	7.6436877E-07
9266.519584	1.347255468	7.6402322E-07
9266.037455	1.347255230	7.6366952E-07
9265.555326	1.347255111	7.6331070E-07
9265.073198	1.347254992	7.6294121E-07
9264.591069	1.347254872	7.6256843E-07
9264.108940	1.347254753	7.6218659E-07
9263.626811	1.347254515	7.6180423E-07
9263.144683	1.347254395	7.6141317E-07
9262.662554	1.347254276	7.6102209E-07
9262.180425	1.347254157	7.6062422E-07
9261.698296	1.347253919	7.6023298E-07
9261.216168	1.347253799	7.5984548E-07
9260.734039	1.347253680	7.5947566E-07
9260.251910	1.347253561	7.5911791E-07
9259.769781	1.347253442	7.5878012E-07
9259.287653	1.347253203	7.5845401E-07
9258.805524	1.347253084	7.5814507E-07
9258.323395	1.347252965	7.5784711E-07
9257.841266	1.347252846	7.5756277E-07
9257.359137	1.347252727	7.5728454E-07
9256.877009	1.347252488	7.5700827E-07
9256.394880	1.347252369	7.5672575E-07
9255.912751	1.347252250	7.5643048E-07
9255.430622	1.347252131	7.5611817E-07
9254.948494	1.347251892	7.5578137E-07
9254.466365	1.347251773	7.5541853E-07
9253.984236	1.347251654	7.5502144E-07
9253.502107	1.347251534	7.5459434E-07
9253.019979	1.347251415	7.5413266E-07
9252.537850	1.347251177	7.5364781E-07
9252.055721	1.347251058	7.5313934E-07
9251.573592	1.347250938	7.5262319E-07
9251.091464	1.347250819	7.5209668E-07
9250.609335	1.347250700	7.5157074E-07
9250.127206	1.347250462	7.5103765E-07
9249.645077	1.347250342	7.5050801E-07
9249.162949	1.347250223	7.4997817E-07
9248.680820	1.347250104	7.4946116E-07
9248.198691	1.347249866	7.4895229E-07
9247.716562	1.347249746	7.4845646E-07
9247.234434	1.347249627	7.4796366E-07
9246.752305	1.347249508	7.4747445E-07
9246.270176	1.347249269	7.4698235E-07
9245.788047	1.347249150	7.4649023E-07
9245.305918	1.347249031	7.4599681E-07
9244.823790	1.347248912	7.4550312E-07
9244.341661	1.347248793	7.4500859E-07
9243.859532	1.347248554	7.4451123E-07
9243.377403	1.347248435	7.4401491E-07
9242.895275	1.347248316	7.4352086E-07
9242.413146	1.347248197	7.4303965E-07
9241.931017	1.347248077	7.4257043E-07
9241.448888	1.347247839	7.4212098E-07
9240.966760	1.347247720	7.4168532E-07
9240.484631	1.347247601	7.4127190E-07
9240.002502	1.347247481	7.4087608E-07
9239.520373	1.347247243	7.4050934E-07
9239.038245	1.347247124	7.4016644E-07
9238.556116	1.347247005	7.3985511E-07
9238.073987	1.347246885	7.3956360E-07
9237.591858	1.347246647	7.3929256E-07
9237.109730	1.347246528	7.3902809E-07
9236.627601	1.347246408	7.3877180E-07
9236.145472	1.347246289	7.3851486E-07
9235.663343	1.347246051	7.3825971E-07
9235.181215	1.347245932	7.3799815E-07
9234.699086	1.347245812	7.3772878E-07
9234.216957	1.347245693	7.3744486E-07
9233.734828	1.347245574	7.3714521E-07
9233.252699	1.347245336	7.3682713E-07
9232.770571	1.347245216	7.3648762E-07
9232.288442	1.347245097	7.3612604E-07
9231.806313	1.347244978	7.3573771E-07
9231.324184	1.347244859	7.3532575E-07
9230.842056	1.347244620	7.3488671E-07
9230.359927	1.347244501	7.3442769E-07
9229.877798	1.347244382	7.3394394E-07
9229.395669	1.347244263	7.3344136E-07
9228.913541	1.347244024	7.3291183E-07
9228.431412	1.347243905	7.3236130E-07
9227.949283	1.347243786	7.3178306E-07
9227.467154	1.347243667	7.3118676E-07
9226.985026	1.347243428	7.3056740E-07
9226.502897	1.347243309	7.2993399E-07
9226.020768	1.347243190	7.2927886E-07
9225.538639	1.347243071	7.2860692E-07
9225.056511	1.347242832	7.2791025E-07
9224.574382	1.347242713	7.2719288E-07
9224.092253	1.347242594	7.2644934E-07
9223.610124	1.347242475	7.2568278E-07
9223.127996	1.347242355	7.2489121E-07
9222.645867	1.347242117	7.2408026E-07
9222.163738	1.347241998	7.2325637E-07
9221.681609	1.347241879	7.2242987E-07
9221.199480	1.347241759	7.2161171E-07
9220.717352	1.347241521	7.2080746E-07
9220.235223	1.347241402	7.2002354E-07
9219.753094	1.347241282	7.1925841E-07
9219.270965	1.347241163	7.1851967E-07
9218.788837	1.347241044	7.1780830E-07
9218.306708	1.347240806	7.1713795E-07
9217.824579	1.347240686	7.1650877E-07
9217.342450	1.347240567	7.1592759E-07
9216.860322	1.347240448	7.1538146E-07
9216.378193	1.347240210	7.1486718E-07
9215.896064	1.347240090	7.1436807E-07
9215.413935	1.347239971	7.1388468E-07
9214.931807	1.347239852	7.1340803E-07
9214.449678	1.347239614	7.1294466E-07
9213.967549	1.347239494	7.1248935E-07
9213.485420	1.347239375	7.1204678E-07
9213.003292	1.347239256	7.1160958E-07
9212.521163	1.347239017	7.1117808E-07
9212.039034	1.347238898	7.1074638E-07
9211.556905	1.347238779	7.1031483E-07
9211.074777	1.347238660	7.0988193E-07
9210.592648	1.347238421	7.0944922E-07
9210.110519	1.347238302	7.0901878E-07
9209.628390	1.347238183	7.0859055E-07
9209.146261	1.347238064	7.0816573E-07
9208.664133	1.347237825	7.0773613E-07
9208.182004	1.347237706	7.0729631E-07
9207.699875	1.347237587	7.0683270E-07
9207.217746	1.347237468	7.0634490E-07
9206.735618	1.347237229	7.0582768E-07
9206.253489	1.347237110	7.0529135E-07
9205.771360	1.347236991	7.0473354E-07
9205.289231	1.347236872	7.0415999E-07
9204.807103	1.347236633	7.0355754E-07
9204.324974	1.347236514	7.0292267E-07
9203.842845	1.347236395	7.0224098E-07
9203.360716	1.347236276	7.0151792E-07
9202.878588	1.347236037	7.0075418E-07
9202.396459	1.347235918	6.9996375E-07
9201.914330	1.347235799	6.9914782E-07
9201.432201	1.347235680	6.9831042E-07
9200.950073	1.347235441	6.9744477E-07
9200.467944	1.347235322	6.9655101E-07
9199.985815	1.347235203	6.9563069E-07
9199.503686	1.347235084	6.9469415E-07
9199.021558	1.347234964	6.9375620E-07
9198.539429	1.347234726	6.9283202E-07
9198.057300	1.347234607	6.9193550E-07
9197.575171	1.347234488	6.9107069E-07
9197.093042	1.347234368	6.9024210E-07
9196.610914	1.347234130	6.8944612E-07
9196.128785	1.347234011	6.8868866E-07
9195.646656	1.347233891	6.8796705E-07
9195.164527	1.347233772	6.8728777E-07
9194.682399	1.347233534	6.8664336E-07
9194.200270	1.347233415	6.8603482E-07
9193.718141	1.347233295	6.8544791E-07
9193.236012	1.347233176	6.8487885E-07
9192.753884	1.347232938	6.8431131E-07
9192.271755	1.347232819	6.8374254E-07
9191.789626	1.347232699	6.8316306E-07
9191.307497	1.347232580	6.8257803E-07
9190.825369	1.347232342	6.8198515E-07
9190.343240	1.347232223	6.8139151E-07
9189.861111	1.347232103	6.8079789E-07
9189.378982	1.347231865	6.8021126E-07
9188.896854	1.347231746	6.7963367E-07
9188.414725	1.347231627	6.7906877E-07
9187.932596	1.347231507	6.7851779E-07
9187.450467	1.347231269	6.7798173E-07
9186.968339	1.347231150	6.7746292E-07
9186.486210	1.347231030	6.7695863E-07
9186.004081	1.347230911	6.7646748E-07
9185.521952	1.347230673	6.7597943E-07
9185.039823	1.347230554	6.7548917E-07
9184.557695	1.347230434	6.7498143E-07
9184.075566	1.347230315	6.7445029E-07
9183.593437	1.347230077	6.7388189E-07
9183.111308	1.347229958	6.7327711E-07
9182.629180	1.347229838	6.7262974E-07
9182.147051	1.347229719	6.7194652E-07
9181.664922	1.347229481	6.7122316E-07
9181.182793	1.347229362	6.7046674E-07
9180.700665	1.347229242	6.6967776E-07
9180.218536	1.347229123	6.6887053E-07
9179.736407	1.347228885	6.6805286E-07
9179.254278	1.347228765	6.6724001E-07
9178.772150	1.347228646	6.6643946E-07
9178.290021	1.347228527	6.6566266E-07
9177.807892	1.347228289	6.6491454E-07
9177.325763	1.347228169	6.6420098E-07
9176.843635	1.347228050	6.6352548E-07
9176.361506	1.347227931	6.6289058E-07
9175.879377	1.347227693	6.6229842E-07
9175.397248	1.347227573	6.6174441E-07
9174.915120	1.347227454	6.6122501E-07
9174.432991	1.347227335	6.6073131E-07
9173.950862	1.347227097	6.6026554E-07
9173.468733	1.347226977	6.5982728E-07
9172.986604	1.347226858	6.5942676E-07
9172.504476	1.347226739	6.5906306E-07
9172.022347	1.347226501	6.5874147E-07
9171.540218	1.347226381	6.5845384E-07
9171.058089	1.347226262	6.5820143E-07
9170.575961	1.347226143	6.5797686E-07
9170.093832	1.347225904	6.5778609E-07
9169.611703	1.347225785	6.5762704E-07
9169.129574	1.347225666	6.5750454E-07
9168.647446	1.347225428	6.5740878E-07
9168.165317	1.347225308	6.5733064E-07
9167.683188	1.347225189	6.5725162E-07
9167.201059	1.347225070	6.5716052E-07
9166.718931	1.347224832	6.5704606E-07
9166.236802	1.347224712	6.5690291E-07
9165.754673	1.347224593	6.5672608E-07
9165.272544	1.347224355	6.5651114E-07
9164.790416	1.347224236	6.5625576E-07
9164.308287	1.347224116	6.5595665E-07
9163.826158	1.347223997	6.5561674E-07
9163.344029	1.347223759	6.5523731E-07
9162.861901	1.347223639	6.5483012E-07
9162.379772	1.347223520	6.5440273E-07
9161.897643	1.347223401	6.5397145E-07
9161.415514	1.347223163	6.5354341E-07
9160.933385	1.347223043	6.5313405E-07
9160.451257	1.347222924	6.5274661E-07
9159.969128	1.347222805	6.5239006E-07
9159.486999	1.347222567	6.5205888E-07
9159.004870	1.347222447	6.5175296E-07
9158.522742	1.347222328	6.5146082E-07
9158.040613	1.347222209	6.5117885E-07
9157.558484	1.347221971	6.5089539E-07
9157.076355	1.347221851	6.5060529E-07
9156.594227	1.347221732	6.5029704E-07
9156.112098	1.347221613	6.4996461E-07
9155.629969	1.347221375	6.4959998E-07
9155.147840	1.347221255	6.4920098E-07
9154.665712	1.347221136	6.4876908E-07
9154.183583	1.347220898	6.4831117E-07
9153.701454	1.347220778	6.4784003E-07
9153.219325	1.347220659	6.4736708E-07
9152.737197	1.347220540	6.4690646E-07
9152.255068	1.347220302	6.4646506E-07
9151.772939	1.347220182	6.4605318E-07
9151.290810	1.347220063	6.4567188E-07
9150.808682	1.347219825	6.4532702E-07
9150.326553	1.347219706	6.4501346E-07
9149.844424	1.347219586	6.4473276E-07
9149.362295	1.347219467	6.4447583E-07
9148.880166	1.347219229	6.4424062E-07
9148.398038	1.347219110	6.4401240E-07
9147.915909	1.347218990	6.4378247E-07
9147.433780	1.347218871	6.4353212E-07
9146.951651	1.347218633	6.4325231E-07
9146.469523	1.347218513	6.4293151E-07
9145.987394	1.347218394	6.4257007E-07
9145.505265	1.347218275	6.4216737E-07
9145.023136	1.347218037	6.4172957E-07
9144.541008	1.347217917	6.4125894E-07
9144.058879	1.347217798	6.4075746E-07
9143.576750	1.347217560	6.4022546E-07
9143.094621	1.347217441	6.3966550E-07
9142.612493	1.347217321	6.3908623E-07
9142.130364	1.347217083	6.3849753E-07
9141.648235	1.347216964	6.3791343E-07
9141.166106	1.347216845	6.3733935E-07
9140.683978	1.347216725	6.3678146E-07
9140.201849	1.347216487	6.3623551E-07
9139.719720	1.347216368	6.3570320E-07
9139.237591	1.347216249	6.3517800E-07
9138.755462	1.347216129	6.3466226E-07
9138.273334	1.347215891	6.3415036E-07
9137.791205	1.347215772	6.3364661E-07
9137.309076	1.347215652	6.3314571E-07
9136.826947	1.347215533	6.3264851E-07
9136.344819	1.347215295	6.3214631E-07
9135.862690	1.347215176	6.3163790E-07
9135.380561	1.347215056	6.3111641E-07
9134.898432	1.347214818	6.3058264E-07
9134.416304	1.347214699	6.3003428E-07
9133.934175	1.347214580	6.2947479E-07
9133.452046	1.347214341	6.2890666E-07
9132.969917	1.347214222	6.2833396E-07
9132.487789	1.347214103	6.2775670E-07
9132.005660	1.347213984	6.2716932E-07
9131.523531	1.347213745	6.2656592E-07
9131.041402	1.347213626	6.2593848E-07
9130.559274	1.347213507	6.2528764E-07
9130.077145	1.347213387	6.2461387E-07
9129.595016	1.347213149	6.2392661E-07
9129.112887	1.347213030	6.2322761E-07
9128.630759	1.347212911	6.2252400E-07
9128.148630	1.347212672	6.2181140E-07
9127.666501	1.347212553	6.2109394E-07
9127.184372	1.347212434	6.2036959E-07
9126.702243	1.347212195	6.1964957E-07
9126.220115	1.347212076	6.1893794E-07
9125.737986	1.347211957	6.1824712E-07
9125.255857	1.347211838	6.1757941E-07
9124.773728	1.347211599	6.1694110E-07
9124.291600	1.347211480	6.1632848E-07
9123.809471	1.347211361	6.1574144E-07
9123.327342	1.347211242	6.1517469E-07
9122.845213	1.347211003	6.1462834E-07
9122.363085	1.347210884	6.1410013E-07
9121.880956	1.347210765	6.1358919E-07
9121.398827	1.347210526	6.1309250E-07
9120.916698	1.347210407	6.1260530E-07
9120.434570	1.347210288	6.1212499E-07
9119.952441	1.347210050	6.1164552E-07
9119.470312	1.347209930	6.1116548E-07
9118.988183	1.347209811	6.1067891E-07
9118.506055	1.347209692	6.1019051E-07
9118.023926	1.347209454	6.0970260E-07
9117.541797	1.347209334	6.0922726E-07
9117.059668	1.347209215	6.0876829E-07
9116.577540	1.347209096	6.0833725E-07
9116.095411	1.347208858	6.0793692E-07
9115.613282	1.347208738	6.0757913E-07
9115.131153	1.347208500	6.0726582E-07
9114.649024	1.347208381	6.0700412E-07
9114.166896	1.347208261	6.0678883E-07
9113.684767	1.347208142	6.0661873E-07
9113.202638	1.347207904	6.0648303E-07
9112.720509	1.347207785	6.0637411E-07
9112.238381	1.347207665	6.0627936E-07
9111.756252	1.347207546	6.0618956E-07
9111.274123	1.347207308	6.0609322E-07
9110.791994	1.347207189	6.0597947E-07
9110.309866	1.347207069	6.0583782E-07
9109.827737	1.347206831	6.0565829E-07
9109.345608	1.347206712	6.0543921E-07
9108.863479	1.347206593	6.0518153E-07
9108.381351	1.347206354	6.0489647E-07
9107.899222	1.347206235	6.0459073E-07
9107.417093	1.347206116	6.0427807E-07
9106.934964	1.347205997	6.0396303E-07
9106.452836	1.347205758	6.0365919E-07
9105.970707	1.347205639	6.0337246E-07
9105.488578	1.347205520	6.0311937E-07
9105.006449	1.347205281	6.0290561E-07
9104.524321	1.347205162	6.0274285E-07
9104.042192	1.347205043	6.0262784E-07
9103.560063	1.347204804	6.0256079E-07
9103.077934	1.347204685	6.0252902E-07
9102.595805	1.347204566	6.0252548E-07
9102.113677	1.347204447	6.0253407E-07
9101.631548	1.347204208	6.0254337E-07
9101.149419	1.347204089	6.0253679E-07
9100.667290	1.347203970	6.0250303E-07
9100.185162	1.347203732	6.0243242E-07
9099.703033	1.347203612	6.0231960E-07
9099.220904	1.347203493	6.0216292E-07
9098.738775	1.347203255	6.0196141E-07
9098.256647	1.347203135	6.0171936E-07
9097.774518	1.347203016	6.0143839E-07
9097.292389	1.347202897	6.0112770E-07
9096.810260	1.347202659	6.0079283E-07
9096.328132	1.347202539	6.0044838E-07
9095.846003	1.347202420	6.0009965E-07
9095.363874	1.347202182	5.9975805E-07
9094.881745	1.347202063	5.9941907E-07
9094.399617	1.347201943	5.9908463E-07
9093.917488	1.347201705	5.9874459E-07
9093.435359	1.347201586	5.9840064E-07
9092.953230	1.347201467	5.9804551E-07
9092.471102	1.347201347	5.9768115E-07
9091.988973	1.347201109	5.9729921E-07
9091.506844	1.347200990	5.9689920E-07
9091.024715	1.347200751	5.9647436E-07
9090.542586	1.347200632	5.9602589E-07
9090.060458	1.347200513	5.9555148E-07
9089.578329	1.347200394	5.9505597E-07
9089.096200	1.347200155	5.9454383E-07
9088.614071	1.347200036	5.9402324E-07
9088.131943	1.347199917	5.9350368E-07
9087.649814	1.347199678	5.9299239E-07
9087.167685	1.347199559	5.9249941E-07
9086.685556	1.347199440	5.9203018E-07
9086.203428	1.347199202	5.9159448E-07
9085.721299	1.347199082	5.9119286E-07
9085.239170	1.347198963	5.9083141E-07
9084.757041	1.347198844	5.9050543E-07
9084.274913	1.347198606	5.9021831E-07
9083.792784	1.347198486	5.8996207E-07
9083.310655	1.347198367	5.8973787E-07
9082.828526	1.347198129	5.8953455E-07
9082.346398	1.347198009	5.8935266E-07
9081.864269	1.347197890	5.8918257E-07
9081.382140	1.347197652	5.8902502E-07
9080.900011	1.347197533	5.8887227E-07
9080.417883	1.347197413	5.8872674E-07
9079.935754	1.347197175	5.8858605E-07
9079.453625	1.347197056	5.8845828E-07
9078.971496	1.347196937	5.8834855E-07
9078.489367	1.347196698	5.8826653E-07
9078.007239	1.347196579	5.8821704E-07
9077.525110	1.347196460	5.8820340E-07
9077.042981	1.347196341	5.8822611E-07
9076.560852	1.347196102	5.8828298E-07
9076.078724	1.347195983	5.8837581E-07
9075.596595	1.347195745	5.8850238E-07
9075.114466	1.347195625	5.8866701E-07
9074.632337	1.347195506	5.8886371E-07
9074.150209	1.347195387	5.8909168E-07
9073.668080	1.347195148	5.8933774E-07
9073.185951	1.347195029	5.8959808E-07
9072.703822	1.347194910	5.8985844E-07
9072.221694	1.347194672	5.9011989E-07
9071.739565	1.347194552	5.9037531E-07
9071.257436	1.347194433	5.9063175E-07
9070.775307	1.347194195	5.9088500E-07
9070.293179	1.347194076	5.9114156E-07
9069.811050	1.347193956	5.9139589E-07
9069.328921	1.347193718	5.9165239E-07
9068.846792	1.347193599	5.9190764E-07
9068.364664	1.347193480	5.9216727E-07
9067.882535	1.347193241	5.9243153E-07
9067.400406	1.347193122	5.9270612E-07
9066.918277	1.347193003	5.9299098E-07
9066.436148	1.347192883	5.9328449E-07
9065.954020	1.347192645	5.9358039E-07
9065.471891	1.347192526	5.9386757E-07
9064.989762	1.347192287	5.9413741E-07
9064.507633	1.347192168	5.9437752E-07
9064.025505	1.347192049	5.9458347E-07
9063.543376	1.347191930	5.9474386E-07
9063.061247	1.347191691	5.9485718E-07
9062.579118	1.347191572	5.9491258E-07
9062.096990	1.347191453	5.9491248E-07
9061.614861	1.347191215	5.9485032E-07
9061.132732	1.347191095	5.9473482E-07
9060.650603	1.347190976	5.9456414E-07
9060.168475	1.347190738	5.9435185E-07
9059.686346	1.347190619	5.9409995E-07
9059.204217	1.347190499	5.9382387E-07
9058.722088	1.347190261	5.9352672E-07
9058.239960	1.347190142	5.9322196E-07
9057.757831	1.347190022	5.9291251E-07
9057.275702	1.347189784	5.9261000E-07
9056.793573	1.347189665	5.9231765E-07
9056.311445	1.347189546	5.9204413E-07
9055.829316	1.347189426	5.9179273E-07
9055.347187	1.347189188	5.9156830E-07
9054.865058	1.347189069	5.9137240E-07
9054.382929	1.347188830	5.9120377E-07
9053.900801	1.347188711	5.9106243E-07
9053.418672	1.347188592	5.9094333E-07
9052.936543	1.347188473	5.9084915E-07
9052.454414	1.347188234	5.9077618E-07
9051.972286	1.347188115	5.9073027E-07
9051.490157	1.347187877	5.9070525E-07
9051.008028	1.347187757	5.9070468E-07
9050.525899	1.347187638	5.9071996E-07
9050.043771	1.347187519	5.9075830E-07
9049.561642	1.347187281	5.9081710E-07
9049.079513	1.347187161	5.9091049E-07
9048.597384	1.347186923	5.9103807E-07
9048.115256	1.347186804	5.9120988E-07
9047.633127	1.347186685	5.9141839E-07
9047.150998	1.347186565	5.9166612E-07
9046.668869	1.347186327	5.9194322E-07
9046.186741	1.347186208	5.9225087E-07
9045.704612	1.347185969	5.9258270E-07
9045.222483	1.347185850	5.9293906E-07
9044.740354	1.347185731	5.9331270E-07
9044.258226	1.347185612	5.9369821E-07
9043.776097	1.347185373	5.9408791E-07
9043.293968	1.347185254	5.9447623E-07
9042.811839	1.347185016	5.9486270E-07
9042.329710	1.347184896	5.9524443E-07
9041.847582	1.347184777	5.9562355E-07
9041.365453	1.347184658	5.9597948E-07
9040.883324	1.347184420	5.9631364E-07
9040.401195	1.347184300	5.9661679E-07
9039.919067	1.347184062	5.9689358E-07
9039.436938	1.347183943	5.9713755E-07
9038.954809	1.347183824	5.9735679E-07
9038.472680	1.347183704	5.9754418E-07
9037.990552	1.347183466	5.9770562E-07
9037.508423	1.347183347	5.9783036E-07
9037.026294	1.347183228	5.9792359E-07
9036.544165	1.347182989	5.9796838E-07
9036.062037	1.347182870	5.9797372E-07
9035.579908	1.347182751	5.9793589E-07
9035.097779	1.347182512	5.9786290E-07
9034.615650	1.347182393	5.9775191E-07
9034.133522	1.347182274	5.9760927E-07
9033.651393	1.347182035	5.9743385E-07
9033.169264	1.347181916	5.9722897E-07
9032.687135	1.347181797	5.9699530E-07
9032.205007	1.347181559	5.9673517E-07
9031.722878	1.347181439	5.9645266E-07
9031.240749	1.347181320	5.9614983E-07
9030.758620	1.347181082	5.9583350E-07
9030.276491	1.347180963	5.9550199E-07
9029.794363	1.347180843	5.9515960E-07
9029.312234	1.347180605	5.9479782E-07
9028.830105	1.347180486	5.9441818E-07
9028.347976	1.347180367	5.9401014E-07
9027.865848	1.347180128	5.9358073E-07
9027.383719	1.347180009	5.9313851E-07
9026.901590	1.347179890	5.9269543E-07
9026.419461	1.347179651	5.9224621E-07
9025.937333	1.347179532	5.9179912E-07
9025.455204	1.347179294	5.9134583E-07
9024.973075	1.347179174	5.9089439E-07
9024.490946	1.347179055	5.9044033E-07
9024.008818	1.347178936	5.8999369E-07
9023.526689	1.347178698	5.8955219E-07
9023.044560	1.347178578	5.8912058E-07
9022.562431	1.347178340	5.8870161E-07
9022.080303	1.347178221	5.8829132E-07
9021.598174	1.347178102	5.8787956E-07
9021.116045	1.347177982	5.8745835E-07
9020.633916	1.347177744	5.8702121E-07
9020.151788	1.347177625	5.8656127E-07
9019.669659	1.347177386	5.8607777E-07
9019.187530	1.347177267	5.8556614E-07
9018.705401	1.347177148	5.8503190E-07
9018.223272	1.347176909	5.8447136E-07
9017.741144	1.347176790	5.8389300E-07
9017.259015	1.347176671	5.8329156E-07
9016.776886	1.347176433	5.8267776E-07
9016.294757	1.347176313	5.8204854E-07
9015.812629	1.347176194	5.8141884E-07
9015.330500	1.347175956	5.8078639E-07
9014.848371	1.347175837	5.8016393E-07
9014.366242	1.347175717	5.7954339E-07
9013.884114	1.347175479	5.7893035E-07
9013.401985	1.347175360	5.7831356E-07
9012.919856	1.347175241	5.7769726E-07
9012.437727	1.347175002	5.7707379E-07
9011.955599	1.347174883	5.7644911E-07
9011.473470	1.347174764	5.7581917E-07
9010.991341	1.347174525	5.7518735E-07
9010.509212	1.347174406	5.7455075E-07
9010.027084	1.347174168	5.7391192E-07
9009.544955	1.347174048	5.7327452E-07
9009.062826	1.347173929	5.7264388E-07
9008.580697	1.347173691	5.7202827E-07
9008.098569	1.347173572	5.7143062E-07
9007.616440	1.347173452	5.7086202E-07
9007.134311	1.347173214	5.7032470E-07
9006.652182	1.347173095	5.6983215E-07
9006.170053	1.347172976	5.6938140E-07
9005.687925	1.347172737	5.6897965E-07
9005.205796	1.347172618	5.6861306E-07
9004.723667	1.347172499	5.6828218E-07
9004.241538	1.347172260	5.6796940E-07
9003.759410	1.347172141	5.6767656E-07
9003.277281	1.347171903	5.6738936E-07
9002.795152	1.347171783	5.6711187E-07
9002.313023	1.347171664	5.6682871E-07
9001.830895	1.347171426	5.6653843E-07
9001.348766	1.347171307	5.6622311E-07
9000.866637	1.347171187	5.6588350E-07
9000.384508	1.347170949	5.6551463E-07
8999.902380	1.347170830	5.6512708E-07
8999.420251	1.347170711	5.6472445E-07
8998.938122	1.347170472	5.6431486E-07
8998.455993	1.347170353	5.6390044E-07
8997.973865	1.347170234	5.6348298E-07
8997.491736	1.347169995	5.6306558E-07
8997.009607	1.347169876	5.6264781E-07
8996.527478	1.347169638	5.6223500E-07
8996.045350	1.347169518	5.6182465E-07
8995.563221	1.347169399	5.6142340E-07
8995.081092	1.347169161	5.6102359E-07
8994.598963	1.347169042	5.6062997E-07
8994.116834	1.347168922	5.6023045E-07
8993.634706	1.347168684	5.5982924E-07
8993.152577	1.347168565	5.5941118E-07
8992.670448	1.347168326	5.5897865E-07
8992.188319	1.347168207	5.5851620E-07
8991.706191	1.347168088	5.5803113E-07
8991.224062	1.347167969	5.5751678E-07
8990.741933	1.347167730	5.5698669E-07
8990.259804	1.347167611	5.5643777E-07
8989.777676	1.347167373	5.5588106E-07
8989.295547	1.347167253	5.5531314E-07
8988.813418	1.347167134	5.5474406E-07
8988.331289	1.347166896	5.5417593E-07
8987.849161	1.347166777	5.5362075E-07
8987.367032	1.347166657	5.5308589E-07
8986.884903	1.347166419	5.5257953E-07
8986.402774	1.347166300	5.5210562E-07
8985.920646	1.347166061	5.5166162E-07
8985.438517	1.347165942	5.5124705E-07
8984.956388	1.347165823	5.5085458E-07
8984.474259	1.347165585	5.5048796E-07
8983.992131	1.347165465	5.5013942E-07
8983.510002	1.347165346	5.4981286E-07
8983.027873	1.347165108	5.4949523E-07
8982.545744	1.347164989	5.4919069E-07
8982.063615	1.347164750	5.4888549E-07
8981.581487	1.347164631	5.4858673E-07
8981.099358	1.347164512	5.4828209E-07
8980.617229	1.347164273	5.4797933E-07
8980.135100	1.347164154	5.4766599E-07
8979.652972	1.347164035	5.4734839E-07
8979.170843	1.347163796	5.4701425E-07
8978.688714	1.347163677	5.4666930E-07
8978.206585	1.347163439	5.4630626E-07
8977.724457	1.347163320	5.4593459E-07
8977.242328	1.347163200	5.4555275E-07
8976.760199	1.347162962	5.4516944E-07
8976.278070	1.347162843	5.4478492E-07
8975.795942	1.347162724	5.4440484E-07
8975.313813	1.347162485	5.4403178E-07
8974.831684	1.347162366	5.4366751E-07
8974.349555	1.347162127	5.4331606E-07
8973.867427	1.347162008	5.4297558E-07
8973.385298	1.347161889	5.4265181E-07
8972.903169	1.347161651	5.4233801E-07
8972.421040	1.347161531	5.4203808E-07
8971.938912	1.347161412	5.4173915E-07
8971.456783	1.347161174	5.4144373E-07
8970.974654	1.347161055	5.4113674E-07
8970.492525	1.347160816	5.4082335E-07
8970.010396	1.347160697	5.4049140E-07
8969.528268	1.347160578	5.4015242E-07
8969.046139	1.347160339	5.3979945E-07
8968.564010	1.347160220	5.3944593E-07
8968.081881	1.347160101	5.3908374E-07
8967.599753	1.347159863	5.3872167E-07
8967.117624	1.347159743	5.3835094E-07
8966.635495	1.347159505	5.3797947E-07
8966.153366	1.347159386	5.3760229E-07
8965.671238	1.347159266	5.3722724E-07
8965.189109	1.347159028	5.3685351E-07
8964.706980	1.347158909	5.3648663E-07
8964.224851	1.347158790	5.3612459E-07
8963.742723	1.347158551	5.3576378E-07
8963.260594	1.347158432	5.3539905E-07
8962.778465	1.347158194	5.3502138E-07
8962.296336	1.347158074	5.3463161E-07
8961.814208	1.347157836	5.3422449E-07
8961.332079	1.347157717	5.3380890E-07
8960.849950	1.347157598	5.3337944E-07
8960.367821	1.347157359	5.3294530E-07
8959.885693	1.347157240	5.3249541E-07
8959.403564	1.347157121	5.3203770E-07
8958.921435	1.347156882	5.3156108E-07
8958.439306	1.347156763	5.3107861E-07
8957.957177	1.347156525	5.3058561E-07
8957.475049	1.347156405	5.3010154E-07
8956.992920	1.347156286	5.2962366E-07
8956.510791	1.347156048	5.2916683E-07
8956.028662	1.347155929	5.2872238E-07
8955.546534	1.347155809	5.2829695E-07
8955.064405	1.347155571	5.2788072E-07
8954.582276	1.347155452	5.2748029E-07
8954.100147	1.347155213	5.2709106E-07
8953.618019	1.347155094	5.2671873E-07
8953.135890	1.347154856	5.2636197E-07
8952.653761	1.347154737	5.2602366E-07
8952.171632	1.347154617	5.2570442E-07
8951.689504	1.347154379	5.2540200E-07
8951.207375	1.347154260	5.2511741E-07
8950.725246	1.347154140	5.2484578E-07
8950.243117	1.347153902	5.2459524E-07
8949.760989	1.347153783	5.2436436E-07
8949.278860	1.347153544	5.2416763E-07
8948.796731	1.347153425	5.2400124E-07
8948.314602	1.347153187	5.2387603E-07
8947.832473	1.347153068	5.2377915E-07
8947.350345	1.347152948	5.2371625E-07
8946.868216	1.347152710	5.2367045E-07
8946.386087	1.347152591	5.2364877E-07
8945.903958	1.347152472	5.2363984E-07
8945.421830	1.347152233	5.2365507E-07
8944.939701	1.347152114	5.2368351E-07
8944.457572	1.347151875	5.2372935E-07
8943.975443	1.347151756	5.2377471E-07
8943.493315	1.347151518	5.2381720E-07
8943.011186	1.347151399	5.2384359E-07
8942.529057	1.347151279	5.2385743E-07
8942.046928	1.347151041	5.2385752E-07
8941.564800	1.347150922	5.2385083E-07
8941.082671	1.347150803	5.2383959E-07
8940.600542	1.347150564	5.2382391E-07
8940.118413	1.347150445	5.2380500E-07
8939.636285	1.347150207	5.2377866E-07
8939.154156	1.347150087	5.2375147E-07
8938.672027	1.347149849	5.2372236E-07
8938.189898	1.347149730	5.2370656E-07
8937.707770	1.347149611	5.2370329E-07
8937.225641	1.347149372	5.2372723E-07
8936.743512	1.347149253	5.2377038E-07
8936.261383	1.347149134	5.2384320E-07
8935.779254	1.347148895	5.2393283E-07
8935.297126	1.347148776	5.2404841E-07
8934.814997	1.347148538	5.2417701E-07
8934.332868	1.347148418	5.2432934E-07
8933.850739	1.347148180	5.2449485E-07
8933.368611	1.347148061	5.2468417E-07
8932.886482	1.347147942	5.2488592E-07
8932.404353	1.347147703	5.2510358E-07
8931.922224	1.347147584	5.2532255E-07
8931.440096	1.347147346	5.2554243E-07
8930.957967	1.347147226	5.2575414E-07
8930.475838	1.347147107	5.2596164E-07
8929.993709	1.347146869	5.2616743E-07
8929.511581	1.347146749	5.2637823E-07
8929.029452	1.347146511	5.2659955E-07
8928.547323	1.347146392	5.2683083E-07
8928.065194	1.347146153	5.2707555E-07
8927.583066	1.347146034	5.2732895E-07
8927.100937	1.347145915	5.2760183E-07
8926.618808	1.347145677	5.2789358E-07
8926.136679	1.347145557	5.2822254E-07
8925.654551	1.347145319	5.2858754E-07
8925.172422	1.347145200	5.2900458E-07
8924.690293	1.347145081	5.2946400E-07
8924.208164	1.347144842	5.2997584E-07
8923.726035	1.347144723	5.3052663E-07
8923.243907	1.347144485	5.3112669E-07
8922.761778	1.347144365	5.3176510E-07
8922.279649	1.347144127	5.3245286E-07
8921.797520	1.347144008	5.3317753E-07
8921.315392	1.347143888	5.3394449E-07
8920.833263	1.347143650	5.3473872E-07
8920.351134	1.347143531	5.3555965E-07
8919.869005	1.347143292	5.3639262E-07
8919.386877	1.347143173	5.3723488E-07
8918.904748	1.347143054	5.3807963E-07
8918.422619	1.347142816	5.3892947E-07
8917.940490	1.347142696	5.3978744E-07
8917.458362	1.347142458	5.4065494E-07
8916.976233	1.347142339	5.4153597E-07
8916.494104	1.347142100	5.4242581E-07
8916.011975	1.347141981	5.4332878E-07
8915.529847	1.347141862	5.4423739E-07
8915.047718	1.347141623	5.4516063E-07
8914.565589	1.347141504	5.4609032E-07
8914.083460	1.347141266	5.4703769E-07
8913.601332	1.347141147	5.4799057E-07
8913.119203	1.347141027	5.4895418E-07
8912.637074	1.347140789	5.4990722E-07
8912.154945	1.347140670	5.5085135E-07
8911.672816	1.347140431	5.5176774E-07
8911.190688	1.347140312	5.5266448E-07
8910.708559	1.347140074	5.5352995E-07
8910.226430	1.347139955	5.5437419E-07
8909.744301	1.347139716	5.5518712E-07
8909.262173	1.347139597	5.5597684E-07
8908.780044	1.347139478	5.5673552E-07
8908.297915	1.347139239	5.5746877E-07
8907.815786	1.347139120	5.5817430E-07
8907.333658	1.347138882	5.5886032E-07
8906.851529	1.347138762	5.5953470E-07
8906.369400	1.347138643	5.6020828E-07
8905.887271	1.347138405	5.6089273E-07
8905.405143	1.347138286	5.6159191E-07
8904.923014	1.347138047	5.6231443E-07
8904.440885	1.347137928	5.6305622E-07
8903.958756	1.347137690	5.6382561E-07
8903.476628	1.347137570	5.6461602E-07
8902.994499	1.347137332	5.6544014E-07
8902.512370	1.347137213	5.6629061E-07
8902.030241	1.347137094	5.6717986E-07
8901.548113	1.347136855	5.6809367E-07
8901.065984	1.347136736	5.6903726E-07
8900.583855	1.347136497	5.6998996E-07
8900.101726	1.347136378	5.7095485E-07
8899.619597	1.347136259	5.7191447E-07
8899.137469	1.347136021	5.7287780E-07
8898.655340	1.347135901	5.7383559E-07
8898.173211	1.347135663	5.7479814E-07
8897.691082	1.347135544	5.7575609E-07
8897.208954	1.347135305	5.7671137E-07
8896.726825	1.347135186	5.7765027E-07
8896.244696	1.347134948	5.7856847E-07
8895.762567	1.347134829	5.7945729E-07
8895.280439	1.347134709	5.8031523E-07
8894.798310	1.347134471	5.8114384E-07
8894.316181	1.347134352	5.8194477E-07
8893.834052	1.347134113	5.8272477E-07
8893.351924	1.347133994	5.8347956E-07
8892.869795	1.347133875	5.8421295E-07
8892.387666	1.347133636	5.8491375E-07
8891.905537	1.347133517	5.8558906E-07
8891.423409	1.347133279	5.8623039E-07
8890.941280	1.347133160	5.8685286E-07
8890.459151	1.347132921	5.8745109E-07
8889.977022	1.347132802	5.8804238E-07
8889.494894	1.347132564	5.8861831E-07
8889.012765	1.347132444	5.8919199E-07
8888.530636	1.347132206	5.8975138E-07
8888.048507	1.347132087	5.9030727E-07
8887.566378	1.347131968	5.9085059E-07
8887.084250	1.347131729	5.9139585E-07
8886.602121	1.347131610	5.9194102E-07
8886.119992	1.347131371	5.9250227E-07
8885.637863	1.347131252	5.9308074E-07
8885.155735	1.347131014	5.9368760E-07
8884.673606	1.347130895	5.9432183E-07
8884.191477	1.347130775	5.9498452E-07
8883.709348	1.347130537	5.9567126E-07
8883.227220	1.347130418	5.9637890E-07
8882.745091	1.347130179	5.9711213E-07
8882.262962	1.347130060	5.9787307E-07
8881.780833	1.347129822	5.9867530E-07
8881.298705	1.347129703	5.9951854E-07
8880.816576	1.347129464	6.0041312E-07
8880.334447	1.347129345	6.0134812E-07
8879.852318	1.347129107	6.0233013E-07
8879.370190	1.347128987	6.0334494E-07
8878.888061	1.347128749	6.0440370E-07
8878.405932	1.347128630	6.0549689E-07
8877.923803	1.347128510	6.0663845E-07
8877.441675	1.347128272	6.0781517E-07
8876.959546	1.347128153	6.0903275E-07
8876.477417	1.347127914	6.1027006E-07
8875.995288	1.347127795	6.1152804E-07
8875.513159	1.347127557	6.1278991E-07
8875.031031	1.347127438	6.1406152E-07
8874.548902	1.347127199	6.1533570E-07
8874.066773	1.347127080	6.1662110E-07
8873.584644	1.347126961	6.1791448E-07
8873.102516	1.347126722	6.1922043E-07
8872.620387	1.347126603	6.2053866E-07
8872.138258	1.347126365	6.2187122E-07
8871.656129	1.347126245	6.2322184E-07
8871.174001	1.347126007	6.2459050E-07
8870.691872	1.347125888	6.2598410E-07
8870.209743	1.347125649	6.2739995E-07
8869.727614	1.347125530	6.2884865E-07
8869.245486	1.347125292	6.3032438E-07
8868.763357	1.347125173	6.3183727E-07
8868.281228	1.347124934	6.3337513E-07
8867.799099	1.347124815	6.3494540E-07
8867.316971	1.347124577	6.3653303E-07
8866.834842	1.347124457	6.3814862E-07
8866.352713	1.347124219	6.3978085E-07
8865.870584	1.347124100	6.4144409E-07
8865.388456	1.347123861	6.4312994E-07
8864.906327	1.347123742	6.4485142E-07
8864.424198	1.347123623	6.4659918E-07
8863.942069	1.347123384	6.4838585E-07
8863.459940	1.347123265	6.5020943E-07
8862.977812	1.347123027	6.5208755E-07
8862.495683	1.347122908	6.5402648E-07
8862.013554	1.347122669	6.5604023E-07
8861.531425	1.347122550	6.5812996E-07
8861.049297	1.347122312	6.6029665E-07
8860.567168	1.347122192	6.6253923E-07
8860.085039	1.347121954	6.6485746E-07
8859.602910	1.347121835	6.6725932E-07
8859.120782	1.347121596	6.6974453E-07
8858.638653	1.347121477	6.7231908E-07
8858.156524	1.347121358	6.7496957E-07
8857.674395	1.347121119	6.7769407E-07
8857.192267	1.347121000	6.8047145E-07
8856.710138	1.347120762	6.8330474E-07
8856.228009	1.347120643	6.8618096E-07
8855.745880	1.347120404	6.8911350E-07
8855.263752	1.347120285	6.9209189E-07
8854.781623	1.347120047	6.9512555E-07
8854.299494	1.347119927	6.9819681E-07
8853.817365	1.347119689	7.0131065E-07
8853.335237	1.347119570	7.0445296E-07
8852.853108	1.347119331	7.0763356E-07
8852.370979	1.347119212	7.1084441E-07
8851.888850	1.347118974	7.1409348E-07
8851.406721	1.347118855	7.1737151E-07
8850.924593	1.347118616	7.2067893E-07
8850.442464	1.347118497	7.2400517E-07
8849.960335	1.347118258	7.2734519E-07
8849.478206	1.347118139	7.3069126E-07
8848.996078	1.347117901	7.3403671E-07
8848.513949	1.347117782	7.3737886E-07
8848.031820	1.347117543	7.4071056E-07
8847.549691	1.347117424	7.4403623E-07
8847.067563	1.347117186	7.4735036E-07
8846.585434	1.347117066	7.5066218E-07
8846.103305	1.347116828	7.5396387E-07
8845.621176	1.347116709	7.5726599E-07
8845.139048	1.347116470	7.6055994E-07
8844.656919	1.347116351	7.6386290E-07
8844.174790	1.347116113	7.6717341E-07
8843.692661	1.347115993	7.7051485E-07
8843.210533	1.347115755	7.7388579E-07
8842.728404	1.347115636	7.7730506E-07
8842.246275	1.347115517	7.8076632E-07
8841.764146	1.347115278	7.8428442E-07
8841.282018	1.347115159	7.8785617E-07
8840.799889	1.347114921	7.9149902E-07
8840.317760	1.347114801	7.9521471E-07
8839.835631	1.347114563	7.9901581E-07
8839.353502	1.347114444	8.0289850E-07
8838.871374	1.347114205	8.0686238E-07
8838.389245	1.347114086	8.1089901E-07
8837.907116	1.347113848	8.1500212E-07
8837.424987	1.347113729	8.1916795E-07
8836.942859	1.347113490	8.2339127E-07
8836.460730	1.347113371	8.2767419E-07
8835.978601	1.347113132	8.3200865E-07
8835.496472	1.347113013	8.3639819E-07
8835.014344	1.347112775	8.4083194E-07
8834.532215	1.347112656	8.4531724E-07
8834.050086	1.347112417	8.4984473E-07
8833.567957	1.347112298	8.5442810E-07
8833.085829	1.347112060	8.5906181E-07
8832.603700	1.347111940	8.6376417E-07
8832.121571	1.347111702	8.6853041E-07
8831.639442	1.347111583	8.7337642E-07
8831.157314	1.347111344	8.7829262E-07
8830.675185	1.347111225	8.8328837E-07
8830.193056	1.347110987	8.8835051E-07
8829.710927	1.347110868	8.9348519E-07
8829.228799	1.347110629	8.9868279E-07
8828.746670	1.347110510	9.0394901E-07
8828.264541	1.347110271	9.0927601E-07
8827.782412	1.347110152	9.1466370E-07
8827.300283	1.347109914	9.2010238E-07
8826.818155	1.347109795	9.2153900E-07
8826.336026	1.347109556	9.2645862E-07
8825.853897	1.347109437	9.3170704E-07
8825.371768	1.347109199	9.3712159E-07
8824.889640	1.347109079	9.4301458E-07
8824.407511	1.347108841	9.4887610E-07
8823.925382	1.347108722	9.5520091E-07
8823.443253	1.347108483	9.6129196E-07
8822.961125	1.347108364	9.6786891E-07
8822.478996	1.347108126	9.7411698E-07
8821.996867	1.347108006	9.8088374E-07
8821.514738	1.347107768	9.8722692E-07
8821.032610	1.347107649	9.9404908E-07
8820.550481	1.347107410	1.0003653E-06
8820.068352	1.347107291	1.0070958E-06
8819.586223	1.347107053	1.0133336E-06
8819.104095	1.347106934	1.0199886E-06
8818.621966	1.347106695	1.0262682E-06
8818.139837	1.347106576	1.0329724E-06
8817.657708	1.347106338	1.0394134E-06
8817.175580	1.347106218	1.0461394E-06
8816.693451	1.347105980	1.0526478E-06
8816.211322	1.347105861	1.0593102E-06
8815.729193	1.347105622	1.0658833E-06
8815.247064	1.347105503	1.0725211E-06
8814.764936	1.347105265	1.0792658E-06
8814.282807	1.347105145	1.0860547E-06
8813.800678	1.347104907	1.0931535E-06
8813.318549	1.347104788	1.1001992E-06
8812.836421	1.347104549	1.1076067E-06
8812.354292	1.347104311	1.1147920E-06
8811.872163	1.347104192	1.1224285E-06
8811.390034	1.347103953	1.1298552E-06
8810.907906	1.347103834	1.1379345E-06
8810.425777	1.347103596	1.1458319E-06
8809.943648	1.347103477	1.1544091E-06
8809.461519	1.347103238	1.1627100E-06
8808.979391	1.347103119	1.1715934E-06
8808.497262	1.347102880	1.1800862E-06
8808.015133	1.347102761	1.1890152E-06
8807.533004	1.347102523	1.1975462E-06
8807.050876	1.347102404	1.2065040E-06
8806.568747	1.347102165	1.2152193E-06
8806.086618	1.347102046	1.2243141E-06
8805.604489	1.347101808	1.2332090E-06
8805.122361	1.347101688	1.2423009E-06
8804.640232	1.347101450	1.2512702E-06
8804.158103	1.347101331	1.2603660E-06
8803.675974	1.347101092	1.2695510E-06
8803.193845	1.347100973	1.2788550E-06
8802.711717	1.347100735	1.2884707E-06
8802.229588	1.347100616	1.2981702E-06
8801.747459	1.347100377	1.3082921E-06
8801.265330	1.347100258	1.3182707E-06
8800.783202	1.347100019	1.3285847E-06
8800.301073	1.347099900	1.3385700E-06
8799.818944	1.347099662	1.3489554E-06
8799.336815	1.347099543	1.3589845E-06
8798.854687	1.347099304	1.3694941E-06
8798.372558	1.347099185	1.3796134E-06
8797.890429	1.347098947	1.3901820E-06
8797.408300	1.347098827	1.4003088E-06
8796.926172	1.347098589	1.4108635E-06
8796.444043	1.347098470	1.4210304E-06
8795.961914	1.347098231	1.4316364E-06
8795.479785	1.347098112	1.4420176E-06
8794.997657	1.347097874	1.4528908E-06
8794.515528	1.347097754	1.4637303E-06
8794.033399	1.347097516	1.4750072E-06
8793.551270	1.347097397	1.4862863E-06
8793.069142	1.347097158	1.4977915E-06
8792.587013	1.347097039	1.5092993E-06
8792.104884	1.347096801	1.5208361E-06
8791.622755	1.347096682	1.5324472E-06
8791.140626	1.347096443	1.5439915E-06
8790.658498	1.347096324	1.5557575E-06
8790.176369	1.347096086	1.5673711E-06
8789.694240	1.347095966	1.5792666E-06
8789.212111	1.347095728	1.5908287E-06
8788.729983	1.347095609	1.6026259E-06
8788.247854	1.347095370	1.6139441E-06
8787.765725	1.347095251	1.6255588E-06
8787.283596	1.347095013	1.6367348E-06
8786.801468	1.347094893	1.6483211E-06
8786.319339	1.347094655	1.6594897E-06
8785.837210	1.347094536	1.6710339E-06
8785.355081	1.347094297	1.6821127E-06
8784.872953	1.347094178	1.6934903E-06
8784.390824	1.347093940	1.7044716E-06
8783.908695	1.347093821	1.7157584E-06
8783.426566	1.347093582	1.7267941E-06
8782.944438	1.347093463	1.7381366E-06
8782.462309	1.347093225	1.7493770E-06
8781.980180	1.347093105	1.7608342E-06
8781.498051	1.347092867	1.7722235E-06
8781.015923	1.347092748	1.7836547E-06
8780.533794	1.347092509	1.7951068E-06
8780.051665	1.347092390	1.8065012E-06
8779.569536	1.347092152	1.8180125E-06
8779.087407	1.347092032	1.8293326E-06
8778.605279	1.347091794	1.8408140E-06
8778.123150	1.347091675	1.8519762E-06
8777.641021	1.347091436	1.8633712E-06
8777.158892	1.347091317	1.8744057E-06
8776.676764	1.347091079	1.8857948E-06
8776.194635	1.347090960	1.8968727E-06
8775.712506	1.347090840	1.9084303E-06
8775.230377	1.347090602	1.9196812E-06
8774.748249	1.347090483	1.9313675E-06
8774.266120	1.347090244	1.9426670E-06
8773.783991	1.347090125	1.9543168E-06
8773.301862	1.347089887	1.9656121E-06
8772.819734	1.347089767	1.9772101E-06
8772.337605	1.347089529	1.9884506E-06
8771.855476	1.347089410	1.9998482E-06
8771.373347	1.347089171	2.0108758E-06
8770.891219	1.347089052	2.0218954E-06
8770.409090	1.347088814	2.0326219E-06
8769.926961	1.347088695	2.0433077E-06
8769.444832	1.347088456	2.0539161E-06
8768.962703	1.347088337	2.0644942E-06
8768.480575	1.347088099	2.0751812E-06
8767.998446	1.347087979	2.0857809E-06
8767.516317	1.347087860	2.0966147E-06
8767.034188	1.347087622	2.1073717E-06
8766.552060	1.347087502	2.1185801E-06
8766.069931	1.347087264	2.1297639E-06
8765.587802	1.347087145	2.1415274E-06
8765.105673	1.347086906	2.1531972E-06
8764.623545	1.347086787	2.1654357E-06
8764.141416	1.347086549	2.1774811E-06
8763.659287	1.347086430	2.1900365E-06
8763.177158	1.347086191	2.2023370E-06
8762.695030	1.347086072	2.2150866E-06
8762.212901	1.347085834	2.2275033E-06
8761.730772	1.347085714	2.2401480E-06
8761.248643	1.347085476	2.2523054E-06
8760.766515	1.347085357	2.2644730E-06
8760.284386	1.347085118	2.2760970E-06
8759.802257	1.347084999	2.2876127E-06
8759.320128	1.347084761	2.2987017E-06
8758.838000	1.347084641	2.3096551E-06
8758.355871	1.347084403	2.3203582E-06
8757.873742	1.347084284	2.3309357E-06
8757.391613	1.347084045	2.3414961E-06
8756.909484	1.347083926	2.3520120E-06
8756.427356	1.347083688	2.3627942E-06
8755.945227	1.347083569	2.3736139E-06
8755.463098	1.347083330	2.3848926E-06
8754.980969	1.347083211	2.3962029E-06
8754.498841	1.347082973	2.4080728E-06
8754.016712	1.347082853	2.4199304E-06
8753.534583	1.347082615	2.4323980E-06
8753.052454	1.347082496	2.4447635E-06
8752.570326	1.347082376	2.4576549E-06
8752.088197	1.347082138	2.4702873E-06
8751.606068	1.347082019	2.4832818E-06
8751.123939	1.347081780	2.4959209E-06
8750.641811	1.347081661	2.5088871E-06
8750.159682	1.347081423	2.5215834E-06
8749.677553	1.347081304	2.5345805E-06
8749.195424	1.347081065	2.5473221E-06
8748.713296	1.347080946	2.5602154E-06
8748.231167	1.347080708	2.5728530E-06
8747.749038	1.347080588	2.5855468E-06
8747.266909	1.347080469	2.5981147E-06
8746.784781	1.347080231	2.6107123E-06
8746.302652	1.347080112	2.6232854E-06
8745.820523	1.347079873	2.6357170E-06
8745.338394	1.347079754	2.6480929E-06
8744.856265	1.347079515	2.6601805E-06
8744.374137	1.347079396	2.6722812E-06
8743.892008	1.347079158	2.6839970E-06
8743.409879	1.347079039	2.6957831E-06
8742.927750	1.347078800	2.7071028E-06
8742.445622	1.347078681	2.7185289E-06
8741.963493	1.347078443	2.7294826E-06
8741.481364	1.347078323	2.7406638E-06
8740.999235	1.347078204	2.7514792E-06
8740.517107	1.347077966	2.7626594E-06
8740.034978	1.347077847	2.7735738E-06
8739.552849	1.347077608	2.7848471E-06
8739.070720	1.347077489	2.7958580E-06
8738.588592	1.347077250	2.8072410E-06
8738.106463	1.347077131	2.8185358E-06
8737.624334	1.347077012	2.8302863E-06
8737.142205	1.347076774	2.8420299E-06
8736.660077	1.347076654	2.8540144E-06
8736.177948	1.347076416	2.8658762E-06
8735.695819	1.347076297	2.8777232E-06
8735.213690	1.347076058	2.8894151E-06
8734.731562	1.347075939	2.9009576E-06
8734.249433	1.347075701	2.9124133E-06
8733.767304	1.347075582	2.9235666E-06
8733.285175	1.347075462	2.9345897E-06
8732.803046	1.347075224	2.9451053E-06
8732.320918	1.347075105	2.9554375E-06
8731.838789	1.347074866	2.9651457E-06
8731.356660	1.347074747	2.9747863E-06
8730.874531	1.347074628	2.9838667E-06
8730.392403	1.347074389	2.9929882E-06
8729.910274	1.347074270	3.0014922E-06
8729.428145	1.347074032	3.0099624E-06
8728.946016	1.347073913	3.0177545E-06
8728.463888	1.347073674	3.0255450E-06
8727.981759	1.347073555	3.0327396E-06
8727.499630	1.347073436	3.0399273E-06
8727.017501	1.347073197	3.0465497E-06
8726.535373	1.347073078	3.0530696E-06
8726.053244	1.347072959	3.0590075E-06
8725.571115	1.347072721	3.0647273E-06
8725.088986	1.347072601	3.0699309E-06
8724.606858	1.347072363	3.0748949E-06
8724.124729	1.347072244	3.0795036E-06
8723.642600	1.347072005	3.0838476E-06
8723.160471	1.347071886	3.0878846E-06
8722.678343	1.347071648	3.0914989E-06
8722.196214	1.347071528	3.0948774E-06
8721.714085	1.347071409	3.0978257E-06
8721.231956	1.347071171	3.1007047E-06
8720.749827	1.347071052	3.1031411E-06
8720.267699	1.347070932	3.1055640E-06
8719.785570	1.347070694	3.1074265E-06
8719.303441	1.347070575	3.1092288E-06
8718.821312	1.347070336	3.1103937E-06
8718.339184	1.347070217	3.1115444E-06
8717.857055	1.347069979	3.1120910E-06
8717.374926	1.347069860	3.1126494E-06
8716.892797	1.347069621	3.1125954E-06
8716.410669	1.347069502	3.1124977E-06
8715.928540	1.347069383	3.1117896E-06
8715.446411	1.347069144	3.1110089E-06
8714.964282	1.347069025	3.1097419E-06
8714.482154	1.347068787	3.1084732E-06
8714.000025	1.347068667	3.1068886E-06
8713.517896	1.347068548	3.1052727E-06
8713.035767	1.347068310	3.1033793E-06
8712.553639	1.347068191	3.1013161E-06
8712.071510	1.347067952	3.0990070E-06
8711.589381	1.347067833	3.0964503E-06
8711.107252	1.347067595	3.0937790E-06
8710.625124	1.347067475	3.0908123E-06
8710.142995	1.347067237	3.0878152E-06
8709.660866	1.347067118	3.0844513E-06
8709.178737	1.347066879	3.0810880E-06
8708.696608	1.347066760	3.0772325E-06
8708.214480	1.347066522	3.0733685E-06
8707.732351	1.347066402	3.0690120E-06
8707.250222	1.347066283	3.0648026E-06
8706.768093	1.347066045	3.0602359E-06
8706.285965	1.347065926	3.0559613E-06
8705.803836	1.347065687	3.0513969E-06
8705.321707	1.347065568	3.0471365E-06
8704.839578	1.347065330	3.0425997E-06
8704.357450	1.347065210	3.0383174E-06
8703.875321	1.347064972	3.0337970E-06
8703.393192	1.347064853	3.0295178E-06
8702.911063	1.347064614	3.0251392E-06
8702.428935	1.347064495	3.0210358E-06
8701.946806	1.347064257	3.0169552E-06
8701.464677	1.347064137	3.0130289E-06
8700.982548	1.347063899	3.0090904E-06
8700.500420	1.347063780	3.0051165E-06
8700.018291	1.347063541	3.0011394E-06
8699.536162	1.347063422	2.9970487E-06
8699.054033	1.347063184	2.9931288E-06
8698.571905	1.347063065	2.9891727E-06
8698.089776	1.347062826	2.9855334E-06
8697.607647	1.347062707	2.9817669E-06
8697.125518	1.347062469	2.9782733E-06
8696.643389	1.347062349	2.9745043E-06
8696.161261	1.347062111	2.9710263E-06
8695.679132	1.347061992	2.9673329E-06
8695.197003	1.347061753	2.9640799E-06
8694.714874	1.347061634	2.9606624E-06
8694.232746	1.347061396	2.9576002E-06
8693.750617	1.347061157	2.9542077E-06
8693.268488	1.347061038	2.9509610E-06
8692.786359	1.347060800	2.9473268E-06
8692.304231	1.347060680	2.9438141E-06
8691.822102	1.347060442	2.9400360E-06
8691.339973	1.347060323	2.9363663E-06
8690.857844	1.347060084	2.9324279E-06
8690.375716	1.347059965	2.9283868E-06
8689.893587	1.347059727	2.9240655E-06
8689.411458	1.347059608	2.9195985E-06
8688.929329	1.347059369	2.9150835E-06
8688.447201	1.347059250	2.9105520E-06
8687.965072	1.347059011	2.9062249E-06
8687.482943	1.347058892	2.9018818E-06
8687.000814	1.347058654	2.8978046E-06
8686.518686	1.347058535	2.8936169E-06
8686.036557	1.347058296	2.8897322E-06
8685.554428	1.347058177	2.8857195E-06
8685.072299	1.347057939	2.8821542E-06
8684.590170	1.347057700	2.8785377E-06
8684.108042	1.347057581	2.8754212E-06
8683.625913	1.347057343	2.8721423E-06
8683.143784	1.347057223	2.8692163E-06
8682.661655	1.347056985	2.8660180E-06
8682.179527	1.347056746	2.8630784E-06
8681.697398	1.347056627	2.8598265E-06
8681.215269	1.347056389	2.8567643E-06
8680.733140	1.347056270	2.8534843E-06
8680.251012	1.347056031	2.8504424E-06
8679.768883	1.347055912	2.8473242E-06
8679.286754	1.347055674	2.8443744E-06
8678.804625	1.347055554	2.8413423E-06
8678.322497	1.347055316	2.8383168E-06
8677.840368	1.347055078	2.8352646E-06
8677.358239	1.347054958	2.8322100E-06
8676.876110	1.347054720	2.8293245E-06
8676.393982	1.347054601	2.8265022E-06
8675.911853	1.347054362	2.8240492E-06
8675.429724	1.347054124	2.8216318E-06
8674.947595	1.347054005	2.8195566E-06
8674.465467	1.347053766	2.8172958E-06
8673.983338	1.347053647	2.8153415E-06
8673.501209	1.347053409	2.8132519E-06
8673.019080	1.347053289	2.8116913E-06
8672.536951	1.347053051	2.8101457E-06
8672.054823	1.347052813	2.8091581E-06
8671.572694	1.347052693	2.8080661E-06
8671.090565	1.347052455	2.8073471E-06
8670.608436	1.347052217	2.8064232E-06
8670.126308	1.347052097	2.8058100E-06
8669.644179	1.347051859	2.8050229E-06
8669.162050	1.347051740	2.8045056E-06
8668.679921	1.347051501	2.8038701E-06
8668.197793	1.347051263	2.8033814E-06
8667.715664	1.347051144	2.8027437E-06
8667.233535	1.347050905	2.8021068E-06
8666.751406	1.347050667	2.8014450E-06
8666.269278	1.347050548	2.8008427E-06
8665.787149	1.347050309	2.8004266E-06
8665.305020	1.347050190	2.8000843E-06
8664.822891	1.347049952	2.8000343E-06
8664.340763	1.347049832	2.8000325E-06
8663.858634	1.347049594	2.8004753E-06
8663.376505	1.347049356	2.8010306E-06
8662.894376	1.347049117	2.8021845E-06
8662.412248	1.347048998	2.8034251E-06
8661.930119	1.347048759	2.8052286E-06
8661.447990	1.347048640	2.8069707E-06
8660.965861	1.347048402	2.8091531E-06
8660.483732	1.347048163	2.8111515E-06
8660.001604	1.347048044	2.8135157E-06
8659.519475	1.347047806	2.8157163E-06
8659.037346	1.347047567	2.8182914E-06
8658.555217	1.347047448	2.8207267E-06
8658.073089	1.347047210	2.8234368E-06
8657.590960	1.347047091	2.8259981E-06
8657.108831	1.347046852	2.8287667E-06
8656.626702	1.347046614	2.8315537E-06
8656.144574	1.347046494	2.8346727E-06
8655.662445	1.347046256	2.8380911E-06
8655.180316	1.347046018	2.8419126E-06
8654.698187	1.347045898	2.8461652E-06
8654.216059	1.347045660	2.8507276E-06
8653.733930	1.347045422	2.8557062E-06
8653.251801	1.347045302	2.8608422E-06
8652.769672	1.347045064	2.8664374E-06
8652.287544	1.347044826	2.8721546E-06
8651.805415	1.347044706	2.8783936E-06
8651.323286	1.347044468	2.8846409E-06
8650.841157	1.347044349	2.8913195E-06
8650.359029	1.347044110	2.8977965E-06
8649.876900	1.347043872	2.9045583E-06
8649.394771	1.347043633	2.9110558E-06
8648.912642	1.347043514	2.9179177E-06
8648.430513	1.347043276	2.9246711E-06
8647.948385	1.347043157	2.9318848E-06
8647.466256	1.347042918	2.9390907E-06
8646.984127	1.347042680	2.9467539E-06
8646.501998	1.347042561	2.9544524E-06
8646.019870	1.347042322	2.9625457E-06
8645.537741	1.347042084	2.9707578E-06
8645.055612	1.347041965	2.9793884E-06
8644.573483	1.347041726	2.9883002E-06
8644.091355	1.347041488	2.9975896E-06
8643.609226	1.347041368	3.0071617E-06
8643.127097	1.347041130	3.0169009E-06
8642.644968	1.347040892	3.0268757E-06
8642.162840	1.347040772	3.0369012E-06
8641.680711	1.347040534	3.0472257E-06
8641.198582	1.347040415	3.0575054E-06
8640.716453	1.347040176	3.0680798E-06
8640.234325	1.347039938	3.0785051E-06
8639.752196	1.347039700	3.0892252E-06
8639.270067	1.347039580	3.0997484E-06
8638.787938	1.347039342	3.1106014E-06
8638.305810	1.347039223	3.1213006E-06
8637.823681	1.347038984	3.1324078E-06
8637.341552	1.347038746	3.1433917E-06
8636.859423	1.347038627	3.1547360E-06
8636.377294	1.347038388	3.1659280E-06
8635.895166	1.347038150	3.1774498E-06
8635.413037	1.347038031	3.1889144E-06
8634.930908	1.347037792	3.2007396E-06
8634.448779	1.347037673	3.2125854E-06
8633.966651	1.347037435	3.2246488E-06
8633.484522	1.347037196	3.2366905E-06
8633.002393	1.347036958	3.2488397E-06
8632.520264	1.347036839	3.2610435E-06
8632.038136	1.347036600	3.2733020E-06
8631.556007	1.347036481	3.2856966E-06
8631.073878	1.347036242	3.2981013E-06
8630.591749	1.347036004	3.3107031E-06
8630.109621	1.347035885	3.3232125E-06
8629.627492	1.347035646	3.3359440E-06
8629.145363	1.347035408	3.3485388E-06
8628.663234	1.347035289	3.3614465E-06
8628.181106	1.347035050	3.3742381E-06
8627.698977	1.347034931	3.3873970E-06
8627.216848	1.347034693	3.4003897E-06
8626.734719	1.347034454	3.4136992E-06
8626.252591	1.347034335	3.4268189E-06
8625.770462	1.347034097	3.4402467E-06
8625.288333	1.347033858	3.4534742E-06
8624.806204	1.347033739	3.4669390E-06
8624.324075	1.347033501	3.4802296E-06
8623.841947	1.347033381	3.4937691E-06
8623.359818	1.347033143	3.5072380E-06
8622.877689	1.347032905	3.5209115E-06
8622.395560	1.347032785	3.5345306E-06
8621.913432	1.347032547	3.5482487E-06
8621.431303	1.347032309	3.5619623E-06
8620.949174	1.347032189	3.5757120E-06
8620.467045	1.347031951	3.5895518E-06
8619.984917	1.347031832	3.6034025E-06
8619.502788	1.347031593	3.6174337E-06
8619.020659	1.347031355	3.6314025E-06
8618.538530	1.347031116	3.6455364E-06
8618.056402	1.347030997	3.6594487E-06
8617.574273	1.347030759	3.6734831E-06
8617.092144	1.347030640	3.6872543E-06
8616.610015	1.347030401	3.7012312E-06
8616.127887	1.347030282	3.7149471E-06
8615.645758	1.347030044	3.7288848E-06
8615.163629	1.347029805	3.7425687E-06
8614.681500	1.347029567	3.7565093E-06
8614.199372	1.347029448	3.7702261E-06
8613.717243	1.347029209	3.7841782E-06
8613.235114	1.347029090	3.7979421E-06
8612.752985	1.347028852	3.8119336E-06
8612.270856	1.347028613	3.8258459E-06
8611.788728	1.347028494	3.8400371E-06
8611.306599	1.347028255	3.8542870E-06
8610.824470	1.347028017	3.8687827E-06
8610.342341	1.347027898	3.8833662E-06
8609.860213	1.347027659	3.8980732E-06
8609.378084	1.347027540	3.9128635E-06
8608.895955	1.347027302	3.9276931E-06
8608.413826	1.347027063	3.9427247E-06
8607.931698	1.347026944	3.9578372E-06
8607.449569	1.347026706	3.9732625E-06
8606.967440	1.347026467	3.9886675E-06
8606.485311	1.347026348	4.0043356E-06
8606.003183	1.347026110	4.0198636E-06
8605.521054	1.347025990	4.0356719E-06
8605.038925	1.347025752	4.0513573E-06
8604.556796	1.347025514	4.0674053E-06
8604.074668	1.347025394	4.0833226E-06
8603.592539	1.347025156	4.0995211E-06
8603.110410	1.347024918	4.1154828E-06
8602.628281	1.347024798	4.1316419E-06
8602.146153	1.347024560	4.1475835E-06
8601.664024	1.347024441	4.1637376E-06
8601.181895	1.347024202	4.1797501E-06
8600.699766	1.347023964	4.1959387E-06
8600.217637	1.347023726	4.2119824E-06
8599.735509	1.347023606	4.2280994E-06
8599.253380	1.347023368	4.2441800E-06
8598.771251	1.347023249	4.2604463E-06
8598.289122	1.347023010	4.2769184E-06
8597.806994	1.347022891	4.2936125E-06
8597.324865	1.347022653	4.3105527E-06
8596.842736	1.347022414	4.3275539E-06
8596.360607	1.347022176	4.3447757E-06
8595.878479	1.347022057	4.3620175E-06
8595.396350	1.347021818	4.3796085E-06
8594.914221	1.347021699	4.3972502E-06
8594.432092	1.347021461	4.4153057E-06
8593.949964	1.347021222	4.4333313E-06
8593.467835	1.347021103	4.4516515E-06
8592.985706	1.347020864	4.4697526E-06
8592.503577	1.347020626	4.4880488E-06
8592.021449	1.347020507	4.5061564E-06
8591.539320	1.347020268	4.5245700E-06
8591.057191	1.347020149	4.5429147E-06
8590.575062	1.347019911	4.5615987E-06
8590.092934	1.347019672	4.5802382E-06
8589.610805	1.347019553	4.5991392E-06
8589.128676	1.347019315	4.6179461E-06
8588.646547	1.347019076	4.6368610E-06
8588.164418	1.347018957	4.6556647E-06
8587.682290	1.347018719	4.6745206E-06
8587.200161	1.347018600	4.6934036E-06
8586.718032	1.347018361	4.7123817E-06
8586.235903	1.347018123	4.7314716E-06
8585.753775	1.347018003	4.7504983E-06
8585.271646	1.347017765	4.7695332E-06
8584.789517	1.347017527	4.7883730E-06
8584.307388	1.347017407	4.8072827E-06
8583.825260	1.347017169	4.8260702E-06
8583.343131	1.347017050	4.8451451E-06
8582.861002	1.347016811	4.8641886E-06
8582.378873	1.347016692	4.8835438E-06
8581.896745	1.347016454	4.9027329E-06
8581.414616	1.347016215	4.9221116E-06
8580.932487	1.347016096	4.9412360E-06
8580.450358	1.347015858	4.9605631E-06
8579.968230	1.347015619	4.9797192E-06
8579.486101	1.347015500	4.9991068E-06
8579.003972	1.347015262	5.0183052E-06
8578.521843	1.347015142	5.0375907E-06
8578.039714	1.347014904	5.0566376E-06
8577.557586	1.347014666	5.0757564E-06
8577.075457	1.347014546	5.0947667E-06
8576.593328	1.347014308	5.1138816E-06
8576.111199	1.347014070	5.1330056E-06
8575.629071	1.347013950	5.1522165E-06
8575.146942	1.347013712	5.1714900E-06
8574.664813	1.347013593	5.1907805E-06
8574.182684	1.347013354	5.2101488E-06
8573.700556	1.347013235	5.2294166E-06
8573.218427	1.347012997	5.2487219E-06
8572.736298	1.347012758	5.2677836E-06
8572.254169	1.347012639	5.2868442E-06
8571.772041	1.347012401	5.3055941E-06
8571.289912	1.347012162	5.3244130E-06
8570.807783	1.347012043	5.3429602E-06
8570.325654	1.347011805	5.3616007E-06
8569.843526	1.347011685	5.3798917E-06
8569.361397	1.347011447	5.3982318E-06
8568.879268	1.347011328	5.4162826E-06
8568.397139	1.347011089	5.4345057E-06
8567.915011	1.347010851	5.4525968E-06
8567.432882	1.347010732	5.4709465E-06
8566.950753	1.347010493	5.4892357E-06
8566.468624	1.347010255	5.5077077E-06
8565.986495	1.347010136	5.5260639E-06
8565.504367	1.347009897	5.5445016E-06
8565.022238	1.347009778	5.5628927E-06
8564.540109	1.347009540	5.5813879E-06
8564.057980	1.347009420	5.5999464E-06
8563.575852	1.347009182	5.6185883E-06
8563.093723	1.347008944	5.6373509E-06
8562.611594	1.347008824	5.6561469E-06
8562.129465	1.347008586	5.6751579E-06
8561.647337	1.347008348	5.6942489E-06
8561.165208	1.347008228	5.7136687E-06
8560.683079	1.347007990	5.7331449E-06
8560.200950	1.347007871	5.7529453E-06
8559.718822	1.347007632	5.7727039E-06
8559.236693	1.347007394	5.7927262E-06
8558.754564	1.347007275	5.8126428E-06
8558.272435	1.347007036	5.8328353E-06
8557.790307	1.347006798	5.8529235E-06
8557.308178	1.347006679	5.8732545E-06
8556.826049	1.347006440	5.8934386E-06
8556.343920	1.347006321	5.9137966E-06
8555.861792	1.347006083	5.9339738E-06
8555.379663	1.347005963	5.9542494E-06
8554.897534	1.347005725	5.9743990E-06
8554.415405	1.347005486	5.9947157E-06
8553.933276	1.347005248	6.0150726E-06
8553.451148	1.347005129	6.0356357E-06
8552.969019	1.347004890	6.0563135E-06
8552.486890	1.347004771	6.0771471E-06
8552.004761	1.347004533	6.0981121E-06
8551.522633	1.347004414	6.1191476E-06
8551.040504	1.347004175	6.1403391E-06
8550.558375	1.347003937	6.1615528E-06
8550.076246	1.347003818	6.1829911E-06
8549.594118	1.347003579	6.2044517E-06
8549.111989	1.347003341	6.2261755E-06
8548.629860	1.347003222	6.2478120E-06
8548.147731	1.347002983	6.2696239E-06
8547.665603	1.347002864	6.2912459E-06
8547.183474	1.347002625	6.3129974E-06
8546.701345	1.347002387	6.3345214E-06
8546.219216	1.347002268	6.3561916E-06
8545.737088	1.347002029	6.3777102E-06
8545.254959	1.347001910	6.3994416E-06
8544.772830	1.347001672	6.4210369E-06
8544.290701	1.347001433	6.4427636E-06
8543.808573	1.347001314	6.4643093E-06
8543.326444	1.347001076	6.4859441E-06
8542.844315	1.347000957	6.5075242E-06
8542.362186	1.347000718	6.5293239E-06
8541.880057	1.347000599	6.5512871E-06
8541.397929	1.347000360	6.5735118E-06
8540.915800	1.347000122	6.5959255E-06
8540.433671	1.346999884	6.6184690E-06
8539.951542	1.346999764	6.6411394E-06
8539.469414	1.346999526	6.6638407E-06
8538.987285	1.346999407	6.6867445E-06
8538.505156	1.346999168	6.7097292E-06
8538.023027	1.346999049	6.7329881E-06
8537.540899	1.346998811	6.7561990E-06
8537.058770	1.346998572	6.7795225E-06
8536.576641	1.346998453	6.8025840E-06
8536.094512	1.346998215	6.8256764E-06
8535.612384	1.346997976	6.8485202E-06
8535.130255	1.346997857	6.8715019E-06
8534.648126	1.346997619	6.8943201E-06
8534.165997	1.346997499	6.9172952E-06
8533.683869	1.346997261	6.9401025E-06
8533.201740	1.346997142	6.9630344E-06
8532.719611	1.346996903	6.9857852E-06
8532.237482	1.346996784	7.0086030E-06
8531.755354	1.346996546	7.0312925E-06
8531.273225	1.346996307	7.0540627E-06
8530.791096	1.346996188	7.0767383E-06
8530.308967	1.346995950	7.0994000E-06
8529.826838	1.346995831	7.1219485E-06
8529.344710	1.346995592	7.1444163E-06
8528.862581	1.346995354	7.1668220E-06
8528.380452	1.346995234	7.1891203E-06
8527.898323	1.346994996	7.2114079E-06
8527.416195	1.346994877	7.2335666E-06
8526.934066	1.346994638	7.2557853E-06
8526.451937	1.346994519	7.2778802E-06
8525.969808	1.346994281	7.3000796E-06
8525.487680	1.346994042	7.3221053E-06
8525.005551	1.346993923	7.3442230E-06
8524.523422	1.346993685	7.3661594E-06
8524.041293	1.346993566	7.3882069E-06
8523.559165	1.346993327	7.4100204E-06
8523.077036	1.346993089	7.4318866E-06
8522.594907	1.346992970	7.4534944E-06
8522.112778	1.346992731	7.4751440E-06
8521.630650	1.346992612	7.4965603E-06
8521.148521	1.346992373	7.5180357E-06
8520.666392	1.346992254	7.5393703E-06
8520.184263	1.346992016	7.5607823E-06
8519.702135	1.346991897	7.5820803E-06
8519.220006	1.346991658	7.6033800E-06
8518.737877	1.346991420	7.6245586E-06
8518.255748	1.346991301	7.6456632E-06
8517.773619	1.346991062	7.6666707E-06
8517.291491	1.346990824	7.6875784E-06
8516.809362	1.346990705	7.7084339E-06
8516.327233	1.346990466	7.7291351E-06
8515.845104	1.346990347	7.7497822E-06
8515.362976	1.346990108	7.7701981E-06
8514.880847	1.346989989	7.7905682E-06
8514.398718	1.346989751	7.8107087E-06
8513.916589	1.346989632	7.8309260E-06
8513.434461	1.346989393	7.8510014E-06
8512.952332	1.346989155	7.8712309E-06
8512.470203	1.346989036	7.8913139E-06
8511.988074	1.346988797	7.9115210E-06
8511.505946	1.346988559	7.9315210E-06
8511.023817	1.346988440	7.9515653E-06
8510.541688	1.346988201	7.9713923E-06
8510.059559	1.346988082	7.9913166E-06
8509.577431	1.346987844	8.0111258E-06
8509.095302	1.346987724	8.0310561E-06
8508.613173	1.346987486	8.0509033E-06
8508.131044	1.346987247	8.0708436E-06
8507.648916	1.346987128	8.0907537E-06
8507.166787	1.346986890	8.1107795E-06
8506.684658	1.346986771	8.1309051E-06
8506.202529	1.346986532	8.1511742E-06
8505.720400	1.346986294	8.1715950E-06
8505.238272	1.346986175	8.1921151E-06
8504.756143	1.346985936	8.2128026E-06
8504.274014	1.346985817	8.2335204E-06
8503.791885	1.346985579	8.2543808E-06
8503.309757	1.346985340	8.2751814E-06
8502.827628	1.346985221	8.2960943E-06
8502.345499	1.346984982	8.3168817E-06
8501.863370	1.346984744	8.3378139E-06
8501.381242	1.346984625	8.3587035E-06
8500.899113	1.346984386	8.3798779E-06
8500.416984	1.346984267	8.4010836E-06
8499.934855	1.346984029	8.4225841E-06
8499.452727	1.346983910	8.4440691E-06
8498.970598	1.346983671	8.4657638E-06
8498.488469	1.346983433	8.4874237E-06
8498.006340	1.346983194	8.5093404E-06
8497.524212	1.346983075	8.5313908E-06
8497.042083	1.346982837	8.5537875E-06
8496.559954	1.346982718	8.5763593E-06
8496.077825	1.346982479	8.5992057E-06
8495.595697	1.346982241	8.6222262E-06
8495.113568	1.346982121	8.6455188E-06
8494.631439	1.346981883	8.6691177E-06
8494.149310	1.346981645	8.6931200E-06
8493.667181	1.346981525	8.7176461E-06
8493.185053	1.346981287	8.7426589E-06
8492.702924	1.346981168	8.7682883E-06
8492.220795	1.346980929	8.7943694E-06
8491.738666	1.346980691	8.8210527E-06
8491.256538	1.346980453	8.8481442E-06
8490.774409	1.346980333	8.8758647E-06
8490.292280	1.346980095	8.9040076E-06
8489.810151	1.346979976	8.9327946E-06
8489.328023	1.346979737	8.9619900E-06
8488.845894	1.346979499	8.9918514E-06
8488.363765	1.346979260	9.0221024E-06
8487.881636	1.346979141	9.0529699E-06
8487.399508	1.346978903	9.0841719E-06
8486.917379	1.346978784	9.1159380E-06
8486.435250	1.346978545	9.1480321E-06
8485.953121	1.346978307	9.1806319E-06
8485.470993	1.346978068	9.2135809E-06
8484.988864	1.346977949	9.2470281E-06
8484.506735	1.346977711	9.2808671E-06
8484.024606	1.346977592	9.3151768E-06
8483.542478	1.346977353	9.3498987E-06
8483.060349	1.346977115	9.3850873E-06
8482.578220	1.346976876	9.4207875E-06
8482.096091	1.346976757	9.4570479E-06
8481.613962	1.346976519	9.4940177E-06
8481.131834	1.346976399	9.5316629E-06
8480.649705	1.346976161	9.5701557E-06
8480.167576	1.346975923	9.6093631E-06
8479.685447	1.346975803	9.6494593E-06
8479.203319	1.346975565	9.6902153E-06
8478.721190	1.346975327	9.7318355E-06
8478.239061	1.346975207	9.7741236E-06
8477.756932	1.346974969	9.8172777E-06
8477.274804	1.346974850	9.8610001E-06
8476.792675	1.346974611	9.9054378E-06
8476.310546	1.346974373	9.9502681E-06
8475.828417	1.346974254	9.9956207E-06
8475.346289	1.346974015	1.0041211E-05
8474.864160	1.346973777	1.0087237E-05
8474.382031	1.346973658	1.0133548E-05
8473.899902	1.346973419	1.0180356E-05
8473.417774	1.346973300	1.0227545E-05
8472.935645	1.346973062	1.0275242E-05
8472.453516	1.346972942	1.0323387E-05
8471.971387	1.346972704	1.0372064E-05
8471.489259	1.346972466	1.0421303E-05
8471.007130	1.346972346	1.0471184E-05
8470.525001	1.346972108	1.0521801E-05
8470.042872	1.346971989	1.0573147E-05
8469.560743	1.346971750	1.0625301E-05
8469.078615	1.346971512	1.0678105E-05
8468.596486	1.346971393	1.0731572E-05
8468.114357	1.346971154	1.0785457E-05
8467.632228	1.346971035	1.0839848E-05
8467.150100	1.346970797	1.0894511E-05
8466.667971	1.346970677	1.0949592E-05
8466.185842	1.346970439	1.1004834E-05
8465.703713	1.346970320	1.1060394E-05
8465.221585	1.346970081	1.1116004E-05
8464.739456	1.346969962	1.1171815E-05
8464.257327	1.346969724	1.1227620E-05
8463.775198	1.346969604	1.1283621E-05
8463.293070	1.346969485	1.1339658E-05
8462.810941	1.346969247	1.1395896E-05
8462.328812	1.346969128	1.1452198E-05
8461.846683	1.346968889	1.1508663E-05
8461.364555	1.346968770	1.1565128E-05
8460.882426	1.346968651	1.1621634E-05
8460.400297	1.346968412	1.1678089E-05
8459.918168	1.346968293	1.1734486E-05
8459.436040	1.346968055	1.1790761E-05
8458.953911	1.346967936	1.1846856E-05
8458.471782	1.346967816	1.1902773E-05
8457.989653	1.346967578	1.1958426E-05
8457.507524	1.346967459	1.2013894E-05
8457.025396	1.346967340	1.2069063E-05
8456.543267	1.346967101	1.2124045E-05
8456.061138	1.346966982	1.2178678E-05
8455.579009	1.346966863	1.2233122E-05
8455.096881	1.346966624	1.2287223E-05
8454.614752	1.346966505	1.2341168E-05
8454.132623	1.346966386	1.2394764E-05
8453.650494	1.346966147	1.2448171E-05
8453.168366	1.346966028	1.2501186E-05
8452.686237	1.346965909	1.2553923E-05
8452.204108	1.346965790	1.2606150E-05
8451.721979	1.346965551	1.2658005E-05
8451.239851	1.346965432	1.2709304E-05
8450.757722	1.346965313	1.2760141E-05
8450.275593	1.346965194	1.2810320E-05
8449.793464	1.346965075	1.2859884E-05
8449.311336	1.346964955	1.2908640E-05
8448.829207	1.346964717	1.2956536E-05
8448.347078	1.346964598	1.3003418E-05
8447.864949	1.346964478	1.3049235E-05
8447.382821	1.346964359	1.3093959E-05
8446.900692	1.346964240	1.3137550E-05
8446.418563	1.346964121	1.3180048E-05
8445.936434	1.346963882	1.3221380E-05
8445.454305	1.346963763	1.3261607E-05
8444.972177	1.346963644	1.3300636E-05
8444.490048	1.346963525	1.3338612E-05
8444.007919	1.346963406	1.3375476E-05
8443.525790	1.346963286	1.3411456E-05
8443.043662	1.346963167	1.3446506E-05
8442.561533	1.346963048	1.3480838E-05
8442.079404	1.346962929	1.3514240E-05
8441.597275	1.346962810	1.3546798E-05
8441.115147	1.346962571	1.3578273E-05
8440.633018	1.346962452	1.3608793E-05
8440.150889	1.346962333	1.3638189E-05
8439.668760	1.346962214	1.3666578E-05
8439.186632	1.346962094	1.3693802E-05
8438.704503	1.346961975	1.3719915E-05
8438.222374	1.346961856	1.3744718E-05
8437.740245	1.346961737	1.3768229E-05
8437.258117	1.346961617	1.3790356E-05
8436.775988	1.346961498	1.3811198E-05
8436.293859	1.346961379	1.3830795E-05
8435.811730	1.346961260	1.3849243E-05
8435.329602	1.346961141	1.3866593E-05
8434.847473	1.346961021	1.3882825E-05
8434.365344	1.346960902	1.3897990E-05
8433.883215	1.346960783	1.3912035E-05
8433.401086	1.346960545	1.3925079E-05
8432.918958	1.346960545	1.3937044E-05
8432.436829	1.346960306	1.3948062E-05
8431.954700	1.346960306	1.3958030E-05
8431.472571	1.346960068	1.3967063E-05
8430.990443	1.346959949	1.3974956E-05
8430.508314	1.346959829	1.3981810E-05
8430.026185	1.346959710	1.3987436E-05
8429.544056	1.346959591	1.3991962E-05
8429.061928	1.346959472	1.3995211E-05
8428.579799	1.346959352	1.3997324E-05
8428.097670	1.346959233	1.3998104E-05
8427.615541	1.346959114	1.3997643E-05
8427.133413	1.346958995	1.3995794E-05
8426.651284	1.346958876	1.3992682E-05
8426.169155	1.346958756	1.3988224E-05
8425.687026	1.346958637	1.3982545E-05
8425.204898	1.346958518	1.3975622E-05
8424.722769	1.346958399	1.3967563E-05
8424.240640	1.346958280	1.3958327E-05
8423.758511	1.346958160	1.3947896E-05
8423.276383	1.346958041	1.3936264E-05
8422.794254	1.346957922	1.3923463E-05
8422.312125	1.346957803	1.3909621E-05
8421.829996	1.346957684	1.3894769E-05
8421.347867	1.346957564	1.3879009E-05
8420.865739	1.346957445	1.3862212E-05
8420.383610	1.346957326	1.3844392E-05
8419.901481	1.346957088	1.3825375E-05
8419.419352	1.346957088	1.3805278E-05
8418.937224	1.346956849	1.3784011E-05
8418.455095	1.346956730	1.3761796E-05
8417.972966	1.346956611	1.3738583E-05
8417.490837	1.346956491	1.3714563E-05
8417.008709	1.346956372	1.3689544E-05
8416.526580	1.346956253	1.3663575E-05
8416.044451	1.346956134	1.3636477E-05
8415.562322	1.346956015	1.3608407E-05
8415.080194	1.346955776	1.3579308E-05
8414.598065	1.346955776	1.3549352E-05
8414.115936	1.346955538	1.3518457E-05
8413.633807	1.346955419	1.3486684E-05
8413.151679	1.346955299	1.3453919E-05
8412.669550	1.346955180	1.3420159E-05
8412.187421	1.346955061	1.3385307E-05
8411.705292	1.346954942	1.3349331E-05
8411.223164	1.346954703	1.3312227E-05
8410.741035	1.346954584	1.3274041E-05
8410.258906	1.346954465	1.3234885E-05
8409.776777	1.346954346	1.3194761E-05
8409.294648	1.346954226	1.3153774E-05
8408.812520	1.346954107	1.3111869E-05
8408.330391	1.346953869	1.3069160E-05
8407.848262	1.346953750	1.3025528E-05
8407.366133	1.346953630	1.2981107E-05
8406.884005	1.346953511	1.2935834E-05
8406.401876	1.346953273	1.2889936E-05
8405.919747	1.346953154	1.2843388E-05
8405.437618	1.346953034	1.2796413E-05
8404.955490	1.346952915	1.2748877E-05
8404.473361	1.346952677	1.2700874E-05
8403.991232	1.346952558	1.2652225E-05
8403.509103	1.346952438	1.2603051E-05
8403.026975	1.346952319	1.2553249E-05
8402.544846	1.346952081	1.2502971E-05
8402.062717	1.346951962	1.2452202E-05
8401.580588	1.346951723	1.2401102E-05
8401.098460	1.346951604	1.2349628E-05
8400.616331	1.346951485	1.2297791E-05
8400.134202	1.346951246	1.2245493E-05
8399.652073	1.346951127	1.2192699E-05
8399.169945	1.346951008	1.2139397E-05
8398.687816	1.346950769	1.2085614E-05
8398.205687	1.346950650	1.2031473E-05
8397.723558	1.346950412	1.1976999E-05
8397.241429	1.346950293	1.1922327E-05
8396.759301	1.346950054	1.1867400E-05
8396.277172	1.346949935	1.1812336E-05
8395.795043	1.346949816	1.1756999E-05
8395.312914	1.346949577	1.1701528E-05
8394.830786	1.346949458	1.1645861E-05
8394.348657	1.346949220	1.1590263E-05
8393.866528	1.346949100	1.1534710E-05
8393.384399	1.346948862	1.1479433E-05
8392.902271	1.346948743	1.1424340E-05
8392.420142	1.346948504	1.1369576E-05
8391.938013	1.346948266	1.1314963E-05
8391.455884	1.346948147	1.1260594E-05
8390.973756	1.346947908	1.1206339E-05
8390.491627	1.346947789	1.1152374E-05
8390.009498	1.346947551	1.1098692E-05
8389.527369	1.346947432	1.1045483E-05
8389.045241	1.346947193	1.0992725E-05
8388.563112	1.346947074	1.0940453E-05
8388.080983	1.346946836	1.0888603E-05
8387.598854	1.346946597	1.0837163E-05
8387.116725	1.346946478	1.0786146E-05
8386.634597	1.346946239	1.0735529E-05
8386.152468	1.346946001	1.0685413E-05
8385.670339	1.346945882	1.0635821E-05
8385.188210	1.346945643	1.0586839E-05
8384.706082	1.346945405	1.0538326E-05
8384.223953	1.346945286	1.0490314E-05
8383.741824	1.346945047	1.0442652E-05
8383.259695	1.346944809	1.0395456E-05
8382.777567	1.346944690	1.0348632E-05
8382.295438	1.346944451	1.0302417E-05
8381.813309	1.346944213	1.0256756E-05
8381.331180	1.346943974	1.0211902E-05
8380.849052	1.346943855	1.0167761E-05
8380.366923	1.346943617	1.0124485E-05
8379.884794	1.346943378	1.0081907E-05
8379.402665	1.346943140	1.0040140E-05
8378.920537	1.346943021	9.9990743E-06
8378.438408	1.346942782	9.9588466E-06
8377.956279	1.346942544	9.9193876E-06
8377.474150	1.346942306	9.8807801E-06
8376.992022	1.346942186	9.8429392E-06
8376.509893	1.346941948	9.8058754E-06
8376.027764	1.346941710	9.7694596E-06
8375.545635	1.346941471	9.7336100E-06
8375.063506	1.346941352	9.6982811E-06
8374.581378	1.346941113	9.6634491E-06
8374.099249	1.346940875	9.6291937E-06
8373.617120	1.346940637	9.5955067E-06
8373.134991	1.346940517	9.5624952E-06
8372.652863	1.346940279	9.5300264E-06
8372.170734	1.346940041	9.4981507E-06
8371.688605	1.346939802	9.4667057E-06
8371.206476	1.346939564	9.4358240E-06
8370.724348	1.346939325	9.4054074E-06
8370.242219	1.346939206	9.3757044E-06
8369.760090	1.346938968	9.3466730E-06
8369.277961	1.346938729	9.3185202E-06
8368.795833	1.346938491	9.2910517E-06
8368.313704	1.346938372	9.2643582E-06
8367.831575	1.346938014	9.2382659E-06
8367.349446	1.346937895	9.2129203E-06
8366.867318	1.346937656	9.1882040E-06
8366.385189	1.346937418	9.1642501E-06
8365.903060	1.346937180	9.1409153E-06
8365.420931	1.346937060	9.1182014E-06
8364.938803	1.346936822	9.0959477E-06
8364.456674	1.346936584	9.0741357E-06
8363.974545	1.346936345	9.0526837E-06
8363.492416	1.346936107	9.0316100E-06
8363.010287	1.346935868	9.0109588E-06
8362.528159	1.346935749	8.9907394E-06
8362.046030	1.346935511	8.9709893E-06
8361.563901	1.346935272	8.9516362E-06
8361.081772	1.346935034	8.9327525E-06
8360.599644	1.346934795	8.9142811E-06
8360.117515	1.346934557	8.8963626E-06
8359.635386	1.346934438	8.8788656E-06
8359.153257	1.346934199	8.8619160E-06
8358.671129	1.346933961	8.8453602E-06
8358.189000	1.346933722	8.8293177E-06
8357.706871	1.346933484	8.8135940E-06
8357.224742	1.346933365	8.7983282E-06
8356.742614	1.346933126	8.7833483E-06
8356.260485	1.346932888	8.7687907E-06
8355.778356	1.346932650	8.7545044E-06
8355.296227	1.346932411	8.7406122E-06
8354.814099	1.346932292	8.7269517E-06
8354.331970	1.346932054	8.7136525E-06
8353.849841	1.346931815	8.7006543E-06
8353.367712	1.346931577	8.6880598E-06
8352.885584	1.346931338	8.6757743E-06
8352.403455	1.346931100	8.6638324E-06
8351.921326	1.346930981	8.6521663E-06
8351.439197	1.346930742	8.6407673E-06
8350.957068	1.346930504	8.6296158E-06
8350.474940	1.346930265	8.6187128E-06
8349.992811	1.346930027	8.6081267E-06
8349.510682	1.346929908	8.5978067E-06
8349.028553	1.346929669	8.5877920E-06
8348.546425	1.346929431	8.5779329E-06
8348.064296	1.346929193	8.5683233E-06
8347.582167	1.346928954	8.5588391E-06
8347.100038	1.346928835	8.5496405E-06
8346.617910	1.346928596	8.5406482E-06
8346.135781	1.346928358	8.5320464E-06
8345.653652	1.346928120	8.5236921E-06
8345.171523	1.346927881	8.5157141E-06
8344.689395	1.346927643	8.5079335E-06
8344.207266	1.346927524	8.5004575E-06
8343.725137	1.346927285	8.4931322E-06
8343.243008	1.346927047	8.4861310E-06
8342.760880	1.346926808	8.4793239E-06
8342.278751	1.346926570	8.4728156E-06
8341.796622	1.346926451	8.4664865E-06
8341.314493	1.346926212	8.4603846E-06
8340.832365	1.346925974	8.4543981E-06
8340.350236	1.346925735	8.4485343E-06
8339.868107	1.346925497	8.4427552E-06
8339.385978	1.346925378	8.4370994E-06
8338.903849	1.346925139	8.4316330E-06
8338.421721	1.346924901	8.4263536E-06
8337.939592	1.346924663	8.4213132E-06
8337.457463	1.346924424	8.4164581E-06
8336.975334	1.346924305	8.4118729E-06
8336.493206	1.346924067	8.4074713E-06
8336.011077	1.346923828	8.4034251E-06
8335.528948	1.346923590	8.3996288E-06
8335.046819	1.346923351	8.3962067E-06
8334.564691	1.346923232	8.3929846E-06
8334.082562	1.346922994	8.3901227E-06
8333.600433	1.346922755	8.3874387E-06
8333.118304	1.346922517	8.3851008E-06
8332.636176	1.346922398	8.3829546E-06
8332.154047	1.346922040	8.3811683E-06
8331.671918	1.346921921	8.3795650E-06
8331.189789	1.346921682	8.3782333E-06
8330.707661	1.346921444	8.3769632E-06
8330.225532	1.346921206	8.3758358E-06
8329.743403	1.346921086	8.3747368E-06
8329.261274	1.346920848	8.3738077E-06
8328.779146	1.346920609	8.3729724E-06
8328.297017	1.346920371	8.3722467E-06
8327.814888	1.346920252	8.3715179E-06
8327.332759	1.346920013	8.3707720E-06
8326.850630	1.346919775	8.3700115E-06
8326.368502	1.346919537	8.3692009E-06
8325.886373	1.346919298	8.3683979E-06
8325.404244	1.346919179	8.3675841E-06
8324.922115	1.346918941	8.3669184E-06
8324.439987	1.346918702	8.3663357E-06
8323.957858	1.346918464	8.3659278E-06
8323.475729	1.346918344	8.3655481E-06
8322.993600	1.346918106	8.3653405E-06
8322.511472	1.346917868	8.3651671E-06
8322.029343	1.346917629	8.3652323E-06
8321.547214	1.346917391	8.3653898E-06
8321.065085	1.346917272	8.3658248E-06
8320.582957	1.346917033	8.3663798E-06
8320.100828	1.346916795	8.3672258E-06
8319.618699	1.346916556	8.3681554E-06
8319.136570	1.346916437	8.3692873E-06
8318.654442	1.346916199	8.3704860E-06
8318.172313	1.346915960	8.3719261E-06
8317.690184	1.346915722	8.3735296E-06
8317.208055	1.346915603	8.3753968E-06
8316.725927	1.346915364	8.3774023E-06
8316.243798	1.346915126	8.3795922E-06
8315.761669	1.346914887	8.3818954E-06
8315.279540	1.346914768	8.3842926E-06
8314.797411	1.346914530	8.3867702E-06
8314.315283	1.346914291	8.3893126E-06
8313.833154	1.346914053	8.3919380E-06
8313.351025	1.346913934	8.3945427E-06
8312.868896	1.346913695	8.3971881E-06
8312.386768	1.346913457	8.3997378E-06
8311.904639	1.346913218	8.4023193E-06
8311.422510	1.346913099	8.4048410E-06
8310.940381	1.346912861	8.4074911E-06
8310.458253	1.346912622	8.4101207E-06
8309.976124	1.346912384	8.4129058E-06
8309.493995	1.346912265	8.4156867E-06
8309.011866	1.346912026	8.4186365E-06
8308.529738	1.346911788	8.4215626E-06
8308.047609	1.346911550	8.4246249E-06
8307.565480	1.346911430	8.4276558E-06
8307.083351	1.346911192	8.4308370E-06
8306.601223	1.346910954	8.4339781E-06
8306.119094	1.346910715	8.4371624E-06
8305.636965	1.346910596	8.4402100E-06
8305.154836	1.346910357	8.4431961E-06
8304.672708	1.346910119	8.4460146E-06
8304.190579	1.346909881	8.4487277E-06
8303.708450	1.346909761	8.4513111E-06
8303.226321	1.346909523	8.4537839E-06
8302.744192	1.346909285	8.4561762E-06
8302.262064	1.346909046	8.4584968E-06
8301.779935	1.346908927	8.4607947E-06
8301.297806	1.346908689	8.4629883E-06
8300.815677	1.346908450	8.4651835E-06
8300.333549	1.346908331	8.4673052E-06
8299.851420	1.346908092	8.4694944E-06
8299.369291	1.346907854	8.4715915E-06
8298.887162	1.346907735	8.4737479E-06
8298.405034	1.346907496	8.4758014E-06
8297.922905	1.346907258	8.4779639E-06
8297.440776	1.346907020	8.4800375E-06
8296.958647	1.346906900	8.4821703E-06
8296.476519	1.346906662	8.4841091E-06
8295.994390	1.346906424	8.4859992E-06
8295.512261	1.346906185	8.4876730E-06
8295.030132	1.346906066	8.4893341E-06
8294.548004	1.346905828	8.4908423E-06
8294.065875	1.346905589	8.4923491E-06
8293.583746	1.346905351	8.4937494E-06
8293.101617	1.346905231	8.4951484E-06
8292.619489	1.346904993	8.4964152E-06
8292.137360	1.346904755	8.4975817E-06
8291.655231	1.346904635	8.4986211E-06
8291.173102	1.346904397	8.4996110E-06
8290.690973	1.346904159	8.5006098E-06
8290.208845	1.346904039	8.5015712E-06
8289.726716	1.346903801	8.5025272E-06
8289.244587	1.346903563	8.5033689E-06
8288.762458	1.346903324	8.5041686E-06
8288.280330	1.346903205	8.5047692E-06
8287.798201	1.346902966	8.5052893E-06
8287.316072	1.346902728	8.5055364E-06
8286.833943	1.346902609	8.5056834E-06
8286.351815	1.346902370	8.5055628E-06
8285.869686	1.346902132	8.5053852E-06
8285.387557	1.346902013	8.5049311E-06
8284.905428	1.346901774	8.5043918E-06
8284.423300	1.346901536	8.5035896E-06
8283.941171	1.346901298	8.5027383E-06
8283.459042	1.346901178	8.5016540E-06
8282.976913	1.346900940	8.5005374E-06
8282.494785	1.346900702	8.4992484E-06
8282.012656	1.346900582	8.4979577E-06
8281.530527	1.346900344	8.4965245E-06
8281.048398	1.346900105	8.4950515E-06
8280.566270	1.346899986	8.4934636E-06
8280.084141	1.346899748	8.4918258E-06
8279.602012	1.346899509	8.4901111E-06
8279.119883	1.346899271	8.4883026E-06
8278.637754	1.346899152	8.4863889E-06
8278.155626	1.346898913	8.4842879E-06
8277.673497	1.346898675	8.4820537E-06
8277.191368	1.346898556	8.4796136E-06
8276.709239	1.346898317	8.4771199E-06
8276.227111	1.346898079	8.4744511E-06
8275.744982	1.346897960	8.4717973E-06
8275.262853	1.346897721	8.4689604E-06
8274.780724	1.346897483	8.4660912E-06
8274.298596	1.346897244	8.4629426E-06
8273.816467	1.346897125	8.4597562E-06
8273.334338	1.346896887	8.4563572E-06
8272.852209	1.346896648	8.4530147E-06
8272.370081	1.346896410	8.4495563E-06
8271.887952	1.346896291	8.4462263E-06
8271.405823	1.346896052	8.4428160E-06
8270.923694	1.346895933	8.4394845E-06
8270.441566	1.346895695	8.4360116E-06
8269.959437	1.346895456	8.4325268E-06
8269.477308	1.346895218	8.4288863E-06
8268.995179	1.346895099	8.4252233E-06
8268.513051	1.346894860	8.4214759E-06
8268.030922	1.346894622	8.4177147E-06
8267.548793	1.346894383	8.4138710E-06
8267.066664	1.346894264	8.4098837E-06
8266.584535	1.346894026	8.4057467E-06
8266.102407	1.346893907	8.4013785E-06
8265.620278	1.346893668	8.3968797E-06
8265.138149	1.346893430	8.3921834E-06
8264.656020	1.346893191	8.3874829E-06
8264.173892	1.346893072	8.3826512E-06
8263.691763	1.346892834	8.3778673E-06
8263.209634	1.346892595	8.3729195E-06
8262.727505	1.346892357	8.3680003E-06
8262.245377	1.346892238	8.3628869E-06
8261.763248	1.346891999	8.3578375E-06
8261.281119	1.346891761	8.3526409E-06
8260.798990	1.346891522	8.3475531E-06
8260.316862	1.346891403	8.3423377E-06
8259.834733	1.346891165	8.3372586E-06
8259.352604	1.346890926	8.3321675E-06
8258.870475	1.346890688	8.3272762E-06
8258.388347	1.346890569	8.3223917E-06
8257.906218	1.346890330	8.3176496E-06
8257.424089	1.346890211	8.3129058E-06
8256.941960	1.346889973	8.3082329E-06
8256.459832	1.346889734	8.3035410E-06
8255.977703	1.346889496	8.2988790E-06
8255.495574	1.346889377	8.2942225E-06
8255.013445	1.346889138	8.2895110E-06
8254.531316	1.346888900	8.2847052E-06
8254.049188	1.346888661	8.2796241E-06
8253.567059	1.346888542	8.2743134E-06
8253.084930	1.346888304	8.2686286E-06
8252.602801	1.346888065	8.2627798E-06
8252.120673	1.346887827	8.2566288E-06
8251.638544	1.346887708	8.2504348E-06
8251.156415	1.346887469	8.2440050E-06
8250.674286	1.346887231	8.2376150E-06
8250.192158	1.346886992	8.2310419E-06
8249.710029	1.346886873	8.2245666E-06
8249.227900	1.346886635	8.2179855E-06
8248.745771	1.346886396	8.2116432E-06
8248.263643	1.346886277	8.2053690E-06
8247.781514	1.346886039	8.1994357E-06
8247.299385	1.346885800	8.1936198E-06
8246.817256	1.346885681	8.1881066E-06
8246.335128	1.346885443	8.1826332E-06
8245.852999	1.346885204	8.1772804E-06
8245.370870	1.346884966	8.1718540E-06
8244.888741	1.346884847	8.1664051E-06
8244.406613	1.346884608	8.1608240E-06
8243.924484	1.346884370	8.1550993E-06
8243.442355	1.346884131	8.1491623E-06
8242.960226	1.346884012	8.1428835E-06
8242.478097	1.346883774	8.1362484E-06
8241.995969	1.346883535	8.1291560E-06
8241.513840	1.346883297	8.1217844E-06
8241.031711	1.346883178	8.1140495E-06
8240.549582	1.346882939	8.1061867E-06
8240.067454	1.346882701	8.0980353E-06
8239.585325	1.346882463	8.0898662E-06
8239.103196	1.346882343	8.0814612E-06
8238.621067	1.346882105	8.0731406E-06
8238.138939	1.346881866	8.0647329E-06
8237.656810	1.346881628	8.0566028E-06
8237.174681	1.346881509	8.0485264E-06
8236.692552	1.346881270	8.0407637E-06
8236.210424	1.346881032	8.0330297E-06
8235.728295	1.346880794	8.0255344E-06
8235.246166	1.346880674	8.0180567E-06
8234.764037	1.346880436	8.0108296E-06
8234.281909	1.346880198	8.0036840E-06
8233.799780	1.346879959	7.9967124E-06
8233.317651	1.346879840	7.9897109E-06
8232.835522	1.346879601	7.9826813E-06
8232.353394	1.346879363	7.9755301E-06
8231.871265	1.346879244	7.9682546E-06
8231.389136	1.346879005	7.9609044E-06
8230.907007	1.346878767	7.9534553E-06
8230.424878	1.346878529	7.9460088E-06
8229.942750	1.346878290	7.9384053E-06
8229.460621	1.346878171	7.9307711E-06
8228.978492	1.346877933	7.9228944E-06
8228.496363	1.346877694	7.9150146E-06
8228.014235	1.346877456	7.9069450E-06
8227.532106	1.346877337	7.8990264E-06
8227.049977	1.346877098	7.8910006E-06
8226.567848	1.346876860	7.8831149E-06
8226.085720	1.346876621	7.8750283E-06
8225.603591	1.346876502	7.8670078E-06
8225.121462	1.346876264	7.8587341E-06
8224.639333	1.346876025	7.8504823E-06
8224.157205	1.346875787	7.8420018E-06
8223.675076	1.346875668	7.8335763E-06
8223.192947	1.346875429	7.8249966E-06
8222.710818	1.346875191	7.8164471E-06
8222.228690	1.346874952	7.8077268E-06
8221.746561	1.346874833	7.7989733E-06
8221.264432	1.346874595	7.7901041E-06
8220.782303	1.346874356	7.7812129E-06
8220.300175	1.346874118	7.7722858E-06
8219.818046	1.346873999	7.7633284E-06
8219.335917	1.346873760	7.7543906E-06
8218.853788	1.346873522	7.7454059E-06
8218.371659	1.346873283	7.7365152E-06
8217.889531	1.346873164	7.7275252E-06
8217.407402	1.346872926	7.7186014E-06
8216.925273	1.346872687	7.7095008E-06
8216.443144	1.346872449	7.7004584E-06
8215.961016	1.346872330	7.6911649E-06
8215.478887	1.346872091	7.6819024E-06
8214.996758	1.346871853	7.6723886E-06
8214.514629	1.346871614	7.6629335E-06
8214.032501	1.346871495	7.6532244E-06
8213.550372	1.346871257	7.6435742E-06
8213.068243	1.346871018	7.6336782E-06
8212.586114	1.346870780	7.6238572E-06
8212.103986	1.346870661	7.6138895E-06
8211.621857	1.346870422	7.6041069E-06
8211.139728	1.346870184	7.5943263E-06
8210.657599	1.346869946	7.5847499E-06
8210.175471	1.346869707	7.5751894E-06
8209.693342	1.346869588	7.5657310E-06
8209.211213	1.346869349	7.5562558E-06
8208.729084	1.346869111	7.5467613E-06
8208.246955	1.346868873	7.5372090E-06
8207.764827	1.346868634	7.5275656E-06
8207.282698	1.346868515	7.5178981E-06
8206.800569	1.346868277	7.5080485E-06
8206.318440	1.346868038	7.4981255E-06
8205.836312	1.346867800	7.4879016E-06
8205.354183	1.346867681	7.4775964E-06
8204.872054	1.346867442	7.4669843E-06
8204.389925	1.346867204	7.4564178E-06
8203.907797	1.346866965	7.4456595E-06
8203.425668	1.346866846	7.4350679E-06
8202.943539	1.346866608	7.4243722E-06
8202.461410	1.346866369	7.4139256E-06
8201.979282	1.346866131	7.4033719E-06
8201.497153	1.346865892	7.3929875E-06
8201.015024	1.346865654	7.3824358E-06
8200.532895	1.346865535	7.3720180E-06
8200.050767	1.346865296	7.3614662E-06
8199.568638	1.346865058	7.3510288E-06
8199.086509	1.346864820	7.3404743E-06
8198.604380	1.346864700	7.3299486E-06
8198.122252	1.346864462	7.3192572E-06
8197.640123	1.346864223	7.3084379E-06
8197.157994	1.346863985	7.2973936E-06
8196.675865	1.346863866	7.2861381E-06
8196.193736	1.346863627	7.2747402E-06
8195.711608	1.346863389	7.2631957E-06
8195.229479	1.346863151	7.2516854E-06
8194.747350	1.346862912	7.2400720E-06
8194.265221	1.346862674	7.2285540E-06
8193.783093	1.346862555	7.2169044E-06
8193.300964	1.346862316	7.2053861E-06
8192.818835	1.346862078	7.1937106E-06
8192.336706	1.346861839	7.1822274E-06
8191.854578	1.346861720	7.1706576E-06
8191.372449	1.346861482	7.1593682E-06
8190.890320	1.346861243	7.1479922E-06
8190.408191	1.346861005	7.1368504E-06
8189.926063	1.346860766	7.1255612E-06
8189.443934	1.346860528	7.1144312E-06
8188.961805	1.346860409	7.1031180E-06
8188.479676	1.346860170	7.0919200E-06
8187.997548	1.346859932	7.0805728E-06
8187.515419	1.346859694	7.0693101E-06
8187.033290	1.346859574	7.0579128E-06
8186.551161	1.346859336	7.0465224E-06
8186.069033	1.346859097	7.0349904E-06
8185.586904	1.346858859	7.0233572E-06
8185.104775	1.346858621	7.0115784E-06
8184.622646	1.346858382	6.9996129E-06
8184.140517	1.346858263	6.9874906E-06
8183.658389	1.346858025	6.9750881E-06
8183.176260	1.346857786	6.9625630E-06
8182.694131	1.346857548	6.9497441E-06
8182.212002	1.346857429	6.9368771E-06
8181.729874	1.346857190	6.9236959E-06
8181.247745	1.346856952	6.9105250E-06
8180.765616	1.346856713	6.8970716E-06
8180.283487	1.346856475	6.8837299E-06
8179.801359	1.346856236	6.8701950E-06
8179.319230	1.346856117	6.8569063E-06
8178.837101	1.346855879	6.8435285E-06
8178.354972	1.346855640	6.8304222E-06
8177.872844	1.346855402	6.8172383E-06
8177.390715	1.346855164	6.8042983E-06
8176.908586	1.346854925	6.7912544E-06
8176.426457	1.346854806	6.7783833E-06
8175.944329	1.346854568	6.7654132E-06
8175.462200	1.346854329	6.7525386E-06
8174.980071	1.346854091	6.7395279E-06
8174.497942	1.346853852	6.7264709E-06
8174.015814	1.346853614	6.7132328E-06
8173.533685	1.346853495	6.6998449E-06
8173.051556	1.346853256	6.6863400E-06
8172.569427	1.346853018	6.6727073E-06
8172.087298	1.346852779	6.6591179E-06
8171.605170	1.346852660	6.6454533E-06
8171.123041	1.346852303	6.6319266E-06
8170.640912	1.346852183	6.6183282E-06
8170.158783	1.346851945	6.6049541E-06
8169.676655	1.346851707	6.5915154E-06
8169.194526	1.346851468	6.5783983E-06
8168.712397	1.346851230	6.5653051E-06
8168.230268	1.346850991	6.5526079E-06
8167.748140	1.346850872	6.5398630E-06
8167.266011	1.346850634	6.5273782E-06
8166.783882	1.346850395	6.5146740E-06
8166.301753	1.346850157	6.5020663E-06
8165.819625	1.346849918	6.4891935E-06
8165.337496	1.346849680	6.4764262E-06
8164.855367	1.346849561	6.4634915E-06
8164.373238	1.346849322	6.4506457E-06
8163.891110	1.346849084	6.4375579E-06
8163.408981	1.346848845	6.4243452E-06
8162.926852	1.346848607	6.4108346E-06
8162.444723	1.346848369	6.3971628E-06
8161.962595	1.346848249	6.3833598E-06
8161.480466	1.346848011	6.3695224E-06
8160.998337	1.346847773	6.3557533E-06
8160.516208	1.346847534	6.3419491E-06
8160.034079	1.346847296	6.3282361E-06
8159.551951	1.346847057	6.3143899E-06
8159.069822	1.346846819	6.3006544E-06
8158.587693	1.346846581	6.2868357E-06
8158.105564	1.346846461	6.2733376E-06
8157.623436	1.346846223	6.2598442E-06
8157.141307	1.346845984	6.2466895E-06
8156.659178	1.346845746	6.2334288E-06
8156.177049	1.346845508	6.2204296E-06
8155.694921	1.346845269	6.2072532E-06
8155.212792	1.346845150	6.1942656E-06
8154.730663	1.346844792	6.1810456E-06
8154.248534	1.346844673	6.1679508E-06
8153.766406	1.346844435	6.1546039E-06
8153.284277	1.346844196	6.1413038E-06
8152.802148	1.346843958	6.1277380E-06
8152.320019	1.346843719	6.1141608E-06
8151.837891	1.346843481	6.1003873E-06
8151.355762	1.346843362	6.0866344E-06
8150.873633	1.346843123	6.0728146E-06
8150.391504	1.346842885	6.0589900E-06
8149.909376	1.346842647	6.0451563E-06
8149.427247	1.346842408	6.0313067E-06
8148.945118	1.346842170	6.0175617E-06
8148.462989	1.346841931	6.0037783E-06
8147.980860	1.346841693	5.9901496E-06
8147.498732	1.346841574	5.9764609E-06
8147.016603	1.346841335	5.9630120E-06
8146.534474	1.346841097	5.9494710E-06
8146.052345	1.346840858	5.9361789E-06
8145.570217	1.346840620	5.9227497E-06
8145.088088	1.346840382	5.9095886E-06
8144.605959	1.346840143	5.8962864E-06
8144.123830	1.346839905	5.8832602E-06
8143.641702	1.346839786	5.8701018E-06
8143.159573	1.346839428	5.8571994E-06
8142.677444	1.346839309	5.8441430E-06
8142.195315	1.346839070	5.8312689E-06
8141.713187	1.346838832	5.8181983E-06
8141.231058	1.346838593	5.8051909E-06
8140.748929	1.346838355	5.7919461E-06
8140.266800	1.346838117	5.7787037E-06
8139.784672	1.346837878	5.7653045E-06
8139.302543	1.346837640	5.7518881E-06
8138.820414	1.346837521	5.7383974E-06
8138.338285	1.346837282	5.7248499E-06
8137.856157	1.346837044	5.7112876E-06
8137.374028	1.346836805	5.6976165E-06
8136.891899	1.346836567	5.6840235E-06
8136.409770	1.346836329	5.6703453E-06
8135.927641	1.346836090	5.6568684E-06
8135.445513	1.346835852	5.6433437E-06
8134.963384	1.346835613	5.6301006E-06
8134.481255	1.346835375	5.6167303E-06
8133.999126	1.346835256	5.6035532E-06
8133.516998	1.346835017	5.5901216E-06
8133.034869	1.346834779	5.5768634E-06
8132.552740	1.346834540	5.5633667E-06
8132.070611	1.346834302	5.5500971E-06
8131.588483	1.346834064	5.5366544E-06
8131.106354	1.346833825	5.5234468E-06
8130.624225	1.346833587	5.5100419E-06
8130.142096	1.346833348	5.4967352E-06
8129.659968	1.346833110	5.4831796E-06
8129.177839	1.346832991	5.4697006E-06
8128.695710	1.346832633	5.4561437E-06
8128.213581	1.346832514	5.4427826E-06
8127.731453	1.346832275	5.4295298E-06
8127.249324	1.346832037	5.4164311E-06
8126.767195	1.346831799	5.4033971E-06
8126.285066	1.346831560	5.3903319E-06
8125.802938	1.346831322	5.3772964E-06
8125.320809	1.346831083	5.3641556E-06
8124.838680	1.346830845	5.3511585E-06
8124.356551	1.346830606	5.3381198E-06
8123.874422	1.346830368	5.3253201E-06
8123.392294	1.346830249	5.3123410E-06
8122.910165	1.346829891	5.2994628E-06
8122.428036	1.346829772	5.2862302E-06
8121.945907	1.346829534	5.2730740E-06
8121.463779	1.346829295	5.2596107E-06
8120.981650	1.346829057	5.2463706E-06
8120.499521	1.346828818	5.2329951E-06
8120.017392	1.346828580	5.2199268E-06
8119.535264	1.346828341	5.2067145E-06
8119.053135	1.346828103	5.1936983E-06
8118.571006	1.346827865	5.1804984E-06
8118.088877	1.346827626	5.1674793E-06
8117.606749	1.346827388	5.1544064E-06
8117.124620	1.346827149	5.1415746E-06
8116.642491	1.346827030	5.1287854E-06
8116.160362	1.346826673	5.1161325E-06
8115.678234	1.346826553	5.1034817E-06
8115.196105	1.346826315	5.0908074E-06
8114.713976	1.346826077	5.0781252E-06
8114.231847	1.346825838	5.0653607E-06
8113.749719	1.346825600	5.0527011E-06
8113.267590	1.346825361	5.0399445E-06
8112.785461	1.346825123	5.0273124E-06
8112.303332	1.346824884	5.0144706E-06
8111.821203	1.346824646	5.0017424E-06
8111.339075	1.346824408	4.9887381E-06
8110.856946	1.346824169	4.9758533E-06
8110.374817	1.346823931	4.9626650E-06
8109.892688	1.346823692	4.9496246E-06
8109.410560	1.346823454	4.9362870E-06
8108.928431	1.346823215	4.9230925E-06
8108.446302	1.346822977	4.9096157E-06
8107.964173	1.346822858	4.8963237E-06
8107.482045	1.346822500	4.8828534E-06
8106.999916	1.346822381	4.8696492E-06
8106.517787	1.346822143	4.8564419E-06
8106.035658	1.346821904	4.8435802E-06
8105.553530	1.346821666	4.8308280E-06
8105.071401	1.346821427	4.8183756E-06
8104.589272	1.346821189	4.8060604E-06
8104.107143	1.346820951	4.7939318E-06
8103.625015	1.346820712	4.7819437E-06
8103.142886	1.346820474	4.7700623E-06
8102.660757	1.346820235	4.7583744E-06
8102.178628	1.346819997	4.7466984E-06
8101.696500	1.346819758	4.7351875E-06
8101.214371	1.346819520	4.7235299E-06
8100.732242	1.346819282	4.7119628E-06
8100.250113	1.346819043	4.7001077E-06
8099.767984	1.346818805	4.6883750E-06
8099.285856	1.346818566	4.6764136E-06
8098.803727	1.346818328	4.6647060E-06
8098.321598	1.346818089	4.6528241E-06
8097.839469	1.346817851	4.6412175E-06
8097.357341	1.346817613	4.6293866E-06
8096.875212	1.346817374	4.6177550E-06
8096.393083	1.346817255	4.6058709E-06
8095.910954	1.346816897	4.5941687E-06
8095.428826	1.346816778	4.5823094E-06
8094.946697	1.346816421	4.5706593E-06
8094.464568	1.346816301	4.5588930E-06
8093.982439	1.346816063	4.5472257E-06
8093.500311	1.346815825	4.5354029E-06
8093.018182	1.346815586	4.5235448E-06
8092.536053	1.346815348	4.5115712E-06
8092.053924	1.346815109	4.4995446E-06
8091.571796	1.346814871	4.4874812E-06
8091.089667	1.346814632	4.4752786E-06
8090.607538	1.346814394	4.4630643E-06
8090.125409	1.346814156	4.4506126E-06
8089.643281	1.346813917	4.4381706E-06
8089.161152	1.346813679	4.4254684E-06
8088.679023	1.346813440	4.4129032E-06
8088.196894	1.346813202	4.4001272E-06
8087.714765	1.346812963	4.3875699E-06
8087.232637	1.346812725	4.3748092E-06
8086.750508	1.346812487	4.3623212E-06
8086.268379	1.346812248	4.3496756E-06
8085.786250	1.346812010	4.3373708E-06
8085.304122	1.346811771	4.3250029E-06
8084.821993	1.346811533	4.3130299E-06
8084.339864	1.346811295	4.3010225E-06
8083.857735	1.346811056	4.2893305E-06
8083.375607	1.346810818	4.2775774E-06
8082.893478	1.346810579	4.2660599E-06
8082.411349	1.346810341	4.2545159E-06
8081.929220	1.346810102	4.2431592E-06
8081.447092	1.346809864	4.2318527E-06
8080.964963	1.346809626	4.2206834E-06
8080.482834	1.346809387	4.2095995E-06
8080.000705	1.346809149	4.1985468E-06
8079.518577	1.346808910	4.1875812E-06
8079.036448	1.346808672	4.1765305E-06
8078.554319	1.346808434	4.1656091E-06
8078.072190	1.346808195	4.1545951E-06
8077.590062	1.346807957	4.1437911E-06
8077.107933	1.346807718	4.1328161E-06
8076.625804	1.346807480	4.1220168E-06
8076.143675	1.346807241	4.1109316E-06
8075.661546	1.346807003	4.0999525E-06
8075.179418	1.346806765	4.0886089E-06
8074.697289	1.346806526	4.0773872E-06
8074.215160	1.346806288	4.0659045E-06
8073.733031	1.346806049	4.0546707E-06
8073.250903	1.346805811	4.0432862E-06
8072.768774	1.346805573	4.0321698E-06
8072.286645	1.346805334	4.0209245E-06
8071.804516	1.346805096	4.0099144E-06
8071.322388	1.346804857	3.9988736E-06
8070.840259	1.346804619	3.9881105E-06
8070.358130	1.346804380	3.9774530E-06
8069.876001	1.346804142	3.9670597E-06
8069.393873	1.346803904	3.9568258E-06
8068.911744	1.346803665	3.9467092E-06
8068.429615	1.346803427	3.9366600E-06
8067.947486	1.346803188	3.9265252E-06
8067.465358	1.346802950	3.9164402E-06
8066.983229	1.346802711	3.9062276E-06
8066.501100	1.346802473	3.8961531E-06
8066.018971	1.346802235	3.8859350E-06
8065.536843	1.346801996	3.8759321E-06
8065.054714	1.346801758	3.8657525E-06
8064.572585	1.346801519	3.8557653E-06
8064.090456	1.346801281	3.8455161E-06
8063.608327	1.346801043	3.8354630E-06
8063.126199	1.346800804	3.8251779E-06
8062.644070	1.346800566	3.8151554E-06
8062.161941	1.346800327	3.8049766E-06
8061.679812	1.346800089	3.7950673E-06
8061.197684	1.346799850	3.7849719E-06
8060.715555	1.346799612	3.7750213E-06
8060.233426	1.346799374	3.7648432E-06
8059.751297	1.346799135	3.7547396E-06
8059.269169	1.346798897	3.7445028E-06
8058.787040	1.346798658	3.7343836E-06
8058.304911	1.346798420	3.7242805E-06
8057.822782	1.346798182	3.7142919E-06
8057.340654	1.346797943	3.7043855E-06
8056.858525	1.346797705	3.6945224E-06
8056.376396	1.346797347	3.6847852E-06
8055.894267	1.346797228	3.6750441E-06
8055.412139	1.346796870	3.6655056E-06
8054.930010	1.346796751	3.6559281E-06
8054.447881	1.346796393	3.6465904E-06
8053.965752	1.346796155	3.6371182E-06
8053.483624	1.346795917	3.6278863E-06
8053.001495	1.346795678	3.6185124E-06
8052.519366	1.346795440	3.6094280E-06
8052.037237	1.346795201	3.6001864E-06
8051.555108	1.346794963	3.5912442E-06
8051.072980	1.346794724	3.5821429E-06
8050.590851	1.346794486	3.5732951E-06
8050.108722	1.346794248	3.5642942E-06
8049.626593	1.346794009	3.5555625E-06
8049.144465	1.346793771	3.5467633E-06
8048.662336	1.346793532	3.5382640E-06
8048.180207	1.346793294	3.5297972E-06
8047.698078	1.346793056	3.5215998E-06
8047.215950	1.346792817	3.5134417E-06
8046.733821	1.346792579	3.5054149E-06
8046.251692	1.346792340	3.4973968E-06
8045.769563	1.346792102	3.4894034E-06
8045.287435	1.346791863	3.4814506E-06
8044.805306	1.346791506	3.4734436E-06
8044.323177	1.346791387	3.4655378E-06
8043.841048	1.346791029	3.4575372E-06
8043.358920	1.346790910	3.4496585E-06
8042.876791	1.346790552	3.4415693E-06
8042.394662	1.346790314	3.4335535E-06
8041.912533	1.346790075	3.4252138E-06
8041.430405	1.346789837	3.4169640E-06
8040.948276	1.346789598	3.4084467E-06
8040.466147	1.346789360	3.4001484E-06
8039.984018	1.346789122	3.3916838E-06
8039.501889	1.346788883	3.3834887E-06
8039.019761	1.346788645	3.3751340E-06
8038.537632	1.346788406	3.3669860E-06
8038.055503	1.346788168	3.3586218E-06
8037.573374	1.346787930	3.3503756E-06
8037.091246	1.346787691	3.3419641E-06
8036.609117	1.346787453	3.3337156E-06
8036.126988	1.346787214	3.3254253E-06
8035.644859	1.346786976	3.3172819E-06
8035.162731	1.346786737	3.3091473E-06
8034.680602	1.346786499	3.3010705E-06
8034.198473	1.346786141	3.2930432E-06
8033.716344	1.346786022	3.2850575E-06
8033.234216	1.346785665	3.2772650E-06
8032.752087	1.346785426	3.2695820E-06
8032.269958	1.346785188	3.2622738E-06
8031.787829	1.346784949	3.2551314E-06
8031.305701	1.346784711	3.2484019E-06
8030.823572	1.346784472	3.2416925E-06
8030.341443	1.346784234	3.2353163E-06
8029.859314	1.346783996	3.2288759E-06
8029.377186	1.346783757	3.2227655E-06
8028.895057	1.346783519	3.2165395E-06
8028.412928	1.346783280	3.2105644E-06
8027.930799	1.346783042	3.2043381E-06
8027.448670	1.346782684	3.1981929E-06
8026.966542	1.346782565	3.1916891E-06
8026.484413	1.346782207	3.1851954E-06
8026.002284	1.346782088	3.1784222E-06
8025.520155	1.346781731	3.1717502E-06
8025.038027	1.346781492	3.1649804E-06
8024.555898	1.346781254	3.1583530E-06
8024.073769	1.346781015	3.1516758E-06
8023.591640	1.346780777	3.1450697E-06
8023.109512	1.346780539	3.1385210E-06
8022.627383	1.346780300	3.1321274E-06
8022.145254	1.346780062	3.1259632E-06
8021.663125	1.346779823	3.1199620E-06
8021.180997	1.346779585	3.1142368E-06
8020.698868	1.346779346	3.1085602E-06
8020.216739	1.346779108	3.1030987E-06
8019.734610	1.346778750	3.0975270E-06
8019.252482	1.346778631	3.0921270E-06
8018.770353	1.346778274	3.0865660E-06
8018.288224	1.346778035	3.0812170E-06
8017.806095	1.346777797	3.0756865E-06
8017.323966	1.346777558	3.0703181E-06
8016.841838	1.346777320	3.0646659E-06
8016.359709	1.346777081	3.0590869E-06
8015.877580	1.346776843	3.0532274E-06
8015.395451	1.346776605	3.0474786E-06
8014.913323	1.346776366	3.0415299E-06
8014.431194	1.346776128	3.0357333E-06
8013.949065	1.346775889	3.0298481E-06
8013.466936	1.346775651	3.0241214E-06
8012.984808	1.346775293	3.0183474E-06
8012.502679	1.346775174	3.0126899E-06
8012.020550	1.346774817	3.0070686E-06
8011.538421	1.346774578	3.0015664E-06
8011.056293	1.346774340	2.9961847E-06
8010.574164	1.346774101	2.9908767E-06
8010.092035	1.346773863	2.9857146E-06
8009.609906	1.346773624	2.9805451E-06
8009.127778	1.346773386	2.9755507E-06
8008.645649	1.346773148	2.9705017E-06
8008.163520	1.346772909	2.9656310E-06
8007.681391	1.346772671	2.9606195E-06
8007.199263	1.346772313	2.9558003E-06
8006.717134	1.346772194	2.9508709E-06
8006.235005	1.346771836	2.9462279E-06
8005.752876	1.346771598	2.9415224E-06
8005.270747	1.346771359	2.9370934E-06
8004.788619	1.346771121	2.9325032E-06
8004.306490	1.346770883	2.9280215E-06
8003.824361	1.346770644	2.9232697E-06
8003.342232	1.346770406	2.9185751E-06
8002.860104	1.346770167	2.9137036E-06
8002.377975	1.346769929	2.9089520E-06
8001.895846	1.346769691	2.9040839E-06
8001.413717	1.346769452	2.8992262E-06
8000.931589	1.346769214	2.8941900E-06
8000.449460	1.346768856	2.8890856E-06
7999.967331	1.346768618	2.8839611E-06
7999.485202	1.346768379	2.8789495E-06
7999.003074	1.346768141	2.8741734E-06
7998.520945	1.346767902	2.8695668E-06
7998.038816	1.346767664	2.8652381E-06
7997.556687	1.346767426	2.8609402E-06
7997.074559	1.346767187	2.8568308E-06
7996.592430	1.346766949	2.8526855E-06
7996.110301	1.346766710	2.8488002E-06
7995.628172	1.346766353	2.8448671E-06
7995.146044	1.346766233	2.8411441E-06
7994.663915	1.346765876	2.8372337E-06
7994.181786	1.346765637	2.8334139E-06
7993.699657	1.346765399	2.8293326E-06
7993.217528	1.346765161	2.8253157E-06
7992.735400	1.346764922	2.8210489E-06
7992.253271	1.346764684	2.8168653E-06
7991.771142	1.346764445	2.8124908E-06
7991.289013	1.346764207	2.8081846E-06
7990.806885	1.346763968	2.8037351E-06
7990.324756	1.346763730	2.7993540E-06
7989.842627	1.346763372	2.7949175E-06
7989.360498	1.346763253	2.7905851E-06
7988.878370	1.346762896	2.7862694E-06
7988.396241	1.346762657	2.7819832E-06
7987.914112	1.346762419	2.7777379E-06
7987.431983	1.346762180	2.7735319E-06
7986.949855	1.346761942	2.7694764E-06
7986.467726	1.346761703	2.7654431E-06
7985.985597	1.346761465	2.7615769E-06
7985.503468	1.346761227	2.7576487E-06
7985.021340	1.346760988	2.7538494E-06
7984.539211	1.346760750	2.7499091E-06
7984.057082	1.346760392	2.7460806E-06
7983.574953	1.346760154	2.7420972E-06
7983.092825	1.346759915	2.7382733E-06
7982.610696	1.346759677	2.7343132E-06
7982.128567	1.346759439	2.7304910E-06
7981.646438	1.346759200	2.7264656E-06
7981.164309	1.346758962	2.7224858E-06
7980.682181	1.346758723	2.7182899E-06
7980.200052	1.346758485	2.7141814E-06
7979.717923	1.346758246	2.7099824E-06
7979.235794	1.346757889	2.7059130E-06
7978.753666	1.346757650	2.7018347E-06
7978.271537	1.346757412	2.6978847E-06
7977.789408	1.346757174	2.6939321E-06
7977.307279	1.346756935	2.6900171E-06
7976.825151	1.346756697	2.6861257E-06
7976.343022	1.346756458	2.6822789E-06
7975.860893	1.346756220	2.6785668E-06
7975.378764	1.346755981	2.6749153E-06
7974.896636	1.346755743	2.6714099E-06
7974.414507	1.346755385	2.6678250E-06
7973.932378	1.346755147	2.6642708E-06
7973.450249	1.346754909	2.6605063E-06
7972.968121	1.346754670	2.6567637E-06
7972.485992	1.346754432	2.6528403E-06
7972.003863	1.346754193	2.6490271E-06
7971.521734	1.346753955	2.6450774E-06
7971.039606	1.346753716	2.6412290E-06
7970.557477	1.346753478	2.6371553E-06
7970.075348	1.346753240	2.6330808E-06
7969.593219	1.346752882	2.6287874E-06
7969.111090	1.346752644	2.6245796E-06
7968.628962	1.346752405	2.6203102E-06
7968.146833	1.346752167	2.6162001E-06
7967.664704	1.346751928	2.6120526E-06
7967.182575	1.346751690	2.6079355E-06
7966.700447	1.346751451	2.6037049E-06
7966.218318	1.346751213	2.5994595E-06
7965.736189	1.346750975	2.5952143E-06
7965.254060	1.346750736	2.5910599E-06
7964.771932	1.346750379	2.5870742E-06
7964.289803	1.346750140	2.5832058E-06
7963.807674	1.346749902	2.5794715E-06
7963.325545	1.346749663	2.5756930E-06
7962.843417	1.346749425	2.5720002E-06
7962.361288	1.346749187	2.5683039E-06
7961.879159	1.346748948	2.5648683E-06
7961.397030	1.346748710	2.5615225E-06
7960.914902	1.346748352	2.5584434E-06
7960.432773	1.346748233	2.5553528E-06
7959.950644	1.346747875	2.5524014E-06
7959.468515	1.346747637	2.5493116E-06
7958.986387	1.346747398	2.5462953E-06
7958.504258	1.346747160	2.5431613E-06
7958.022129	1.346746922	2.5401298E-06
7957.540000	1.346746683	2.5369952E-06
7957.057871	1.346746445	2.5338571E-06
7956.575743	1.346746206	2.5304621E-06
7956.093614	1.346745849	2.5268978E-06
7955.611485	1.346745610	2.5230868E-06
7955.129356	1.346745372	2.5191520E-06
7954.647228	1.346745133	2.5150677E-06
7954.165099	1.346744895	2.5108770E-06
7953.682970	1.346744657	2.5066014E-06
7953.200841	1.346744418	2.5022354E-06
7952.718713	1.346744180	2.4978690E-06
7952.236584	1.346743822	2.4934814E-06
7951.754455	1.346743584	2.4892491E-06
7951.272326	1.346743345	2.4851046E-06
7950.790198	1.346743107	2.4811857E-06
7950.308069	1.346742868	2.4773032E-06
7949.825940	1.346742630	2.4735819E-06
7949.343811	1.346742392	2.4698133E-06
7948.861683	1.346742153	2.4661961E-06
7948.379554	1.346741796	2.4625597E-06
7947.897425	1.346741557	2.4590741E-06
7947.415296	1.346741319	2.4555183E-06
7946.933168	1.346741080	2.4520333E-06
7946.451039	1.346740842	2.4484407E-06
7945.968910	1.346740603	2.4448900E-06
7945.486781	1.346740365	2.4412836E-06
7945.004652	1.346740127	2.4377875E-06
7944.522524	1.346739769	2.4343546E-06
7944.040395	1.346739531	2.4310842E-06
7943.558266	1.346739292	2.4279067E-06
7943.076137	1.346739054	2.4248380E-06
7942.594009	1.346738815	2.4218604E-06
7942.111880	1.346738577	2.4189501E-06
7941.629751	1.346738338	2.4161273E-06
7941.147622	1.346738100	2.4133153E-06
7940.665494	1.346737742	2.4105407E-06
7940.183365	1.346737504	2.4076583E-06
7939.701236	1.346737266	2.4047335E-06
7939.219107	1.346737027	2.4016297E-06
7938.736979	1.346736789	2.3984411E-06
7938.254850	1.346736550	2.3950161E-06
7937.772721	1.346736312	2.3914870E-06
7937.290592	1.346736073	2.3877051E-06
7936.808464	1.346735716	2.3838163E-06
7936.326335	1.346735477	2.3797049E-06
7935.844206	1.346735239	2.3755487E-06
7935.362077	1.346735001	2.3712911E-06
7934.879949	1.346734762	2.3671033E-06
7934.397820	1.346734524	2.3629326E-06
7933.915691	1.346734285	2.3588772E-06
7933.433562	1.346734047	2.3548643E-06
7932.951433	1.346733689	2.3509505E-06
7932.469305	1.346733451	2.3471231E-06
7931.987176	1.346733212	2.3434269E-06
7931.505047	1.346732974	2.3398619E-06
7931.022918	1.346732736	2.3364081E-06
7930.540790	1.346732497	2.3330836E-06
7930.058661	1.346732140	2.3298134E-06
7929.576532	1.346732020	2.3266087E-06
7929.094403	1.346731663	2.3233899E-06
7928.612275	1.346731424	2.3202489E-06
7928.130146	1.346731186	2.3171216E-06
7927.648017	1.346730947	2.3141189E-06
7927.165888	1.346730709	2.3111494E-06
7926.683760	1.346730471	2.3083030E-06
7926.201631	1.346730113	2.3054377E-06
7925.719502	1.346729875	2.3026280E-06
7925.237373	1.346729636	2.2997398E-06
7924.755245	1.346729398	2.2968219E-06
7924.273116	1.346729159	2.2937813E-06
7923.790987	1.346728921	2.2906776E-06
7923.308858	1.346728683	2.2874450E-06
7922.826730	1.346728444	2.2841189E-06
7922.344601	1.346728086	2.2806328E-06
7921.862472	1.346727848	2.2770051E-06
7921.380343	1.346727610	2.2732434E-06
7920.898214	1.346727371	2.2694032E-06
7920.416086	1.346727133	2.2655463E-06
7919.933957	1.346726894	2.2617124E-06
7919.451828	1.346726537	2.2579508E-06
7918.969699	1.346726298	2.2541923E-06
7918.487571	1.346726060	2.2504787E-06
7918.005442	1.346725821	2.2467485E-06
7917.523313	1.346725583	2.2430705E-06
7917.041184	1.346725345	2.2394045E-06
7916.559056	1.346724987	2.2358566E-06
7916.076927	1.346724868	2.2323464E-06
7915.594798	1.346724510	2.2288971E-06
7915.112669	1.346724272	2.2253830E-06
7914.630541	1.346724033	2.2218278E-06
7914.148412	1.346723795	2.2181959E-06
7913.666283	1.346723557	2.2145928E-06
7913.184154	1.346723318	2.2110217E-06
7912.702026	1.346722960	2.2075497E-06
7912.219897	1.346722722	2.2041346E-06
7911.737768	1.346722484	2.2007418E-06
7911.255639	1.346722245	2.1973121E-06
7910.773511	1.346722007	2.1938124E-06
7910.291382	1.346721768	2.1902546E-06
7909.809253	1.346721411	2.1866499E-06
7909.327124	1.346721172	2.1830925E-06
7908.844995	1.346720934	2.1795726E-06
7908.362867	1.346720695	2.1760986E-06
7907.880738	1.346720457	2.1725682E-06
7907.398609	1.346720219	2.1689890E-06
7906.916480	1.346719861	2.1652970E-06
7906.434352	1.346719623	2.1615787E-06
7905.952223	1.346719384	2.1578359E-06
7905.470094	1.346719146	2.1541779E-06
7904.987965	1.346718907	2.1505521E-06
7904.505837	1.346718669	2.1469673E-06
7904.023708	1.346718311	2.1433306E-06
7903.541579	1.346718192	2.1396250E-06
7903.059450	1.346717834	2.1358399E-06
7902.577322	1.346717596	2.1320180E-06
7902.095193	1.346717358	2.1281878E-06
7901.613064	1.346717119	2.1243410E-06
7901.130935	1.346716881	2.1204764E-06
7900.648807	1.346716642	2.1165434E-06
7900.166678	1.346716285	2.1125687E-06
7899.684549	1.346716046	2.1085352E-06
7899.202420	1.346715808	2.1045203E-06
7898.720292	1.346715569	2.1004964E-06
7898.238163	1.346715331	2.0965138E-06
7897.756034	1.346715093	2.0924511E-06
7897.273905	1.346714735	2.0883552E-06
7896.791776	1.346714497	2.0841782E-06
7896.309648	1.346714258	2.0800354E-06
7895.827519	1.346714020	2.0758825E-06
7895.345390	1.346713781	2.0717920E-06
7894.863261	1.346713543	2.0676948E-06
7894.381133	1.346713185	2.0635915E-06
7893.899004	1.346712947	2.0594399E-06
7893.416875	1.346712708	2.0552847E-06
7892.934746	1.346712470	2.0511733E-06
7892.452618	1.346712112	2.0471562E-06
7891.970489	1.346711874	2.0432735E-06
7891.488360	1.346711636	2.0394935E-06
7891.006231	1.346711397	2.0358103E-06
7890.524103	1.346711159	2.0321307E-06
7890.041974	1.346710920	2.0284865E-06
7889.559845	1.346710563	2.0247904E-06
7889.077716	1.346710324	2.0211235E-06
7888.595588	1.346710086	2.0173860E-06
7888.113459	1.346709847	2.0136778E-06
7887.631330	1.346709609	2.0098883E-06
7887.149201	1.346709371	2.0061210E-06
7886.667073	1.346709013	2.0022545E-06
7886.184944	1.346708775	1.9983807E-06
7885.702815	1.346708536	1.9943642E-06
7885.220686	1.346708298	1.9902887E-06
7884.738557	1.346708059	1.9861107E-06
7884.256429	1.346707821	1.9819942E-06
7883.774300	1.346707463	1.9779286E-06
7883.292171	1.346707225	1.9739586E-06
7882.810042	1.346706986	1.9700039E-06
7882.327914	1.346706748	1.9660339E-06
7881.845785	1.346706390	1.9620085E-06
7881.363656	1.346706152	1.9579299E-06
7880.881527	1.346705914	1.9538796E-06
7880.399399	1.346705675	1.9498731E-06
7879.917270	1.346705437	1.9459953E-06
7879.435141	1.346705198	1.9421150E-06
7878.953012	1.346704841	1.9382597E-06
7878.470884	1.346704602	1.9342684E-06
7877.988755	1.346704364	1.9302915E-06
7877.506626	1.346704125	1.9262589E-06
7877.024497	1.346703887	1.9223727E-06
7876.542369	1.346703649	1.9184781E-06
7876.060240	1.346703291	1.9146828E-06
7875.578111	1.346703053	1.9107928E-06
7875.095982	1.346702814	1.9069267E-06
7874.613854	1.346702576	1.9029468E-06
7874.131725	1.346702218	1.8990320E-06
7873.649596	1.346701980	1.8951155E-06
7873.167467	1.346701741	1.8913101E-06
7872.685338	1.346701503	1.8874848E-06
7872.203210	1.346701264	1.8836708E-06
7871.721081	1.346701026	1.8798016E-06
7871.238952	1.346700668	1.8759138E-06
7870.756823	1.346700430	1.8720201E-06
7870.274695	1.346700191	1.8681225E-06
7869.792566	1.346699953	1.8642733E-06
7869.310437	1.346699595	1.8603955E-06
7868.828308	1.346699357	1.8565666E-06
7868.346180	1.346699119	1.8526346E-06
7867.864051	1.346698880	1.8487186E-06
7867.381922	1.346698642	1.8446698E-06
7866.899793	1.346698403	1.8406643E-06
7866.417665	1.346698046	1.8365247E-06
7865.935536	1.346697807	1.8324462E-06
7865.453407	1.346697569	1.8282408E-06
7864.971278	1.346697330	1.8241425E-06
7864.489150	1.346696973	1.8199727E-06
7864.007021	1.346696734	1.8159323E-06
7863.524892	1.346696496	1.8118333E-06
7863.042763	1.346696258	1.8078800E-06
7862.560635	1.346696019	1.8039046E-06
7862.078506	1.346695781	1.8000429E-06
7861.596377	1.346695423	1.7961759E-06
7861.114248	1.346695185	1.7924036E-06
7860.632119	1.346694946	1.7886394E-06
7860.149991	1.346694708	1.7849013E-06
7859.667862	1.346694350	1.7811445E-06
7859.185733	1.346694112	1.7773391E-06
7858.703604	1.346693873	1.7735272E-06
7858.221476	1.346693635	1.7696417E-06
7857.739347	1.346693277	1.7658018E-06
7857.257218	1.346693039	1.7618890E-06
7856.775089	1.346692801	1.7580669E-06
7856.292961	1.346692562	1.7541574E-06
7855.810832	1.346692324	1.7503767E-06
7855.328703	1.346692085	1.7464965E-06
7854.846574	1.346691728	1.7427617E-06
7854.364446	1.346691489	1.7389305E-06
7853.882317	1.346691251	1.7352527E-06
7853.400188	1.346691012	1.7314675E-06
7852.918059	1.346690655	1.7278182E-06
7852.435931	1.346690416	1.7240631E-06
7851.953802	1.346690178	1.7204300E-06
7851.471673	1.346689939	1.7166975E-06
7850.989544	1.346689582	1.7130469E-06
7850.507416	1.346689343	1.7093151E-06
7850.025287	1.346689105	1.7056434E-06
7849.543158	1.346688867	1.7019251E-06
7849.061029	1.346688628	1.6982309E-06
7848.578900	1.346688271	1.6945201E-06
7848.096772	1.346688032	1.6907539E-06
7847.614643	1.346687794	1.6869330E-06
7847.132514	1.346687555	1.6829785E-06
7846.650385	1.346687317	1.6790158E-06
7846.168257	1.346686959	1.6749114E-06
7845.686128	1.346686721	1.6708713E-06
7845.203999	1.346686482	1.6666829E-06
7844.721870	1.346686244	1.6625820E-06
7844.239742	1.346685886	1.6582868E-06
7843.757613	1.346685648	1.6540987E-06
7843.275484	1.346685410	1.6497182E-06
7842.793355	1.346685171	1.6454721E-06
7842.311227	1.346684813	1.6410908E-06
7841.829098	1.346684575	1.6369200E-06
7841.346969	1.346684337	1.6326741E-06
7840.864840	1.346684098	1.6286282E-06
7840.382712	1.346683741	1.6244874E-06
7839.900583	1.346683502	1.6204892E-06
7839.418454	1.346683264	1.6163956E-06
7838.936325	1.346683025	1.6124029E-06
7838.454197	1.346682668	1.6083648E-06
7837.972068	1.346682429	1.6044459E-06
7837.489939	1.346682191	1.6005924E-06
7837.007810	1.346681952	1.5968010E-06
7836.525681	1.346681714	1.5930261E-06
7836.043553	1.346681356	1.5891408E-06
7835.561424	1.346681118	1.5852405E-06
7835.079295	1.346680880	1.5812123E-06
7834.597166	1.346680641	1.5773304E-06
7834.115038	1.346680403	1.5734277E-06
7833.632909	1.346680045	1.5697744E-06
7833.150780	1.346679807	1.5660544E-06
7832.668651	1.346679568	1.5625212E-06
7832.186523	1.346679330	1.5587692E-06
7831.704394	1.346678972	1.5551386E-06
7831.222265	1.346678734	1.5512898E-06
7830.740136	1.346678495	1.5476302E-06
7830.258008	1.346678257	1.5437877E-06
7829.775879	1.346677899	1.5400848E-06
7829.293750	1.346677661	1.5361218E-06
7828.811621	1.346677423	1.5321595E-06
7828.329493	1.346677184	1.5278940E-06
7827.847364	1.346676826	1.5235829E-06
7827.365235	1.346676588	1.5190493E-06
7826.883106	1.346676350	1.5144854E-06
7826.400977	1.346676111	1.5097950E-06
7825.918849	1.346675754	1.5050865E-06
7825.436720	1.346675515	1.5003701E-06
7824.954591	1.346675277	1.4956223E-06
7824.472462	1.346675038	1.4909161E-06
7823.990334	1.346674681	1.4861161E-06
7823.508205	1.346674442	1.4814092E-06
7823.026076	1.346674204	1.4765686E-06
7822.543947	1.346673965	1.4719042E-06
7822.061819	1.346673608	1.4671419E-06
7821.579690	1.346673369	1.4626659E-06
7821.097561	1.346673131	1.4581224E-06
7820.615432	1.346672893	1.4539254E-06
7820.133304	1.346672535	1.4496390E-06
7819.651175	1.346672297	1.4456617E-06
7819.169046	1.346672058	1.4415762E-06
7818.686917	1.346671700	1.4378140E-06
7818.204789	1.346671462	1.4339789E-06
7817.722660	1.346671224	1.4304224E-06
7817.240531	1.346670866	1.4267447E-06
7816.758402	1.346670628	1.4232095E-06
7816.276274	1.346670389	1.4194790E-06
7815.794145	1.346670151	1.4157124E-06
7815.312016	1.346669793	1.4116743E-06
7814.829887	1.346669555	1.4074899E-06
7814.347758	1.346669316	1.4031163E-06
7813.865630	1.346669078	1.3985865E-06
7813.383501	1.346668720	1.3939738E-06
7812.901372	1.346668482	1.3891732E-06
7812.419243	1.346668243	1.3843849E-06
7811.937115	1.346668005	1.3794312E-06
7811.454986	1.346667647	1.3746488E-06
7810.972857	1.346667409	1.3697786E-06
7810.490728	1.346667171	1.3652451E-06
7810.008600	1.346666932	1.3606873E-06
7809.526471	1.346666574	1.3565353E-06
7809.044342	1.346666336	1.3522830E-06
7808.562213	1.346666098	1.3483484E-06
7808.080085	1.346665859	1.3442268E-06
7807.597956	1.346665502	1.3403797E-06
7807.115827	1.346665263	1.3363177E-06
7806.633698	1.346665025	1.3324699E-06
7806.151570	1.346664667	1.3284052E-06
7805.669441	1.346664429	1.3244738E-06
7805.187312	1.346664190	1.3203131E-06
7804.705183	1.346663833	1.3162212E-06
7804.223055	1.346663594	1.3119820E-06
7803.740926	1.346663356	1.3078225E-06
7803.258797	1.346663117	1.3036559E-06
7802.776668	1.346662760	1.2995730E-06
7802.294539	1.346662521	1.2956070E-06
7801.812411	1.346662283	1.2916842E-06
7801.330282	1.346662045	1.2879507E-06
7800.848153	1.346661687	1.2841997E-06
7800.366024	1.346661448	1.2806944E-06
7799.883896	1.346661210	1.2770708E-06
7799.401767	1.346660852	1.2736880E-06
7798.919638	1.346660614	1.2700952E-06
7798.437509	1.346660376	1.2667191E-06
7797.955381	1.346660018	1.2630300E-06
7797.473252	1.346659780	1.2595008E-06
7796.991123	1.346659541	1.2555766E-06
7796.508994	1.346659303	1.2517722E-06
7796.026866	1.346658945	1.2475582E-06
7795.544737	1.346658707	1.2434661E-06
7795.062608	1.346658468	1.2390196E-06
7794.580479	1.346658230	1.2347041E-06
7794.098351	1.346657872	1.2301152E-06
7793.616222	1.346657634	1.2256474E-06
7793.134093	1.346657276	1.2210142E-06
7792.651964	1.346657038	1.2165299E-06
7792.169836	1.346656799	1.2120989E-06
7791.687707	1.346656561	1.2078762E-06
7791.205578	1.346656203	1.2037998E-06
7790.723449	1.346655965	1.1997875E-06
7790.241320	1.346655726	1.1958875E-06
7789.759192	1.346655488	1.1919144E-06
7789.277063	1.346655130	1.1881263E-06
7788.794934	1.346654892	1.1842283E-06
7788.312805	1.346654534	1.1806113E-06
7787.830677	1.346654296	1.1768233E-06
7787.348548	1.346654058	1.1733022E-06
7786.866419	1.346653819	1.1694642E-06
7786.384290	1.346653461	1.1658292E-06
7785.902162	1.346653223	1.1618451E-06
7785.420033	1.346652985	1.1581649E-06
7784.937904	1.346652627	1.1542817E-06
7784.455775	1.346652389	1.1507814E-06
7783.973647	1.346652150	1.1470447E-06
7783.491518	1.346651793	1.1435598E-06
7783.009389	1.346651554	1.1398046E-06
7782.527260	1.346651316	1.1362178E-06
7782.045132	1.346651077	1.1323921E-06
7781.563003	1.346650720	1.1286757E-06
7781.080874	1.346650481	1.1248376E-06
7780.598745	1.346650124	1.1210753E-06
7780.116617	1.346649885	1.1172635E-06
7779.634488	1.346649647	1.1134030E-06
7779.152359	1.346649408	1.1095258E-06
7778.670230	1.346649051	1.1055217E-06
7778.188101	1.346648812	1.1016263E-06
7777.705973	1.346648574	1.0975682E-06
7777.223844	1.346648216	1.0937201E-06
7776.741715	1.346647978	1.0896731E-06
7776.259586	1.346647739	1.0859360E-06
7775.777458	1.346647382	1.0819788E-06
7775.295329	1.346647143	1.0783539E-06
7774.813200	1.346646905	1.0744353E-06
7774.331071	1.346646547	1.0708721E-06
7773.848943	1.346646309	1.0670613E-06
7773.366814	1.346646070	1.0636503E-06
7772.884685	1.346645713	1.0600222E-06
7772.402556	1.346645474	1.0567986E-06
7771.920428	1.346645236	1.0534044E-06
7771.438299	1.346644998	1.0503535E-06
7770.956170	1.346644640	1.0471488E-06
7770.474041	1.346644402	1.0441865E-06
7769.991913	1.346644044	1.0411164E-06
7769.509784	1.346643806	1.0382032E-06
7769.027655	1.346643567	1.0352378E-06
7768.545526	1.346643329	1.0322824E-06
7768.063398	1.346642971	1.0292937E-06
7767.581269	1.346642733	1.0262015E-06
7767.099140	1.346642375	1.0231883E-06
7766.617011	1.346642137	1.0200198E-06
7766.134882	1.346641898	1.0170189E-06
7765.652754	1.346641660	1.0137826E-06
7765.170625	1.346641302	1.0107927E-06
7764.688496	1.346641064	1.0075106E-06
7764.206367	1.346640706	1.0045240E-06
7763.724239	1.346640468	1.0012145E-06
7763.242110	1.346640229	9.9828463E-07
7762.759981	1.346639872	9.9509066E-07
7762.277852	1.346639633	9.9232423E-07
7761.795724	1.346639395	9.8928246E-07
7761.313595	1.346639037	9.8660054E-07
7760.831466	1.346638799	9.8361170E-07
7760.349337	1.346638560	9.8091909E-07
7759.867209	1.346638203	9.7798582E-07
7759.385080	1.346637964	9.7530898E-07
7758.902951	1.346637726	9.7244521E-07
7758.420822	1.346637368	9.6974835E-07
7757.938694	1.346637130	9.6691217E-07
7757.456565	1.346636772	9.6407498E-07
7756.974436	1.346636534	9.6113042E-07
7756.492307	1.346636295	9.5808148E-07
7756.010179	1.346636057	9.5508642E-07
7755.528050	1.346635699	9.5199538E-07
7755.045921	1.346635461	9.4911760E-07
7754.563792	1.346635103	9.4606274E-07
7754.081663	1.346634865	9.4327803E-07
7753.599535	1.346634626	9.4026364E-07
7753.117406	1.346634388	9.3763566E-07
7752.635277	1.346634030	9.3480142E-07
7752.153148	1.346633792	9.3244899E-07
7751.671020	1.346633434	9.2986625E-07
7751.188891	1.346633196	9.2776405E-07
7750.706762	1.346632957	9.2532407E-07
7750.224633	1.346632600	9.2319997E-07
7749.742505	1.346632361	9.2065065E-07
7749.260376	1.346632123	9.1840434E-07
7748.778247	1.346631765	9.1585732E-07
7748.296118	1.346631527	9.1359634E-07
7747.813990	1.346631169	9.1108946E-07
7747.331861	1.346630931	9.0875579E-07
7746.849732	1.346630692	9.0623495E-07
7746.367603	1.346630454	9.0378049E-07
7745.885475	1.346630096	9.0123997E-07
7745.403346	1.346629858	8.9872079E-07
7744.921217	1.346629500	8.9629617E-07
7744.439088	1.346629262	8.9386175E-07
7743.956960	1.346629024	8.9162637E-07
7743.474831	1.346628666	8.8922915E-07
7742.992702	1.346628428	8.8705066E-07
7742.510573	1.346628189	8.8460831E-07
7742.028444	1.346627831	8.8248912E-07
7741.546316	1.346627593	8.8006747E-07
7741.064187	1.346627235	8.7805278E-07
7740.582058	1.346626997	8.7573825E-07
7740.099929	1.346626759	8.7392315E-07
7739.617801	1.346626401	8.7183633E-07
7739.135672	1.346626163	8.7026110E-07
7738.653543	1.346625924	8.6841549E-07
7738.171414	1.346625566	8.6703183E-07
7737.689286	1.346625328	8.6537074E-07
7737.207157	1.346624970	8.6406738E-07
7736.725028	1.346624732	8.6250437E-07
7736.242899	1.346624494	8.6118121E-07
7735.760771	1.346624136	8.5962514E-07
7735.278642	1.346623898	8.5818501E-07
7734.796513	1.346623659	8.5657317E-07
7734.314384	1.346623302	8.5491601E-07
7733.832256	1.346623063	8.5314108E-07
7733.350127	1.346622705	8.5119892E-07
7732.867998	1.346622467	8.4926445E-07
7732.385869	1.346622229	8.4709041E-07
7731.903741	1.346621871	8.4505425E-07
7731.421612	1.346621633	8.4271205E-07
7730.939483	1.346621394	8.4062088E-07
7730.457354	1.346621037	8.3819779E-07
7729.975225	1.346620798	8.3614197E-07
7729.493097	1.346620440	8.3373713E-07
7729.010968	1.346620202	8.3176817E-07
7728.528839	1.346619964	8.2943843E-07
7728.046710	1.346619606	8.2759175E-07
7727.564582	1.346619368	8.2542818E-07
7727.082453	1.346619129	8.2378454E-07
7726.600324	1.346618772	8.2191110E-07
7726.118195	1.346618533	8.2054718E-07
7725.636067	1.346618176	8.1896475E-07
7725.153938	1.346617937	8.1769979E-07
7724.671809	1.346617699	8.1617999E-07
7724.189680	1.346617341	8.1483714E-07
7723.707552	1.346617103	8.1331176E-07
7723.225423	1.346616864	8.1184664E-07
7722.743294	1.346616507	8.1030592E-07
7722.261165	1.346616268	8.0870297E-07
7721.779037	1.346615911	8.0709237E-07
7721.296908	1.346615672	8.0527007E-07
7720.814779	1.346615314	8.0355832E-07
7720.332650	1.346615076	8.0161446E-07
7719.850522	1.346614838	8.0001013E-07
7719.368393	1.346614599	7.9820862E-07
7718.886264	1.346614242	7.9687512E-07
7718.404135	1.346614003	7.9526815E-07
7717.922006	1.346613646	7.9415784E-07
7717.439878	1.346613407	7.9269892E-07
7716.957749	1.346613050	7.9172214E-07
7716.475620	1.346612811	7.9034706E-07
7715.993491	1.346612573	7.8941667E-07
7715.511363	1.346612215	7.8808672E-07
7715.029234	1.346611977	7.8713024E-07
7714.547105	1.346611738	7.8573229E-07
7714.064976	1.346611381	7.8454184E-07
7713.582848	1.346611142	7.8293600E-07
7713.100719	1.346610785	7.8145246E-07
7712.618590	1.346610546	7.7965531E-07
7712.136461	1.346610188	7.7790485E-07
7711.654333	1.346609950	7.7599290E-07
7711.172204	1.346609712	7.7404679E-07
7710.690075	1.346609354	7.7207473E-07
7710.207946	1.346609116	7.6997538E-07
7709.725818	1.346608877	7.6798189E-07
7709.243689	1.346608520	7.6577513E-07
7708.761560	1.346608281	7.6383643E-07
7708.279431	1.346607924	7.6164468E-07
7707.797303	1.346607685	7.5983617E-07
7707.315174	1.346607327	7.5771835E-07
7706.833045	1.346607089	7.5609804E-07
7706.350916	1.346606851	7.5416980E-07
7705.868787	1.346606493	7.5278755E-07
7705.386659	1.346606255	7.5104388E-07
7704.904530	1.346606016	7.4979624E-07
7704.422401	1.346605659	7.4812511E-07
7703.940272	1.346605420	7.4687733E-07
7703.458144	1.346605062	7.4523396E-07
7702.976015	1.346604824	7.4396830E-07
7702.493886	1.346604466	7.4237474E-07
7702.011757	1.346604228	7.4103812E-07
7701.529629	1.346603990	7.3938422E-07
7701.047500	1.346603632	7.3781299E-07
7700.565371	1.346603394	7.3600295E-07
7700.083242	1.346603155	7.3418489E-07
7699.601114	1.346602798	7.3232602E-07
7699.118985	1.346602559	7.3045362E-07
7698.636856	1.346602201	7.2873807E-07
7698.154727	1.346601963	7.2689161E-07
7697.672599	1.346601605	7.2527944E-07
7697.190470	1.346601367	7.2338132E-07
7696.708341	1.346601009	7.2179994E-07
7696.226212	1.346600771	7.1991610E-07
7695.744084	1.346600533	7.1853061E-07
7695.261955	1.346600175	7.1682774E-07
7694.779826	1.346599936	7.1565716E-07
7694.297697	1.346599579	7.1406790E-07
7693.815568	1.346599340	7.1290881E-07
7693.333440	1.346599102	7.1120528E-07
7692.851311	1.346598744	7.0988625E-07
7692.369182	1.346598506	7.0810030E-07
7691.887053	1.346598148	7.0672142E-07
7691.404925	1.346597910	7.0496667E-07
7690.922796	1.346597552	7.0348715E-07
7690.440667	1.346597314	7.0159925E-07
7689.958538	1.346596956	6.9979425E-07
7689.476410	1.346596718	6.9766993E-07
7688.994281	1.346596479	6.9560551E-07
7688.512152	1.346596122	6.9350892E-07
7688.030023	1.346595883	6.9148851E-07
7687.547895	1.346595645	6.8960129E-07
7687.065766	1.346595287	6.8764701E-07
7686.583637	1.346595049	6.8591565E-07
7686.101508	1.346594691	6.8398925E-07
7685.619380	1.346594453	6.8242695E-07
7685.137251	1.346594095	6.8062823E-07
7684.655122	1.346593857	6.7930239E-07
7684.172993	1.346593499	6.7762133E-07
7683.690865	1.346593261	6.7639525E-07
7683.208736	1.346592903	6.7467567E-07
7682.726607	1.346592665	6.7336849E-07
7682.244478	1.346592426	6.7153664E-07
7681.762349	1.346592069	6.7013668E-07
7681.280221	1.346591830	6.6823823E-07
7680.798092	1.346591473	6.6671189E-07
7680.315963	1.346591234	6.6470779E-07
7679.833834	1.346590996	6.6301656E-07
7679.351706	1.346590638	6.6095991E-07
7678.869577	1.346590400	6.5918234E-07
7678.387448	1.346590042	6.5721408E-07
7677.905319	1.346589804	6.5547658E-07
7677.423191	1.346589446	6.5370295E-07
7676.941062	1.346589208	6.5202745E-07
7676.458933	1.346588850	6.5041679E-07
7675.976804	1.346588612	6.4874996E-07
7675.494676	1.346588254	6.4727296E-07
7675.012547	1.346588016	6.4566104E-07
7674.530418	1.346587658	6.4439773E-07
7674.048289	1.346587420	6.4288823E-07
7673.566161	1.346587181	6.4177617E-07
7673.084032	1.346586823	6.4026214E-07
7672.601903	1.346586585	6.3914333E-07
7672.119774	1.346586227	6.3750146E-07
7671.637646	1.346585989	6.3630046E-07
7671.155517	1.346585751	6.3462786E-07
7670.673388	1.346585393	6.3349996E-07
7670.191259	1.346585155	6.3193961E-07
7669.709130	1.346584797	6.3087345E-07
7669.227002	1.346584558	6.2937549E-07
7668.744873	1.346584201	6.2829733E-07
7668.262744	1.346583962	6.2735849E-07
7667.780615	1.346583605	6.2605697E-07
7667.298487	1.346583366	6.2476847E-07
7666.816358	1.346583009	6.2348714E-07
7666.334229	1.346582770	6.2221898E-07
7665.852100	1.346582413	6.2096353E-07
7665.369972	1.346582174	6.1972733E-07
7664.887843	1.346581817	6.1851507E-07
7664.405714	1.346581578	6.1732874E-07
7663.923585	1.346581221	6.1617233E-07
7663.441457	1.346580982	6.1504026E-07
7662.959328	1.346580625	6.1393648E-07
7662.477199	1.346580386	6.1285095E-07
7661.995070	1.346580148	6.1178937E-07
7661.512942	1.346579790	6.1074046E-07
7661.030813	1.346579552	6.0971345E-07
7660.548684	1.346579194	6.0869659E-07
7660.066555	1.346578956	6.0770006E-07
7659.584427	1.346578598	6.0671142E-07
7659.102298	1.346578360	6.0574260E-07
7658.620169	1.346578002	6.0478262E-07
7658.138040	1.346577764	6.0384512E-07
7657.655911	1.346577525	6.0292187E-07
7657.173783	1.346577168	6.0202773E-07
7656.691654	1.346576929	6.0115904E-07
7656.209525	1.346576571	6.0032963E-07
7655.727396	1.346576333	5.9953576E-07
7655.245268	1.346575975	5.9878374E-07
7654.763139	1.346575737	5.9806740E-07
7654.281010	1.346575379	5.9738657E-07
7653.798881	1.346575141	5.9673605E-07
7653.316753	1.346574783	5.9611179E-07
7652.834624	1.346574545	5.9551326E-07
7652.352495	1.346574187	5.9493520E-07
7651.870366	1.346573949	5.9438015E-07
7651.388238	1.346573591	5.9383735E-07
7650.906109	1.346573353	5.9330993E-07
7650.423980	1.346572995	5.9278434E-07
7649.941851	1.346572757	5.9226712E-07
7649.459723	1.346572399	5.9174710E-07
7648.977594	1.346572161	5.9123737E-07
7648.495465	1.346571803	5.9072925E-07
7648.013336	1.346571565	5.9023887E-07
7647.531208	1.346571207	5.8975630E-07
7647.049079	1.346570969	5.8929354E-07
7646.566950	1.346570611	5.8883732E-07
7646.084821	1.346570373	5.8839728E-07
7645.602692	1.346570015	5.8796284E-07
7645.120564	1.346569777	5.8754448E-07
7644.638435	1.346569419	5.8713649E-07
7644.156306	1.346569180	5.8674660E-07
7643.674177	1.346568823	5.8636964E-07
7643.192049	1.346568584	5.8600715E-07
7642.709920	1.346568227	5.8565323E-07
7642.227791	1.346567988	5.8530487E-07
7641.745662	1.346567631	5.8496116E-07
7641.263534	1.346567392	5.8461888E-07
7640.781405	1.346567035	5.8428368E-07
7640.299276	1.346566796	5.8395192E-07
7639.817147	1.346566439	5.8363280E-07
7639.335019	1.346566200	5.8331865E-07
7638.852890	1.346565843	5.8301902E-07
7638.370761	1.346565604	5.8272236E-07
7637.888632	1.346565247	5.8243856E-07
7637.406504	1.346565008	5.8215507E-07
7636.924375	1.346564651	5.8188511E-07
7636.442246	1.346564412	5.8162053E-07
7635.960117	1.346564054	5.8137807E-07
7635.477988	1.346563816	5.8114894E-07
7634.995860	1.346563458	5.8094413E-07
7634.513731	1.346563220	5.8075089E-07
7634.031602	1.346562862	5.8057514E-07
7633.549473	1.346562624	5.8040695E-07
7633.067345	1.346562266	5.8025456E-07
7632.585216	1.346562028	5.8011564E-07
7632.103087	1.346561670	5.7999831E-07
7631.620958	1.346561432	5.7990235E-07
7631.138830	1.346561074	5.7982747E-07
7630.656701	1.346560836	5.7977019E-07
7630.174572	1.346560478	5.7972416E-07
7629.692443	1.346560240	5.7969171E-07
7629.210315	1.346559882	5.7966894E-07
7628.728186	1.346559644	5.7966492E-07
7628.246057	1.346559286	5.7967301E-07
7627.763928	1.346559048	5.7970225E-07
7627.281800	1.346558690	5.7974149E-07
7626.799671	1.346558452	5.7979949E-07
7626.317542	1.346558094	5.7986241E-07
7625.835413	1.346557856	5.7994037E-07
7625.353285	1.346557498	5.8002132E-07
7624.871156	1.346557260	5.8011845E-07
7624.389027	1.346556902	5.8022222E-07
7623.906898	1.346556664	5.8034639E-07
7623.424769	1.346556306	5.8048265E-07
7622.942641	1.346556067	5.8064285E-07
7622.460512	1.346555710	5.8081872E-07
7621.978383	1.346555471	5.8101669E-07
7621.496254	1.346555114	5.8122844E-07
7621.014126	1.346554875	5.8145875E-07
7620.531997	1.346554518	5.8170667E-07
7620.049868	1.346554279	5.8197696E-07
7619.567739	1.346553922	5.8227031E-07
7619.085611	1.346553683	5.8258294E-07
7618.603482	1.346553326	5.8291194E-07
7618.121353	1.346553087	5.8324536E-07
7617.639224	1.346552730	5.8358234E-07
7617.157096	1.346552491	5.8391243E-07
7616.674967	1.346552134	5.8424391E-07
7616.192838	1.346551895	5.8456964E-07
7615.710709	1.346551538	5.8490187E-07
7615.228581	1.346551299	5.8522992E-07
7614.746452	1.346550941	5.8556404E-07
7614.264323	1.346550703	5.8589254E-07
7613.782194	1.346550345	5.8623000E-07
7613.300066	1.346550107	5.8657015E-07
7612.817937	1.346549749	5.8693088E-07
7612.335808	1.346549511	5.8730760E-07
7611.853679	1.346549153	5.8771594E-07
7611.371550	1.346548915	5.8815112E-07
7610.889422	1.346548557	5.8862426E-07
7610.407293	1.346548319	5.8912977E-07
7609.925164	1.346547961	5.8967322E-07
7609.443035	1.346547604	5.9024968E-07
7608.960907	1.346547365	5.9071091E-07
7608.478778	1.346547008	5.9105310E-07
7607.996649	1.346546769	5.9127301E-07
7607.514520	1.346546412	5.9136951E-07
7607.032392	1.346546173	5.9133561E-07
7606.550263	1.346545815	5.9117210E-07
7606.068134	1.346545577	5.9086827E-07
7605.586005	1.346545219	5.9042778E-07
7605.103877	1.346544981	5.8984076E-07
7604.621748	1.346544623	5.8911879E-07
7604.139619	1.346544385	5.8825528E-07
7603.657490	1.346544027	5.8726454E-07
7603.175362	1.346543789	5.8613791E-07
7602.693233	1.346543431	5.8488897E-07
7602.211104	1.346543074	5.8350796E-07
7601.728975	1.346542835	5.8200779E-07
7601.246847	1.346542478	5.8037877E-07
7600.764718	1.346542239	5.7863189E-07
7600.282589	1.346541882	5.7675724E-07
7599.800460	1.346541643	5.7476142E-07
7599.318331	1.346541286	5.7263392E-07
7598.836203	1.346541047	5.7037767E-07
7598.354074	1.346540689	5.6798550E-07
7597.871945	1.346540451	5.6545977E-07
7597.389816	1.346540093	5.6279784E-07
7596.907688	1.346539855	5.5999912E-07
7596.425559	1.346539497	5.5706389E-07
7595.943430	1.346539259	5.5399026E-07
7595.461301	1.346538901	5.5078391E-07
7594.979173	1.346538663	5.4758956E-07
7594.497044	1.346538305	5.4441347E-07
7594.014915	1.346538067	5.4124618E-07
7593.532786	1.346537709	5.3809412E-07
7593.050658	1.346537471	5.3494559E-07
7592.568529	1.346537113	5.3180957E-07
7592.086400	1.346536756	5.2867456E-07
7591.604271	1.346536517	5.2555148E-07
7591.122143	1.346536160	5.2242819E-07
7590.640014	1.346535921	5.1931390E-07
7590.157885	1.346535563	5.1619575E-07
7589.675756	1.346535206	5.1308377E-07
7589.193628	1.346534967	5.0997042E-07
7588.711499	1.346534610	5.0686753E-07
7588.229370	1.346534371	5.0376919E-07
7587.747241	1.346534014	5.0068259E-07
7587.265112	1.346533775	4.9760250E-07
7586.782984	1.346533418	4.9453491E-07
7586.300855	1.346533179	4.9148032E-07
7585.818726	1.346532822	4.8844408E-07
7585.336597	1.346532583	4.8542994E-07
7584.854469	1.346532226	4.8243756E-07
7584.372340	1.346531868	4.7946825E-07
7583.890211	1.346531630	4.7651304E-07
7583.408082	1.346531272	4.7357325E-07
7582.925954	1.346530914	4.7063907E-07
7582.443825	1.346530676	4.6771668E-07
7581.961696	1.346530318	4.6479568E-07
7581.479567	1.346530080	4.6188281E-07
7580.997439	1.346529722	4.5896497E-07
7580.515310	1.346529484	4.5605180E-07
7580.033181	1.346529126	4.5313521E-07
7579.551052	1.346528888	4.5023230E-07
7579.068924	1.346528530	4.4734024E-07
7578.586795	1.346528172	4.4447660E-07
7578.104666	1.346527934	4.4163812E-07
7577.622537	1.346527576	4.3883879E-07
7577.140409	1.346527219	4.3607561E-07
7576.658280	1.346526980	4.3336090E-07
7576.176151	1.346526623	4.3069360E-07
7575.694022	1.346526384	4.2808035E-07
7575.211893	1.346526027	4.2551542E-07
7574.729765	1.346525788	4.2299556E-07
7574.247636	1.346525431	4.2051404E-07
7573.765507	1.346525073	4.1806432E-07
7573.283378	1.346524835	4.1564450E-07
7572.801250	1.346524477	4.1324691E-07
7572.319121	1.346524119	4.1087272E-07
7571.836992	1.346523881	4.0851078E-07
7571.354863	1.346523523	4.0616345E-07
7570.872735	1.346523285	4.0381927E-07
7570.390606	1.346522927	4.0148622E-07
7569.908477	1.346522689	3.9915604E-07
7569.426348	1.346522331	3.9684042E-07
7568.944220	1.346521974	3.9453086E-07
7568.462091	1.346521735	3.9223975E-07
7567.979962	1.346521378	3.8996002E-07
7567.497833	1.346521020	3.8770675E-07
7567.015705	1.346520782	3.8547650E-07
7566.533576	1.346520424	3.8328392E-07
7566.051447	1.346520185	3.8112408E-07
7565.569318	1.346519828	3.7900485E-07
7565.087190	1.346519589	3.7691816E-07
7564.605061	1.346519232	3.7486654E-07
7564.122932	1.346518874	3.7284450E-07
7563.640803	1.346518517	3.7085407E-07
7563.158674	1.346518278	3.6889344E-07
7562.676546	1.346517920	3.6696019E-07
7562.194417	1.346517682	3.6505283E-07
7561.712288	1.346517324	3.6316507E-07
7561.230159	1.346517086	3.6129933E-07
7560.748031	1.346516728	3.5945025E-07
7560.265902	1.346516371	3.5762678E-07
7559.783773	1.346516013	3.5582406E-07
7559.301644	1.346515775	3.5405204E-07
7558.819516	1.346515417	3.5230209E-07
7558.337387	1.346515179	3.5058259E-07
7557.855258	1.346514821	3.4888287E-07
7557.373129	1.346514583	3.4721264E-07
7556.891001	1.346514225	3.4556172E-07
7556.408872	1.346513867	3.4393924E-07
7555.926743	1.346513510	3.4233357E-07
7555.444614	1.346513271	3.4075094E-07
7554.962486	1.346512914	3.3917917E-07
7554.480357	1.346512675	3.3762225E-07
7553.998228	1.346512318	3.3606975E-07
7553.516099	1.346511960	3.3452368E-07
7553.033971	1.346511722	3.3297612E-07
7552.551842	1.346511364	3.3142612E-07
7552.069713	1.346511006	3.2986829E-07
7551.587584	1.346510768	3.2829974E-07
7551.105455	1.346510410	3.2671889E-07
7550.623327	1.346510172	3.2512159E-07
7550.141198	1.346509814	3.2351028E-07
7549.659069	1.346509457	3.2188092E-07
7549.176940	1.346509099	3.2024141E-07
7548.694812	1.346508861	3.1858864E-07
7548.212683	1.346508503	3.1693416E-07
7547.730554	1.346508265	3.1583872E-07
7547.248425	1.346507907	3.1390880E-07
7546.766297	1.346507549	3.1236188E-07
7546.284168	1.346507311	3.1043332E-07
7545.802039	1.346506953	3.0888234E-07
7545.319910	1.346506596	3.0693526E-07
7544.837782	1.346506357	3.0534387E-07
7544.355653	1.346506000	3.0336816E-07
7543.873524	1.346505761	3.0169310E-07
7543.391395	1.346505404	2.9970089E-07
7542.909267	1.346505046	2.9801571E-07
7542.427138	1.346504688	2.9617876E-07
7541.945009	1.346504450	2.9462822E-07
7541.462880	1.346504092	2.9302774E-07
7540.980752	1.346503854	2.9159545E-07
7540.498623	1.346503496	2.9015509E-07
7540.016494	1.346503139	2.8873051E-07
7539.534365	1.346502781	2.8735523E-07
7539.052236	1.346502542	2.8584812E-07
7538.570108	1.346502185	2.8443920E-07
7538.087979	1.346501946	2.8279595E-07
7537.605850	1.346501589	2.8137747E-07
7537.123721	1.346501231	2.7970901E-07
7536.641593	1.346500874	2.7840647E-07
7536.159464	1.346500635	2.7686355E-07
7535.677335	1.346500278	2.7577127E-07
7535.195206	1.346499920	2.7442809E-07
7534.713078	1.346499681	2.7358663E-07
7534.230949	1.346499324	2.7253237E-07
7533.748820	1.346498966	2.7198814E-07
7533.266691	1.346498728	2.7122934E-07
7532.784563	1.346498370	2.7091021E-07
7532.302434	1.346498013	2.7041652E-07
7531.820305	1.346497655	2.7036892E-07
7531.338176	1.346497416	2.7028664E-07
7530.856048	1.346497059	2.7060493E-07
7530.373919	1.346496820	2.7090310E-07
7529.891790	1.346496463	2.7135804E-07
7529.409661	1.346496105	2.7168780E-07
7528.927533	1.346495748	2.7194750E-07
7528.445404	1.346495509	2.7213296E-07
7527.963275	1.346495152	2.7215699E-07
7527.481146	1.346494794	2.7220150E-07
7526.999017	1.346494555	2.7196712E-07
7526.516889	1.346494198	2.7180008E-07
7526.034760	1.346493840	2.7125879E-07
7525.552631	1.346493602	2.7089390E-07
7525.070502	1.346493244	2.7016573E-07
7524.588374	1.346492887	2.6971551E-07
7524.106245	1.346492529	2.6891544E-07
7523.624116	1.346492290	2.6847321E-07
7523.141987	1.346491933	2.6771668E-07
7522.659859	1.346491694	2.6732014E-07
7522.177730	1.346491337	2.6660923E-07
7521.695601	1.346490979	2.6623162E-07
7521.213472	1.346490622	2.6558799E-07
7520.731344	1.346490383	2.6525394E-07
7520.249215	1.346490026	2.6471350E-07
7519.767086	1.346489668	2.6443388E-07
7519.284957	1.346489310	2.6409419E-07
7518.802829	1.346489072	2.6406847E-07
7518.320700	1.346488714	2.6417729E-07
7517.838571	1.346488357	2.6451789E-07
7517.356442	1.346487999	2.6496112E-07
7516.874314	1.346487761	2.6535385E-07
7516.392185	1.346487403	2.6576523E-07
7515.910056	1.346487164	2.6596657E-07
7515.427927	1.346486807	2.6630297E-07
7514.945798	1.346486449	2.6645462E-07
7514.463670	1.346486092	2.6691709E-07
7513.981541	1.346485853	2.6715213E-07
7513.499412	1.346485496	2.6770164E-07
7513.017283	1.346485138	2.6796533E-07
7512.535155	1.346484780	2.6859191E-07
7512.053026	1.346484542	2.6895649E-07
7511.570897	1.346484184	2.6969308E-07
7511.088768	1.346483827	2.7014655E-07
7510.606640	1.346483469	2.7090156E-07
7510.124511	1.346483231	2.7137783E-07
7509.642382	1.346482873	2.7217753E-07
7509.160253	1.346482515	2.7283113E-07
7508.678125	1.346482158	2.7377854E-07
7508.195996	1.346481919	2.7458915E-07
7507.713867	1.346481562	2.7553435E-07
7507.231738	1.346481204	2.7635406E-07
7506.749610	1.346480846	2.7721272E-07
7506.267481	1.346480608	2.7802663E-07
7505.785352	1.346480250	2.7876620E-07
7505.303223	1.346479893	2.7950357E-07
7504.821095	1.346479535	2.8006074E-07
7504.338966	1.346479297	2.8073035E-07
7503.856837	1.346478939	2.8124862E-07
7503.374708	1.346478581	2.8207202E-07
7502.892579	1.346478224	2.8278409E-07
7502.410451	1.346477985	2.8389106E-07
7501.928322	1.346477628	2.8483285E-07
7501.446193	1.346477270	2.8617656E-07
7500.964064	1.346476912	2.8733964E-07
7500.481936	1.346476674	2.8892024E-07
7499.999807	1.346476316	2.9027009E-07
7499.517678	1.346475959	2.9190399E-07
7499.035549	1.346475601	2.9323441E-07
7498.553421	1.346475363	2.9485384E-07
7498.071292	1.346475005	2.9637349E-07
7497.589163	1.346474648	2.9829951E-07
7497.107034	1.346474290	3.0024227E-07
7496.624906	1.346474051	3.0244650E-07
7496.142777	1.346473694	3.0456155E-07
7495.660648	1.346473336	3.0672122E-07
7495.178519	1.346472979	3.0882964E-07
7494.696391	1.346472740	3.1095234E-07
7494.214262	1.346472383	3.1318389E-07
7493.732133	1.346472025	3.1542290E-07
7493.250004	1.346471667	3.1787239E-07
7492.767876	1.346471429	3.2026385E-07
7492.285747	1.346471071	3.2296016E-07
7491.803618	1.346470714	3.2556224E-07
7491.321489	1.346470356	3.2846940E-07
7490.839360	1.346470118	3.3109392E-07
7490.357232	1.346469760	3.3387242E-07
7489.875103	1.346469402	3.3625570E-07
7489.392974	1.346469045	3.3886697E-07
7488.910845	1.346468687	3.4124386E-07
7488.428717	1.346468329	3.4400199E-07
7487.946588	1.346468091	3.4665681E-07
7487.464459	1.346467733	3.4973011E-07
7486.982330	1.346467376	3.5273949E-07
7486.500202	1.346467018	3.5608671E-07
7486.018073	1.346466780	3.5935858E-07
7485.535944	1.346466422	3.6283742E-07
7485.053815	1.346466064	3.6623241E-07
7484.571687	1.346465707	3.6975553E-07
7484.089558	1.346465349	3.7330713E-07
7483.607429	1.346464992	3.7699931E-07
7483.125300	1.346464753	3.8090192E-07
7482.643172	1.346464396	3.8494329E-07
7482.161043	1.346464038	3.8924279E-07
7481.678914	1.346463680	3.9351848E-07
7481.196785	1.346463442	3.9803175E-07
7480.714657	1.346463084	4.0242136E-07
7480.232528	1.346462727	4.0707321E-07
7479.750399	1.346462369	4.1153105E-07
7479.268270	1.346462011	4.1625066E-07
7478.786141	1.346461654	4.2074548E-07
7478.304013	1.346461415	4.2553304E-07
7477.821884	1.346461058	4.3012686E-07
7477.339755	1.346460700	4.3502927E-07
7476.857626	1.346460342	4.3972882E-07
7476.375498	1.346460104	4.4464887E-07
7475.893369	1.346459746	4.4926737E-07
7475.411240	1.346459389	4.5391792E-07
7474.929111	1.346459031	4.5820224E-07
7474.446983	1.346458673	4.6248758E-07
7473.964854	1.346458316	4.6661862E-07
7473.482725	1.346458077	4.7093149E-07
7473.000596	1.346457720	4.7536377E-07
7472.518468	1.346457362	4.8004588E-07
7472.036339	1.346457005	4.8495614E-07
7471.554210	1.346456647	4.9002299E-07
7471.072081	1.346456289	4.9530133E-07
7470.589953	1.346456051	5.0054034E-07
7470.107824	1.346455693	5.0593067E-07
7469.625695	1.346455336	5.1116713E-07
7469.143566	1.346454978	5.1660199E-07
7468.661438	1.346454620	5.2195027E-07
7468.179309	1.346454263	5.2770598E-07
7467.697180	1.346454024	5.3349183E-07
7467.215051	1.346453667	5.3976745E-07
7466.732922	1.346453309	5.4603058E-07
7466.250794	1.346452951	5.5264622E-07
7465.768665	1.346452594	5.5909103E-07
7465.286536	1.346452236	5.6581400E-07
7464.804407	1.346451998	5.7248235E-07
7464.322279	1.346451521	5.7957811E-07
7463.840150	1.346451283	5.8679185E-07
7463.358021	1.346450925	5.9446556E-07
7462.875892	1.346450567	6.0230137E-07
7462.393764	1.346450210	6.1047461E-07
7461.911635	1.346449852	6.1875222E-07
7461.429506	1.346449494	6.2716186E-07
7460.947377	1.346449256	6.3557098E-07
7460.465249	1.346448898	6.4389771E-07
7459.983120	1.346448541	6.5219976E-07
7459.500991	1.346448183	6.6034909E-07
7459.018862	1.346447825	6.6861471E-07
7458.536734	1.346447468	6.7681694E-07
7458.054605	1.346447229	6.8531979E-07
7457.572476	1.346446872	6.9378438E-07
7457.090347	1.346446514	7.0257240E-07
7456.608218	1.346446157	7.1126345E-07
7456.126090	1.346445799	7.2028437E-07
7455.643961	1.346445441	7.2919656E-07
7455.161832	1.346445084	7.3839765E-07
7454.679703	1.346444726	7.4740698E-07
7454.197575	1.346444488	7.5665067E-07
7453.715446	1.346444130	7.6576802E-07
7453.233317	1.346443772	7.7522006E-07
7452.751188	1.346443415	7.8469857E-07
7452.269060	1.346443057	7.9452740E-07
7451.786931	1.346442699	8.0436910E-07
7451.304802	1.346442342	8.1439873E-07
7450.822673	1.346441984	8.2438588E-07
7450.340545	1.346441746	8.3443860E-07
7449.858416	1.346441388	8.4450974E-07
7449.376287	1.346441031	8.5465560E-07
7448.894158	1.346440673	8.6498448E-07
7448.412030	1.346440315	8.7543202E-07
7447.929901	1.346439958	8.8620946E-07
7447.447772	1.346439600	8.9712333E-07
7446.965643	1.346439242	9.0846506E-07
7446.483515	1.346439004	9.1988835E-07
7446.001386	1.346438527	9.3168598E-07
7445.519257	1.346438289	9.4340702E-07
7445.037128	1.346437931	9.5540579E-07
7444.554999	1.346437573	9.6728269E-07
7444.072871	1.346437216	9.7951218E-07
7443.590742	1.346436858	9.9175700E-07
7443.108613	1.346436501	1.0044915E-06
7442.626484	1.346436143	1.0173419E-06
7442.144356	1.346435785	1.0306671E-06
7441.662227	1.346435547	1.0440637E-06
7441.180098	1.346435070	1.0577908E-06
7440.697969	1.346434832	1.0715129E-06
7440.215841	1.346434474	1.0854752E-06
7439.733712	1.346434116	1.0994739E-06
7439.251583	1.346433759	1.1136439E-06
7438.769454	1.346433401	1.1278424E-06
7438.287326	1.346433043	1.1420759E-06
7437.805197	1.346432686	1.1563721E-06
7437.323068	1.346432328	1.1706660E-06
7436.840939	1.346431971	1.1851295E-06
7436.358811	1.346431613	1.1995933E-06
7435.876682	1.346431375	1.2143122E-06
7435.394553	1.346431017	1.2290280E-06
7434.912424	1.346430659	1.2440796E-06
7434.430296	1.346430302	1.2591406E-06
7433.948167	1.346429944	1.2745796E-06
7433.466038	1.346429586	1.2900372E-06
7432.983909	1.346429229	1.3059014E-06
7432.501780	1.346428871	1.3217737E-06
7432.019652	1.346428514	1.3380089E-06
7431.537523	1.346428156	1.3541947E-06
7431.055394	1.346427798	1.3706590E-06
7430.573265	1.346427441	1.3870389E-06
7430.091137	1.346427202	1.4036349E-06
7429.609008	1.346426725	1.4201684E-06
7429.126879	1.346426487	1.4369120E-06
7428.644750	1.346426129	1.4536805E-06
7428.162622	1.346425772	1.4706332E-06
7427.680493	1.346425414	1.4876634E-06
7427.198364	1.346425056	1.5048414E-06
7426.716235	1.346424699	1.5222130E-06
7426.234107	1.346424341	1.5397758E-06
7425.751978	1.346423984	1.5576826E-06
7425.269849	1.346423626	1.5757672E-06
7424.787720	1.346423268	1.5941997E-06
7424.305592	1.346422911	1.6126928E-06
7423.823463	1.346422553	1.6314851E-06
7423.341334	1.346422195	1.6502613E-06
7422.859205	1.346421838	1.6694042E-06
7422.377077	1.346421599	1.6886558E-06
7421.894948	1.346421123	1.7084520E-06
7421.412819	1.346420884	1.7284842E-06
7420.930690	1.346420407	1.7491498E-06
7420.448561	1.346420169	1.7701266E-06
7419.966433	1.346419692	1.7917685E-06
7419.484304	1.346419454	1.8137424E-06
7419.002175	1.346419096	1.8363231E-06
7418.520046	1.346418738	1.8591960E-06
7418.037918	1.346418381	1.8825868E-06
7417.555789	1.346418023	1.9062775E-06
7417.073660	1.346417665	1.9304316E-06
7416.591531	1.346417308	1.9549176E-06
7416.109403	1.346416950	1.9797533E-06
7415.627274	1.346416593	2.0048387E-06
7415.145145	1.346416235	2.0300721E-06
7414.663016	1.346415877	2.0555111E-06
7414.180888	1.346415520	2.0810560E-06
7413.698759	1.346415162	2.1069506E-06
7413.216630	1.346414804	2.1330416E-06
7412.734501	1.346414447	2.1595904E-06
7412.252373	1.346414089	2.1863139E-06
7411.770244	1.346413732	2.2135077E-06
7411.288115	1.346413374	2.2408984E-06
7410.805986	1.346413016	2.2688674E-06
7410.323858	1.346412659	2.2971686E-06
7409.841729	1.346412301	2.3261834E-06
7409.359600	1.346411943	2.3556077E-06
7408.877471	1.346411586	2.3857878E-06
7408.395342	1.346411228	2.4164564E-06
7407.913214	1.346410871	2.4479515E-06
7407.431085	1.346410513	2.4800269E-06
7406.948956	1.346410155	2.5128954E-06
7406.466827	1.346409798	2.5462745E-06
7405.984699	1.346409440	2.5802631E-06
7405.502570	1.346409082	2.6147031E-06
7405.020441	1.346408725	2.6497056E-06
7404.538312	1.346408367	2.6853014E-06
7404.056184	1.346408010	2.7215479E-06
7403.574055	1.346407652	2.7585146E-06
7403.091926	1.346407294	2.7960985E-06
7402.609797	1.346406937	2.8344510E-06
7402.127669	1.346406579	2.8734248E-06
7401.645540	1.346406221	2.9132486E-06
7401.163411	1.346405864	2.9536892E-06
7400.681282	1.346405506	2.9949390E-06
7400.199154	1.346405149	3.0366696E-06
7399.717025	1.346404791	3.0791484E-06
7399.234896	1.346404433	3.1221574E-06
7398.752767	1.346404076	3.1660942E-06
7398.270639	1.346403718	3.2107909E-06
7397.788510	1.346403360	3.2566105E-06
7397.306381	1.346403122	3.3032906E-06
7396.824252	1.346402645	3.3510593E-06
7396.342123	1.346402407	3.3996112E-06
7395.859995	1.346401930	3.4491036E-06
7395.377866	1.346401691	3.4992761E-06
7394.895737	1.346401334	3.5502412E-06
7394.413608	1.346400976	3.6018300E-06
7393.931480	1.346400619	3.6541434E-06
7393.449351	1.346400261	3.7071658E-06
7392.967222	1.346399903	3.7609593E-06
7392.485093	1.346399546	3.8155812E-06
7392.002965	1.346399188	3.8709651E-06
7391.520836	1.346398830	3.9271550E-06
7391.038707	1.346398473	3.9839399E-06
7390.556578	1.346398234	4.0414086E-06
7390.074450	1.346397758	4.0993327E-06
7389.592321	1.346397519	4.1578904E-06
7389.110192	1.346397161	4.2168560E-06
7388.628063	1.346396804	4.2764524E-06
7388.145935	1.346396446	4.3364175E-06
7387.663806	1.346396089	4.3969376E-06
7387.181677	1.346395731	4.4577013E-06
7386.699548	1.346395493	4.5188660E-06
7386.217420	1.346395135	4.5801331E-06
7385.735291	1.346394777	4.6416644E-06
7385.253162	1.346394420	4.7031731E-06
7384.771033	1.346394181	4.7647635E-06
7384.288904	1.346393824	4.8261325E-06
7383.806776	1.346393466	4.8873227E-06
7383.324647	1.346393108	4.9480941E-06
7382.842518	1.346392870	5.0084505E-06
7382.360389	1.346392512	5.0682349E-06
7381.878261	1.346392274	5.1273782E-06
7381.396132	1.346391916	5.1857755E-06
7380.914003	1.346391559	5.2433005E-06
7380.431874	1.346391201	5.2999637E-06
7379.949746	1.346390963	5.3556342E-06
7379.467617	1.346390605	5.4104120E-06
7378.985488	1.346390367	5.4640945E-06
7378.503359	1.346390009	5.5167660E-06
7378.021231	1.346389771	5.5681932E-06
7377.539102	1.346389413	5.6185420E-06
7377.056973	1.346389055	5.6676507E-06
7376.574844	1.346388817	5.7157581E-06
7376.092716	1.346388459	5.7626783E-06
7375.610587	1.346388221	5.8085783E-06
7375.128458	1.346387863	5.8531968E-06
7374.646329	1.346387506	5.8966927E-06
7374.164201	1.346387267	5.9388349E-06
7373.682072	1.346386909	5.9797625E-06
7373.199943	1.346386671	6.0192258E-06
7372.717814	1.346386313	6.0573171E-06
7372.235685	1.346386075	6.0938696E-06
7371.753557	1.346385717	6.1290007E-06
7371.271428	1.346385479	6.1626347E-06
7370.789299	1.346385121	6.1948039E-06
7370.307170	1.346384883	6.2254623E-06
7369.825042	1.346384525	6.2545702E-06
7369.342913	1.346384287	6.2821764E-06
7368.860784	1.346383929	6.3082403E-06
7368.378655	1.346383691	6.3328914E-06
7367.896527	1.346383333	6.3560393E-06
7367.414398	1.346383095	6.3778038E-06
7366.932269	1.346382737	6.3980170E-06
7366.450140	1.346382499	6.4168097E-06
7365.968012	1.346382141	6.4340316E-06
7365.485883	1.346381903	6.4498967E-06
7365.003754	1.346381545	6.4642577E-06
7364.521625	1.346381307	6.4772859E-06
7364.039497	1.346380949	6.4887472E-06
7363.557368	1.346380711	6.4987953E-06
7363.075239	1.346380353	6.5072270E-06
7362.593110	1.346380115	6.5142575E-06
7362.110982	1.346379757	6.5197748E-06
7361.628853	1.346379519	6.5240242E-06
7361.146724	1.346379161	6.5269608E-06
7360.664595	1.346378922	6.5287978E-06
7360.182466	1.346378565	6.5295390E-06
7359.700338	1.346378207	6.5293440E-06
7359.218209	1.346377969	6.5282761E-06
7358.736080	1.346377611	6.5264243E-06
7358.253951	1.346377254	6.5238394E-06
7357.771823	1.346377015	6.5204677E-06
7357.289694	1.346376657	6.5163860E-06
7356.807565	1.346376419	6.5115814E-06
7356.325436	1.346376061	6.5063124E-06
7355.843308	1.346375704	6.5006210E-06
7355.361179	1.346375346	6.4947837E-06
7354.879050	1.346375108	6.4887528E-06
7354.396921	1.346374750	6.4827547E-06
7353.914793	1.346374393	6.4766612E-06
7353.432664	1.346374035	6.4706833E-06
7352.950535	1.346373796	6.4646553E-06
7352.468406	1.346373439	6.4587837E-06
7351.986278	1.346373081	6.4528928E-06
7351.504149	1.346372724	6.4471979E-06
7351.022020	1.346372485	6.4415641E-06
7350.539891	1.346372128	6.4362366E-06
7350.057763	1.346371770	6.4311501E-06
7349.575634	1.346371412	6.4265069E-06
7349.093505	1.346371055	6.4222252E-06
7348.611376	1.346370697	6.4183829E-06
7348.129247	1.346370459	6.4149276E-06
7347.647119	1.346370101	6.4119157E-06
7347.164990	1.346369743	6.4094031E-06
7346.682861	1.346369386	6.4074057E-06
7346.200732	1.346369028	6.4060082E-06
7345.718604	1.346368670	6.4051745E-06
7345.236475	1.346368313	6.4050681E-06
7344.754346	1.346367955	6.4056419E-06
7344.272217	1.346367717	6.4070691E-06
7343.790089	1.346367359	6.4092010E-06
7343.307960	1.346367002	6.4121284E-06
7342.825831	1.346366644	6.4155942E-06
7342.343702	1.346366286	6.4196773E-06
7341.861574	1.346365929	6.4241052E-06
7341.379445	1.346365571	6.4290012E-06
7340.897316	1.346365213	6.4341343E-06
7340.415187	1.346364856	6.4396675E-06
7339.933059	1.346364498	6.4453781E-06
7339.450930	1.346364260	6.4514345E-06
7338.968801	1.346363783	6.4576946E-06
7338.486672	1.346363544	6.4643734E-06
7338.004544	1.346363187	6.4713935E-06
7337.522415	1.346362829	6.4788671E-06
7337.040286	1.346362472	6.4866935E-06
7336.558157	1.346362114	6.4948778E-06
7336.076028	1.346361756	6.5033876E-06
7335.593900	1.346361399	6.5122129E-06
7335.111771	1.346361041	6.5214178E-06
7334.629642	1.346360683	6.5309879E-06
7334.147513	1.346360326	6.5410554E-06
7333.665385	1.346359968	6.5515625E-06
7333.183256	1.346359611	6.5626122E-06
7332.701127	1.346359253	6.5740447E-06
7332.218998	1.346358895	6.5859535E-06
7331.736870	1.346358657	6.5981535E-06
7331.254741	1.346358180	6.6107600E-06
7330.772612	1.346357942	6.6235464E-06
7330.290483	1.346357465	6.6366480E-06
7329.808355	1.346357226	6.6498536E-06
7329.326226	1.346356869	6.6633602E-06
7328.844097	1.346356511	6.6769629E-06
7328.361968	1.346356153	6.6907976E-06
7327.879840	1.346355796	6.7046347E-06
7327.397711	1.346355438	6.7185714E-06
7326.915582	1.346355081	6.7324277E-06
7326.433453	1.346354723	6.7462971E-06
7325.951325	1.346354365	6.7601143E-06
7325.469196	1.346354008	6.7739865E-06
7324.987067	1.346353650	6.7879614E-06
7324.504938	1.346353292	6.8021129E-06
7324.022809	1.346352935	6.8164880E-06
7323.540681	1.346352577	6.8310430E-06
7323.058552	1.346352220	6.8458357E-06
7322.576423	1.346351862	6.8607689E-06
7322.094294	1.346351504	6.8759018E-06
7321.612166	1.346351147	6.8910970E-06
7321.130037	1.346350789	6.9064835E-06
7320.647908	1.346350431	6.9219834E-06
7320.165779	1.346350074	6.9378274E-06
7319.683651	1.346349716	6.9539367E-06
7319.201522	1.346349359	6.9705310E-06
7318.719393	1.346349001	6.9874501E-06
7318.237264	1.346348643	7.0048724E-06
7317.755136	1.346348286	7.0225941E-06
7317.273007	1.346347928	7.0407838E-06
7316.790878	1.346347570	7.0592862E-06
7316.308749	1.346347213	7.0783033E-06
7315.826621	1.346346855	7.0977411E-06
7315.344492	1.346346498	7.1177581E-06
7314.862363	1.346346140	7.1382990E-06
7314.380234	1.346345782	7.1594848E-06
7313.898106	1.346345425	7.1813440E-06
7313.415977	1.346345067	7.2039401E-06
7312.933848	1.346344709	7.2272456E-06
7312.451719	1.346344352	7.2511441E-06
7311.969590	1.346343994	7.2755864E-06
7311.487462	1.346343637	7.3004655E-06
7311.005333	1.346343279	7.3258624E-06
7310.523204	1.346342921	7.3517144E-06
7310.041075	1.346342564	7.3781581E-06
7309.558947	1.346342206	7.4051045E-06
7309.076818	1.346341848	7.4327336E-06
7308.594689	1.346341491	7.4609757E-06
7308.112560	1.346341133	7.4900395E-06
7307.630432	1.346340775	7.5197552E-06
7307.148303	1.346340418	7.5502164E-06
7306.666174	1.346340060	7.5811062E-06
7306.184045	1.346339703	7.6124480E-06
7305.701917	1.346339345	7.6439847E-06
7305.219788	1.346338987	7.6758722E-06
7304.737659	1.346338630	7.7080371E-06
7304.255530	1.346338272	7.7406727E-06
7303.773402	1.346337914	7.7737318E-06
7303.291273	1.346337557	7.8073348E-06
7302.809144	1.346337199	7.8414600E-06
7302.327015	1.346336842	7.8761427E-06
7301.844887	1.346336484	7.9113390E-06
7301.362758	1.346336126	7.9469636E-06
7300.880629	1.346335769	7.9829831E-06
7300.398500	1.346335411	8.0193616E-06
7299.916371	1.346335053	8.0562334E-06
7299.434243	1.346334696	8.0936298E-06
7298.952114	1.346334338	8.1317392E-06
7298.469985	1.346333981	8.1705261E-06
7297.987856	1.346333623	8.2101204E-06
7297.505728	1.346333265	8.2503516E-06
7297.023599	1.346332908	8.2912547E-06
7296.541470	1.346332550	8.3325727E-06
7296.059341	1.346332192	8.3743859E-06
7295.577213	1.346331835	8.4165267E-06
7295.095084	1.346331477	8.4591967E-06
7294.612955	1.346331120	8.5022866E-06
7294.130826	1.346330762	8.5459595E-06
7293.648698	1.346330404	8.5900341E-06
7293.166569	1.346330047	8.6345552E-06
7292.684440	1.346329689	8.6793218E-06
7292.202311	1.346329331	8.7243334E-06
7291.720183	1.346328974	8.7694575E-06
7291.238054	1.346328735	8.8146791E-06
7290.755925	1.346328378	8.8599574E-06
7290.273796	1.346328020	8.9053137E-06
7289.791668	1.346327662	8.9508326E-06
7289.309539	1.346327305	8.9965704E-06
7288.827410	1.346326947	9.0426088E-06
7288.345281	1.346326590	9.0888663E-06
7287.863152	1.346326232	9.1353311E-06
7287.381024	1.346325994	9.1818773E-06
7286.898895	1.346325517	9.2285970E-06
7286.416766	1.346325278	9.2754330E-06
7285.934637	1.346324921	9.3225471E-06
7285.452509	1.346324563	9.3698395E-06
7284.970380	1.346324205	9.4174359E-06
7284.488251	1.346323967	9.4651632E-06
7284.006122	1.346323490	9.5131251E-06
7283.523994	1.346323252	9.5610956E-06
7283.041865	1.346322894	9.6091142E-06
7282.559736	1.346322536	9.6569255E-06
7282.077607	1.346322179	9.7045513E-06
7281.595479	1.346321940	9.7518407E-06
7281.113350	1.346321583	9.7988740E-06
7280.631221	1.346321225	9.8456069E-06
7280.149092	1.346320868	9.8920811E-06
7279.666964	1.346320629	9.9382314E-06
7279.184835	1.346320271	9.9839810E-06
7278.702706	1.346319914	1.0029212E-05
7278.220577	1.346319556	1.0073776E-05
7277.738449	1.346319318	1.0117565E-05
7277.256320	1.346318960	1.0160456E-05
7276.774191	1.346318722	1.0202449E-05
7276.292062	1.346318364	1.0243503E-05
7275.809933	1.346318007	1.0283712E-05
7275.327805	1.346317649	1.0323007E-05
7274.845676	1.346317410	1.0361417E-05
7274.363547	1.346317053	1.0398704E-05
7273.881418	1.346316814	1.0434813E-05
7273.399290	1.346316457	1.0469457E-05
7272.917161	1.346316099	1.0502680E-05
7272.435032	1.346315861	1.0534334E-05
7271.952903	1.346315503	1.0564615E-05
7271.470775	1.346315145	1.0593487E-05
7270.988646	1.346314907	1.0621149E-05
7270.506517	1.346314549	1.0647539E-05
7270.024388	1.346314311	1.0672696E-05
7269.542260	1.346313953	1.0696432E-05
7269.060131	1.346313715	1.0718624E-05
7268.578002	1.346313357	1.0739053E-05
7268.095873	1.346313119	1.0757616E-05
7267.613745	1.346312761	1.0774280E-05
7267.131616	1.346312523	1.0789137E-05
7266.649487	1.346312165	1.0802338E-05
7266.167358	1.346311808	1.0813992E-05
7265.685229	1.346311569	1.0824188E-05
7265.203101	1.346311212	1.0832833E-05
7264.720972	1.346310854	1.0839843E-05
7264.238843	1.346310616	1.0845016E-05
7263.756714	1.346310258	1.0848348E-05
7263.274586	1.346310019	1.0849759E-05
7262.792457	1.346309662	1.0849459E-05
7262.310328	1.346309423	1.0847463E-05
7261.828199	1.346309066	1.0843988E-05
7261.346071	1.346308827	1.0838944E-05
7260.863942	1.346308470	1.0832472E-05
7260.381813	1.346308112	1.0824451E-05
7259.899684	1.346307755	1.0815006E-05
7259.417556	1.346307516	1.0804046E-05
7258.935427	1.346307158	1.0791683E-05
7258.453298	1.346306920	1.0777873E-05
7257.971169	1.346306562	1.0762778E-05
7257.489041	1.346306205	1.0746511E-05
7257.006912	1.346305847	1.0729292E-05
7256.524783	1.346305609	1.0711251E-05
7256.042654	1.346305251	1.0692476E-05
7255.560526	1.346304893	1.0672967E-05
7255.078397	1.346304536	1.0652731E-05
7254.596268	1.346304297	1.0631845E-05
7254.114139	1.346303940	1.0610396E-05
7253.632010	1.346303582	1.0588528E-05
7253.149882	1.346303225	1.0566256E-05
7252.667753	1.346302986	1.0543672E-05
7252.185624	1.346302629	1.0520732E-05
7251.703495	1.346302271	1.0497618E-05
7251.221367	1.346301913	1.0474317E-05
7250.739238	1.346301556	1.0451021E-05
7250.257109	1.346301198	1.0427636E-05
7249.774980	1.346300960	1.0404303E-05
7249.292852	1.346300483	1.0380931E-05
7248.810723	1.346300244	1.0357705E-05
7248.328594	1.346299767	1.0334598E-05
7247.846465	1.346299529	1.0311749E-05
7247.364337	1.346299171	1.0289059E-05
7246.882208	1.346298814	1.0266558E-05
7246.400079	1.346298456	1.0244182E-05
7245.917950	1.346298099	1.0222014E-05
7245.435822	1.346297741	1.0200062E-05
7244.953693	1.346297383	1.0178363E-05
7244.471564	1.346297026	1.0156883E-05
7243.989435	1.346296668	1.0135640E-05
7243.507307	1.346296310	1.0114718E-05
7243.025178	1.346295953	1.0094248E-05
7242.543049	1.346295476	1.0074390E-05
7242.060920	1.346295238	1.0055167E-05
7241.578791	1.346294761	1.0036649E-05
7241.096663	1.346294403	1.0018784E-05
7240.614534	1.346294045	1.0001719E-05
7240.132405	1.346293688	9.9854429E-06
7239.650276	1.346293330	9.9701442E-06
7239.168148	1.346292973	9.9557256E-06
7238.686019	1.346292615	9.9423211E-06
7238.203890	1.346292257	9.9298230E-06
7237.721761	1.346291780	9.9183994E-06
7237.239633	1.346291423	9.9079861E-06
7236.757504	1.346291065	9.8986973E-06
7236.275375	1.346290708	9.8904048E-06
7235.793246	1.346290350	9.8831041E-06
7235.311118	1.346289992	9.8766670E-06
7234.828989	1.346289515	9.8711440E-06
7234.346860	1.346289158	9.8665461E-06
7233.864731	1.346288800	9.8629662E-06
7233.382603	1.346288443	9.8603933E-06
7232.900474	1.346287966	9.8588315E-06
7232.418345	1.346287608	9.8582467E-06
7231.936216	1.346287251	9.8586312E-06
7231.454088	1.346286893	9.8599979E-06
7230.971959	1.346286535	9.8623024E-06
7230.489830	1.346286178	9.8655832E-06
7230.007701	1.346285701	9.8697792E-06
7229.525572	1.346285343	9.8749872E-06
7229.043444	1.346284986	9.8811434E-06
7228.561315	1.346284628	9.8883920E-06
7228.079186	1.346284151	9.8966609E-06
7227.597057	1.346283793	9.9061052E-06
7227.114929	1.346283436	9.9165973E-06
7226.632800	1.346283078	9.9282001E-06
7226.150671	1.346282601	9.9406924E-06
7225.668542	1.346282244	9.9540564E-06
7225.186414	1.346281886	9.9681121E-06
7224.704285	1.346281528	9.9828802E-06
7224.222156	1.346281171	9.9982524E-06
7223.740027	1.346280813	1.0014242E-05
7223.257899	1.346280336	1.0030747E-05
7222.775770	1.346279979	1.0047747E-05
7222.293641	1.346279621	1.0065144E-05
7221.811512	1.346279263	1.0082877E-05
7221.329384	1.346278906	1.0100849E-05
7220.847255	1.346278548	1.0119003E-05
7220.365126	1.346278071	1.0137316E-05
7219.882997	1.346277714	1.0155782E-05
7219.400869	1.346277356	1.0174488E-05
7218.918740	1.346276999	1.0193439E-05
7218.436611	1.346276641	1.0212718E-05
7217.954482	1.346276283	1.0232201E-05
7217.472353	1.346275806	1.0251912E-05
7216.990225	1.346275449	1.0271685E-05
7216.508096	1.346275091	1.0291623E-05
7216.025967	1.346274734	1.0311644E-05
7215.543838	1.346274376	1.0331905E-05
7215.061710	1.346274018	1.0352349E-05
7214.579581	1.346273541	1.0373174E-05
7214.097452	1.346273184	1.0394387E-05
7213.615323	1.346272826	1.0416118E-05
7213.133195	1.346272469	1.0438248E-05
7212.651066	1.346272111	1.0460707E-05
7212.168937	1.346271753	1.0483318E-05
7211.686808	1.346271396	1.0506059E-05
7211.204680	1.346271038	1.0528910E-05
7210.722551	1.346270561	1.0551946E-05
7210.240422	1.346270204	1.0575156E-05
7209.758293	1.346269846	1.0598520E-05
7209.276165	1.346269488	1.0621957E-05
7208.794036	1.346269131	1.0645384E-05
7208.311907	1.346268773	1.0668767E-05
7207.829778	1.346268415	1.0692024E-05
7207.347650	1.346268058	1.0715147E-05
7206.865521	1.346267581	1.0737986E-05
7206.383392	1.346267343	1.0760565E-05
7205.901263	1.346266866	1.0782792E-05
7205.419134	1.346266508	1.0804824E-05
7204.937006	1.346266150	1.0826602E-05
7204.454877	1.346265793	1.0848235E-05
7203.972748	1.346265435	1.0869588E-05
7203.490619	1.346265078	1.0890744E-05
7203.008491	1.346264720	1.0911670E-05
7202.526362	1.346264362	1.0932522E-05
7202.044233	1.346264005	1.0953278E-05
7201.562104	1.346263647	1.0973978E-05
7201.079976	1.346263170	1.0994501E-05
7200.597847	1.346262932	1.1014851E-05
7200.115718	1.346262455	1.1034979E-05
7199.633589	1.346262097	1.1054948E-05
7199.151461	1.346261740	1.1074726E-05
7198.669332	1.346261382	1.1094323E-05
7198.187203	1.346261024	1.1113710E-05
7197.705074	1.346260667	1.1132898E-05
7197.222946	1.346260309	1.1151918E-05
7196.740817	1.346259952	1.1170773E-05
7196.258688	1.346259594	1.1189489E-05
7195.776559	1.346259236	1.1207959E-05
7195.294431	1.346258879	1.1226160E-05
7194.812302	1.346258521	1.1243913E-05
7194.330173	1.346258163	1.1261245E-05
7193.848044	1.346257806	1.1278042E-05
7193.365915	1.346257329	1.1294389E-05
7192.883787	1.346257091	1.1310193E-05
7192.401658	1.346256614	1.1325553E-05
7191.919529	1.346256375	1.1340412E-05
7191.437400	1.346255898	1.1354866E-05
7190.955272	1.346255541	1.1368856E-05
7190.473143	1.346255183	1.1382420E-05
7189.991014	1.346254826	1.1395500E-05
7189.508885	1.346254468	1.1408151E-05
7189.026757	1.346254110	1.1420332E-05
7188.544628	1.346253753	1.1432069E-05
7188.062499	1.346253395	1.1443304E-05
7187.580370	1.346253037	1.1454062E-05
7187.098242	1.346252680	1.1464326E-05
7186.616113	1.346252322	1.1474113E-05
7186.133984	1.346251965	1.1483425E-05
7185.651855	1.346251488	1.1492224E-05
7185.169727	1.346251249	1.1500525E-05
7184.687598	1.346250772	1.1508283E-05
7184.205469	1.346250415	1.1515560E-05
7183.723340	1.346250057	1.1522287E-05
7183.241212	1.346249700	1.1528557E-05
7182.759083	1.346249342	1.1534287E-05
7182.276954	1.346248984	1.1539579E-05
7181.794825	1.346248627	1.1544363E-05
7181.312696	1.346248269	1.1548744E-05
7180.830568	1.346247911	1.1552675E-05
7180.348439	1.346247554	1.1556255E-05
7179.866310	1.346247077	1.1559434E-05
7179.384181	1.346246839	1.1562283E-05
7178.902053	1.346246362	1.1564779E-05
7178.419924	1.346246004	1.1567016E-05
7177.937795	1.346245646	1.1568978E-05
7177.455666	1.346245289	1.1570719E-05
7176.973538	1.346244931	1.1572197E-05
7176.491409	1.346244574	1.1573479E-05
7176.009280	1.346244097	1.1574586E-05
7175.527151	1.346243739	1.1575562E-05
7175.045023	1.346243382	1.1576382E-05
7174.562894	1.346243024	1.1577002E-05
7174.080765	1.346242547	1.1577428E-05
7173.598636	1.346242309	1.1577666E-05
7173.116508	1.346241832	1.1577835E-05
7172.634379	1.346241474	1.1577922E-05
7172.152250	1.346241117	1.1578010E-05
7171.670121	1.346240759	1.1578008E-05
7171.187993	1.346240282	1.1577984E-05
7170.705864	1.346239924	1.1577874E-05
7170.223735	1.346239567	1.1577792E-05
7169.741606	1.346239209	1.1577723E-05
7169.259477	1.346238732	1.1577790E-05
7168.777349	1.346238375	1.1577991E-05
7168.295220	1.346237898	1.1578479E-05
7167.813091	1.346237540	1.1579340E-05
7167.330962	1.346237183	1.1580771E-05
7166.848834	1.346236825	1.1582820E-05
7166.366705	1.346236348	1.1585532E-05
7165.884576	1.346235991	1.1588778E-05
7165.402447	1.346235633	1.1592525E-05
7164.920319	1.346235156	1.1596724E-05
7164.438190	1.346234798	1.1601457E-05
7163.956061	1.346234441	1.1606790E-05
7163.473932	1.346233964	1.1612799E-05
7162.991804	1.346233606	1.1619546E-05
7162.509675	1.346233130	1.1627021E-05
7162.027546	1.346232772	1.1635246E-05
7161.545417	1.346232414	1.1644143E-05
7161.063289	1.346231937	1.1653744E-05
7160.581160	1.346231580	1.1663970E-05
7160.099031	1.346231222	1.1674900E-05
7159.616902	1.346230745	1.1686482E-05
7159.134774	1.346230388	1.1698838E-05
7158.652645	1.346229911	1.1712017E-05
7158.170516	1.346229553	1.1726211E-05
7157.688387	1.346229076	1.1741481E-05
7157.206258	1.346228719	1.1757911E-05
7156.724130	1.346228242	1.1775413E-05
7156.242001	1.346227884	1.1793943E-05
7155.759872	1.346227407	1.1813380E-05
7155.277743	1.346227050	1.1833754E-05
7154.795615	1.346226573	1.1855070E-05
7154.313486	1.346226215	1.1877440E-05
7153.831357	1.346225739	1.1900921E-05
7153.349228	1.346225381	1.1925607E-05
7152.867100	1.346224904	1.1951506E-05
7152.384971	1.346224546	1.1978630E-05
7151.902842	1.346224189	1.2006966E-05
7151.420713	1.346223712	1.2036453E-05
7150.938585	1.346223354	1.2067061E-05
7150.456456	1.346222878	1.2098676E-05
7149.974327	1.346222520	1.2131316E-05
7149.492198	1.346222043	1.2164938E-05
7149.010070	1.346221685	1.2199665E-05
7148.527941	1.346221209	1.2235500E-05
7148.045812	1.346220851	1.2272538E-05
7147.563683	1.346220374	1.2310749E-05
7147.081555	1.346220016	1.2350217E-05
7146.599426	1.346219540	1.2390947E-05
7146.117297	1.346219182	1.2433032E-05
7145.635168	1.346218705	1.2476477E-05
7145.153039	1.346218348	1.2521356E-05
7144.670911	1.346217871	1.2567637E-05
7144.188782	1.346217513	1.2615341E-05
7143.706653	1.346217036	1.2664395E-05
7143.224524	1.346216679	1.2714821E-05
7142.742396	1.346216321	1.2766557E-05
7142.260267	1.346215844	1.2819602E-05
7141.778138	1.346215487	1.2873895E-05
7141.296009	1.346215010	1.2929405E-05
7140.813881	1.346214652	1.2986116E-05
7140.331752	1.346214175	1.3044010E-05
7139.849623	1.346213818	1.3103105E-05
7139.367494	1.346213341	1.3163328E-05
7138.885366	1.346212983	1.3224655E-05
7138.403237	1.346212506	1.3286951E-05
7137.921108	1.346212149	1.3350178E-05
7137.438979	1.346211791	1.3414190E-05
7136.956851	1.346211433	1.3478960E-05
7136.474722	1.346210957	1.3544379E-05
7135.992593	1.346210599	1.3610442E-05
7135.510464	1.346210122	1.3677089E-05
7135.028336	1.346209764	1.3744324E-05
7134.546207	1.346209288	1.3812045E-05
7134.064078	1.346208930	1.3880195E-05
7133.581949	1.346208572	1.3948622E-05
7133.099820	1.346208215	1.4017247E-05
7132.617692	1.346207738	1.4085947E-05
7132.135563	1.346207380	1.4154718E-05
7131.653434	1.346207023	1.4223516E-05
7131.171305	1.346206665	1.4292379E-05
7130.689177	1.346206188	1.4361302E-05
7130.207048	1.346205831	1.4430322E-05
7129.724919	1.346205473	1.4499430E-05
7129.242790	1.346205115	1.4568597E-05
7128.760662	1.346204638	1.4637757E-05
7128.278533	1.346204281	1.4706755E-05
7127.796404	1.346203923	1.4775499E-05
7127.314275	1.346203566	1.4843867E-05
7126.832147	1.346203208	1.4911885E-05
7126.350018	1.346202850	1.4979547E-05
7125.867889	1.346202374	1.5046931E-05
7125.385760	1.346202016	1.5113991E-05
7124.903632	1.346201658	1.5180703E-05
7124.421503	1.346201301	1.5246986E-05
7123.939374	1.346200943	1.5312847E-05
7123.457245	1.346200585	1.5378294E-05
7122.975117	1.346200109	1.5443422E-05
7122.492988	1.346199870	1.5508321E-05
7122.010859	1.346199393	1.5573120E-05
7121.528730	1.346199036	1.5637889E-05
7121.046601	1.346198678	1.5702736E-05
7120.564473	1.346198320	1.5767667E-05
7120.082344	1.346197963	1.5832737E-05
7119.600215	1.346197605	1.5897901E-05
7119.118086	1.346197128	1.5963141E-05
7118.635958	1.346196890	1.6028405E-05
7118.153829	1.346196413	1.6093688E-05
7117.671700	1.346196055	1.6159033E-05
7117.189571	1.346195698	1.6224447E-05
7116.707443	1.346195340	1.6289978E-05
7116.225314	1.346194983	1.6355560E-05
7115.743185	1.346194625	1.6421205E-05
7115.261056	1.346194267	1.6486829E-05
7114.778928	1.346193910	1.6552441E-05
7114.296799	1.346193552	1.6617971E-05
7113.814670	1.346193194	1.6683375E-05
7113.332541	1.346192837	1.6748558E-05
7112.850413	1.346192479	1.6813481E-05
7112.368284	1.346192122	1.6878107E-05
7111.886155	1.346191764	1.6942453E-05
7111.404026	1.346191406	1.7006507E-05
7110.921898	1.346191049	1.7070276E-05
7110.439769	1.346190691	1.7133737E-05
7109.957640	1.346190333	1.7196948E-05
7109.475511	1.346189976	1.7259906E-05
7108.993382	1.346189618	1.7322658E-05
7108.511254	1.346189260	1.7385095E-05
7108.029125	1.346188903	1.7447104E-05
7107.546996	1.346188545	1.7508492E-05
7107.064867	1.346188307	1.7569117E-05
7106.582739	1.346187830	1.7628911E-05
7106.100610	1.346187592	1.7687833E-05
7105.618481	1.346187234	1.7745884E-05
7105.136352	1.346186876	1.7802988E-05
7104.654224	1.346186519	1.7859130E-05
7104.172095	1.346186161	1.7914233E-05
7103.689966	1.346185803	1.7968288E-05
7103.207837	1.346185565	1.8021185E-05
7102.725709	1.346185207	1.8072799E-05
7102.243580	1.346184850	1.8122956E-05
7101.761451	1.346184492	1.8171547E-05
7101.279322	1.346184134	1.8218550E-05
7100.797194	1.346183777	1.8264026E-05
7100.315065	1.346183538	1.8308018E-05
7099.832936	1.346183181	1.8350536E-05
7099.350807	1.346182823	1.8391469E-05
7098.868679	1.346182466	1.8430716E-05
7098.386550	1.346182227	1.8468147E-05
7097.904421	1.346181870	1.8503738E-05
7097.422292	1.346181512	1.8537441E-05
7096.940163	1.346181154	1.8569255E-05
7096.458035	1.346180916	1.8599120E-05
7095.975906	1.346180558	1.8626990E-05
7095.493777	1.346180201	1.8652872E-05
7095.011648	1.346179843	1.8676815E-05
7094.529520	1.346179605	1.8698948E-05
7094.047391	1.346179247	1.8719310E-05
7093.565262	1.346178889	1.8737939E-05
7093.083133	1.346178532	1.8754795E-05
7092.601005	1.346178293	1.8769908E-05
7092.118876	1.346177936	1.8783330E-05
7091.636747	1.346177578	1.8795149E-05
7091.154618	1.346177220	1.8805389E-05
7090.672490	1.346176863	1.8814024E-05
7090.190361	1.346176505	1.8820991E-05
7089.708232	1.346176267	1.8826305E-05
7089.226103	1.346175909	1.8830032E-05
7088.743975	1.346175551	1.8832331E-05
7088.261846	1.346175194	1.8833313E-05
7087.779717	1.346174955	1.8833090E-05
7087.297588	1.346174479	1.8831666E-05
7086.815460	1.346174240	1.8829092E-05
7086.333331	1.346173882	1.8825397E-05
7085.851202	1.346173525	1.8820685E-05
7085.369073	1.346173167	1.8815036E-05
7084.886944	1.346172810	1.8808544E-05
7084.404816	1.346172452	1.8801291E-05
7083.922687	1.346172094	1.8793362E-05
7083.440558	1.346171737	1.8784920E-05
7082.958429	1.346171379	1.8776068E-05
7082.476301	1.346171021	1.8766871E-05
7081.994172	1.346170664	1.8757263E-05
7081.512043	1.346170306	1.8747171E-05
7081.029914	1.346169949	1.8736516E-05
7080.547786	1.346169591	1.8725341E-05
7080.065657	1.346169233	1.8713757E-05
7079.583528	1.346168876	1.8701927E-05
7079.101399	1.346168518	1.8690008E-05
7078.619271	1.346168160	1.8678114E-05
7078.137142	1.346167803	1.8666281E-05
7077.655013	1.346167326	1.8654500E-05
7077.172884	1.346167088	1.8642705E-05
7076.690756	1.346166611	1.8630899E-05
7076.208627	1.346166253	1.8619056E-05
7075.726498	1.346165895	1.8607215E-05
7075.244369	1.346165538	1.8595371E-05
7074.762240	1.346165180	1.8583586E-05
7074.280112	1.346164823	1.8571929E-05
7073.797983	1.346164346	1.8560536E-05
7073.315854	1.346163988	1.8549500E-05
7072.833725	1.346163630	1.8538844E-05
7072.351597	1.346163273	1.8528554E-05
7071.869468	1.346162915	1.8518550E-05
7071.387339	1.346162558	1.8508838E-05
7070.905210	1.346162081	1.8499408E-05
7070.423082	1.346161723	1.8490310E-05
7069.940953	1.346161366	1.8481552E-05
7069.458824	1.346161008	1.8473131E-05
7068.976695	1.346160531	1.8465026E-05
7068.494567	1.346160173	1.8457254E-05
7068.012438	1.346159816	1.8449885E-05
7067.530309	1.346159339	1.8443004E-05
7067.048180	1.346158981	1.8436671E-05
7066.566052	1.346158624	1.8430889E-05
7066.083923	1.346158147	1.8425628E-05
7065.601794	1.346157789	1.8420913E-05
7065.119665	1.346157432	1.8416770E-05
7064.637537	1.346157074	1.8413290E-05
7064.155408	1.346156597	1.8410482E-05
7063.673279	1.346156240	1.8408386E-05
7063.191150	1.346155763	1.8407012E-05
7062.709021	1.346155405	1.8406411E-05
7062.226893	1.346154928	1.8406643E-05
7061.744764	1.346154571	1.8407713E-05
7061.262635	1.346154213	1.8409611E-05
7060.780506	1.346153855	1.8412242E-05
7060.298378	1.346153378	1.8415549E-05
7059.816249	1.346153021	1.8419430E-05
7059.334120	1.346152544	1.8423857E-05
7058.851991	1.346152186	1.8428784E-05
7058.369863	1.346151829	1.8434209E-05
7057.887734	1.346151352	1.8440128E-05
7057.405605	1.346150994	1.8446547E-05
7056.923476	1.346150637	1.8453510E-05
7056.441348	1.346150160	1.8461077E-05
7055.959219	1.346149802	1.8469312E-05
7055.477090	1.346149325	1.8478248E-05
7054.994961	1.346148968	1.8487829E-05
7054.512833	1.346148491	1.8497961E-05
7054.030704	1.346148133	1.8508484E-05
7053.548575	1.346147776	1.8519316E-05
7053.066446	1.346147299	1.8530396E-05
7052.584318	1.346146941	1.8541777E-05
7052.102189	1.346146584	1.8553489E-05
7051.620060	1.346146107	1.8565557E-05
7051.137931	1.346145749	1.8577938E-05
7050.655802	1.346145272	1.8590558E-05
7050.173674	1.346144915	1.8603367E-05
7049.691545	1.346144438	1.8616298E-05
7049.209416	1.346144080	1.8629342E-05
7048.727287	1.346143723	1.8642451E-05
7048.245159	1.346143246	1.8655636E-05
7047.763030	1.346142888	1.8668935E-05
7047.280901	1.346142530	1.8682459E-05
7046.798772	1.346142054	1.8696330E-05
7046.316644	1.346141696	1.8710625E-05
7045.834515	1.346141219	1.8725374E-05
7045.352386	1.346140862	1.8740544E-05
7044.870257	1.346140385	1.8756122E-05
7044.388129	1.346140027	1.8772108E-05
7043.906000	1.346139550	1.8788525E-05
7043.423871	1.346139193	1.8805419E-05
7042.941742	1.346138716	1.8822789E-05
7042.459614	1.346138358	1.8840655E-05
7041.977485	1.346138000	1.8858996E-05
7041.495356	1.346137524	1.8877843E-05
7041.013227	1.346137166	1.8897213E-05
7040.531099	1.346136808	1.8917113E-05
7040.048970	1.346136332	1.8937512E-05
7039.566841	1.346135974	1.8958339E-05
7039.084712	1.346135497	1.8979573E-05
7038.602583	1.346135139	1.9001163E-05
7038.120455	1.346134663	1.9023126E-05
7037.638326	1.346134305	1.9045412E-05
7037.156197	1.346133828	1.9068029E-05
7036.674068	1.346133471	1.9090970E-05
7036.191940	1.346132994	1.9114280E-05
7035.709811	1.346132636	1.9138017E-05
7035.227682	1.346132159	1.9162205E-05
7034.745553	1.346131802	1.9186845E-05
7034.263425	1.346131325	1.9211893E-05
7033.781296	1.346130967	1.9237326E-05
7033.299167	1.346130610	1.9263153E-05
7032.817038	1.346130133	1.9289405E-05
7032.334910	1.346129775	1.9316094E-05
7031.852781	1.346129298	1.9343148E-05
7031.370652	1.346128941	1.9370496E-05
7030.888523	1.346128583	1.9398037E-05
7030.406395	1.346128106	1.9425773E-05
7029.924266	1.346127748	1.9453720E-05
7029.442137	1.346127272	1.9481915E-05
7028.960008	1.346126914	1.9510369E-05
7028.477880	1.346126437	1.9539030E-05
7027.995751	1.346126080	1.9567919E-05
7027.513622	1.346125603	1.9597059E-05
7027.031493	1.346125245	1.9626565E-05
7026.549364	1.346124768	1.9656468E-05
7026.067236	1.346124411	1.9686768E-05
7025.585107	1.346123934	1.9717393E-05
7025.102978	1.346123576	1.9748316E-05
7024.620849	1.346123219	1.9779566E-05
7024.138721	1.346122742	1.9811180E-05
7023.656592	1.346122384	1.9843181E-05
7023.174463	1.346121907	1.9875516E-05
7022.692334	1.346121550	1.9908129E-05
7022.210206	1.346121192	1.9940982E-05
7021.728077	1.346120715	1.9974066E-05
7021.245948	1.346120358	2.0007423E-05
7020.763819	1.346119881	2.0041068E-05
7020.281691	1.346119523	2.0075038E-05
7019.799562	1.346119046	2.0109327E-05
7019.317433	1.346118689	2.0143966E-05
7018.835304	1.346118212	2.0178991E-05
7018.353176	1.346117854	2.0214441E-05
7017.871047	1.346117377	2.0250327E-05
7017.388918	1.346117020	2.0286609E-05
7016.906789	1.346116662	2.0323275E-05
7016.424661	1.346116185	2.0360287E-05
7015.942532	1.346115828	2.0397666E-05
7015.460403	1.346115351	2.0435369E-05
7014.978274	1.346114993	2.0473392E-05
7014.496145	1.346114635	2.0511708E-05
7014.014017	1.346114159	2.0550334E-05
7013.531888	1.346113801	2.0589283E-05
7013.049759	1.346113324	2.0628526E-05
7012.567630	1.346112967	2.0668017E-05
7012.085502	1.346112490	2.0707678E-05
7011.603373	1.346112132	2.0747462E-05
7011.121244	1.346111774	2.0787322E-05
7010.639115	1.346111298	2.0827244E-05
7010.156987	1.346110940	2.0867225E-05
7009.674858	1.346110582	2.0907251E-05
7009.192729	1.346110106	2.0947330E-05
7008.710600	1.346109748	2.0987444E-05
7008.228472	1.346109271	2.1027605E-05
7007.746343	1.346108913	2.1067794E-05
7007.264214	1.346108556	2.1107996E-05
7006.782085	1.346108198	2.1148175E-05
7006.299957	1.346107721	2.1188253E-05
7005.817828	1.346107364	2.1228208E-05
7005.335699	1.346106887	2.1267994E-05
7004.853570	1.346106529	2.1307650E-05
7004.371442	1.346106052	2.1347146E-05
7003.889313	1.346105814	2.1386502E-05
7003.407184	1.346105337	2.1425672E-05
7002.925055	1.346104980	2.1464616E-05
7002.442926	1.346104503	2.1503280E-05
7001.960798	1.346104145	2.1541602E-05
7001.478669	1.346103787	2.1579511E-05
7000.996540	1.346103311	2.1616891E-05
7000.514411	1.346102953	2.1653649E-05
7000.032283	1.346102595	2.1689681E-05
6999.550154	1.346102118	2.1724947E-05
6999.068025	1.346101761	2.1759482E-05
6998.585896	1.346101403	2.1793359E-05
6998.103768	1.346101046	2.1826666E-05
6997.621639	1.346100569	2.1859423E-05
6997.139510	1.346100211	2.1891659E-05
6996.657381	1.346099854	2.1923348E-05
6996.175253	1.346099496	2.1954466E-05
6995.693124	1.346099019	2.1984991E-05
6995.210995	1.346098661	2.2014874E-05
6994.728866	1.346098185	2.2044113E-05
6994.246738	1.346097827	2.2072700E-05
6993.764609	1.346097469	2.2100716E-05
6993.282480	1.346097112	2.2128172E-05
6992.800351	1.346096635	2.2155123E-05
6992.318223	1.346096277	2.2181537E-05
6991.836094	1.346095920	2.2207381E-05
6991.353965	1.346095562	2.2232596E-05
6990.871836	1.346095085	2.2257131E-05
6990.389707	1.346094728	2.2280978E-05
6989.907579	1.346094370	2.2304166E-05
6989.425450	1.346093893	2.2326805E-05
6988.943321	1.346093535	2.2349006E-05
6988.461192	1.346093178	2.2370867E-05
6987.979064	1.346092701	2.2392423E-05
6987.496935	1.346092343	2.2413649E-05
6987.014806	1.346091986	2.2434508E-05
6986.532677	1.346091628	2.2454945E-05
6986.050549	1.346091151	2.2474977E-05
6985.568420	1.346090794	2.2494632E-05
6985.086291	1.346090317	2.2513961E-05
6984.604162	1.346089959	2.2533030E-05
6984.122034	1.346089482	2.2551869E-05
6983.639905	1.346089244	2.2570545E-05
6983.157776	1.346088767	2.2589075E-05
6982.675647	1.346088409	2.2607495E-05
6982.193519	1.346087933	2.2625716E-05
6981.711390	1.346087575	2.2643696E-05
6981.229261	1.346087098	2.2661358E-05
6980.747132	1.346086740	2.2678741E-05
6980.265004	1.346086383	2.2695905E-05
6979.782875	1.346086025	2.2712906E-05
6979.300746	1.346085548	2.2729762E-05
6978.818617	1.346085191	2.2746437E-05
6978.336488	1.346084714	2.2762913E-05
6977.854360	1.346084356	2.2779197E-05
6977.372231	1.346083879	2.2795328E-05
6976.890102	1.346083522	2.2811362E-05
6976.407973	1.346083045	2.2827333E-05
6975.925845	1.346082687	2.2843271E-05
6975.443716	1.346082211	2.2859183E-05
6974.961587	1.346081853	2.2875118E-05
6974.479458	1.346081495	2.2891124E-05
6973.997330	1.346081018	2.2907257E-05
6973.515201	1.346080661	2.2923570E-05
6973.033072	1.346080303	2.2940067E-05
6972.550943	1.346079826	2.2956791E-05
6972.068815	1.346079469	2.2973729E-05
6971.586686	1.346078992	2.2990933E-05
6971.104557	1.346078634	2.3008344E-05
6970.622428	1.346078157	2.3025911E-05
6970.140300	1.346077800	2.3043506E-05
6969.658171	1.346077323	2.3061061E-05
6969.176042	1.346076965	2.3078543E-05
6968.693913	1.346076488	2.3096010E-05
6968.211785	1.346076131	2.3113537E-05
6967.729656	1.346075654	2.3131189E-05
6967.247527	1.346075296	2.3149017E-05
6966.765398	1.346074820	2.3167039E-05
6966.283269	1.346074462	2.3185249E-05
6965.801141	1.346073985	2.3203632E-05
6965.319012	1.346073627	2.3222138E-05
6964.836883	1.346073151	2.3240742E-05
6964.354754	1.346072793	2.3259407E-05
6963.872626	1.346072316	2.3278177E-05
6963.390497	1.346071959	2.3297139E-05
6962.908368	1.346071482	2.3316415E-05
6962.426239	1.346071005	2.3336105E-05
6961.944111	1.346070647	2.3356208E-05
6961.461982	1.346070290	2.3376703E-05
6960.979853	1.346069813	2.3397509E-05
6960.497724	1.346069336	2.3418634E-05
6960.015596	1.346068978	2.3440041E-05
6959.533467	1.346068501	2.3461761E-05
6959.051338	1.346068025	2.3483763E-05
6958.569209	1.346067667	2.3506037E-05
6958.087081	1.346067190	2.3528538E-05
6957.604952	1.346066833	2.3551233E-05
6957.122823	1.346066356	2.3574080E-05
6956.640694	1.346065998	2.3597037E-05
6956.158566	1.346065521	2.3620064E-05
6955.676437	1.346065164	2.3643098E-05
6955.194308	1.346064687	2.3666089E-05
6954.712179	1.346064329	2.3689021E-05
6954.230050	1.346063852	2.3711917E-05
6953.747922	1.346063375	2.3734863E-05
6953.265793	1.346063018	2.3757940E-05
6952.783664	1.346062541	2.3781246E-05
6952.301535	1.346062064	2.3804844E-05
6951.819407	1.346061707	2.3828797E-05
6951.337278	1.346061230	2.3853188E-05
6950.855149	1.346060872	2.3878092E-05
6950.373020	1.346060395	2.3903635E-05
6949.890892	1.346059918	2.3929856E-05
6949.408763	1.346059561	2.3956807E-05
6948.926634	1.346059084	2.3984416E-05
6948.444505	1.346058607	2.4012685E-05
6947.962377	1.346058249	2.4041583E-05
6947.480248	1.346057773	2.4071182E-05
6946.998119	1.346057415	2.4101531E-05
6946.515990	1.346056938	2.4132664E-05
6946.033862	1.346056461	2.4164554E-05
6945.551733	1.346056104	2.4197138E-05
6945.069604	1.346055627	2.4230354E-05
6944.587475	1.346055150	2.4264149E-05
6944.105347	1.346054792	2.4298505E-05
6943.623218	1.346054316	2.4333416E-05
6943.141089	1.346053839	2.4368852E-05
6942.658960	1.346053481	2.4404799E-05
6942.176831	1.346053004	2.4441205E-05
6941.694703	1.346052527	2.4478070E-05
6941.212574	1.346052170	2.4515390E-05
6940.730445	1.346051693	2.4553181E-05
6940.248316	1.346051335	2.4591441E-05
6939.766188	1.346050858	2.4630124E-05
6939.284059	1.346050382	2.4669224E-05
6938.801930	1.346049905	2.4708708E-05
6938.319801	1.346049547	2.4748640E-05
6937.837673	1.346049070	2.4789037E-05
6937.355544	1.346048713	2.4829973E-05
6936.873415	1.346048236	2.4871412E-05
6936.391286	1.346047759	2.4913347E-05
6935.909158	1.346047401	2.4955706E-05
6935.427029	1.346046925	2.4998439E-05
6934.944900	1.346046448	2.5041524E-05
6934.462771	1.346046090	2.5084959E-05
6933.980643	1.346045613	2.5128736E-05
6933.498514	1.346045256	2.5172801E-05
6933.016385	1.346044779	2.5217060E-05
6932.534256	1.346044302	2.5261445E-05
6932.052128	1.346043944	2.5305910E-05
6931.569999	1.346043468	2.5350497E-05
6931.087870	1.346042991	2.5395241E-05
6930.605741	1.346042633	2.5440206E-05
6930.123612	1.346042156	2.5485398E-05
6929.641484	1.346041799	2.5530848E-05
6929.159355	1.346041322	2.5576589E-05
6928.677226	1.346040845	2.5622643E-05
6928.195097	1.346040487	2.5669077E-05
6927.712969	1.346040010	2.5715867E-05
6927.230840	1.346039534	2.5763045E-05
6926.748711	1.346039176	2.5810554E-05
6926.266582	1.346038699	2.5858423E-05
6925.784454	1.346038342	2.5906640E-05
6925.302325	1.346037865	2.5955258E-05
6924.820196	1.346037388	2.6004274E-05
6924.338067	1.346037030	2.6053689E-05
6923.855939	1.346036553	2.6103478E-05
6923.373810	1.346036077	2.6153615E-05
6922.891681	1.346035719	2.6204096E-05
6922.409552	1.346035242	2.6254870E-05
6921.927424	1.346034884	2.6305846E-05
6921.445295	1.346034408	2.6356919E-05
6920.963166	1.346034050	2.6407979E-05
6920.481037	1.346033573	2.6459011E-05
6919.998909	1.346033216	2.6509988E-05
6919.516780	1.346032739	2.6560933E-05
6919.034651	1.346032262	2.6611816E-05
6918.552522	1.346031904	2.6662625E-05
6918.070393	1.346031427	2.6713343E-05
6917.588265	1.346030951	2.6763933E-05
6917.106136	1.346030593	2.6814382E-05
6916.624007	1.346030116	2.6864631E-05
6916.141878	1.346029758	2.6914716E-05
6915.659750	1.346029282	2.6964634E-05
6915.177621	1.346028924	2.7014530E-05
6914.695492	1.346028447	2.7064517E-05
6914.213363	1.346028090	2.7114740E-05
6913.731235	1.346027613	2.7165238E-05
6913.249106	1.346027255	2.7215980E-05
6912.766977	1.346026778	2.7266862E-05
6912.284848	1.346026301	2.7317786E-05
6911.802720	1.346025944	2.7368698E-05
6911.320591	1.346025467	2.7419576E-05
6910.838462	1.346024990	2.7470424E-05
6910.356333	1.346024632	2.7521284E-05
6909.874205	1.346024156	2.7572206E-05
6909.392076	1.346023798	2.7623282E-05
6908.909947	1.346023321	2.7674532E-05
6908.427818	1.346022964	2.7725981E-05
6907.945690	1.346022487	2.7777571E-05
6907.463561	1.346022129	2.7829273E-05
6906.981432	1.346021652	2.7881070E-05
6906.499303	1.346021295	2.7932941E-05
6906.017174	1.346020818	2.7984905E-05
6905.535046	1.346020341	2.8036940E-05
6905.052917	1.346019864	2.8089081E-05
6904.570788	1.346019506	2.8141290E-05
6904.088659	1.346019030	2.8193584E-05
6903.606531	1.346018672	2.8245884E-05
6903.124402	1.346018195	2.8298155E-05
6902.642273	1.346017838	2.8350314E-05
6902.160144	1.346017361	2.8402330E-05
6901.678016	1.346017003	2.8454184E-05
6901.195887	1.346016526	2.8505879E-05
6900.713758	1.346016169	2.8557434E-05
6900.231629	1.346015692	2.8608866E-05
6899.749501	1.346015334	2.8660190E-05
6899.267372	1.346014857	2.8711446E-05
6898.785243	1.346014500	2.8762646E-05
6898.303114	1.346014023	2.8813827E-05
6897.820986	1.346013665	2.8864955E-05
6897.338857	1.346013188	2.8916055E-05
6896.856728	1.346012831	2.8967126E-05
6896.374599	1.346012235	2.9018224E-05
6895.892471	1.346011877	2.9069374E-05
6895.410342	1.346011400	2.9120567E-05
6894.928213	1.346011043	2.9171799E-05
6894.446084	1.346010566	2.9223051E-05
6893.963955	1.346010208	2.9274397E-05
6893.481827	1.346009731	2.9325858E-05
6892.999698	1.346009374	2.9377505E-05
6892.517569	1.346008897	2.9429311E-05
6892.035440	1.346008539	2.9481296E-05
6891.553312	1.346008062	2.9533468E-05
6891.071183	1.346007705	2.9585876E-05
6890.589054	1.346007228	2.9638538E-05
6890.106925	1.346006870	2.9691421E-05
6889.624797	1.346006393	2.9744454E-05
6889.142668	1.346005917	2.9797560E-05
6888.660539	1.346005559	2.9850720E-05
6888.178410	1.346005082	2.9903983E-05
6887.696282	1.346004605	2.9957386E-05
6887.214153	1.346004248	3.0010977E-05
6886.732024	1.346003771	3.0064705E-05
6886.249895	1.346003413	3.0118552E-05
6885.767767	1.346002936	3.0172453E-05
6885.285638	1.346002579	3.0226412E-05
6884.803509	1.346002102	3.0280410E-05
6884.321380	1.346001744	3.0334413E-05
6883.839251	1.346001267	3.0388398E-05
6883.357123	1.346000910	3.0442318E-05
6882.874994	1.346000433	3.0496228E-05
6882.392865	1.346000075	3.0550135E-05
6881.910736	1.345999599	3.0604105E-05
6881.428608	1.345999241	3.0658116E-05
6880.946479	1.345998764	3.0712174E-05
6880.464350	1.345998406	3.0766235E-05
6879.982221	1.345997930	3.0820284E-05
6879.500093	1.345997572	3.0874309E-05
6879.017964	1.345996976	3.0928326E-05
6878.535835	1.345996618	3.0982394E-05
6878.053706	1.345996141	3.1036590E-05
6877.571578	1.345995784	3.1090981E-05
6877.089449	1.345995307	3.1145602E-05
6876.607320	1.345994949	3.1200399E-05
6876.125191	1.345994473	3.1255323E-05
6875.643063	1.345994115	3.1310292E-05
6875.160934	1.345993638	3.1365324E-05
6874.678805	1.345993280	3.1420427E-05
6874.196676	1.345992804	3.1475645E-05
6873.714548	1.345992446	3.1530941E-05
6873.232419	1.345991969	3.1586259E-05
6872.750290	1.345991611	3.1641552E-05
6872.268161	1.345991135	3.1696810E-05
6871.786032	1.345990777	3.1752123E-05
6871.303904	1.345990300	3.1807522E-05
6870.821775	1.345989823	3.1863063E-05
6870.339646	1.345989466	3.1918699E-05
6869.857517	1.345988989	3.1974440E-05
6869.375389	1.345988631	3.2030284E-05
6868.893260	1.345988154	3.2086295E-05
6868.411131	1.345987678	3.2142485E-05
6867.929002	1.345987320	3.2198810E-05
6867.446874	1.345986843	3.2255156E-05
6866.964745	1.345986485	3.2311416E-05
6866.482616	1.345986009	3.2367569E-05
6866.000487	1.345985651	3.2423715E-05
6865.518359	1.345985174	3.2479989E-05
6865.036230	1.345984817	3.2536516E-05
6864.554101	1.345984340	3.2593278E-05
6864.071972	1.345983982	3.2650269E-05
6863.589844	1.345983505	3.2707429E-05
6863.107715	1.345983148	3.2764790E-05
6862.625586	1.345982671	3.2822358E-05
6862.143457	1.345982313	3.2880124E-05
6861.661329	1.345981836	3.2938031E-05
6861.179200	1.345981479	3.2996011E-05
6860.697071	1.345981002	3.3054095E-05
6860.214942	1.345980644	3.3112329E-05
6859.732813	1.345980167	3.3170843E-05
6859.250685	1.345979810	3.3229650E-05
6858.768556	1.345979333	3.3288734E-05
6858.286427	1.345978975	3.3347964E-05
6857.804298	1.345978498	3.3407242E-05
6857.322170	1.345978141	3.3466505E-05
6856.840041	1.345977664	3.3525745E-05
6856.357912	1.345977187	3.3584982E-05
6855.875783	1.345976830	3.3644248E-05
6855.393655	1.345976353	3.3703575E-05
6854.911526	1.345975995	3.3763026E-05
6854.429397	1.345975518	3.3822645E-05
6853.947268	1.345975161	3.3882464E-05
6853.465140	1.345974684	3.3942389E-05
6852.983011	1.345974326	3.4002345E-05
6852.500882	1.345973849	3.4062211E-05
6852.018753	1.345973492	3.4121975E-05
6851.536625	1.345973015	3.4181612E-05
6851.054496	1.345972657	3.4241140E-05
6850.572367	1.345972300	3.4300563E-05
6850.090238	1.345971823	3.4359892E-05
6849.608110	1.345971346	3.4419198E-05
6849.125981	1.345970988	3.4478518E-05
6848.643852	1.345970631	3.4537915E-05
6848.161723	1.345970154	3.4597333E-05
6847.679594	1.345969677	3.4656720E-05
6847.197466	1.345969319	3.4715981E-05
6846.715337	1.345968843	3.4775100E-05
6846.233208	1.345968485	3.4834093E-05
6845.751079	1.345968127	3.4892985E-05
6845.268951	1.345967650	3.4951783E-05
6844.786822	1.345967293	3.5010465E-05
6844.304693	1.345966816	3.5069027E-05
6843.822564	1.345966458	3.5127504E-05
6843.340436	1.345965981	3.5185940E-05
6842.858307	1.345965624	3.5244381E-05
6842.376178	1.345965147	3.5302762E-05
6841.894049	1.345964789	3.5361052E-05
6841.411921	1.345964313	3.5419185E-05
6840.929792	1.345963955	3.5477235E-05
6840.447663	1.345963478	3.5535291E-05
6839.965534	1.345963120	3.5593451E-05
6839.483406	1.345962763	3.5651706E-05
6839.001277	1.345962286	3.5709976E-05
6838.519148	1.345961809	3.5768182E-05
6838.037019	1.345961452	3.5826219E-05
6837.554891	1.345961094	3.5884038E-05
6837.072762	1.345960617	3.5941540E-05
6836.590633	1.345960259	3.5998691E-05
6836.108504	1.345959902	3.6055428E-05
6835.626375	1.345959425	3.6111744E-05
6835.144247	1.345959067	3.6167640E-05
6834.662118	1.345958591	3.6223125E-05
6834.179989	1.345958233	3.6278205E-05
6833.697860	1.345957756	3.6332855E-05
6833.215732	1.345957398	3.6387015E-05
6832.733603	1.345956922	3.6440627E-05
6832.251474	1.345956564	3.6493643E-05
6831.769345	1.345956206	3.6546081E-05
6831.287217	1.345955849	3.6597942E-05
6830.805088	1.345955372	3.6649286E-05
6830.322959	1.345955014	3.6700100E-05
6829.840830	1.345954537	3.6750424E-05
6829.358702	1.345954180	3.6800225E-05
6828.876573	1.345953703	3.6849507E-05
6828.394444	1.345953345	3.6898268E-05
6827.912315	1.345952988	3.6946516E-05
6827.430187	1.345952511	3.6994285E-05
6826.948058	1.345952153	3.7041566E-05
6826.465929	1.345951796	3.7088373E-05
6825.983800	1.345951319	3.7134685E-05
6825.501672	1.345950961	3.7180549E-05
6825.019543	1.345950484	3.7225998E-05
6824.537414	1.345950127	3.7271083E-05
6824.055285	1.345949650	3.7315806E-05
6823.573156	1.345949292	3.7360127E-05
6823.091028	1.345948935	3.7404010E-05
6822.608899	1.345948458	3.7447412E-05
6822.126770	1.345948100	3.7490317E-05
6821.644641	1.345947742	3.7532724E-05
6821.162513	1.345947266	3.7574615E-05
6820.680384	1.345946908	3.7616011E-05
6820.198255	1.345946431	3.7656883E-05
6819.716126	1.345946074	3.7697270E-05
6819.233998	1.345945597	3.7737173E-05
6818.751869	1.345945239	3.7776696E-05
6818.269740	1.345944881	3.7815893E-05
6817.787611	1.345944405	3.7854822E-05
6817.305483	1.345944047	3.7893445E-05
6816.823354	1.345943689	3.7931684E-05
6816.341225	1.345943213	3.7969511E-05
6815.859096	1.345942855	3.8006916E-05
6815.376968	1.345942378	3.8043983E-05
6814.894839	1.345942020	3.8080748E-05
6814.412710	1.345941544	3.8117226E-05
6813.930581	1.345941186	3.8153363E-05
6813.448453	1.345940709	3.8189145E-05
6812.966324	1.345940351	3.8224609E-05
6812.484195	1.345939875	3.8259842E-05
6812.002066	1.345939517	3.8294935E-05
6811.519937	1.345939040	3.8329887E-05
6811.037809	1.345938683	3.8364638E-05
6810.555680	1.345938325	3.8399139E-05
6810.073551	1.345937848	3.8433418E-05
6809.591422	1.345937371	3.8467622E-05
6809.109294	1.345937014	3.8501834E-05
6808.627165	1.345936537	3.8536100E-05
6808.145036	1.345936179	3.8570284E-05
6807.662907	1.345935822	3.8604300E-05
6807.180779	1.345935345	3.8638069E-05
6806.698650	1.345934987	3.8671626E-05
6806.216521	1.345934510	3.8704979E-05
6805.734392	1.345934153	3.8738119E-05
6805.252264	1.345933676	3.8771026E-05
6804.770135	1.345933318	3.8803697E-05
6804.288006	1.345932841	3.8836226E-05
6803.805877	1.345932484	3.8868704E-05
6803.323749	1.345932007	3.8901229E-05
6802.841620	1.345931649	3.8933825E-05
6802.359491	1.345931172	3.8966467E-05
6801.877362	1.345930696	3.8999099E-05
6801.395234	1.345930338	3.9031662E-05
6800.913105	1.345929861	3.9064152E-05
6800.430976	1.345929503	3.9096549E-05
6799.948847	1.345929027	3.9128876E-05
6799.466718	1.345928669	3.9161181E-05
6798.984590	1.345928192	3.9193519E-05
6798.502461	1.345927835	3.9225972E-05
6798.020332	1.345927358	3.9258543E-05
6797.538203	1.345927000	3.9291230E-05
6797.056075	1.345926523	3.9323947E-05
6796.573946	1.345926166	3.9356684E-05
6796.091817	1.345925689	3.9389433E-05
6795.609688	1.345925331	3.9422252E-05
6795.127560	1.345924854	3.9455154E-05
6794.645431	1.345924497	3.9488152E-05
6794.163302	1.345924020	3.9521257E-05
6793.681173	1.345923543	3.9554482E-05
6793.199045	1.345923185	3.9587923E-05
6792.716916	1.345922709	3.9621614E-05
6792.234787	1.345922351	3.9655575E-05
6791.752658	1.345921874	3.9689757E-05
6791.270530	1.345921397	3.9724104E-05
6790.788401	1.345921040	3.9758605E-05
6790.306272	1.345920563	3.9793305E-05
6789.824143	1.345920205	3.9828295E-05
6789.342015	1.345919728	3.9863614E-05
6788.859886	1.345919251	3.9899250E-05
6788.377757	1.345918894	3.9935126E-05
6787.895628	1.345918417	3.9971161E-05
6787.413499	1.345918059	4.0007348E-05
6786.931371	1.345917583	4.0043700E-05
6786.449242	1.345917106	4.0080297E-05
6785.967113	1.345916748	4.0117116E-05
6785.484984	1.345916271	4.0154144E-05
6785.002856	1.345915914	4.0191276E-05
6784.520727	1.345915437	4.0228479E-05
6784.038598	1.345914960	4.0265721E-05
6783.556469	1.345914602	4.0303017E-05
6783.074341	1.345914125	4.0340397E-05
6782.592212	1.345913649	4.0377882E-05
6782.110083	1.345913291	4.0415546E-05
6781.627954	1.345912814	4.0453465E-05
6781.145826	1.345912457	4.0491762E-05
6780.663697	1.345911980	4.0530491E-05
6780.181568	1.345911622	4.0569639E-05
6779.699439	1.345911145	4.0609129E-05
6779.217311	1.345910668	4.0648831E-05
6778.735182	1.345910192	4.0688653E-05
6778.253053	1.345909834	4.0728526E-05
6777.770924	1.345909357	4.0768465E-05
6777.288796	1.345908999	4.0808520E-05
6776.806667	1.345908523	4.0848748E-05
6776.324538	1.345908165	4.0889181E-05
6775.842409	1.345907688	4.0929764E-05
6775.360280	1.345907211	4.0970450E-05
6774.878152	1.345906854	4.1011132E-05
6774.396023	1.345906377	4.1051808E-05
6773.913894	1.345905900	4.1092450E-05
6773.431765	1.345905542	4.1133126E-05
6772.949637	1.345905066	4.1173878E-05
6772.467508	1.345904708	4.1214748E-05
6771.985379	1.345904231	4.1255760E-05
6771.503250	1.345903754	4.1296905E-05
6771.021122	1.345903397	4.1338213E-05
6770.538993	1.345902920	4.1379690E-05
6770.056864	1.345902443	4.1421331E-05
6769.574735	1.345902085	4.1463071E-05
6769.092607	1.345901608	4.1504853E-05
6768.610478	1.345901251	4.1546665E-05
6768.128349	1.345900774	4.1588564E-05
6767.646220	1.345900297	4.1630663E-05
6767.164092	1.345899940	4.1673010E-05
6766.681963	1.345899463	4.1715620E-05
6766.199834	1.345898986	4.1758436E-05
6765.717705	1.345898628	4.1801421E-05
6765.235577	1.345898151	4.1844574E-05
6764.753448	1.345897794	4.1887862E-05
6764.271319	1.345897317	4.1931286E-05
6763.789190	1.345896840	4.1974761E-05
6763.307061	1.345896482	4.2018266E-05
6762.824933	1.345896006	4.2061768E-05
6762.342804	1.345895529	4.2105334E-05
6761.860675	1.345895171	4.2149021E-05
6761.378546	1.345894694	4.2192890E-05
6760.896418	1.345894337	4.2236918E-05
6760.414289	1.345893860	4.2281024E-05
6759.932160	1.345893383	4.2325175E-05
6759.450031	1.345893025	4.2369374E-05
6758.967903	1.345892549	4.2413724E-05
6758.485774	1.345892072	4.2458273E-05
6758.003645	1.345891714	4.2503032E-05
6757.521516	1.345891237	4.2547960E-05
6757.039388	1.345890880	4.2593011E-05
6756.557259	1.345890403	4.2638210E-05
6756.075130	1.345889926	4.2683568E-05
6755.593001	1.345889568	4.2729085E-05
6755.110873	1.345889091	4.2774697E-05
6754.628744	1.345888734	4.2820348E-05
6754.146615	1.345888257	4.2866006E-05
6753.664486	1.345887780	4.2911667E-05
6753.182358	1.345887423	4.2957405E-05
6752.700229	1.345886946	4.3003209E-05
6752.218100	1.345886588	4.3049102E-05
6751.735971	1.345886111	4.3095001E-05
6751.253842	1.345885754	4.3140893E-05
6750.771714	1.345885277	4.3186752E-05
6750.289585	1.345884800	4.3232643E-05
6749.807456	1.345884442	4.3278623E-05
6749.325327	1.345883965	4.3324690E-05
6748.843199	1.345883608	4.3370770E-05
6748.361070	1.345883131	4.3416741E-05
6747.878941	1.345882654	4.3462538E-05
6747.396812	1.345882297	4.3508131E-05
6746.914684	1.345881820	4.3553519E-05
6746.432555	1.345881462	4.3598682E-05
6745.950426	1.345880985	4.3643562E-05
6745.468297	1.345880628	4.3688169E-05
6744.986169	1.345880151	4.3732517E-05
6744.504040	1.345879793	4.3776681E-05
6744.021911	1.345879316	4.3820679E-05
6743.539782	1.345878959	4.3864496E-05
6743.057654	1.345878363	4.3908063E-05
6742.575525	1.345878005	4.3951255E-05
6742.093396	1.345877528	4.3994022E-05
6741.611267	1.345877171	4.4036335E-05
6741.129139	1.345876694	4.4078289E-05
6740.647010	1.345876336	4.4119902E-05
6740.164881	1.345875859	4.4161192E-05
6739.682752	1.345875502	4.4202084E-05
6739.200623	1.345875025	4.4242562E-05
6738.718495	1.345874667	4.4282649E-05
6738.236366	1.345874190	4.4322375E-05
6737.754237	1.345873833	4.4361766E-05
6737.272108	1.345873356	4.4400803E-05
6736.789980	1.345872998	4.4439513E-05
6736.307851	1.345872521	4.4477944E-05
6735.825722	1.345872045	4.4516159E-05
6735.343593	1.345871687	4.4554207E-05
6734.861465	1.345871210	4.4592077E-05
6734.379336	1.345870852	4.4629757E-05
6733.897207	1.345870376	4.4667169E-05
6733.415078	1.345869899	4.4704263E-05
6732.932950	1.345869541	4.4740969E-05
6732.450821	1.345869064	4.4777281E-05
6731.968692	1.345868707	4.4813242E-05
6731.486563	1.345868230	4.4848915E-05
6731.004435	1.345867872	4.4884397E-05
6730.522306	1.345867395	4.4919687E-05
6730.040177	1.345867038	4.4954791E-05
6729.558048	1.345866561	4.4989616E-05
6729.075920	1.345866203	4.5024111E-05
6728.593791	1.345865726	4.5058222E-05
6728.111662	1.345865250	4.5091978E-05
6727.629533	1.345864892	4.5125426E-05
6727.147404	1.345864415	4.5158608E-05
6726.665276	1.345864058	4.5191579E-05
6726.183147	1.345863581	4.5224369E-05
6725.701018	1.345863104	4.5257050E-05
6725.218889	1.345862746	4.5289678E-05
6724.736761	1.345862269	4.5322275E-05
6724.254632	1.345861793	4.5354824E-05
6723.772503	1.345861435	4.5387269E-05
6723.290374	1.345861077	4.5419631E-05
6722.808246	1.345860600	4.5451938E-05
6722.326117	1.345860243	4.5484284E-05
6721.843988	1.345859647	4.5516711E-05
6721.361859	1.345859289	4.5549268E-05
6720.879731	1.345858812	4.5581972E-05
6720.397602	1.345858455	4.5614806E-05
6719.915473	1.345857978	4.5647747E-05
6719.433344	1.345857620	4.5680694E-05
6718.951216	1.345857143	4.5713624E-05
6718.469087	1.345856667	4.5746489E-05
6717.986958	1.345856309	4.5779319E-05
6717.504829	1.345855832	4.5812103E-05
6717.022701	1.345855355	4.5844861E-05
6716.540572	1.345854998	4.5877599E-05
6716.058443	1.345854521	4.5910342E-05
6715.576314	1.345854163	4.5943152E-05
6715.094185	1.345853686	4.5976040E-05
6714.612057	1.345853209	4.6009023E-05
6714.129928	1.345852852	4.6042062E-05
6713.647799	1.345852375	4.6075128E-05
6713.165670	1.345851898	4.6108218E-05
6712.683542	1.345851541	4.6141326E-05
6712.201413	1.345851064	4.6174501E-05
6711.719284	1.345850706	4.6207708E-05
6711.237155	1.345850229	4.6240918E-05
6710.755027	1.345849872	4.6274038E-05
6710.272898	1.345849276	4.6307046E-05
6709.790769	1.345848918	4.6339950E-05
6709.308640	1.345848441	4.6372784E-05
6708.826512	1.345848083	4.6405562E-05
6708.344383	1.345847607	4.6438213E-05
6707.862254	1.345847249	4.6470756E-05
6707.380125	1.345846772	4.6503214E-05
6706.897997	1.345846415	4.6535712E-05
6706.415868	1.345845819	4.6568307E-05
6705.933739	1.345845461	4.6600983E-05
6705.451610	1.345844984	4.6633646E-05
6704.969481	1.345844626	4.6666207E-05
6704.487353	1.345844150	4.6698672E-05
6704.005224	1.345843792	4.6731077E-05
6703.523095	1.345843315	4.6763491E-05
6703.040966	1.345842838	4.6795894E-05
6702.558838	1.345842361	4.6828220E-05
6702.076709	1.345842004	4.6860396E-05
6701.594580	1.345841527	4.6892386E-05
6701.112451	1.345841169	4.6924267E-05
6700.630323	1.345840693	4.6956063E-05
6700.148194	1.345840216	4.6987817E-05
6699.666065	1.345839858	4.7019489E-05
6699.183936	1.345839381	4.7051088E-05
6698.701808	1.345838904	4.7082665E-05
6698.219679	1.345838547	4.7114306E-05
6697.737550	1.345838070	4.7146075E-05
6697.255421	1.345837712	4.7177901E-05
6696.773293	1.345837235	4.7209705E-05
6696.291164	1.345836759	4.7241361E-05
6695.809035	1.345836282	4.7272865E-05
6695.326906	1.345835924	4.7304195E-05
6694.844778	1.345835447	4.7335375E-05
6694.362649	1.345835090	4.7366401E-05
6693.880520	1.345834613	4.7397256E-05
6693.398391	1.345834255	4.7427951E-05
6692.916262	1.345833659	4.7458462E-05
6692.434134	1.345833302	4.7488796E-05
6691.952005	1.345832825	4.7518912E-05
6691.469876	1.345832467	4.7548781E-05
6690.987747	1.345831990	4.7578378E-05
6690.505619	1.345831633	4.7607651E-05
6690.023490	1.345831156	4.7636573E-05
6689.541361	1.345830679	4.7665055E-05
6689.059232	1.345830321	4.7693082E-05
6688.577104	1.345829844	4.7720637E-05
6688.094975	1.345829368	4.7747807E-05
6687.612846	1.345829010	4.7774672E-05
6687.130717	1.345828533	4.7801299E-05
6686.648589	1.345828176	4.7827712E-05
6686.166460	1.345827699	4.7853877E-05
6685.684331	1.345827222	4.7879826E-05
6685.202202	1.345826864	4.7905570E-05
6684.720074	1.345826387	4.7931203E-05
6684.237945	1.345825911	4.7956763E-05
6683.755816	1.345825553	4.7982289E-05
6683.273687	1.345825076	4.8007809E-05
6682.791559	1.345824599	4.8033354E-05
6682.309430	1.345824242	4.8058983E-05
6681.827301	1.345823765	4.8084710E-05
6681.345172	1.345823288	4.8110529E-05
6680.863043	1.345822930	4.8136377E-05
6680.380915	1.345822453	4.8162199E-05
6679.898786	1.345821977	4.8187931E-05
6679.416657	1.345821619	4.8213514E-05
6678.934528	1.345821142	4.8238911E-05
6678.452400	1.345820665	4.8264057E-05
6677.970271	1.345820308	4.8288968E-05
6677.488142	1.345819831	4.8313624E-05
6677.006013	1.345819473	4.8338071E-05
6676.523885	1.345818877	4.8362318E-05
6676.041756	1.345818520	4.8386339E-05
6675.559627	1.345818043	4.8410102E-05
6675.077498	1.345817685	4.8433552E-05
6674.595370	1.345817208	4.8456677E-05
6674.113241	1.345816851	4.8479433E-05
6673.631112	1.345816255	4.8501788E-05
6673.148983	1.345815897	4.8523670E-05
6672.666855	1.345815420	4.8545077E-05
6672.184726	1.345815063	4.8566063E-05
6671.702597	1.345814586	4.8586742E-05
6671.220468	1.345814228	4.8607279E-05
6670.738340	1.345813751	4.8627784E-05
6670.256211	1.345813274	4.8648347E-05
6669.774082	1.345812798	4.8668967E-05
6669.291953	1.345812440	4.8689613E-05
6668.809824	1.345811963	4.8710261E-05
6668.327696	1.345811486	4.8730893E-05
6667.845567	1.345811129	4.8751539E-05
6667.363438	1.345810652	4.8772194E-05
6666.881309	1.345810175	4.8792886E-05
6666.399181	1.345809817	4.8813604E-05
6665.917052	1.345809340	4.8834384E-05
6665.434923	1.345808864	4.8855242E-05
6664.952794	1.345808387	4.8876182E-05
6664.470666	1.345808029	4.8897190E-05
6663.988537	1.345807552	4.8918210E-05
6663.506408	1.345807076	4.8939232E-05
6663.024279	1.345806718	4.8960212E-05
6662.542151	1.345806241	4.8981157E-05
6662.060022	1.345805764	4.9002060E-05
6661.577893	1.345805287	4.9022943E-05
6661.095764	1.345804930	4.9043808E-05
6660.613636	1.345804453	4.9064613E-05
6660.131507	1.345803976	4.9085282E-05
6659.649378	1.345803618	4.9105694E-05
6659.167249	1.345803142	4.9125799E-05
6658.685121	1.345802665	4.9145560E-05
6658.202992	1.345802188	4.9164976E-05
6657.720863	1.345801830	4.9184032E-05
6657.238734	1.345801353	4.9202705E-05
6656.756605	1.345800996	4.9221014E-05
6656.274477	1.345800400	4.9238967E-05
6655.792348	1.345800042	4.9256633E-05
6655.310219	1.345799565	4.9274016E-05
6654.828090	1.345799208	4.9291141E-05
6654.345962	1.345798612	4.9307979E-05
6653.863833	1.345798254	4.9324513E-05
6653.381704	1.345797777	4.9340762E-05
6652.899575	1.345797420	4.9356798E-05
6652.417447	1.345796943	4.9372772E-05
6651.935318	1.345796466	4.9388790E-05
6651.453189	1.345795989	4.9404938E-05
6650.971060	1.345795512	4.9421170E-05
6650.488932	1.345795155	4.9437449E-05
6650.006803	1.345794678	4.9453740E-05
6649.524674	1.345794201	4.9470047E-05
6649.042545	1.345793843	4.9486405E-05
6648.560417	1.345793247	4.9502800E-05
6648.078288	1.345792890	4.9519246E-05
6647.596159	1.345792413	4.9535713E-05
6647.114030	1.345792055	4.9552203E-05
6646.631902	1.345791459	4.9568707E-05
6646.149773	1.345791101	4.9585191E-05
6645.667644	1.345790625	4.9601639E-05
6645.185515	1.345790267	4.9617942E-05
6644.703386	1.345789671	4.9633999E-05
6644.221258	1.345789313	4.9649646E-05
6643.739129	1.345788836	4.9664843E-05
6643.257000	1.345788360	4.9679608E-05
6642.774871	1.345787883	4.9694036E-05
6642.292743	1.345787525	4.9708196E-05
6641.810614	1.345787048	4.9722086E-05
6641.328485	1.345786572	4.9735723E-05
6640.846356	1.345786214	4.9749131E-05
6640.364228	1.345785737	4.9762416E-05
6639.882099	1.345785260	4.9775642E-05
6639.399970	1.345784783	4.9788840E-05
6638.917841	1.345784307	4.9801982E-05
6638.435713	1.345783949	4.9815000E-05
6637.953584	1.345783472	4.9827878E-05
6637.471455	1.345782995	4.9840620E-05
6636.989326	1.345782518	4.9853316E-05
6636.507198	1.345782042	4.9866025E-05
6636.025069	1.345781684	4.9878777E-05
6635.542940	1.345781207	4.9891523E-05
6635.060811	1.345780730	4.9904185E-05
6634.578683	1.345780253	4.9916733E-05
6634.096554	1.345779777	4.9929139E-05
6633.614425	1.345779419	4.9941461E-05
6633.132296	1.345778823	4.9953712E-05
6632.650167	1.345778465	4.9965952E-05
6632.168039	1.345777988	4.9978212E-05
6631.685910	1.345777631	4.9990538E-05
6631.203781	1.345777035	5.0002934E-05
6630.721652	1.345776677	5.0015344E-05
6630.239524	1.345776200	5.0027745E-05
6629.757395	1.345775723	5.0040066E-05
6629.275266	1.345775247	5.0052282E-05
6628.793137	1.345774889	5.0064314E-05
6628.311009	1.345774293	5.0076129E-05
6627.828880	1.345773935	5.0087725E-05
6627.346751	1.345773458	5.0099154E-05
6626.864622	1.345772982	5.0110518E-05
6626.382494	1.345772505	5.0121851E-05
6625.900365	1.345772028	5.0133167E-05
6625.418236	1.345771551	5.0144431E-05
6624.936107	1.345771194	5.0155640E-05
6624.453979	1.345770717	5.0166778E-05
6623.971850	1.345770240	5.0177825E-05
6623.489721	1.345769763	5.0188787E-05
6623.007592	1.345769405	5.0199626E-05
6622.525464	1.345768809	5.0210388E-05
6622.043335	1.345768452	5.0221056E-05
6621.561206	1.345767975	5.0231668E-05
6621.079077	1.345767498	5.0242194E-05
6620.596948	1.345767021	5.0252617E-05
6620.114820	1.345766544	5.0262892E-05
6619.632691	1.345766068	5.0272946E-05
6619.150562	1.345765710	5.0282756E-05
6618.668433	1.345765114	5.0292283E-05
6618.186305	1.345764756	5.0301555E-05
6617.704176	1.345764279	5.0310577E-05
6617.222047	1.345763803	5.0319414E-05
6616.739918	1.345763326	5.0328132E-05
6616.257790	1.345762849	5.0336799E-05
6615.775661	1.345762372	5.0345482E-05
6615.293532	1.345762014	5.0354149E-05
6614.811403	1.345761538	5.0362787E-05
6614.329275	1.345761061	5.0371371E-05
6613.847146	1.345760584	5.0379946E-05
6613.365017	1.345760107	5.0388558E-05
6612.882888	1.345759630	5.0397242E-05
6612.400760	1.345759153	5.0406037E-05
6611.918631	1.345758677	5.0414935E-05
6611.436502	1.345758319	5.0424014E-05
6610.954373	1.345757723	5.0433299E-05
6610.472245	1.345757246	5.0442843E-05
6609.990116	1.345756888	5.0452587E-05
6609.507987	1.345756412	5.0462448E-05
6609.025858	1.345755935	5.0472332E-05
6608.543729	1.345755458	5.0482169E-05
6608.061601	1.345754981	5.0491962E-05
6607.579472	1.345754504	5.0501691E-05
6607.097343	1.345754027	5.0511368E-05
6606.615214	1.345753670	5.0520956E-05
6606.133086	1.345753074	5.0530455E-05
6605.650957	1.345752716	5.0539881E-05
6605.168828	1.345752120	5.0549278E-05
6604.686699	1.345751762	5.0558716E-05
6604.204571	1.345751166	5.0568186E-05
6603.722442	1.345750809	5.0577686E-05
6603.240313	1.345750213	5.0587156E-05
6602.758184	1.345749855	5.0596598E-05
6602.276056	1.345749378	5.0606051E-05
6601.793927	1.345748901	5.0615589E-05
6601.311798	1.345748425	5.0625262E-05
6600.829669	1.345747948	5.0635026E-05
6600.347541	1.345747471	5.0644847E-05
6599.865412	1.345746994	5.0654630E-05
6599.383283	1.345746517	5.0664366E-05
6598.901154	1.345746040	5.0674022E-05
6598.419026	1.345745564	5.0683603E-05
6597.936897	1.345745087	5.0693087E-05
6597.454768	1.345744610	5.0702458E-05
6596.972639	1.345744133	5.0711755E-05
6596.490510	1.345743656	5.0721012E-05
6596.008382	1.345743299	5.0730321E-05
6595.526253	1.345742702	5.0739709E-05
6595.044124	1.345742345	5.0749173E-05
6594.561995	1.345741749	5.0758670E-05
6594.079867	1.345741391	5.0768167E-05
6593.597738	1.345740795	5.0777686E-05
6593.115609	1.345740438	5.0787233E-05
6592.633480	1.345739841	5.0796842E-05
6592.151352	1.345739484	5.0806463E-05
6591.669223	1.345738888	5.0816069E-05
6591.187094	1.345738530	5.0825630E-05
6590.704965	1.345737934	5.0835166E-05
6590.222837	1.345737576	5.0844732E-05
6589.740708	1.345736980	5.0854334E-05
6589.258579	1.345736623	5.0863984E-05
6588.776450	1.345736027	5.0873605E-05
6588.294322	1.345735669	5.0883207E-05
6587.812193	1.345735192	5.0892794E-05
6587.330064	1.345734715	5.0902426E-05
6586.847935	1.345734239	5.0912127E-05
6586.365807	1.345733762	5.0921879E-05
6585.883678	1.345733166	5.0931676E-05
6585.401549	1.345732808	5.0941479E-05
6584.919420	1.345732212	5.0951299E-05
6584.437291	1.345731854	5.0961100E-05
6583.955163	1.345731378	5.0970849E-05
6583.473034	1.345730901	5.0980487E-05
6582.990905	1.345730424	5.0989947E-05
6582.508776	1.345729947	5.0999221E-05
6582.026648	1.345729470	5.1008322E-05
6581.544519	1.345728993	5.1017377E-05
6581.062390	1.345728517	5.1026465E-05
6580.580261	1.345728040	5.1035669E-05
6580.098133	1.345727444	5.1044934E-05
6579.616004	1.345727086	5.1054157E-05
6579.133875	1.345726490	5.1063228E-05
6578.651746	1.345726132	5.1072024E-05
6578.169618	1.345725536	5.1080514E-05
6577.687489	1.345725179	5.1088637E-05
6577.205360	1.345724583	5.1096393E-05
6576.723231	1.345724225	5.1103776E-05
6576.241103	1.345723629	5.1110829E-05
6575.758974	1.345723271	5.1117620E-05
6575.276845	1.345722675	5.1124221E-05
6574.794716	1.345722318	5.1130707E-05
6574.312588	1.345721722	5.1137068E-05
6573.830459	1.345721245	5.1143279E-05
6573.348330	1.345720768	5.1149258E-05
6572.866201	1.345720291	5.1155014E-05
6572.384072	1.345719814	5.1160615E-05
6571.901944	1.345719337	5.1166182E-05
6571.419815	1.345718861	5.1171871E-05
6570.937686	1.345718384	5.1177730E-05
6570.455557	1.345717907	5.1183822E-05
6569.973429	1.345717430	5.1190145E-05
6569.491300	1.345716953	5.1196705E-05
6569.009171	1.345716476	5.1203455E-05
6568.527042	1.345715880	5.1210309E-05
6568.044914	1.345715523	5.1217170E-05
6567.562785	1.345715046	5.1223953E-05
6567.080656	1.345714569	5.1230686E-05
6566.598527	1.345713973	5.1237412E-05
6566.116399	1.345713615	5.1244254E-05
6565.634270	1.345713019	5.1251244E-05
6565.152141	1.345712543	5.1258356E-05
6564.670012	1.345712066	5.1265493E-05
6564.187884	1.345711589	5.1272523E-05
6563.705755	1.345711112	5.1279393E-05
6563.223626	1.345710635	5.1286064E-05
6562.741497	1.345710039	5.1292572E-05
6562.259369	1.345709682	5.1298936E-05
6561.777240	1.345709205	5.1305205E-05
6561.295111	1.345708728	5.1311436E-05
6560.812982	1.345708132	5.1317703E-05
6560.330853	1.345707774	5.1324103E-05
6559.848725	1.345707178	5.1330663E-05
6559.366596	1.345706701	5.1337425E-05
6558.884467	1.345706224	5.1344358E-05
6558.402338	1.345705748	5.1351486E-05
6557.920210	1.345705152	5.1358824E-05
6557.438081	1.345704794	5.1366393E-05
6556.955952	1.345704198	5.1374198E-05
6556.473823	1.345703840	5.1382178E-05
6555.991695	1.345703244	5.1390289E-05
6555.509566	1.345702767	5.1398456E-05
6555.027437	1.345702291	5.1406661E-05
6554.545308	1.345701814	5.1414860E-05
6554.063180	1.345701218	5.1423033E-05
6553.581051	1.345700860	5.1431133E-05
6553.098922	1.345700264	5.1439101E-05
6552.616793	1.345699787	5.1446927E-05
6552.134665	1.345699310	5.1454598E-05
6551.652536	1.345698833	5.1462144E-05
6551.170407	1.345698357	5.1469544E-05
6550.688278	1.345697880	5.1476795E-05
6550.206150	1.345697284	5.1483926E-05
6549.724021	1.345696807	5.1491000E-05
6549.241892	1.345696330	5.1498107E-05
6548.759763	1.345695853	5.1505278E-05
6548.277634	1.345695257	5.1512511E-05
6547.795506	1.345694900	5.1519715E-05
6547.313377	1.345694423	5.1526849E-05
6546.831248	1.345693827	5.1533887E-05
6546.349119	1.345693350	5.1540886E-05
6545.866991	1.345692873	5.1547933E-05
6545.384862	1.345692396	5.1555084E-05
6544.902733	1.345691919	5.1562391E-05
6544.420604	1.345691323	5.1569851E-05
6543.938476	1.345690846	5.1577529E-05
6543.456347	1.345690370	5.1585485E-05
6542.974218	1.345689893	5.1593768E-05
6542.492089	1.345689297	5.1602359E-05
6542.009961	1.345688939	5.1611177E-05
6541.527832	1.345688343	5.1620169E-05
6541.045703	1.345687866	5.1629308E-05
6540.563574	1.345687270	5.1638658E-05
6540.081446	1.345686913	5.1648232E-05
6539.599317	1.345686316	5.1658023E-05
6539.117188	1.345685840	5.1667962E-05
6538.635059	1.345685363	5.1677983E-05
6538.152931	1.345684886	5.1688070E-05
6537.670802	1.345684290	5.1698223E-05
6537.188673	1.345683813	5.1708510E-05
6536.706544	1.345683336	5.1718941E-05
6536.224415	1.345682859	5.1729532E-05
6535.742287	1.345682263	5.1740231E-05
6535.260158	1.345681906	5.1751000E-05
6534.778029	1.345681310	5.1761814E-05
6534.295900	1.345680833	5.1772651E-05
6533.813772	1.345680356	5.1783533E-05
6533.331643	1.345679879	5.1794447E-05
6532.849514	1.345679283	5.1805432E-05
6532.367385	1.345678806	5.1816491E-05
6531.885257	1.345678329	5.1827637E-05
6531.403128	1.345677733	5.1838840E-05
6530.920999	1.345677257	5.1850059E-05
6530.438870	1.345676780	5.1861304E-05
6529.956742	1.345676303	5.1872587E-05
6529.474613	1.345675826	5.1883962E-05
6528.992484	1.345675230	5.1895415E-05
6528.510355	1.345674753	5.1906948E-05
6528.028227	1.345674276	5.1918549E-05
6527.546098	1.345673800	5.1930267E-05
6527.063969	1.345673203	5.1942185E-05
6526.581840	1.345672727	5.1954315E-05
6526.099712	1.345672250	5.1966642E-05
6525.617583	1.345671773	5.1979055E-05
6525.135454	1.345671177	5.1991479E-05
6524.653325	1.345670700	5.2003854E-05
6524.171196	1.345670223	5.2016192E-05
6523.689068	1.345669627	5.2028545E-05
6523.206939	1.345669150	5.2040932E-05
6522.724810	1.345668674	5.2053367E-05
6522.242681	1.345668077	5.2065826E-05
6521.760553	1.345667720	5.2078358E-05
6521.278424	1.345667124	5.2091022E-05
6520.796295	1.345666647	5.2103908E-05
6520.314166	1.345666051	5.2116989E-05
6519.832038	1.345665574	5.2130153E-05
6519.349909	1.345665097	5.2143283E-05
6518.867780	1.345664620	5.2156310E-05
6518.385651	1.345664024	5.2169310E-05
6517.903523	1.345663548	5.2182369E-05
6517.421394	1.345663071	5.2195587E-05
6516.939265	1.345662594	5.2208996E-05
6516.457136	1.345661998	5.2222598E-05
6515.975008	1.345661521	5.2236433E-05
6515.492879	1.345660925	5.2250529E-05
6515.010750	1.345660567	5.2264944E-05
6514.528621	1.345659971	5.2279659E-05
6514.046492	1.345659494	5.2294643E-05
6513.564364	1.345658898	5.2309783E-05
6513.082235	1.345658422	5.2325033E-05
6512.600106	1.345657825	5.2340422E-05
6512.117977	1.345657468	5.2356020E-05
6511.635849	1.345656872	5.2371902E-05
6511.153720	1.345656395	5.2388007E-05
6510.671591	1.345655799	5.2404248E-05
6510.189462	1.345655322	5.2420501E-05
6509.707334	1.345654845	5.2436733E-05
6509.225205	1.345654368	5.2452970E-05
6508.743076	1.345653772	5.2469250E-05
6508.260947	1.345653296	5.2485617E-05
6507.778819	1.345652699	5.2502091E-05
6507.296690	1.345652223	5.2518751E-05
6506.814561	1.345651627	5.2535635E-05
6506.332432	1.345651269	5.2552844E-05
6505.850304	1.345650673	5.2570433E-05
6505.368175	1.345650196	5.2588440E-05
6504.886046	1.345649600	5.2606852E-05
6504.403917	1.345649123	5.2625572E-05
6503.921789	1.345648646	5.2644545E-05
6503.439660	1.345648050	5.2663689E-05
6502.957531	1.345647573	5.2683020E-05
6502.475402	1.345647097	5.2702538E-05
6501.993273	1.345646501	5.2722253E-05
6501.511145	1.345646024	5.2742121E-05
6501.029016	1.345645428	5.2762063E-05
6500.546887	1.345644951	5.2782027E-05
6500.064758	1.345644474	5.2801941E-05
6499.582630	1.345643997	5.2821840E-05
6499.100501	1.345643401	5.2841731E-05
6498.618372	1.345642924	5.2861667E-05
6498.136243	1.345642328	5.2881629E-05
6497.654115	1.345641971	5.2901579E-05
6497.171986	1.345641255	5.2921515E-05
6496.689857	1.345640898	5.2941436E-05
6496.207728	1.345640302	5.2961426E-05
6495.725600	1.345639825	5.2981492E-05
6495.243471	1.345639229	5.3001637E-05
6494.761342	1.345638752	5.3021824E-05
6494.279213	1.345638156	5.3042060E-05
6493.797085	1.345637798	5.3062393E-05
6493.314956	1.345637202	5.3082845E-05
6492.832827	1.345636725	5.3103427E-05
6492.350698	1.345636129	5.3124056E-05
6491.868570	1.345635653	5.3144715E-05
6491.386441	1.345635056	5.3165383E-05
6490.904312	1.345634580	5.3186135E-05
6490.422183	1.345633984	5.3207054E-05
6489.940054	1.345633626	5.3228184E-05
6489.457926	1.345633030	5.3249548E-05
6488.975797	1.345632553	5.3271079E-05
6488.493668	1.345631957	5.3292740E-05
6488.011539	1.345631480	5.3314478E-05
6487.529411	1.345630884	5.3336302E-05
6487.047282	1.345630407	5.3358236E-05
6486.565153	1.345629811	5.3380355E-05
6486.083024	1.345629454	5.3402785E-05
6485.600896	1.345628858	5.3425653E-05
6485.118767	1.345628381	5.3449093E-05
6484.636638	1.345627785	5.3473112E-05
6484.154509	1.345627308	5.3497675E-05
6483.672381	1.345626712	5.3522657E-05
6483.190252	1.345626235	5.3547955E-05
6482.708123	1.345625758	5.3573501E-05
6482.225994	1.345625162	5.3599229E-05
6481.743866	1.345624566	5.3625137E-05
6481.261737	1.345624089	5.3651197E-05
6480.779608	1.345623612	5.3677436E-05
6480.297479	1.345623016	5.3703808E-05
6479.815351	1.345622540	5.3730232E-05
6479.333222	1.345622063	5.3756573E-05
6478.851093	1.345621467	5.3782706E-05
6478.368964	1.345620990	5.3808584E-05
6477.886835	1.345620394	5.3834184E-05
6477.404707	1.345619917	5.3859573E-05
6476.922578	1.345619440	5.3884812E-05
6476.440449	1.345618963	5.3910011E-05
6475.958320	1.345618367	5.3935270E-05
6475.476192	1.345617890	5.3960649E-05
6474.994063	1.345617294	5.3986157E-05
6474.511934	1.345616817	5.4011711E-05
6474.029805	1.345616221	5.4037271E-05
6473.547677	1.345615745	5.4062806E-05
6473.065548	1.345615268	5.4088404E-05
6472.583419	1.345614672	5.4114169E-05
6472.101290	1.345614076	5.4140215E-05
6471.619162	1.345613599	5.4166617E-05
6471.137033	1.345613122	5.4193384E-05
6470.654904	1.345612645	5.4220567E-05
6470.172775	1.345612049	5.4248179E-05
6469.690647	1.345611572	5.4276286E-05
6469.208518	1.345610976	5.4304872E-05
6468.726389	1.345610499	5.4333914E-05
6468.244260	1.345609903	5.4363367E-05
6467.762132	1.345609426	5.4393217E-05
6467.280003	1.345608830	5.4423515E-05
6466.797874	1.345608354	5.4454225E-05
6466.315745	1.345607758	5.4485261E-05
6465.833616	1.345607281	5.4516434E-05
6465.351488	1.345606685	5.4547620E-05
6464.869359	1.345606208	5.4578776E-05
6464.387230	1.345605731	5.4609950E-05
6463.905101	1.345605254	5.4641220E-05
6463.422973	1.345604658	5.4672573E-05
6462.940844	1.345604181	5.4703984E-05
6462.458715	1.345603585	5.4735350E-05
6461.976586	1.345603108	5.4766644E-05
6461.494458	1.345602512	5.4797847E-05
6461.012329	1.345602036	5.4829000E-05
6460.530200	1.345601439	5.4860150E-05
6460.048071	1.345600963	5.4891300E-05
6459.565943	1.345600486	5.4922520E-05
6459.083814	1.345599890	5.4953857E-05
6458.601685	1.345599294	5.4985418E-05
6458.119556	1.345598936	5.5017219E-05
6457.637428	1.345598340	5.5049231E-05
6457.155299	1.345597744	5.5081364E-05
6456.673170	1.345597267	5.5113540E-05
6456.191041	1.345596790	5.5145743E-05
6455.708913	1.345596194	5.5177974E-05
6455.226784	1.345595717	5.5210321E-05
6454.744655	1.345595121	5.5242835E-05
6454.262526	1.345594645	5.5275599E-05
6453.780397	1.345594049	5.5308657E-05
6453.298269	1.345593572	5.5342012E-05
6452.816140	1.345592976	5.5375670E-05
6452.334011	1.345592499	5.5409550E-05
6451.851882	1.345592022	5.5443591E-05
6451.369754	1.345591426	5.5477658E-05
6450.887625	1.345590949	5.5511697E-05
6450.405496	1.345590353	5.5545690E-05
6449.923367	1.345589876	5.5579709E-05
6449.441239	1.345589399	5.5613851E-05
6448.959110	1.345588803	5.5648185E-05
6448.476981	1.345588326	5.5682753E-05
6447.994852	1.345587730	5.5717492E-05
6447.512724	1.345587254	5.5752359E-05
6447.030595	1.345586658	5.5787259E-05
6446.548466	1.345586181	5.5822146E-05
6446.066337	1.345585585	5.5856986E-05
6445.584209	1.345585108	5.5891773E-05
6445.102080	1.345584631	5.5926576E-05
6444.619951	1.345584035	5.5961448E-05
6444.137822	1.345583558	5.5996476E-05
6443.655694	1.345582962	5.6031674E-05
6443.173565	1.345582485	5.6067042E-05
6442.691436	1.345582008	5.6102543E-05
6442.209307	1.345581412	5.6138151E-05
6441.727178	1.345580935	5.6173899E-05
6441.245050	1.345580339	5.6209819E-05
6440.762921	1.345579863	5.6246004E-05
6440.280792	1.345579267	5.6282485E-05
6439.798663	1.345578790	5.6319318E-05
6439.316535	1.345578194	5.6356491E-05
6438.834406	1.345577717	5.6393998E-05
6438.352277	1.345577121	5.6431811E-05
6437.870148	1.345576644	5.6469856E-05
6437.388020	1.345576167	5.6508087E-05
6436.905891	1.345575571	5.6546446E-05
6436.423762	1.345574975	5.6584967E-05
6435.941633	1.345574617	5.6623641E-05
6435.459505	1.345573902	5.6662460E-05
6434.977376	1.345573425	5.6701363E-05
6434.495247	1.345572948	5.6740270E-05
6434.013118	1.345572472	5.6779154E-05
6433.530990	1.345571876	5.6817985E-05
6433.048861	1.345571399	5.6856788E-05
6432.566732	1.345570803	5.6895561E-05
6432.084603	1.345570326	5.6934366E-05
6431.602475	1.345569730	5.6973266E-05
6431.120346	1.345569253	5.7012319E-05
6430.638217	1.345568657	5.7051538E-05
6430.156088	1.345568180	5.7090837E-05
6429.673959	1.345567584	5.7130140E-05
6429.191831	1.345567107	5.7169335E-05
6428.709702	1.345566630	5.7208441E-05
6428.227573	1.345566034	5.7247486E-05
6427.745444	1.345565438	5.7286545E-05
6427.263316	1.345565081	5.7325665E-05
6426.781187	1.345564485	5.7364846E-05
6426.299058	1.345563889	5.7404111E-05
6425.816929	1.345563412	5.7443468E-05
6425.334801	1.345562935	5.7482969E-05
6424.852672	1.345562339	5.7522597E-05
6424.370543	1.345561862	5.7562326E-05
6423.888414	1.345561266	5.7602100E-05
6423.406286	1.345560789	5.7641912E-05
6422.924157	1.345560193	5.7681833E-05
6422.442028	1.345559716	5.7721925E-05
6421.959899	1.345559239	5.7762285E-05
6421.477771	1.345558643	5.7802895E-05
6420.995642	1.345558167	5.7843748E-05
6420.513513	1.345557690	5.7884766E-05
6420.031384	1.345557094	5.7925881E-05
6419.549256	1.345556617	5.7967055E-05
6419.067127	1.345556021	5.8008250E-05
6418.584998	1.345555544	5.8049508E-05
6418.102869	1.345554948	5.8090847E-05
6417.620740	1.345554471	5.8132339E-05
6417.138612	1.345553875	5.8174013E-05
6416.656483	1.345553398	5.8215909E-05
6416.174354	1.345552802	5.8258016E-05
6415.692225	1.345552325	5.8300260E-05
6415.210097	1.345551848	5.8342551E-05
6414.727968	1.345551252	5.8384756E-05
6414.245839	1.345550776	5.8426825E-05
6413.763710	1.345550299	5.8468712E-05
6413.281582	1.345549703	5.8510493E-05
6412.799453	1.345549226	5.8552254E-05
6412.317324	1.345548630	5.8594085E-05
6411.835195	1.345548153	5.8636045E-05
6411.353067	1.345547557	5.8678113E-05
6410.870938	1.345547080	5.8720292E-05
6410.388809	1.345546603	5.8762549E-05
6409.906680	1.345546007	5.8804912E-05
6409.424552	1.345545411	5.8847381E-05
6408.942423	1.345544934	5.8889949E-05
6408.460294	1.345544338	5.8932612E-05
6407.978165	1.345543981	5.8975339E-05
6407.496037	1.345543385	5.9018142E-05
6407.013908	1.345542908	5.9060963E-05
6406.531779	1.345542312	5.9103777E-05
6406.049650	1.345541835	5.9146486E-05
6405.567521	1.345541239	5.9189056E-05
6405.085393	1.345540762	5.9231489E-05
6404.603264	1.345540166	5.9273831E-05
6404.121135	1.345539689	5.9316177E-05
6403.639006	1.345539212	5.9358544E-05
6403.156878	1.345538735	5.9400941E-05
6402.674749	1.345538139	5.9443307E-05
6402.192620	1.345537663	5.9485637E-05
6401.710491	1.345537066	5.9527933E-05
6401.228363	1.345536590	5.9570216E-05
6400.746234	1.345535994	5.9612527E-05
6400.264105	1.345535517	5.9654855E-05
6399.781976	1.345534921	5.9697239E-05
6399.299848	1.345534444	5.9739683E-05
6398.817719	1.345533967	5.9782254E-05
6398.335590	1.345533371	5.9824961E-05
6397.853461	1.345532894	5.9867770E-05
6397.371333	1.345532298	5.9910612E-05
6396.889204	1.345531821	5.9953405E-05
6396.407075	1.345531344	5.9996167E-05
6395.924946	1.345530748	6.0038930E-05
6395.442818	1.345530272	6.0081821E-05
6394.960689	1.345529675	6.0124878E-05
6394.478560	1.345529199	6.0168139E-05
6393.996431	1.345528722	6.0211599E-05
6393.514302	1.345528245	6.0255221E-05
6393.032174	1.345527649	6.0298997E-05
6392.550045	1.345527053	6.0342859E-05
6392.067916	1.345526576	6.0386774E-05
6391.585787	1.345526099	6.0430642E-05
6391.103659	1.345525503	6.0474401E-05
6390.621530	1.345525026	6.0518011E-05
6390.139401	1.345524549	6.0561492E-05
6389.657272	1.345523953	6.0604945E-05
6389.175144	1.345523477	6.0648441E-05
6388.693015	1.345523000	6.0692046E-05
6388.210886	1.345522404	6.0735687E-05
6387.728757	1.345521927	6.0779273E-05
6387.246629	1.345521331	6.0822692E-05
6386.764500	1.345520973	6.0865908E-05
6386.282371	1.345520258	6.0908993E-05
6385.800242	1.345519900	6.0952015E-05
6385.318114	1.345519304	6.0995065E-05
6384.835985	1.345518827	6.1038135E-05
6384.353856	1.345518231	6.1081252E-05
6383.871727	1.345517755	6.1124416E-05
6383.389599	1.345517159	6.1167682E-05
6382.907470	1.345516682	6.1211067E-05
6382.425341	1.345516205	6.1254502E-05
6381.943212	1.345515609	6.1297899E-05
6381.461083	1.345515132	6.1341154E-05
6380.978955	1.345514655	6.1384324E-05
6380.496826	1.345514059	6.1427530E-05
6380.014697	1.345513582	6.1470948E-05
6379.532568	1.345512986	6.1514632E-05
6379.050440	1.345512629	6.1558498E-05
6378.568311	1.345512033	6.1602410E-05
6378.086182	1.345511556	6.1646222E-05
6377.604053	1.345510960	6.1689909E-05
6377.121925	1.345510483	6.1733458E-05
6376.639796	1.345509887	6.1776889E-05
6376.157667	1.345509410	6.1820138E-05
6375.675538	1.345508933	6.1863138E-05
6375.193410	1.345508456	6.1905875E-05
6374.711281	1.345507860	6.1948362E-05
6374.229152	1.345507383	6.1990681E-05
6373.747023	1.345506787	6.2032823E-05
6373.264895	1.345506430	6.2074764E-05
6372.782766	1.345505834	6.2116396E-05
6372.300637	1.345505357	6.2157675E-05
6371.818508	1.345504761	6.2198582E-05
6371.336380	1.345504284	6.2239109E-05
6370.854251	1.345503688	6.2279264E-05
6370.372122	1.345503330	6.2319007E-05
6369.889993	1.345502734	6.2358325E-05
6369.407864	1.345502257	6.2397190E-05
6368.925736	1.345501661	6.2435646E-05
6368.443607	1.345501304	6.2473738E-05
6367.961478	1.345500708	6.2511517E-05
6367.479349	1.345500231	6.2549036E-05
6366.997221	1.345499635	6.2586284E-05
6366.515092	1.345499158	6.2623295E-05
6366.032963	1.345498681	6.2660078E-05
6365.550834	1.345498204	6.2696713E-05
6365.068706	1.345497608	6.2733244E-05
6364.586577	1.345497131	6.2769704E-05
6364.104448	1.345496655	6.2806126E-05
6363.622319	1.345496178	6.2842496E-05
6363.140191	1.345495582	6.2878825E-05
6362.658062	1.345495105	6.2915029E-05
6362.175933	1.345494509	6.2951026E-05
6361.693804	1.345494032	6.2986701E-05
6361.211676	1.345493555	6.3022002E-05
6360.729547	1.345493078	6.3056897E-05
6360.247418	1.345492482	6.3091406E-05
6359.765289	1.345492005	6.3125596E-05
6359.283161	1.345491529	6.3159499E-05
6358.801032	1.345491052	6.3193164E-05
6358.318903	1.345490456	6.3226569E-05
6357.836774	1.345490098	6.3259720E-05
6357.354645	1.345489383	6.3292617E-05
6356.872517	1.345489025	6.3325279E-05
6356.390388	1.345488429	6.3357735E-05
6355.908259	1.345487952	6.3389955E-05
6355.426130	1.345487475	6.3421971E-05
6354.944002	1.345486999	6.3453801E-05
6354.461873	1.345486403	6.3485524E-05
6353.979744	1.345485926	6.3517152E-05
6353.497615	1.345485330	6.3548669E-05
6353.015487	1.345484972	6.3580014E-05
6352.533358	1.345484376	6.3611113E-05
6352.051229	1.345483899	6.3641953E-05
6351.569100	1.345483303	6.3672495E-05
6351.086972	1.345482826	6.3702773E-05
6350.604843	1.345482349	6.3732792E-05
6350.122714	1.345481873	6.3762636E-05
6349.640585	1.345481277	6.3792359E-05
6349.158457	1.345480919	6.3821994E-05
6348.676328	1.345480323	6.3851539E-05
6348.194199	1.345479846	6.3880884E-05
6347.712070	1.345479369	6.3909930E-05
6347.229942	1.345478773	6.3938537E-05
6346.747813	1.345478296	6.3966634E-05
6346.265684	1.345477819	6.3994193E-05
6345.783555	1.345477223	6.4021256E-05
6345.301426	1.345476747	6.4047910E-05
6344.819298	1.345476270	6.4074222E-05
6344.337169	1.345475793	6.4100276E-05
6343.855040	1.345475316	6.4126062E-05
6343.372911	1.345474720	6.4151564E-05
6342.890783	1.345474243	6.4176650E-05
6342.408654	1.345473766	6.4201192E-05
6341.926525	1.345473170	6.4225117E-05
6341.444396	1.345472813	6.4248433E-05
6340.962268	1.345472217	6.4271284E-05
6340.480139	1.345471740	6.4293775E-05
6339.998010	1.345471144	6.4316011E-05
6339.515881	1.345470786	6.4337994E-05
6339.033753	1.345470190	6.4359717E-05
6338.551624	1.345469713	6.4381130E-05
6338.069495	1.345469236	6.4402176E-05
6337.587366	1.345468760	6.4422782E-05
6337.105238	1.345468163	6.4442871E-05
6336.623109	1.345467687	6.4462470E-05
6336.140980	1.345467091	6.4481602E-05
6335.658851	1.345466733	6.4500352E-05
6335.176723	1.345466256	6.4518761E-05
6334.694594	1.345465660	6.4536821E-05
6334.212465	1.345465183	6.4554480E-05
6333.730336	1.345464706	6.4571611E-05
6333.248207	1.345464230	6.4588132E-05
6332.766079	1.345463634	6.4603946E-05
6332.283950	1.345463157	6.4619071E-05
6331.801821	1.345462680	6.4633534E-05
6331.319692	1.345462203	6.4647409E-05
6330.837564	1.345461726	6.4660750E-05
6330.355435	1.345461130	6.4673585E-05
6329.873306	1.345460653	6.4685953E-05
6329.391177	1.345460176	6.4697820E-05
6328.909049	1.345459700	6.4709209E-05
6328.426920	1.345459104	6.4720106E-05
6327.944791	1.345458746	6.4730563E-05
6327.462662	1.345458031	6.4740634E-05
6326.980534	1.345457673	6.4750364E-05
6326.498405	1.345457077	6.4759773E-05
6326.016276	1.345456600	6.4768814E-05
6325.534147	1.345456123	6.4777468E-05
6325.052019	1.345455647	6.4785644E-05
6324.569890	1.345455170	6.4793303E-05
6324.087761	1.345454574	6.4800385E-05
6323.605632	1.345454097	6.4806860E-05
6323.123503	1.345453620	6.4812740E-05
6322.641375	1.345453143	6.4818038E-05
6322.159246	1.345452666	6.4822824E-05
6321.677117	1.345452070	6.4827126E-05
6321.194988	1.345451593	6.4831009E-05
6320.712860	1.345450997	6.4834468E-05
6320.230731	1.345450640	6.4837491E-05
6319.748602	1.345450044	6.4840013E-05
6319.266473	1.345449686	6.4841961E-05
6318.784345	1.345449090	6.4843291E-05
6318.302216	1.345448613	6.4843918E-05
6317.820087	1.345448017	6.4843845E-05
6317.337958	1.345447659	6.4843028E-05
6316.855830	1.345447063	6.4841481E-05
6316.373701	1.345446587	6.4839191E-05
6315.891572	1.345445991	6.4836128E-05
6315.409443	1.345445633	6.4832282E-05
6314.927315	1.345445037	6.4827642E-05
6314.445186	1.345444560	6.4822279E-05
6313.963057	1.345444083	6.4816216E-05
6313.480928	1.345443606	6.4809490E-05
6312.998800	1.345443010	6.4802080E-05
6312.516671	1.345442533	6.4794009E-05
6312.034542	1.345442057	6.4785332E-05
6311.552413	1.345441580	6.4776113E-05
6311.070284	1.345441103	6.4766452E-05
6310.588156	1.345440507	6.4756358E-05
6310.106027	1.345440030	6.4745877E-05
6309.623898	1.345439553	6.4735003E-05
6309.141769	1.345438957	6.4723779E-05
6308.659641	1.345438480	6.4712245E-05
6308.177512	1.345437884	6.4700415E-05
6307.695383	1.345437527	6.4688308E-05
6307.213254	1.345436931	6.4675845E-05
6306.731126	1.345436454	6.4663016E-05
6306.248997	1.345435977	6.4649785E-05
6305.766868	1.345435381	6.4636190E-05
6305.284739	1.345434904	6.4622219E-05
6304.802611	1.345434427	6.4607850E-05
6304.320482	1.345433950	6.4593026E-05
6303.838353	1.345433474	6.4577664E-05
6303.356224	1.345432878	6.4561752E-05
6302.874096	1.345432401	6.4545248E-05
6302.391967	1.345431924	6.4528143E-05
6301.909838	1.345431328	6.4510376E-05
6301.427709	1.345430851	6.4491908E-05
6300.945581	1.345430374	6.4472759E-05
6300.463452	1.345429778	6.4452958E-05
6299.981323	1.345429420	6.4432611E-05
6299.499194	1.345428824	6.4411765E-05
6299.017065	1.345428228	6.4390510E-05
6298.534937	1.345427752	6.4368863E-05
6298.052808	1.345427275	6.4346862E-05
6297.570679	1.345426798	6.4324493E-05
6297.088550	1.345426321	6.4301735E-05
6296.606422	1.345425725	6.4278574E-05
6296.124293	1.345425248	6.4254938E-05
6295.642164	1.345424652	6.4230809E-05
6295.160035	1.345424175	6.4206126E-05
6294.677907	1.345423698	6.4180917E-05
6294.195778	1.345423222	6.4155176E-05
6293.713649	1.345422626	6.4128880E-05
6293.231520	1.345422149	6.4101982E-05
6292.749392	1.345421553	6.4074404E-05
6292.267263	1.345421076	6.4046125E-05
6291.785134	1.345420599	6.4017104E-05
6291.303005	1.345420122	6.3987359E-05
6290.820877	1.345419526	6.3956892E-05
6290.338748	1.345419049	6.3925741E-05
6289.856619	1.345418572	6.3893957E-05
6289.374490	1.345417976	6.3861571E-05
6288.892362	1.345417500	6.3828633E-05
6288.410233	1.345417023	6.3795123E-05
6287.928104	1.345416427	6.3761080E-05
6287.445975	1.345415950	6.3726483E-05
6286.963846	1.345415354	6.3691366E-05
6286.481718	1.345414996	6.3655758E-05
6285.999589	1.345414281	6.3619714E-05
6285.517460	1.345413923	6.3583334E-05
6285.035331	1.345413327	6.3546656E-05
6284.553203	1.345412850	6.3509743E-05
6284.071074	1.345412254	6.3472576E-05
6283.588945	1.345411777	6.3435179E-05
6283.106816	1.345411181	6.3397559E-05
6282.624688	1.345410705	6.3359726E-05
6282.142559	1.345410109	6.3321653E-05
6281.660430	1.345409632	6.3283271E-05
6281.178301	1.345409155	6.3244530E-05
6280.696173	1.345408678	6.3205327E-05
6280.214044	1.345408082	6.3165594E-05
6279.731915	1.345407605	6.3125234E-05
6279.249786	1.345407009	6.3084224E-05
6278.767658	1.345406532	6.3042599E-05
6278.285529	1.345405936	6.3000407E-05
6277.803400	1.345405459	6.2957750E-05
6277.321271	1.345404863	6.2914634E-05
6276.839143	1.345404387	6.2871097E-05
6276.357014	1.345403790	6.2827099E-05
6275.874885	1.345403314	6.2782620E-05
6275.392756	1.345402837	6.2737638E-05
6274.910627	1.345402241	6.2692161E-05
6274.428499	1.345401764	6.2646245E-05
6273.946370	1.345401168	6.2599911E-05
6273.464241	1.345400691	6.2553232E-05
6272.982112	1.345400214	6.2506236E-05
6272.499984	1.345399618	6.2458996E-05
6272.017855	1.345399022	6.2411502E-05
6271.535726	1.345398545	6.2363707E-05
6271.053597	1.345398068	6.2315547E-05
6270.571469	1.345397472	6.2266952E-05
6270.089340	1.345396996	6.2217952E-05
6269.607211	1.345396399	6.2168570E-05
6269.125082	1.345395923	6.2118842E-05
6268.642954	1.345395327	6.2068711E-05
6268.160825	1.345394850	6.2018121E-05
6267.678696	1.345394254	6.1967040E-05
6267.196567	1.345393777	6.1915456E-05
6266.714439	1.345393181	6.1863414E-05
6266.232310	1.345392585	6.1810858E-05
6265.750181	1.345392108	6.1757747E-05
6265.268052	1.345391512	6.1703987E-05
6264.785924	1.345391035	6.1649562E-05
6264.303795	1.345390558	6.1594446E-05
6263.821666	1.345389962	6.1538634E-05
6263.339537	1.345389485	6.1482149E-05
6262.857408	1.345388770	6.1424988E-05
6262.375280	1.345388412	6.1367230E-05
6261.893151	1.345387697	6.1308936E-05
6261.411022	1.345387340	6.1250242E-05
6260.928893	1.345386624	6.1191205E-05
6260.446765	1.345386147	6.1131842E-05
6259.964636	1.345385551	6.1072105E-05
6259.482507	1.345385075	6.1011889E-05
6259.000378	1.345384479	6.0951178E-05
6258.518250	1.345384002	6.0889949E-05
6258.036121	1.345383406	6.0828254E-05
6257.553992	1.345382929	6.0766103E-05
6257.071863	1.345382333	6.0703529E-05
6256.589735	1.345381737	6.0640555E-05
6256.107606	1.345381260	6.0577192E-05
6255.625477	1.345380664	6.0513490E-05
6255.143348	1.345380068	6.0449448E-05
6254.661220	1.345379591	6.0385119E-05
6254.179091	1.345378995	6.0320478E-05
6253.696962	1.345378518	6.0255530E-05
6253.214833	1.345377922	6.0190251E-05
6252.732705	1.345377326	6.0124631E-05
6252.250576	1.345376849	6.0058704E-05
6251.768447	1.345376253	5.9992468E-05
6251.286318	1.345375657	5.9925950E-05
6250.804189	1.345375180	5.9859072E-05
6250.322061	1.345374584	5.9791800E-05
6249.839932	1.345373988	5.9724092E-05
6249.357803	1.345373511	5.9655990E-05
6248.875674	1.345372915	5.9587570E-05
6248.393546	1.345372319	5.9518873E-05
6247.911417	1.345371842	5.9449910E-05
6247.429288	1.345371246	5.9380625E-05
6246.947159	1.345370650	5.9311014E-05
6246.465031	1.345370054	5.9241085E-05
6245.982902	1.345369577	5.9170918E-05
6245.500773	1.345368981	5.9100588E-05
6245.018644	1.345368385	5.9030096E-05
6244.536516	1.345367908	5.8959435E-05
6244.054387	1.345367312	5.8888522E-05
6243.572258	1.345366716	5.8817374E-05
6243.090129	1.345366120	5.8745967E-05
6242.608001	1.345365524	5.8674338E-05
6242.125872	1.345365047	5.8602461E-05
6241.643743	1.345364451	5.8530292E-05
6241.161614	1.345363855	5.8457818E-05
6240.679486	1.345363259	5.8385041E-05
6240.197357	1.345362663	5.8312039E-05
6239.715228	1.345362186	5.8238846E-05
6239.233099	1.345361590	5.8165516E-05
6238.750970	1.345360994	5.8091994E-05
6238.268842	1.345360518	5.8018212E-05
6237.786713	1.345359802	5.7944093E-05
6237.304584	1.345359325	5.7869575E-05
6236.822455	1.345358729	5.7794698E-05
6236.340327	1.345358133	5.7719494E-05
6235.858198	1.345357537	5.7644044E-05
6235.376069	1.345357060	5.7568344E-05
6234.893940	1.345356345	5.7492379E-05
6234.411812	1.345355868	5.7416116E-05
6233.929683	1.345355153	5.7339523E-05
6233.447554	1.345354676	5.7262656E-05
6232.965425	1.345354080	5.7185554E-05
6232.483297	1.345353603	5.7108315E-05
6232.001168	1.345352888	5.7030954E-05
6231.519039	1.345352411	5.6953530E-05
6231.036910	1.345351696	5.6876066E-05
6230.554782	1.345351219	5.6798634E-05
6230.072653	1.345350623	5.6721297E-05
6229.590524	1.345350027	5.6644023E-05
6229.108395	1.345349312	5.6566741E-05
6228.626267	1.345348835	5.6489312E-05
6228.144138	1.345348239	5.6411722E-05
6227.662009	1.345347643	5.6334002E-05
6227.179880	1.345347047	5.6256248E-05
6226.697751	1.345346451	5.6178517E-05
6226.215623	1.345345855	5.6100760E-05
6225.733494	1.345345259	5.6022927E-05
6225.251365	1.345344663	5.5944939E-05
6224.769236	1.345344186	5.5866822E-05
6224.287108	1.345343471	5.5788597E-05
6223.804979	1.345342994	5.5710297E-05
6223.322850	1.345342278	5.5631909E-05
6222.840721	1.345341802	5.5553375E-05
6222.358593	1.345341086	5.5474689E-05
6221.876464	1.345340610	5.5395843E-05
6221.394335	1.345339894	5.5316917E-05
6220.912206	1.345339417	5.5237889E-05
6220.430078	1.345338702	5.5158720E-05
6219.947949	1.345338225	5.5079273E-05
6219.465820	1.345337510	5.4999480E-05
6218.983691	1.345337033	5.4919394E-05
6218.501563	1.345336318	5.4839112E-05
6218.019434	1.345335841	5.4758757E-05
6217.537305	1.345335126	5.4678339E-05
6217.055176	1.345334530	5.4597855E-05
6216.573048	1.345333934	5.4517275E-05
6216.090919	1.345333338	5.4436635E-05
6215.608790	1.345332742	5.4355994E-05
6215.126661	1.345332146	5.4275383E-05
6214.644532	1.345331550	5.4194813E-05
6214.162404	1.345330954	5.4114202E-05
6213.680275	1.345330358	5.4033511E-05
6213.198146	1.345329762	5.3952695E-05
6212.716017	1.345329165	5.3871809E-05
6212.233889	1.345328569	5.3790923E-05
6211.751760	1.345327854	5.3710057E-05
6211.269631	1.345327377	5.3629212E-05
6210.787502	1.345326662	5.3548308E-05
6210.305374	1.345326066	5.3467342E-05
6209.823245	1.345325470	5.3386288E-05
6209.341116	1.345324874	5.3305181E-05
6208.858987	1.345324278	5.3223986E-05
6208.376859	1.345323682	5.3142667E-05
6207.894730	1.345323086	5.3061166E-05
6207.412601	1.345322371	5.2979423E-05
6206.930472	1.345321774	5.2897441E-05
6206.448344	1.345321178	5.2815184E-05
6205.966215	1.345320582	5.2732663E-05
6205.484086	1.345319986	5.2649819E-05
6205.001957	1.345319390	5.2566605E-05
6204.519829	1.345318794	5.2482981E-05
6204.037700	1.345318079	5.2398932E-05
6203.555571	1.345317602	5.2314515E-05
6203.073442	1.345316887	5.2229747E-05
6202.591313	1.345316291	5.2144663E-05
6202.109185	1.345315695	5.2059238E-05
6201.627056	1.345315099	5.1973493E-05
6201.144927	1.345314384	5.1887448E-05
6200.662798	1.345313787	5.1801118E-05
6200.180670	1.345313191	5.1714521E-05
6199.698541	1.345312595	5.1627592E-05
6199.216412	1.345311999	5.1540341E-05
6198.734283	1.345311403	5.1452727E-05
6198.252155	1.345310688	5.1364828E-05
6197.770026	1.345310092	5.1276682E-05
6197.287897	1.345309496	5.1188333E-05
6196.805768	1.345308900	5.1099783E-05
6196.323640	1.345308185	5.1010980E-05
6195.841511	1.345307708	5.0921908E-05
6195.359382	1.345306993	5.0832542E-05
6194.877253	1.345306396	5.0742926E-05
6194.395125	1.345305681	5.0653068E-05
6193.912996	1.345305085	5.0562970E-05
6193.430867	1.345304489	5.0472593E-05
6192.948738	1.345303893	5.0381884E-05
6192.466610	1.345303178	5.0290867E-05
6191.984481	1.345302582	5.0199546E-05
6191.502352	1.345301986	5.0107965E-05
6191.020223	1.345301390	5.0016063E-05
6190.538094	1.345300674	4.9923770E-05
6190.055966	1.345300078	4.9831016E-05
6189.573837	1.345299482	4.9737758E-05
6189.091708	1.345298886	4.9644061E-05
6188.609579	1.345298171	4.9549966E-05
6188.127451	1.345297575	4.9455600E-05
6187.645322	1.345296860	4.9361010E-05
6187.163193	1.345296264	4.9266295E-05
6186.681064	1.345295548	4.9171481E-05
6186.198936	1.345295072	4.9076607E-05
6185.716807	1.345294356	4.8981678E-05
6185.234678	1.345293760	4.8886635E-05
6184.752549	1.345293045	4.8791427E-05
6184.270421	1.345292449	4.8695966E-05
6183.788292	1.345291734	4.8600290E-05
6183.306163	1.345291138	4.8504468E-05
6182.824034	1.345290542	4.8408610E-05
6182.341906	1.345289826	4.8312782E-05
6181.859777	1.345289230	4.8216977E-05
6181.377648	1.345288515	4.8121185E-05
6180.895519	1.345287919	4.8025337E-05
6180.413391	1.345287323	4.7929437E-05
6179.931262	1.345286608	4.7833449E-05
6179.449133	1.345285892	4.7737405E-05
6178.967004	1.345285296	4.7641350E-05
6178.484875	1.345284581	4.7545324E-05
6178.002747	1.345283985	4.7449373E-05
6177.520618	1.345283389	4.7353432E-05
6177.038489	1.345282674	4.7257499E-05
6176.556360	1.345282078	4.7161490E-05
6176.074232	1.345281363	4.7065401E-05
6175.592103	1.345280766	4.6969180E-05
6175.109974	1.345280051	4.6872846E-05
6174.627845	1.345279455	4.6776427E-05
6174.145717	1.345278621	4.6679970E-05
6173.663588	1.345278025	4.6583554E-05
6173.181459	1.345277429	4.6487187E-05
6172.699330	1.345276713	4.6390904E-05
6172.217202	1.345275998	4.6294677E-05
6171.735073	1.345275402	4.6198488E-05
6171.252944	1.345274687	4.6102341E-05
6170.770815	1.345274091	4.6006260E-05
6170.288687	1.345273376	4.5910347E-05
6169.806558	1.345272779	4.5814628E-05
6169.324429	1.345272064	4.5719123E-05
6168.842300	1.345271349	4.5623759E-05
6168.360172	1.345270753	4.5528502E-05
6167.878043	1.345270038	4.5433327E-05
6167.395914	1.345269322	4.5338221E-05
6166.913785	1.345268726	4.5243187E-05
6166.431656	1.345268011	4.5148168E-05
6165.949528	1.345267415	4.5053214E-05
6165.467399	1.345266700	4.4958359E-05
6164.985270	1.345265985	4.4863732E-05
6164.503141	1.345265269	4.4769361E-05
6164.021013	1.345264673	4.4675249E-05
6163.538884	1.345263958	4.4581320E-05
6163.056755	1.345263362	4.4487474E-05
6162.574626	1.345262527	4.4393658E-05
6162.092498	1.345261931	4.4299807E-05
6161.610369	1.345261216	4.4205921E-05
6161.128240	1.345260620	4.4112001E-05
6160.646111	1.345259905	4.4018099E-05
6160.163983	1.345259190	4.3924284E-05
6159.681854	1.345258474	4.3830598E-05
6159.199725	1.345257878	4.3737125E-05
6158.717596	1.345257044	4.3643876E-05
6158.235468	1.345256448	4.3550864E-05
6157.753339	1.345255733	4.3458033E-05
6157.271210	1.345255136	4.3365366E-05
6156.789081	1.345254302	4.3272843E-05
6156.306953	1.345253706	4.3180465E-05
6155.824824	1.345252991	4.3088279E-05
6155.342695	1.345252275	4.2996265E-05
6154.860566	1.345251560	4.2904502E-05
6154.378437	1.345250964	4.2812981E-05
6153.896309	1.345250130	4.2721754E-05
6153.414180	1.345249534	4.2630766E-05
6152.932051	1.345248818	4.2539980E-05
6152.449922	1.345248222	4.2449350E-05
6151.967794	1.345247388	4.2358847E-05
6151.485665	1.345246673	4.2268481E-05
6151.003536	1.345246077	4.2178253E-05
6150.521407	1.345245361	4.2088218E-05
6150.039279	1.345244527	4.1998431E-05
6149.557150	1.345243931	4.1908980E-05
6149.075021	1.345243216	4.1819909E-05
6148.592892	1.345242500	4.1731168E-05
6148.110764	1.345241785	4.1642722E-05
6147.628635	1.345241070	4.1554476E-05
6147.146506	1.345240355	4.1466439E-05
6146.664377	1.345239639	4.1378561E-05
6146.182249	1.345239043	4.1290831E-05
6145.700120	1.345238328	4.1203224E-05
6145.217991	1.345237613	4.1115726E-05
6144.735862	1.345236897	4.1028382E-05
6144.253733	1.345236182	4.0941186E-05
6143.771605	1.345235467	4.0854185E-05
6143.289476	1.345234752	4.0767328E-05
6142.807347	1.345234036	4.0680647E-05
6142.325218	1.345233321	4.0594123E-05
6141.843090	1.345232606	4.0507808E-05
6141.360961	1.345231891	4.0421751E-05
6140.878832	1.345231175	4.0335992E-05
6140.396703	1.345230460	4.0250537E-05
6139.914575	1.345229745	4.0165305E-05
6139.432446	1.345229030	4.0080238E-05
6138.950317	1.345228314	3.9995298E-05
6138.468188	1.345227599	3.9910508E-05
6137.986060	1.345226884	3.9825934E-05
6137.503931	1.345226169	3.9741626E-05
6137.021802	1.345225453	3.9657663E-05
6136.539673	1.345224619	3.9574053E-05
6136.057545	1.345224023	3.9490846E-05
6135.575416	1.345223308	3.9407995E-05
6135.093287	1.345222592	3.9325467E-05
6134.611158	1.345221758	3.9243207E-05
6134.129030	1.345221043	3.9161169E-05
6133.646901	1.345220327	3.9079348E-05
6133.164772	1.345219612	3.8997698E-05
6132.682643	1.345218897	3.8916279E-05
6132.200514	1.345218182	3.8835090E-05
6131.718386	1.345217466	3.8754201E-05
6131.236257	1.345216751	3.8673579E-05
6130.754128	1.345216036	3.8593189E-05
6130.271999	1.345215321	3.8512950E-05
6129.789871	1.345214486	3.8432830E-05
6129.307742	1.345213890	3.8352859E-05
6128.825613	1.345213056	3.8273053E-05
6128.343484	1.345212340	3.8193459E-05
6127.861356	1.345211625	3.8114058E-05
6127.379227	1.345210910	3.8034850E-05
6126.897098	1.345210195	3.7955863E-05
6126.414969	1.345209479	3.7877099E-05
6125.932841	1.345208645	3.7798577E-05
6125.450712	1.345207930	3.7720208E-05
6124.968583	1.345207214	3.7641950E-05
6124.486454	1.345206499	3.7563740E-05
6124.004326	1.345205784	3.7485596E-05
6123.522197	1.345205069	3.7407543E-05
6123.040068	1.345204234	3.7329585E-05
6122.557939	1.345203519	3.7251729E-05
6122.075811	1.345202804	3.7173947E-05
6121.593682	1.345202088	3.7096340E-05
6121.111553	1.345201254	3.7018948E-05
6120.629424	1.345200658	3.6941894E-05
6120.147295	1.345199823	3.6865149E-05
6119.665167	1.345199108	3.6788692E-05
6119.183038	1.345198274	3.6712465E-05
6118.700909	1.345197678	3.6636472E-05
6118.218780	1.345196843	3.6560762E-05
6117.736652	1.345196128	3.6485338E-05
6117.254523	1.345195293	3.6410181E-05
6116.772394	1.345194697	3.6335229E-05
6116.290265	1.345193863	3.6260457E-05
6115.808137	1.345193148	3.6185903E-05
6115.326008	1.345192313	3.6111600E-05
6114.843879	1.345191598	3.6037599E-05
6114.361750	1.345190883	3.5963848E-05
6113.879622	1.345190167	3.5890376E-05
6113.397493	1.345189333	3.5817175E-05
6112.915364	1.345188618	3.5744335E-05
6112.433235	1.345187902	3.5671902E-05
6111.951107	1.345187068	3.5599877E-05
6111.468978	1.345186353	3.5528241E-05
6110.986849	1.345185637	3.5456915E-05
6110.504720	1.345184803	3.5385930E-05
6110.022592	1.345184088	3.5315244E-05
6109.540463	1.345183253	3.5244900E-05
6109.058334	1.345182538	3.5174836E-05
6108.576205	1.345181704	3.5105038E-05
6108.094076	1.345181108	3.5035451E-05
6107.611948	1.345180273	3.4966060E-05
6107.129819	1.345179558	3.4896851E-05
6106.647690	1.345178723	3.4827779E-05
6106.165561	1.345178008	3.4758825E-05
6105.683433	1.345177174	3.4689942E-05
6105.201304	1.345176458	3.4621128E-05
6104.719175	1.345175743	3.4552405E-05
6104.237046	1.345174909	3.4483778E-05
6103.754918	1.345174193	3.4415294E-05
6103.272789	1.345173478	3.4346947E-05
6102.790660	1.345172644	3.4278774E-05
6102.308531	1.345171928	3.4210718E-05
6101.826403	1.345171094	3.4142776E-05
6101.344274	1.345170379	3.4074935E-05
6100.862145	1.345169544	3.4007231E-05
6100.380016	1.345168829	3.3939762E-05
6099.897888	1.345167994	3.3872574E-05
6099.415759	1.345167279	3.3805770E-05
6098.933630	1.345166445	3.3739327E-05
6098.451501	1.345165730	3.3673306E-05
6097.969373	1.345164895	3.3607673E-05
6097.487244	1.345164180	3.3542453E-05
6097.005115	1.345163345	3.3477618E-05
6096.522986	1.345162630	3.3413132E-05
6096.040857	1.345161796	3.3348931E-05
6095.558729	1.345161080	3.3284954E-05
6095.076600	1.345160246	3.3221190E-05
6094.594471	1.345159531	3.3157626E-05
6094.112342	1.345158696	3.3094249E-05
6093.630214	1.345157981	3.3031025E-05
6093.148085	1.345157146	3.2967899E-05
6092.665956	1.345156431	3.2904904E-05
6092.183827	1.345155597	3.2842045E-05
6091.701699	1.345154881	3.2779433E-05
6091.219570	1.345154047	3.2717108E-05
6090.737441	1.345153213	3.2655149E-05
6090.255312	1.345152497	3.2593579E-05
6089.773184	1.345151663	3.2532411E-05
6089.291055	1.345150828	3.2471668E-05
6088.808926	1.345150113	3.2411297E-05
6088.326797	1.345149279	3.2351304E-05
6087.844669	1.345148563	3.2291618E-05
6087.362540	1.345147729	3.2232278E-05
6086.880411	1.345147014	3.2173260E-05
6086.398282	1.345146179	3.2114630E-05
6085.916154	1.345145345	3.2056400E-05
6085.434025	1.345144510	3.1998585E-05
6084.951896	1.345143795	3.1941181E-05
6084.469767	1.345142961	3.1884139E-05
6083.987638	1.345142245	3.1827424E-05
6083.505510	1.345141292	3.1770985E-05
6083.023381	1.345140576	3.1714799E-05
6082.541252	1.345139742	3.1658869E-05
6082.059123	1.345139027	3.1603187E-05
6081.576995	1.345138192	3.1547819E-05
6081.094866	1.345137358	3.1492756E-05
6080.612737	1.345136523	3.1438064E-05
6080.130608	1.345135808	3.1383714E-05
6079.648480	1.345134974	3.1329712E-05
6079.166351	1.345134139	3.1276015E-05
6078.684222	1.345133305	3.1222599E-05
6078.202093	1.345132589	3.1169474E-05
6077.719965	1.345131755	3.1116621E-05
6077.237836	1.345130920	3.1064130E-05
6076.755707	1.345130205	3.1012010E-05
6076.273578	1.345129371	3.0960365E-05
6075.791450	1.345128536	3.0909186E-05
6075.309321	1.345127702	3.0858503E-05
6074.827192	1.345126867	3.0808272E-05
6074.345063	1.345126152	3.0758462E-05
6073.862935	1.345125318	3.0709033E-05
6073.380806	1.345124483	3.0659918E-05
6072.898677	1.345123649	3.0611086E-05
6072.416548	1.345122933	3.0562529E-05
6071.934419	1.345121980	3.0514284E-05
6071.452291	1.345121264	3.0466421E-05
6070.970162	1.345120430	3.0418964E-05
6070.488033	1.345119596	3.0371976E-05
6070.005904	1.345118761	3.0325428E-05
6069.523776	1.345117927	3.0279350E-05
6069.041647	1.345117092	3.0233698E-05
6068.559518	1.345116377	3.0188498E-05
6068.077389	1.345115423	3.0143757E-05
6067.595261	1.345114708	3.0099502E-05
6067.113132	1.345113873	3.0055773E-05
6066.631003	1.345113039	3.0012546E-05
6066.148874	1.345112205	2.9969872E-05
6065.666746	1.345111370	2.9927687E-05
6065.184617	1.345110536	2.9885993E-05
6064.702488	1.345109820	2.9844674E-05
6064.220359	1.345108867	2.9803699E-05
6063.738231	1.345108151	2.9763017E-05
6063.256102	1.345107198	2.9722637E-05
6062.773973	1.345106483	2.9682585E-05
6062.291844	1.345105529	2.9642866E-05
6061.809716	1.345104814	2.9603468E-05
6061.327587	1.345103979	2.9564350E-05
6060.845458	1.345103145	2.9525494E-05
6060.363329	1.345102191	2.9486917E-05
6059.881200	1.345101476	2.9448625E-05
6059.399072	1.345100641	2.9410688E-05
6058.916943	1.345099807	2.9373087E-05
6058.434814	1.345098972	2.9335871E-05
6057.952685	1.345098138	2.9298986E-05
6057.470557	1.345097303	2.9262458E-05
6056.988428	1.345096469	2.9226264E-05
6056.506299	1.345095515	2.9190422E-05
6056.024170	1.345094800	2.9155004E-05
6055.542042	1.345093846	2.9120063E-05
6055.059913	1.345093131	2.9085743E-05
6054.577784	1.345092177	2.9052104E-05
6054.095655	1.345091343	2.9019258E-05
6053.613527	1.345090508	2.8987133E-05
6053.131398	1.345089674	2.8955684E-05
6052.649269	1.345088840	2.8924789E-05
6052.167140	1.345088005	2.8894379E-05
6051.685012	1.345087171	2.8864384E-05
6051.202883	1.345086336	2.8834719E-05
6050.720754	1.345085382	2.8805356E-05
6050.238625	1.345084667	2.8776277E-05
6049.756497	1.345083714	2.8747532E-05
6049.274368	1.345082879	2.8719187E-05
6048.792239	1.345082045	2.8691220E-05
6048.310110	1.345081210	2.8663595E-05
6047.827981	1.345080256	2.8636186E-05
6047.345853	1.345079541	2.8608968E-05
6046.863724	1.345078588	2.8581929E-05
6046.381595	1.345077753	2.8555220E-05
6045.899466	1.345076919	2.8528987E-05
6045.417338	1.345076084	2.8503354E-05
6044.935209	1.345075130	2.8478398E-05
6044.453080	1.345074415	2.8454106E-05
6043.970951	1.345073462	2.8430529E-05
6043.488823	1.345072627	2.8407613E-05
6043.006694	1.345071673	2.8385383E-05
6042.524565	1.345070839	2.8363734E-05
6042.042436	1.345070004	2.8342652E-05
6041.560308	1.345069170	2.8322129E-05
6041.078179	1.345068216	2.8302274E-05
6040.596050	1.345067382	2.8283189E-05
6040.113921	1.345066547	2.8264914E-05
6039.631793	1.345065713	2.8247425E-05
6039.149664	1.345064759	2.8230628E-05
6038.667535	1.345063925	2.8214417E-05
6038.185406	1.345062971	2.8198744E-05
6037.703278	1.345062256	2.8183548E-05
6037.221149	1.345061302	2.8168832E-05
6036.739020	1.345060468	2.8154536E-05
6036.256891	1.345059514	2.8140673E-05
6035.774762	1.345058680	2.8127183E-05
6035.292634	1.345057845	2.8114069E-05
6034.810505	1.345057011	2.8101261E-05
6034.328376	1.345056057	2.8088690E-05
6033.846247	1.345055223	2.8076276E-05
6033.364119	1.345054269	2.8063942E-05
6032.881990	1.345053434	2.8051760E-05
6032.399861	1.345052481	2.8039774E-05
6031.917732	1.345051646	2.8028142E-05
6031.435604	1.345050693	2.8016889E-05
6030.953475	1.345049977	2.8006063E-05
6030.471346	1.345049024	2.7995646E-05
6029.989217	1.345048070	2.7985655E-05
6029.507089	1.345047235	2.7976102E-05
6029.024960	1.345046401	2.7966986E-05
6028.542831	1.345045447	2.7958305E-05
6028.060702	1.345044613	2.7950070E-05
6027.578574	1.345043659	2.7942344E-05
6027.096445	1.345042706	2.7935227E-05
6026.614316	1.345041871	2.7928787E-05
6026.132187	1.345040917	2.7923107E-05
6025.650059	1.345039964	2.7918153E-05
6025.167930	1.345039129	2.7913943E-05
6024.685801	1.345038176	2.7910391E-05
6024.203672	1.345037341	2.7907496E-05
6023.721543	1.345036387	2.7905242E-05
6023.239415	1.345035553	2.7903656E-05
6022.757286	1.345034599	2.7902771E-05
6022.275157	1.345033765	2.7902551E-05
6021.793028	1.345032811	2.7903008E-05
6021.310900	1.345031977	2.7904072E-05
6020.828771	1.345030904	2.7905768E-05
6020.346642	1.345030069	2.7908015E-05
6019.864513	1.345029116	2.7910821E-05
6019.382385	1.345028281	2.7914149E-05
6018.900256	1.345027328	2.7918044E-05
6018.418127	1.345026374	2.7922561E-05
6017.935998	1.345025420	2.7927753E-05
6017.453870	1.345024586	2.7933681E-05
6016.971741	1.345023632	2.7940393E-05
6016.489612	1.345022678	2.7947934E-05
6016.007483	1.345021725	2.7956333E-05
6015.525355	1.345020890	2.7965567E-05
6015.043226	1.345019817	2.7975674E-05
6014.561097	1.345018983	2.7986644E-05
6014.078968	1.345018029	2.7998558E-05
6013.596840	1.345017076	2.8011381E-05
6013.114711	1.345016122	2.8025121E-05
6012.632582	1.345015168	2.8039719E-05
6012.150453	1.345014215	2.8055170E-05
6011.668324	1.345013380	2.8071498E-05
6011.186196	1.345012307	2.8088714E-05
6010.704067	1.345011473	2.8106909E-05
6010.221938	1.345010400	2.8126103E-05
6009.739809	1.345009565	2.8146422E-05
6009.257681	1.345008612	2.8167885E-05
6008.775552	1.345007658	2.8190561E-05
6008.293423	1.345006585	2.8214430E-05
6007.811294	1.345005751	2.8239512E-05
6007.329166	1.345004678	2.8265820E-05
6006.847037	1.345003843	2.8293364E-05
6006.364908	1.345002770	2.8322172E-05
6005.882779	1.345001936	2.8352227E-05
6005.400651	1.345000863	2.8383538E-05
6004.918522	1.344999909	2.8416112E-05
6004.436393	1.344998956	2.8449957E-05
6003.954264	1.344998002	2.8485144E-05
6003.472136	1.344996929	2.8521688E-05
6002.990007	1.344995975	2.8559658E-05
6002.507878	1.344995022	2.8598999E-05
6002.025749	1.344994068	2.8639739E-05
6001.543621	1.344992995	2.8681901E-05
6001.061492	1.344992042	2.8725597E-05
6000.579363	1.344991088	2.8770938E-05
6000.097234	1.344990134	2.8817934E-05
5999.615105	1.344989061	2.8866602E-05
5999.132977	1.344988108	2.8916876E-05
5998.650848	1.344987035	2.8968871E-05
5998.168719	1.344986081	2.9022650E-05
5997.686590	1.344985008	2.9078344E-05
5997.204462	1.344984055	2.9135962E-05
5996.722333	1.344982982	2.9195520E-05
5996.240204	1.344982028	2.9257046E-05
5995.758075	1.344980955	2.9320635E-05
5995.275947	1.344980001	2.9386465E-05
5994.793818	1.344978929	2.9454677E-05
5994.311689	1.344977975	2.9525354E-05
5993.829560	1.344976902	2.9598519E-05
5993.347432	1.344975948	2.9674144E-05
5992.865303	1.344974756	2.9752283E-05
5992.383174	1.344973803	2.9832978E-05
5991.901045	1.344972730	2.9916371E-05
5991.418917	1.344971776	3.0002499E-05
5990.936788	1.344970703	3.0091443E-05
5990.454659	1.344969630	3.0183247E-05
5989.972530	1.344968557	3.0278008E-05
5989.490402	1.344967484	3.0375856E-05
5989.008273	1.344966412	3.0476863E-05
5988.526144	1.344965458	3.0581128E-05
5988.044015	1.344964266	3.0688653E-05
5987.561886	1.344963312	3.0799561E-05
5987.079758	1.344962239	3.0913956E-05
5986.597629	1.344961166	3.1032045E-05
5986.115500	1.344959974	3.1153988E-05
5985.633371	1.344959021	3.1279939E-05
5985.151243	1.344957829	3.1410017E-05
5984.669114	1.344956875	3.1544307E-05
5984.186985	1.344955683	3.1682914E-05
5983.704856	1.344954610	3.1825914E-05
5983.222728	1.344953418	3.1973413E-05
5982.740599	1.344952464	3.2125540E-05
5982.258470	1.344951272	3.2282423E-05
5981.776341	1.344950199	3.2444242E-05
5981.294213	1.344949007	3.2611122E-05
5980.812084	1.344947934	3.2783252E-05
5980.329955	1.344946861	3.2960768E-05
5979.847826	1.344945788	3.3143871E-05
5979.365698	1.344944596	3.3332714E-05
5978.883569	1.344943523	3.3527476E-05
5978.401440	1.344942331	3.3728360E-05
5977.919311	1.344941139	3.3935532E-05
5977.437183	1.344940066	3.4149252E-05
5976.955054	1.344938874	3.4369716E-05
5976.472925	1.344937801	3.4597212E-05
5975.990796	1.344936609	3.4831947E-05
5975.508667	1.344935417	3.5074196E-05
5975.026539	1.344934225	3.5324200E-05
5974.544410	1.344933033	3.5582263E-05
5974.062281	1.344931960	3.5848751E-05
5973.580152	1.344930768	3.6124055E-05
5973.098024	1.344929576	3.6408604E-05
5972.615895	1.344928384	3.6702766E-05
5972.133766	1.344927192	3.7006948E-05
5971.651637	1.344926000	3.7321532E-05
5971.169509	1.344924927	3.7646918E-05
5970.687380	1.344923615	3.7983558E-05
5970.205251	1.344922423	3.8331846E-05
5969.723122	1.344921231	3.8692201E-05
5969.240994	1.344920039	3.9064958E-05
5968.758865	1.344918847	3.9450516E-05
5968.276736	1.344917655	3.9849252E-05
5967.794607	1.344916463	4.0261597E-05
5967.312479	1.344915271	4.0688002E-05
5966.830350	1.344913960	4.1128879E-05
5966.348221	1.344912767	4.1584725E-05
5965.866092	1.344911575	4.2056005E-05
5965.383964	1.344910383	4.2543329E-05
5964.901835	1.344909191	4.3047252E-05
5964.419706	1.344907999	4.3568388E-05
5963.937577	1.344906688	4.4107269E-05
5963.455448	1.344905615	4.4664387E-05
5962.973320	1.344904304	4.5240205E-05
5962.491191	1.344903231	4.5835160E-05
5962.009062	1.344902039	4.6449762E-05
5961.526933	1.344900846	4.7084494E-05
5961.044805	1.344899654	4.7739870E-05
5960.562676	1.344898582	4.8416354E-05
5960.080547	1.344897389	4.8942792E-05
5959.598418	1.344896197	4.9657936E-05
5959.116290	1.344894886	5.0393796E-05
5958.634161	1.344893813	5.1151929E-05
5958.152032	1.344892621	5.1933179E-05
5957.669903	1.344891548	5.2739033E-05
5957.187775	1.344890356	5.3569866E-05
5956.705646	1.344889283	5.4415370E-05
5956.223517	1.344888210	5.5296967E-05
5955.741388	1.344887137	5.6203435E-05
5955.259260	1.344886184	5.7134295E-05
5954.777131	1.344885111	5.8087805E-05
5954.295002	1.344884157	5.9062896E-05
5953.812873	1.344883204	6.0057822E-05
5953.330744	1.344882250	6.1071603E-05
5952.848616	1.344881415	6.2103323E-05
5952.366487	1.344880581	6.3151869E-05
5951.884358	1.344879746	6.4216076E-05
5951.402229	1.344879031	6.5293921E-05
5950.920101	1.344878197	6.6384350E-05
5950.437972	1.344877601	6.7485510E-05
5949.955843	1.344876885	6.8595967E-05
5949.473714	1.344876289	6.9713505E-05
5948.991586	1.344875693	7.0835521E-05
5948.509457	1.344875216	7.1958842E-05
5948.027328	1.344874740	7.3079173E-05
5947.545199	1.344874263	7.4193019E-05
5947.063071	1.344873905	7.5295978E-05
5946.580942	1.344873667	7.6384042E-05
5946.098813	1.344873428	7.7452064E-05
5945.616684	1.344873190	7.8495243E-05
5945.134556	1.344873071	7.9508982E-05
5944.652427	1.344872952	8.0489338E-05
5944.170298	1.344872832	8.1433733E-05
5943.688169	1.344872832	8.2339046E-05
5943.206041	1.344872832	8.3203006E-05
5942.723912	1.344872832	8.4022578E-05
5942.241783	1.344872952	8.4795819E-05
5941.759654	1.344873071	8.5520777E-05
5941.277525	1.344873071	8.6195422E-05
5940.795397	1.344873309	8.6818099E-05
5940.313268	1.344873428	8.7386225E-05
5939.831139	1.344873548	8.7898052E-05
5939.349010	1.344873786	8.8351212E-05
5938.866882	1.344874024	8.8745211E-05
5938.384753	1.344874144	8.9080450E-05
5937.902624	1.344874263	8.9358351E-05
5937.420495	1.344874501	8.9580803E-05
5936.938367	1.344874620	8.9749628E-05
5936.456238	1.344874740	8.9867974E-05
5935.974109	1.344874859	8.9939056E-05
5935.491980	1.344874978	8.9967638E-05
5935.009852	1.344874978	8.9957448E-05
5934.527723	1.344874978	8.9911696E-05
5934.045594	1.344874978	8.9832744E-05
5933.563465	1.344874859	8.9722648E-05
5933.081337	1.344874740	8.9584568E-05
5932.599208	1.344874620	8.9420988E-05
5932.117079	1.344874382	8.9235501E-05
5931.634950	1.344874263	8.9030714E-05
5931.152822	1.344873905	8.8809764E-05
5930.670693	1.344873667	8.8575727E-05
5930.188564	1.344873309	8.8331724E-05
5929.706435	1.344872952	8.8081502E-05
5929.224306	1.344872475	8.7828410E-05
5928.742178	1.344872117	8.7576212E-05
5928.260049	1.344871521	8.7327649E-05
5927.777920	1.344871044	8.7086030E-05
5927.295791	1.344870329	8.6854323E-05
5926.813663	1.344869852	8.6635847E-05
5926.331534	1.344869137	8.6433723E-05
5925.849405	1.344868422	8.6249906E-05
5925.367276	1.344867706	8.6086047E-05
5924.885148	1.344866991	8.5942689E-05
5924.403019	1.344866157	8.5821401E-05
5923.920890	1.344865441	8.5723261E-05
5923.438761	1.344864607	8.5649986E-05
5922.956633	1.344863772	8.5603026E-05
5922.474504	1.344862938	8.5583897E-05
5921.992375	1.344862103	8.5594523E-05
5921.510246	1.344861031	8.5636013E-05
5921.028118	1.344860315	8.5709960E-05
5920.545989	1.344859362	8.5816944E-05
5920.063860	1.344858408	8.5957659E-05
5919.581731	1.344857454	8.6132121E-05
5919.099603	1.344856620	8.6340175E-05
5918.617474	1.344855666	8.6581695E-05
5918.135345	1.344854832	8.6856066E-05
5917.653216	1.344853759	8.7162756E-05
5917.171087	1.344853044	8.7500072E-05
5916.688959	1.344852090	8.7866673E-05
5916.206830	1.344851255	8.8260379E-05
5915.724701	1.344850421	8.8680070E-05
5915.242572	1.344849586	8.9124815E-05
5914.760444	1.344848752	8.9593517E-05
5914.278315	1.344848037	9.0085575E-05
5913.796186	1.344847202	9.0599680E-05
5913.314057	1.344846487	9.1135452E-05
5912.831929	1.344845772	9.1691505E-05
5912.349800	1.344845176	9.2266296E-05
5911.867671	1.344844341	9.2857463E-05
5911.385542	1.344843864	9.3462257E-05
5910.903414	1.344843149	9.4078091E-05
5910.421285	1.344842792	9.4701706E-05
5909.939156	1.344842196	9.5330277E-05
5909.457027	1.344841719	9.5960144E-05
5908.974899	1.344841242	9.6588504E-05
5908.492770	1.344840884	9.7212463E-05
5908.010641	1.344840527	9.7829550E-05
5907.528512	1.344840169	9.8437439E-05
5907.046384	1.344839811	9.9033428E-05
5906.564255	1.344839573	9.9615753E-05
5906.082126	1.344839334	1.0018228E-04
5905.599997	1.344839096	1.0073203E-04
5905.117868	1.344838977	1.0126349E-04
5904.635740	1.344838738	1.0177535E-04
5904.153611	1.344838619	1.0226572E-04
5903.671482	1.344838619	1.0273204E-04
5903.189353	1.344838500	1.0317228E-04
5902.707225	1.344838381	1.0358405E-04
5902.225096	1.344838381	1.0396576E-04
5901.742967	1.344838381	1.0431559E-04
5901.260838	1.344838262	1.0463256E-04
5900.778710	1.344838381	1.0491592E-04
5900.296581	1.344838381	1.0516548E-04
5899.814452	1.344838381	1.0538173E-04
5899.332323	1.344838381	1.0556495E-04
5898.850195	1.344838500	1.0571629E-04
5898.368066	1.344838500	1.0583625E-04
5897.885937	1.344838500	1.0592631E-04
5897.403808	1.344838500	1.0598722E-04
5896.921680	1.344838619	1.0601946E-04
5896.439551	1.344838500	1.0602319E-04
5895.957422	1.344838619	1.0599791E-04
5895.475293	1.344838619	1.0594391E-04
5894.993165	1.344838619	1.0586083E-04
5894.511036	1.344838619	1.0574932E-04
5894.028907	1.344838619	1.0560975E-04
5893.546778	1.344838619	1.0544283E-04
5893.064649	1.344838500	1.0524943E-04
5892.582521	1.344838500	1.0503050E-04
5892.100392	1.344838381	1.0478795E-04
5891.618263	1.344838381	1.0452311E-04
5891.136134	1.344838262	1.0423784E-04
5890.654006	1.344838142	1.0393297E-04
5890.171877	1.344838023	1.0360999E-04
5889.689748	1.344837785	1.0327019E-04
5889.207619	1.344837546	1.0291494E-04
5888.725491	1.344837427	1.0254574E-04
5888.243362	1.344837189	1.0216253E-04
5887.761233	1.344836950	1.0176547E-04
5887.279104	1.344836593	1.0135388E-04
5886.796976	1.344836354	1.0092841E-04
5886.314847	1.344836116	1.0048993E-04
5885.832718	1.344835758	1.0003966E-04
5885.350589	1.344835401	9.9579453E-05
5884.868461	1.344835043	9.9110963E-05
5884.386332	1.344834566	9.8636757E-05
5883.904203	1.344834208	9.8158926E-05
5883.422074	1.344833612	9.7680187E-05
5882.939946	1.344833136	9.7202205E-05
5882.457817	1.344832659	9.6726566E-05
5881.975688	1.344832182	9.6254399E-05
5881.493559	1.344831586	9.5786219E-05
5881.011430	1.344830990	9.5322910E-05
5880.529302	1.344830513	9.4864791E-05
5880.047173	1.344829679	9.4413146E-05
5879.565044	1.344829202	9.3968079E-05
5879.082915	1.344828486	9.3530183E-05
5878.600787	1.344827771	9.3099884E-05
5878.118658	1.344827056	9.2678234E-05
5877.636529	1.344826341	9.2267322E-05
5877.154400	1.344825745	9.1868553E-05
5876.672272	1.344824910	9.1483354E-05
5876.190143	1.344824076	9.1111972E-05
5875.708014	1.344823480	9.0754930E-05
5875.225885	1.344822526	9.0412544E-05
5874.743757	1.344821811	9.0085156E-05
5874.261628	1.344820976	8.9772865E-05
5873.779499	1.344820142	8.9475046E-05
5873.297370	1.344819307	8.9191346E-05
5872.815242	1.344818473	8.8920556E-05
5872.333113	1.344817758	8.8662421E-05
5871.850984	1.344816804	8.8416010E-05
5871.368855	1.344816089	8.8181076E-05
5870.886727	1.344815135	8.7957206E-05
5870.404598	1.344814301	8.7743480E-05
5869.922469	1.344813585	8.7539819E-05
5869.440340	1.344812632	8.7345847E-05
5868.958211	1.344811916	8.7162575E-05
5868.476083	1.344810963	8.6990361E-05
5867.993954	1.344810247	8.6829507E-05
5867.511825	1.344809294	8.6679381E-05
5867.029696	1.344808578	8.6539113E-05
5866.547568	1.344807625	8.6407853E-05
5866.065439	1.344806910	8.6284032E-05
5865.583310	1.344805837	8.6166645E-05
5865.101181	1.344805241	8.6053850E-05
5864.619053	1.344804287	8.5945097E-05
5864.136924	1.344803572	8.5839770E-05
5863.654795	1.344802618	8.5737771E-05
5863.172666	1.344801903	8.5639018E-05
5862.690538	1.344801188	8.5542904E-05
5862.208409	1.344800234	8.5449685E-05
5861.726280	1.344799519	8.5359044E-05
5861.244151	1.344798684	8.5271582E-05
5860.762023	1.344797850	8.5186955E-05
5860.279894	1.344797134	8.5105156E-05
5859.797765	1.344796181	8.5025953E-05
5859.315636	1.344795585	8.4949021E-05
5858.833508	1.344794631	8.4874217E-05
5858.351379	1.344793916	8.4800495E-05
5857.869250	1.344793081	8.4727469E-05
5857.387121	1.344792366	8.4653713E-05
5856.904992	1.344791532	8.4578770E-05
5856.422864	1.344790816	8.4502169E-05
5855.940735	1.344789982	8.4423966E-05
5855.458606	1.344789147	8.4344807E-05
5854.976477	1.344788313	8.4265325E-05
5854.494349	1.344787598	8.4186740E-05
5854.012220	1.344786763	8.4109385E-05
5853.530091	1.344786048	8.4034336E-05
5853.047962	1.344785094	8.3961941E-05
5852.565834	1.344784379	8.3892311E-05
5852.083705	1.344783545	8.3825075E-05
5851.601576	1.344782829	8.3759399E-05
5851.119447	1.344781876	8.3695249E-05
5850.637319	1.344781160	8.3632067E-05
5850.155190	1.344780326	8.3570403E-05
5849.673061	1.344779491	8.3510055E-05
5849.190932	1.344778657	8.3451171E-05
5848.708804	1.344777942	8.3393697E-05
5848.226675	1.344776988	8.3337813E-05
5847.744546	1.344776392	8.3284223E-05
5847.262417	1.344775438	8.3233119E-05
5846.780289	1.344774723	8.3185619E-05
5846.298160	1.344773769	8.3142047E-05
5845.816031	1.344773054	8.3103356E-05
5845.333902	1.344772100	8.3070002E-05
5844.851773	1.344771385	8.3042450E-05
5844.369645	1.344770432	8.3021117E-05
5843.887516	1.344769716	8.3005537E-05
5843.405387	1.344768763	8.2995296E-05
5842.923258	1.344768047	8.2988855E-05
5842.441130	1.344767094	8.2985457E-05
5841.959001	1.344766378	8.2984279E-05
5841.476872	1.344765544	8.2985588E-05
5840.994743	1.344764709	8.2989786E-05
5840.512615	1.344763756	8.2997057E-05
5840.030486	1.344763160	8.3008098E-05
5839.548357	1.344762206	8.3022695E-05
5839.066228	1.344761372	8.3041807E-05
5838.584100	1.344760656	8.3065748E-05
5838.101971	1.344759703	8.3095023E-05
5837.619842	1.344758987	8.3129346E-05
5837.137713	1.344758153	8.3168011E-05
5836.655585	1.344757318	8.3210528E-05
5836.173456	1.344756603	8.3255835E-05
5835.691327	1.344755769	8.3303636E-05
5835.209198	1.344754934	8.3352447E-05
5834.727070	1.344754219	8.3401409E-05
5834.244941	1.344753385	8.3449231E-05
5833.762812	1.344752669	8.3495675E-05
5833.280683	1.344751835	8.3541382E-05
5832.798554	1.344751120	8.3586886E-05
5832.316426	1.344750404	8.3632983E-05
5831.834297	1.344749570	8.3679152E-05
5831.352168	1.344748974	8.3725496E-05
5830.870039	1.344748139	8.3771833E-05
5830.387911	1.344747305	8.3818550E-05
5829.905782	1.344746590	8.3865665E-05
5829.423653	1.344745994	8.3912241E-05
5828.941524	1.344745040	8.3957301E-05
5828.459396	1.344744444	8.3998977E-05
5827.977267	1.344743729	8.4036721E-05
5827.495138	1.344743013	8.4069758E-05
5827.013009	1.344742298	8.4098050E-05
5826.530881	1.344741583	8.4120974E-05
5826.048752	1.344740868	8.4137899E-05
5825.566623	1.344740152	8.4148769E-05
5825.084494	1.344739437	8.4153761E-05
5824.602366	1.344738841	8.4154207E-05
5824.120237	1.344738007	8.4150578E-05
5823.638108	1.344737411	8.4143454E-05
5823.155979	1.344736576	8.4132365E-05
5822.673851	1.344735980	8.4117181E-05
5822.191722	1.344735265	8.4097573E-05
5821.709593	1.344734550	8.4072693E-05
5821.227464	1.344733834	8.4042227E-05
5820.745335	1.344733119	8.4005072E-05
5820.263207	1.344732404	8.3961082E-05
5819.781078	1.344731808	8.3909487E-05
5819.298949	1.344730973	8.3850308E-05
5818.816820	1.344730377	8.3783578E-05
5818.334692	1.344729543	8.3709518E-05
5817.852563	1.344728947	8.3629240E-05
5817.370434	1.344728112	8.3543423E-05
5816.888305	1.344727516	8.3453413E-05
5816.406177	1.344726682	8.3359719E-05
5815.924048	1.344725966	8.3263409E-05
5815.441919	1.344725132	8.3164648E-05
5814.959790	1.344724536	8.3063375E-05
5814.477662	1.344723582	8.2959522E-05
5813.995533	1.344722986	8.2852307E-05
5813.513404	1.344722033	8.2742188E-05
5813.031275	1.344721437	8.2628755E-05
5812.549147	1.344720483	8.2512544E-05
5812.067018	1.344719768	8.2393699E-05
5811.584889	1.344718933	8.2272842E-05
5811.102760	1.344718099	8.2151123E-05
5810.620632	1.344717383	8.2029335E-05
5810.138503	1.344716549	8.1908770E-05
5809.656374	1.344715595	8.1789950E-05
5809.174245	1.344714761	8.1674205E-05
5808.692116	1.344713926	8.1562466E-05
5808.209988	1.344712973	8.1456139E-05
5807.727859	1.344712138	8.1356243E-05
5807.245730	1.344711304	8.1263206E-05
5806.763601	1.344710231	8.1177509E-05
5806.281473	1.344709516	8.1098373E-05
5805.799344	1.344708443	8.1025540E-05
5805.317215	1.344707608	8.0958241E-05
5804.835086	1.344706535	8.0896696E-05
5804.352958	1.344705701	8.0841328E-05
5803.870829	1.344704747	8.0792768E-05
5803.388700	1.344703794	8.0752266E-05
5802.906571	1.344702840	8.0720674E-05
5802.424443	1.344701886	8.0699487E-05
5801.942314	1.344700813	8.0689282E-05
5801.460185	1.344699979	8.0691143E-05
5800.978056	1.344698906	8.0705228E-05
5800.495928	1.344697952	8.0731965E-05
5800.013799	1.344696999	8.0771734E-05
5799.531670	1.344695926	8.0824368E-05
5799.049541	1.344694853	8.0890104E-05
5798.567413	1.344694018	8.0968378E-05
5798.085284	1.344692945	8.1059292E-05
5797.603155	1.344691992	8.1162282E-05
5797.121026	1.344691038	8.1276898E-05
5796.638897	1.344689965	8.1402701E-05
5796.156769	1.344689012	8.1539455E-05
5795.674640	1.344688058	8.1688121E-05
5795.192511	1.344686985	8.1849433E-05
5794.710382	1.344686031	8.2024589E-05
5794.228254	1.344685078	8.2213673E-05
5793.746125	1.344684124	8.2417189E-05
5793.263996	1.344683170	8.2635051E-05
5792.781867	1.344682217	8.2867155E-05
5792.299739	1.344681144	8.3113207E-05
5791.817610	1.344680309	8.3371444E-05
5791.335481	1.344679356	8.3640652E-05
5790.853352	1.344678402	8.3919225E-05
5790.371224	1.344677448	8.4206882E-05
5789.889095	1.344676614	8.4503345E-05
5789.406966	1.344675660	8.4808844E-05
5788.924837	1.344674826	8.5123619E-05
5788.442709	1.344673872	8.5447480E-05
5787.960580	1.344673038	8.5780610E-05
5787.478451	1.344672203	8.6122590E-05
5786.996322	1.344671369	8.6473693E-05
5786.514194	1.344670534	8.6833251E-05
5786.032065	1.344669819	8.7200846E-05
5785.549936	1.344668865	8.7575917E-05
5785.067807	1.344668150	8.7957991E-05
5784.585678	1.344667435	8.8347201E-05
5784.103550	1.344666600	8.8742562E-05
5783.621421	1.344665885	8.9143230E-05
5783.139292	1.344665170	8.9547398E-05
5782.657163	1.344664454	8.9954264E-05
5782.175035	1.344663858	9.0362849E-05
5781.692906	1.344663143	9.0772476E-05
5781.210777	1.344662547	9.1182529E-05
5780.728648	1.344661832	9.1592037E-05
5780.246520	1.344661236	9.2001518E-05
5779.764391	1.344660640	9.2410975E-05
5779.282262	1.344660044	9.2821227E-05
5778.800133	1.344659448	9.3231854E-05
5778.318005	1.344658971	9.3642196E-05
5777.835876	1.344658375	9.4051275E-05
5777.353747	1.344657898	9.4457828E-05
5776.871618	1.344657421	9.4860973E-05
5776.389490	1.344656944	9.5258654E-05
5775.907361	1.344656467	9.5649225E-05
5775.425232	1.344656110	9.6030216E-05
5774.943103	1.344655633	9.6400079E-05
5774.460975	1.344655275	9.6757713E-05
5773.978846	1.344654918	9.7102494E-05
5773.496717	1.344654560	9.7434690E-05
5773.014588	1.344654202	9.7753695E-05
5772.532459	1.344653964	9.8059784E-05
5772.050331	1.344653606	9.8352171E-05
5771.568202	1.344653368	9.8630971E-05
5771.086073	1.344653010	9.8895613E-05
5770.603944	1.344652772	9.9145301E-05
5770.121816	1.344652534	9.9378761E-05
5769.639687	1.344652295	9.9593885E-05
5769.157558	1.344652176	9.9789654E-05
5768.675429	1.344651937	9.9964604E-05
5768.193301	1.344651699	1.0011816E-04
5767.711172	1.344651580	1.0024924E-04
5767.229043	1.344651461	1.0035702E-04
5766.746914	1.344651222	1.0044074E-04
5766.264786	1.344651103	1.0049965E-04
5765.782657	1.344650984	1.0053430E-04
5765.300528	1.344650745	1.0054465E-04
5764.818399	1.344650745	1.0053188E-04
5764.336271	1.344650507	1.0049641E-04
5763.854142	1.344650388	1.0043919E-04
5763.372013	1.344650269	1.0035993E-04
5762.889884	1.344650149	1.0025781E-04
5762.407755	1.344650030	1.0013202E-04
5761.925627	1.344649911	9.9981031E-05
5761.443498	1.344649792	9.9804310E-05
5760.961369	1.344649673	9.9600918E-05
5760.479240	1.344649553	9.9371042E-05
5759.997112	1.344649434	9.9114598E-05
5759.514983	1.344649196	9.8832009E-05
5759.032854	1.344649076	9.8524111E-05
5758.550725	1.344648838	9.8191601E-05
5758.068597	1.344648719	9.7836188E-05
5757.586468	1.344648480	9.7458712E-05
5757.104339	1.344648361	9.7060557E-05
5756.622210	1.344648123	9.6641935E-05
5756.140082	1.344647884	9.6203486E-05
5755.657953	1.344647527	9.5745742E-05
5755.175824	1.344647408	9.5269256E-05
5754.693695	1.344647050	9.4774831E-05
5754.211567	1.344646811	9.4261965E-05
5753.729438	1.344646454	9.3730899E-05
5753.247309	1.344646215	9.3181120E-05
5752.765180	1.344645858	9.2613353E-05
5752.283052	1.344645500	9.2028569E-05
5751.800923	1.344645023	9.1428360E-05
5751.318794	1.344644666	9.0814526E-05
5750.836665	1.344644189	9.0188042E-05
5750.354536	1.344643831	8.9550571E-05
5749.872408	1.344643235	8.8903292E-05
5749.390279	1.344642878	8.8248467E-05
5748.908150	1.344642282	8.7588091E-05
5748.426021	1.344641685	8.6923883E-05
5747.943893	1.344641089	8.6256897E-05
5747.461764	1.344640493	8.5586970E-05
5746.979635	1.344639897	8.4914758E-05
5746.497506	1.344639301	8.4240358E-05
5746.015378	1.344638586	8.3565020E-05
5745.533249	1.344637871	8.2888967E-05
5745.051120	1.344637156	8.2213101E-05
5744.568991	1.344636440	8.1538364E-05
5744.086863	1.344635606	8.0866088E-05
5743.604734	1.344634891	8.0198346E-05
5743.122605	1.344634056	7.9536560E-05
5742.640476	1.344633341	7.8882618E-05
5742.158348	1.344632387	7.8237177E-05
5741.676219	1.344631553	7.7601077E-05
5741.194090	1.344630718	7.6974702E-05
5740.711961	1.344629884	7.6358473E-05
5740.229833	1.344628811	7.5753240E-05
5739.747704	1.344627976	7.5158600E-05
5739.265575	1.344627023	7.4574259E-05
5738.783446	1.344626069	7.3998665E-05
5738.301317	1.344625115	7.3431563E-05
5737.819189	1.344624162	7.2872882E-05
5737.337060	1.344623089	7.2323476E-05
5736.854931	1.344622135	7.1784279E-05
5736.372802	1.344621181	7.1255752E-05
5735.890674	1.344620109	7.0738832E-05
5735.408545	1.344619036	7.0233786E-05
5734.926416	1.344618082	6.9741545E-05
5734.444287	1.344617009	6.9261931E-05
5733.962159	1.344615936	6.8795183E-05
5733.480030	1.344614863	6.8341103E-05
5732.997901	1.344613910	6.7899244E-05
5732.515772	1.344612718	6.7469301E-05
5732.033644	1.344611645	6.7049976E-05
5731.551515	1.344610572	6.6640733E-05
5731.069386	1.344609499	6.6240509E-05
5730.587257	1.344608426	6.5849207E-05
5730.105129	1.344607353	6.5466401E-05
5729.623000	1.344606161	6.5091840E-05
5729.140871	1.344605207	6.4725816E-05
5728.658742	1.344604015	6.4368706E-05
5728.176614	1.344602942	6.4021834E-05
5727.694485	1.344601750	6.3685450E-05
5727.212356	1.344600677	6.3360418E-05
5726.730227	1.344599605	6.3046131E-05
5726.248098	1.344598532	6.2742154E-05
5725.765970	1.344597340	6.2447583E-05
5725.283841	1.344596267	6.2161121E-05
5724.801712	1.344595075	6.1882453E-05
5724.319583	1.344594002	6.1610742E-05
5723.837455	1.344592810	6.1346117E-05
5723.355326	1.344591737	6.1087790E-05
5722.873197	1.344590664	6.0835286E-05
5722.391068	1.344589591	6.0588118E-05
5721.908940	1.344588399	6.0346023E-05
5721.426811	1.344587326	6.0109634E-05
5720.944682	1.344586134	5.9878930E-05
5720.462553	1.344585061	5.9654656E-05
5719.980425	1.344583869	5.9436681E-05
5719.498296	1.344582915	5.9225873E-05
5719.016167	1.344581723	5.9022267E-05
5718.534038	1.344580650	5.8825715E-05
5718.051910	1.344579458	5.8636173E-05
5717.569781	1.344578385	5.8452754E-05
5717.087652	1.344577193	5.8275064E-05
5716.605523	1.344576120	5.8101782E-05
5716.123395	1.344574928	5.7932359E-05
5715.641266	1.344573975	5.7765903E-05
5715.159137	1.344572783	5.7602319E-05
5714.677008	1.344571710	5.7442073E-05
5714.194879	1.344570518	5.7285278E-05
5713.712751	1.344569445	5.7132620E-05
5713.230622	1.344568253	5.6984138E-05
5712.748493	1.344567299	5.6840712E-05
5712.266364	1.344566107	5.6702382E-05
5711.784236	1.344565034	5.6569723E-05
5711.302107	1.344563842	5.6442844E-05
5710.819978	1.344562769	5.6321317E-05
5710.337849	1.344561577	5.6204790E-05
5709.855721	1.344560504	5.6091765E-05
5709.373592	1.344559431	5.5981758E-05
5708.891463	1.344558358	5.5873616E-05
5708.409334	1.344557166	5.5767695E-05
5707.927206	1.344556212	5.5663872E-05
5707.445077	1.344555020	5.5562190E-05
5706.962948	1.344553947	5.5463032E-05
5706.480819	1.344552755	5.5366488E-05
5705.998691	1.344551682	5.5273804E-05
5705.516562	1.344550610	5.5185474E-05
5705.034433	1.344549537	5.5102674E-05
5704.552304	1.344548345	5.5025295E-05
5704.070176	1.344547272	5.4953396E-05
5703.588047	1.344546080	5.4887195E-05
5703.105918	1.344545007	5.4826586E-05
5702.623789	1.344543815	5.4772106E-05
5702.141660	1.344542742	5.4722907E-05
5701.659532	1.344541669	5.4679031E-05
5701.177403	1.344540596	5.4639200E-05
5700.695274	1.344539404	5.4603237E-05
5700.213145	1.344538331	5.4571139E-05
5699.731017	1.344537139	5.4543126E-05
5699.248888	1.344536066	5.4520196E-05
5698.766759	1.344534993	5.4502807E-05
5698.284630	1.344533920	5.4492463E-05
5697.802502	1.344532728	5.4489481E-05
5697.320373	1.344531655	5.4494792E-05
5696.838244	1.344530463	5.4508284E-05
5696.356115	1.344529390	5.4529673E-05
5695.873987	1.344528317	5.4558662E-05
5695.391858	1.344527245	5.4594246E-05
5694.909729	1.344526052	5.4636364E-05
5694.427600	1.344524980	5.4684038E-05
5693.945472	1.344523907	5.4737380E-05
5693.463343	1.344522834	5.4796001E-05
5692.981214	1.344521761	5.4859836E-05
5692.499085	1.344520688	5.4929135E-05
5692.016957	1.344519496	5.5003814E-05
5691.534828	1.344518542	5.5084692E-05
5691.052699	1.344517350	5.5171889E-05
5690.570570	1.344516397	5.5266504E-05
5690.088441	1.344515204	5.5368740E-05
5689.606313	1.344514251	5.5479306E-05
5689.124184	1.344513178	5.5598064E-05
5688.642055	1.344512105	5.5724202E-05
5688.159926	1.344511032	5.5857156E-05
5687.677798	1.344510078	5.5995596E-05
5687.195669	1.344509006	5.6139028E-05
5686.713540	1.344508052	5.6286221E-05
5686.231411	1.344506979	5.6436488E-05
5685.749283	1.344506025	5.6588922E-05
5685.267154	1.344505072	5.6743235E-05
5684.785025	1.344504118	5.6899711E-05
5684.302896	1.344503045	5.7058471E-05
5683.820768	1.344502211	5.7220260E-05
5683.338639	1.344501138	5.7384852E-05
5682.856510	1.344500303	5.7552668E-05
5682.374381	1.344499350	5.7723415E-05
5681.892253	1.344498396	5.7896856E-05
5681.410124	1.344497442	5.8072251E-05
5680.927995	1.344496608	5.8248118E-05
5680.445866	1.344495654	5.8423712E-05
5679.963738	1.344494820	5.8597310E-05
5679.481609	1.344493985	5.8768193E-05
5678.999480	1.344493151	5.8935128E-05
5678.517351	1.344492316	5.9097616E-05
5678.035222	1.344491482	5.9254830E-05
5677.553094	1.344490647	5.9406008E-05
5677.070965	1.344489813	5.9550831E-05
5676.588836	1.344488978	5.9688610E-05
5676.106707	1.344488263	5.9819805E-05
5675.624579	1.344487429	5.9944361E-05
5675.142450	1.344486713	6.0063013E-05
5674.660321	1.344485879	6.0175886E-05
5674.178192	1.344485164	6.0282953E-05
5673.696064	1.344484448	6.0384135E-05
5673.213935	1.344483733	6.0477920E-05
5672.731806	1.344482899	6.0563363E-05
5672.249677	1.344482183	6.0638201E-05
5671.767549	1.344481468	6.0701476E-05
5671.285420	1.344480753	6.0752036E-05
5670.803291	1.344480038	6.0789537E-05
5670.321162	1.344479442	6.0814019E-05
5669.839034	1.344478726	6.0825614E-05
5669.356905	1.344478011	6.0825799E-05
5668.874776	1.344477296	6.0815172E-05
5668.392647	1.344476581	6.0795086E-05
5667.910519	1.344475865	6.0765502E-05
5667.428390	1.344475269	6.0726774E-05
5666.946261	1.344474435	6.0678971E-05
5666.464132	1.344473839	6.0622048E-05
5665.982003	1.344473004	6.0556128E-05
5665.499875	1.344472408	6.0479896E-05
5665.017746	1.344471693	6.0393060E-05
5664.535617	1.344470978	6.0294452E-05
5664.053488	1.344470263	6.0184324E-05
5663.571360	1.344469666	6.0062753E-05
5663.089231	1.344468832	5.9930482E-05
5662.607102	1.344468236	5.9788583E-05
5662.124973	1.344467402	5.9637367E-05
5661.642845	1.344466686	5.9478227E-05
5661.160716	1.344465971	5.9311686E-05
5660.678587	1.344465256	5.9139288E-05
5660.196458	1.344464421	5.8961682E-05
5659.714330	1.344463706	5.8779474E-05
5659.232201	1.344462991	5.8592749E-05
5658.750072	1.344462156	5.8401122E-05
5658.267943	1.344461322	5.8204982E-05
5657.785815	1.344460607	5.8003865E-05
5657.303686	1.344459772	5.7798346E-05
5656.821557	1.344459057	5.7587727E-05
5656.339428	1.344458222	5.7372158E-05
5655.857300	1.344457507	5.7151768E-05
5655.375171	1.344456553	5.6927178E-05
5654.893042	1.344455838	5.6699373E-05
5654.410913	1.344455004	5.6468513E-05
5653.928784	1.344454169	5.6235875E-05
5653.446656	1.344453335	5.6001906E-05
5652.964527	1.344452500	5.5768027E-05
5652.482398	1.344451547	5.5535082E-05
5652.000269	1.344450831	5.5303422E-05
5651.518141	1.344449878	5.5072813E-05
5651.036012	1.344449043	5.4842033E-05
5650.553883	1.344448090	5.4610882E-05
5650.071754	1.344447255	5.4378224E-05
5649.589626	1.344446421	5.4144173E-05
5649.107497	1.344445586	5.3908173E-05
5648.625368	1.344444633	5.3669838E-05
5648.143239	1.344443798	5.3428745E-05
5647.661111	1.344442844	5.3184896E-05
5647.178982	1.344442010	5.2939538E-05
5646.696853	1.344441056	5.2693258E-05
5646.214724	1.344440222	5.2447470E-05
5645.732596	1.344439149	5.2202055E-05
5645.250467	1.344438314	5.1957621E-05
5644.768338	1.344437361	5.1714547E-05
5644.286209	1.344436407	5.1473215E-05
5643.804081	1.344435453	5.1233618E-05
5643.321952	1.344434619	5.0994396E-05
5642.839823	1.344433665	5.0754678E-05
5642.357694	1.344432712	5.0512856E-05
5641.875565	1.344431758	5.0268745E-05
5641.393437	1.344430804	5.0022063E-05
5640.911308	1.344429851	4.9773059E-05
5640.429179	1.344428897	4.9522224E-05
5639.947050	1.344427943	4.9269985E-05
5639.464922	1.344426990	4.9017962E-05
5638.982793	1.344425917	4.8766834E-05
5638.500664	1.344424963	4.8518076E-05
5638.018535	1.344424009	4.8271665E-05
5637.536407	1.344423056	4.8027666E-05
5637.054278	1.344421983	4.7785725E-05
5636.572149	1.344421029	4.7545581E-05
5636.090020	1.344419956	4.7307571E-05
5635.607892	1.344419003	4.7071064E-05
5635.125763	1.344417930	4.6835889E-05
5634.643634	1.344416976	4.6600650E-05
5634.161505	1.344415903	4.6365524E-05
5633.679377	1.344414949	4.6130891E-05
5633.197248	1.344413877	4.5897740E-05
5632.715119	1.344412804	4.5667333E-05
5632.232990	1.344411731	4.5439942E-05
5631.750862	1.344410777	4.5216520E-05
5631.268733	1.344409585	4.4997408E-05
5630.786604	1.344408631	4.4783881E-05
5630.304475	1.344407558	4.4576317E-05
5629.822346	1.344406486	4.4374861E-05
5629.340218	1.344405413	4.4179315E-05
5628.858089	1.344404340	4.3988739E-05
5628.375960	1.344403267	4.3802790E-05
5627.893831	1.344402194	4.3620100E-05
5627.411703	1.344401121	4.3440869E-05
5626.929574	1.344400048	4.3264381E-05
5626.447445	1.344398975	4.3090550E-05
5625.965316	1.344397902	4.2919024E-05
5625.483188	1.344396830	4.2749347E-05
5625.001059	1.344395757	4.2582066E-05
5624.518930	1.344394684	4.2417663E-05
5624.036801	1.344393611	4.2257694E-05
5623.554673	1.344392419	4.2102734E-05
5623.072544	1.344391465	4.1953427E-05
5622.590415	1.344390273	4.1809274E-05
5622.108286	1.344389200	4.1669667E-05
5621.626158	1.344388127	4.1534091E-05
5621.144029	1.344387054	4.1401283E-05
5620.661900	1.344385982	4.1271142E-05
5620.179771	1.344384909	4.1142425E-05
5619.697643	1.344383836	4.1014871E-05
5619.215514	1.344382763	4.0887571E-05
5618.733385	1.344381690	4.0760354E-05
5618.251256	1.344380736	4.0633537E-05
5617.769127	1.344379544	4.0507094E-05
5617.286999	1.344378591	4.0381777E-05
5616.804870	1.344377398	4.0257083E-05
5616.322741	1.344376445	4.0133351E-05
5615.840612	1.344375253	4.0010183E-05
5615.358484	1.344374299	3.9888119E-05
5614.876355	1.344373107	3.9767678E-05
5614.394226	1.344372153	3.9649025E-05
5613.912097	1.344371080	3.9532518E-05
5613.429969	1.344370008	3.9416793E-05
5612.947840	1.344368935	3.9301029E-05
5612.465711	1.344367862	3.9183356E-05
5611.983582	1.344366789	3.9063388E-05
5611.501454	1.344365835	3.8940803E-05
5611.019325	1.344364643	3.8816136E-05
5610.537196	1.344363689	3.8690093E-05
5610.055067	1.344362497	3.8562698E-05
5609.572939	1.344361544	3.8435205E-05
5609.090810	1.344360471	3.8308163E-05
5608.608681	1.344359398	3.8182985E-05
5608.126552	1.344358325	3.8059977E-05
5607.644424	1.344357252	3.7938882E-05
5607.162295	1.344356179	3.7818948E-05
5606.680166	1.344355106	3.7698904E-05
5606.198037	1.344354033	3.7578692E-05
5605.715908	1.344352961	3.7457401E-05
5605.233780	1.344351888	3.7335343E-05
5604.751651	1.344350934	3.7211556E-05
5604.269522	1.344349742	3.7086030E-05
5603.787393	1.344348788	3.6958352E-05
5603.305265	1.344347596	3.6828533E-05
5602.823136	1.344346642	3.6697546E-05
5602.341007	1.344345450	3.6565970E-05
5601.858878	1.344344497	3.6435361E-05
5601.376750	1.344343305	3.6306181E-05
5600.894621	1.344342232	3.6179631E-05
5600.412492	1.344341159	3.6056023E-05
5599.930363	1.344340086	3.5935324E-05
5599.448235	1.344339013	3.5817049E-05
5598.966106	1.344337940	3.5699548E-05
5598.483977	1.344336748	3.5582501E-05
5598.001848	1.344335794	3.5464624E-05
5597.519720	1.344334602	3.5346135E-05
5597.037591	1.344333529	3.5226688E-05
5596.555462	1.344332457	3.5106508E-05
5596.073333	1.344331384	3.4986130E-05
5595.591205	1.344330192	3.4865804E-05
5595.109076	1.344329119	3.4746621E-05
5594.626947	1.344328046	3.4628576E-05
5594.144818	1.344326973	3.4512784E-05
5593.662689	1.344325781	3.4399383E-05
5593.180561	1.344324708	3.4289139E-05
5592.698432	1.344323635	3.4181885E-05
5592.216303	1.344322562	3.4077113E-05
5591.734174	1.344321370	3.3974939E-05
5591.252046	1.344320297	3.3874393E-05
5590.769917	1.344319105	3.3775542E-05
5590.287788	1.344318151	3.3677162E-05
5589.805659	1.344316959	3.3578763E-05
5589.323531	1.344315886	3.3479639E-05
5588.841402	1.344314694	3.3379695E-05
5588.359273	1.344313622	3.3279612E-05
5587.877144	1.344312549	3.3179426E-05
5587.395016	1.344311476	3.3080270E-05
5586.912887	1.344310284	3.2982380E-05
5586.430758	1.344309211	3.2887025E-05
5585.948629	1.344308019	3.2794456E-05
5585.466501	1.344306946	3.2705075E-05
5584.984372	1.344305754	3.2618954E-05
5584.502243	1.344304800	3.2535336E-05
5584.020114	1.344303608	3.2454063E-05
5583.537986	1.344302535	3.2373361E-05
5583.055857	1.344301343	3.2292794E-05
5582.573728	1.344300270	3.2211193E-05
5582.091599	1.344299078	3.2128603E-05
5581.609470	1.344298005	3.2045318E-05
5581.127342	1.344296932	3.1961800E-05
5580.645213	1.344295859	3.1879130E-05
5580.163084	1.344294667	3.1797525E-05
5579.680955	1.344293594	3.1718122E-05
5579.198827	1.344292402	3.1640832E-05
5578.716698	1.344291329	3.1566089E-05
5578.234569	1.344290137	3.1493582E-05
5577.752440	1.344289064	3.1423146E-05
5577.270312	1.344287872	3.1354959E-05
5576.788183	1.344286799	3.1288088E-05
5576.306054	1.344285727	3.1222522E-05
5575.823925	1.344284654	3.1157144E-05
5575.341797	1.344283462	3.1092069E-05
5574.859668	1.344282389	3.1026705E-05
5574.377539	1.344281197	3.0960696E-05
5573.895410	1.344280124	3.0893607E-05
5573.413282	1.344279051	3.0825059E-05
5572.931153	1.344277978	3.0756076E-05
5572.449024	1.344276786	3.0687127E-05
5571.966895	1.344275713	3.0620109E-05
5571.484766	1.344274521	3.0555488E-05
5571.002638	1.344273448	3.0493992E-05
5570.520509	1.344272256	3.0435612E-05
5570.038380	1.344271183	3.0379676E-05
5569.556251	1.344269991	3.0326029E-05
5569.074123	1.344268918	3.0273589E-05
5568.591994	1.344267726	3.0222214E-05
5568.109865	1.344266653	3.0170462E-05
5567.627736	1.344265580	3.0117832E-05
5567.145608	1.344264507	3.0063565E-05
5566.663479	1.344263315	3.0007973E-05
5566.181350	1.344262242	2.9951905E-05
5565.699221	1.344261050	2.9895510E-05
5565.217093	1.344259977	2.9839952E-05
5564.734964	1.344258904	2.9785078E-05
5564.252835	1.344257832	2.9731922E-05
5563.770706	1.344256639	2.9680807E-05
5563.288578	1.344255567	2.9631957E-05
5562.806449	1.344254375	2.9585128E-05
5562.324320	1.344253302	2.9539125E-05
5561.842191	1.344252110	2.9493804E-05
5561.360063	1.344251037	2.9447956E-05
5560.877934	1.344249964	2.9401863E-05
5560.395805	1.344248891	2.9354581E-05
5559.913676	1.344247699	2.9306169E-05
5559.431547	1.344246626	2.9256164E-05
5558.949419	1.344245434	2.9204448E-05
5558.467290	1.344244480	2.9151894E-05
5557.985161	1.344243288	2.9098715E-05
5557.503032	1.344242215	2.9046199E-05
5557.020904	1.344241023	2.8994392E-05
5556.538775	1.344239950	2.8943937E-05
5556.056646	1.344238758	2.8894918E-05
5555.574517	1.344237685	2.8847529E-05
5555.092389	1.344236612	2.8801782E-05
5554.610260	1.344235539	2.8756352E-05
5554.128131	1.344234347	2.8710803E-05
5553.646002	1.344233274	2.8663514E-05
5553.163874	1.344232082	2.8614499E-05
5552.681745	1.344231129	2.8563433E-05
5552.199616	1.344229937	2.8510627E-05
5551.717487	1.344228864	2.8456287E-05
5551.235359	1.344227672	2.8400147E-05
5550.753230	1.344226599	2.8343019E-05
5550.271101	1.344225526	2.8284989E-05
5549.788972	1.344224453	2.8227743E-05
5549.306844	1.344223261	2.8171963E-05
5548.824715	1.344222188	2.8118722E-05
5548.342586	1.344220996	2.8067842E-05
5547.860457	1.344219923	2.8018476E-05
5547.378328	1.344218731	2.7970055E-05
5546.896200	1.344217658	2.7921262E-05
5546.414071	1.344216585	2.7872048E-05
5545.931942	1.344215512	2.7821232E-05
5545.449813	1.344214320	2.7768732E-05
5544.967685	1.344213247	2.7713728E-05
5544.485556	1.344212055	2.7656232E-05
5544.003427	1.344210982	2.7597057E-05
5543.521298	1.344209790	2.7536796E-05
5543.039170	1.344208717	2.7476914E-05
5542.557041	1.344207644	2.7417344E-05
5542.074912	1.344206452	2.7359148E-05
5541.592783	1.344205379	2.7302456E-05
5541.110655	1.344204307	2.7247798E-05
5540.628526	1.344203115	2.7195533E-05
5540.146397	1.344202042	2.7145081E-05
5539.664268	1.344200850	2.7096139E-05
5539.182140	1.344199777	2.7046872E-05
5538.700011	1.344198585	2.6997048E-05
5538.217882	1.344197512	2.6945597E-05
5537.735753	1.344196320	2.6892659E-05
5537.253625	1.344195247	2.6837982E-05
5536.771496	1.344194055	2.6781541E-05
5536.289367	1.344192982	2.6724002E-05
5535.807238	1.344191790	2.6665631E-05
5535.325109	1.344190717	2.6607907E-05
5534.842981	1.344189525	2.6550971E-05
5534.360852	1.344188452	2.6495659E-05
5533.878723	1.344187260	2.6442024E-05
5533.396594	1.344186187	2.6390331E-05
5532.914466	1.344184995	2.6340768E-05
5532.432337	1.344183922	2.6292267E-05
5531.950208	1.344182730	2.6244387E-05
5531.468079	1.344181657	2.6195594E-05
5530.985951	1.344180465	2.6145737E-05
5530.503822	1.344179392	2.6094253E-05
5530.021693	1.344178200	2.6041107E-05
5529.539564	1.344177127	2.5986620E-05
5529.057436	1.344175935	2.5930928E-05
5528.575307	1.344174862	2.5875060E-05
5528.093178	1.344173670	2.5819366E-05
5527.611049	1.344172478	2.5765542E-05
5527.128921	1.344171286	2.5713849E-05
5526.646792	1.344170213	2.5665077E-05
5526.164663	1.344169021	2.5619089E-05
5525.682534	1.344167948	2.5575441E-05
5525.200406	1.344166756	2.5534073E-05
5524.718277	1.344165564	2.5494083E-05
5524.236148	1.344164371	2.5455492E-05
5523.754019	1.344163299	2.5417150E-05
5523.271890	1.344162107	2.5378951E-05
5522.789762	1.344161034	2.5340374E-05
5522.307633	1.344159842	2.5301486E-05
5521.825504	1.344158649	2.5262663E-05
5521.343375	1.344157457	2.5223767E-05
5520.861247	1.344156384	2.5185795E-05
5520.379118	1.344155192	2.5149066E-05
5519.896989	1.344154119	2.5114813E-05
5519.414860	1.344152808	2.5083212E-05
5518.932732	1.344151735	2.5054419E-05
5518.450603	1.344150543	2.5028390E-05
5517.968474	1.344149470	2.5004671E-05
5517.486345	1.344148159	2.4983566E-05
5517.004217	1.344147086	2.4964067E-05
5516.522088	1.344145894	2.4945841E-05
5516.039959	1.344144821	2.4927418E-05
5515.557830	1.344143629	2.4908741E-05
5515.075702	1.344142437	2.4889502E-05
5514.593573	1.344141245	2.4869733E-05
5514.111444	1.344140172	2.4850100E-05
5513.629315	1.344138980	2.4830616E-05
5513.147187	1.344137907	2.4812483E-05
5512.665058	1.344136715	2.4796083E-05
5512.182929	1.344135523	2.4782768E-05
5511.700800	1.344134331	2.4772965E-05
5511.218671	1.344133258	2.4766912E-05
5510.736543	1.344132066	2.4764159E-05
5510.254414	1.344130874	2.4763204E-05
5509.772285	1.344129801	2.4763258E-05
5509.290156	1.344128609	2.4762715E-05
5508.808028	1.344127417	2.4761508E-05
5508.325899	1.344126344	2.4758886E-05
5507.843770	1.344125152	2.4754878E-05
5507.361641	1.344124079	2.4749338E-05
5506.879513	1.344122887	2.4742094E-05
5506.397384	1.344121814	2.4734396E-05
5505.915255	1.344120622	2.4726520E-05
5505.433126	1.344119549	2.4720041E-05
5504.950998	1.344118357	2.4714922E-05
5504.468869	1.344117284	2.4711758E-05
5503.986740	1.344116092	2.4710101E-05
5503.504611	1.344115019	2.4709434E-05
5503.022483	1.344113827	2.4709498E-05
5502.540354	1.344112754	2.4708988E-05
5502.058225	1.344111562	2.4707646E-05
5501.576096	1.344110489	2.4703942E-05
5501.093968	1.344109297	2.4697817E-05
5500.611839	1.344108224	2.4688845E-05
5500.129710	1.344107151	2.4677250E-05
5499.647581	1.344105959	2.4663729E-05
5499.165452	1.344104886	2.4648461E-05
5498.683324	1.344103813	2.4632424E-05
5498.201195	1.344102621	2.4615359E-05
5497.719066	1.344101548	2.4598429E-05
5497.236937	1.344100356	2.4581772E-05
5496.754809	1.344099283	2.4565818E-05
5496.272680	1.344098091	2.4550555E-05
5495.790551	1.344097018	2.4535307E-05
5495.308422	1.344095945	2.4520060E-05
5494.826294	1.344094872	2.4503446E-05
5494.344165	1.344093680	2.4485414E-05
5493.862036	1.344092607	2.4464837E-05
5493.379907	1.344091415	2.4441404E-05
5492.897779	1.344090343	2.4414752E-05
5492.415650	1.344089270	2.4384942E-05
5491.933521	1.344088197	2.4352630E-05
5491.451392	1.344087005	2.4317868E-05
5490.969264	1.344085932	2.4281885E-05
5490.487135	1.344084740	2.4244935E-05
5490.005006	1.344083667	2.4208555E-05
5489.522877	1.344082475	2.4173246E-05
5489.040749	1.344081402	2.4139317E-05
5488.558620	1.344080329	2.4106673E-05
5488.076491	1.344079256	2.4074084E-05
5487.594362	1.344078064	2.4041188E-05
5487.112233	1.344076991	2.4006692E-05
5486.630105	1.344075799	2.3970464E-05
5486.147976	1.344074726	2.3931638E-05
5485.665847	1.344073653	2.3889964E-05
5485.183718	1.344072580	2.3845480E-05
5484.701590	1.344071388	2.3798173E-05
5484.219461	1.344070315	2.3749061E-05
5483.737332	1.344069123	2.3698288E-05
5483.255203	1.344068050	2.3647354E-05
5482.773075	1.344066978	2.3596146E-05
5482.290946	1.344065785	2.3545577E-05
5481.808817	1.344064713	2.3495684E-05
5481.326688	1.344063640	2.3446344E-05
5480.844560	1.344062448	2.3397305E-05
5480.362431	1.344061375	2.3347408E-05
5479.880302	1.344060183	2.3296313E-05
5479.398173	1.344059110	2.3242593E-05
5478.916045	1.344057918	2.3185948E-05
5478.433916	1.344056845	2.3125610E-05
5477.951787	1.344055772	2.3061592E-05
5477.469658	1.344054699	2.2994408E-05
5476.987530	1.344053507	2.2924163E-05
5476.505401	1.344052434	2.2852176E-05
5476.023272	1.344051242	2.2778468E-05
5475.541143	1.344050169	2.2704361E-05
5475.059014	1.344048977	2.2629922E-05
5474.576886	1.344047904	2.2555796E-05
5474.094757	1.344046712	2.2482121E-05
5473.612628	1.344045639	2.2408307E-05
5473.130499	1.344044447	2.2333958E-05
5472.648371	1.344043374	2.2257546E-05
5472.166242	1.344042301	2.2178914E-05
5471.684113	1.344041109	2.2096873E-05
5471.201984	1.344040036	2.2011720E-05
5470.719856	1.344038963	2.1923118E-05
5470.237727	1.344037771	2.1831148E-05
5469.755598	1.344036579	2.1736345E-05
5469.273469	1.344035506	2.1638925E-05
5468.791341	1.344034314	2.1540307E-05
5468.309212	1.344033122	2.1440588E-05
5467.827083	1.344032049	2.1340990E-05
5467.344954	1.344030857	2.1241902E-05
5466.862826	1.344029784	2.1143606E-05
5466.380697	1.344028592	2.1046181E-05
5465.898568	1.344027400	2.0948883E-05
5465.416439	1.344026208	2.0851679E-05
5464.934311	1.344025135	2.0753055E-05
5464.452182	1.344023943	2.0652828E-05
5463.970053	1.344022870	2.0550001E-05
5463.487924	1.344021559	2.0444537E-05
5463.005795	1.344020486	2.0336299E-05
5462.523667	1.344019294	2.0225616E-05
5462.041538	1.344018102	2.0113597E-05
5461.559409	1.344016910	2.0000808E-05
5461.077280	1.344015837	1.9889135E-05
5460.595152	1.344014525	1.9779097E-05
5460.113023	1.344013453	1.9671800E-05
5459.630894	1.344012141	1.9567028E-05
5459.148765	1.344011068	1.9464410E-05
5458.666637	1.344009757	1.9363524E-05
5458.184508	1.344008684	1.9263253E-05
5457.702379	1.344007373	1.9163525E-05
5457.220250	1.344006300	1.9063043E-05
5456.738122	1.344004989	1.8961891E-05
5456.255993	1.344003797	1.8859983E-05
5455.773864	1.344002604	1.8757941E-05
5455.291735	1.344001412	1.8656240E-05
5454.809607	1.344000220	1.8554717E-05
5454.327478	1.343999028	1.8453949E-05
5453.845349	1.343997717	1.8353787E-05
5453.363220	1.343996644	1.8255671E-05
5452.881092	1.343995333	1.8160100E-05
5452.398963	1.343994141	1.8067906E-05
5451.916834	1.343992829	1.7978928E-05
5451.434705	1.343991637	1.7892633E-05
5450.952576	1.343990445	1.7808971E-05
5450.470448	1.343989253	1.7726644E-05
5449.988319	1.343987942	1.7645638E-05
5449.506190	1.343986750	1.7564820E-05
5449.024061	1.343985558	1.7484050E-05
5448.541933	1.343984365	1.7402604E-05
5448.059804	1.343983054	1.7320479E-05
5447.577675	1.343981862	1.7238235E-05
5447.095546	1.343980670	1.7156328E-05
5446.613418	1.343979478	1.7076186E-05
5446.131289	1.343978167	1.6998054E-05
5445.649160	1.343976974	1.6923007E-05
5445.167031	1.343975663	1.6851341E-05
5444.684903	1.343974471	1.6783443E-05
5444.202774	1.343973160	1.6719487E-05
5443.720645	1.343971968	1.6658299E-05
5443.238516	1.343970656	1.6599223E-05
5442.756388	1.343969584	1.6540747E-05
5442.274259	1.343968272	1.6482718E-05
5441.792130	1.343967080	1.6424185E-05
5441.310001	1.343965769	1.6365046E-05
5440.827873	1.343964577	1.6305068E-05
5440.345744	1.343963265	1.6244408E-05
5439.863615	1.343962193	1.6184084E-05
5439.381486	1.343960881	1.6124265E-05
5438.899357	1.343959689	1.6066498E-05
5438.417229	1.343958378	1.6010869E-05
5437.935100	1.343957186	1.5958221E-05
5437.452971	1.343955874	1.5908472E-05
5436.970842	1.343954682	1.5861204E-05
5436.488714	1.343953371	1.5815933E-05
5436.006585	1.343952298	1.5771578E-05
5435.524456	1.343950987	1.5727874E-05
5435.042327	1.343949795	1.5683678E-05
5434.560199	1.343948483	1.5638703E-05
5434.078070	1.343947291	1.5592173E-05
5433.595941	1.343946099	1.5544187E-05
5433.113812	1.343944907	1.5495225E-05
5432.631684	1.343943596	1.5445234E-05
5432.149555	1.343942404	1.5395122E-05
5431.667426	1.343941212	1.5344449E-05
5431.185297	1.343940020	1.5294100E-05
5430.703169	1.343938708	1.5244061E-05
5430.221040	1.343937516	1.5195471E-05
5429.738911	1.343936324	1.5149034E-05
5429.256782	1.343935132	1.5104646E-05
5428.774654	1.343933821	1.5061819E-05
5428.292525	1.343932629	1.5018628E-05
5427.810396	1.343931437	1.4974146E-05
5427.328267	1.343930244	1.4926711E-05
5426.846138	1.343928933	1.4876255E-05
5426.364010	1.343927860	1.4822431E-05
5425.881881	1.343926549	1.4765158E-05
5425.399752	1.343925357	1.4704754E-05
5424.917623	1.343924165	1.4641521E-05
5424.435495	1.343922973	1.4577146E-05
5423.953366	1.343921661	1.4512115E-05
5423.471237	1.343920469	1.4447435E-05
5422.989108	1.343919277	1.4382871E-05
5422.506980	1.343918085	1.4318366E-05
5422.024851	1.343916774	1.4253949E-05
5421.542722	1.343915701	1.4189158E-05
5421.060593	1.343914390	1.4124262E-05
5420.578465	1.343913198	1.4057841E-05
5420.096336	1.343912005	1.3989414E-05
5419.614207	1.343910813	1.3917923E-05
5419.132078	1.343909502	1.3843365E-05
5418.649950	1.343908310	1.3765830E-05
5418.167821	1.343907118	1.3685482E-05
5417.685692	1.343905926	1.3603200E-05
5417.203563	1.343904614	1.3518889E-05
5416.721435	1.343903422	1.3433587E-05
5416.239306	1.343902230	1.3347261E-05
5415.757177	1.343901038	1.3261059E-05
5415.275048	1.343899727	1.3175194E-05
5414.792919	1.343898535	1.3089664E-05
5414.310791	1.343897343	1.3004410E-05
5413.828662	1.343896151	1.2918271E-05
5413.346533	1.343894839	1.2831062E-05
5412.864404	1.343893647	1.2741505E-05
5412.382276	1.343892336	1.2649408E-05
5411.900147	1.343891144	1.2554039E-05
5411.418018	1.343889952	1.2455386E-05
5410.935889	1.343888760	1.2353931E-05
5410.453761	1.343887448	1.2249969E-05
5409.971632	1.343886256	1.2144658E-05
5409.489503	1.343884945	1.2038211E-05
5409.007374	1.343883753	1.1932174E-05
5408.525246	1.343882442	1.1826718E-05
5408.043117	1.343881249	1.1722594E-05
5407.560988	1.343879938	1.1619766E-05
5407.078859	1.343878746	1.1517664E-05
5406.596731	1.343877435	1.1416199E-05
5406.114602	1.343876243	1.1313893E-05
5405.632473	1.343874931	1.1210609E-05
5405.150344	1.343873739	1.1104897E-05
5404.668216	1.343872428	1.0996744E-05
5404.186087	1.343871236	1.0885704E-05
5403.703958	1.343869925	1.0771971E-05
5403.221829	1.343868732	1.0656273E-05
5402.739700	1.343867302	1.0539055E-05
5402.257572	1.343866110	1.0421654E-05
5401.775443	1.343864799	1.0304454E-05
5401.293314	1.343863606	1.0188767E-05
5400.811185	1.343862295	1.0074870E-05
5400.329057	1.343860984	9.9632124E-06
5399.846928	1.343859673	9.8539038E-06
5399.364799	1.343858480	9.7458090E-06
5398.882670	1.343857050	9.6387281E-06
5398.400542	1.343855858	9.5312784E-06
5397.918413	1.343854547	9.4239796E-06
5397.436284	1.343853235	9.3159890E-06
5396.954155	1.343851924	9.2070463E-06
5396.472027	1.343850732	9.0963610E-06
5395.989898	1.343849301	8.9836445E-06
5395.507769	1.343848109	8.8699176E-06
5395.025640	1.343846679	8.7559912E-06
5394.543512	1.343845487	8.6438321E-06
5394.061383	1.343844056	8.5337956E-06
5393.579254	1.343842864	8.4264836E-06
5393.097125	1.343841434	8.3213135E-06
5392.614996	1.343840241	8.2182203E-06
5392.132868	1.343838811	8.1173890E-06
5391.650739	1.343837500	8.0182415E-06
5391.168610	1.343836188	7.9208794E-06
5390.686481	1.343834877	7.8236753E-06
5390.204353	1.343833566	7.7261837E-06
5389.722224	1.343832254	7.6273522E-06
5389.240095	1.343830943	7.5275986E-06
5388.757966	1.343829632	7.4275169E-06
5388.275838	1.343828201	7.3269972E-06
5387.793709	1.343827009	7.2266212E-06
5387.311580	1.343825579	7.1260689E-06
5386.829451	1.343824267	7.0267877E-06
5386.347323	1.343822956	6.9292959E-06
5385.865194	1.343821645	6.8351453E-06
5385.383065	1.343820214	6.7446184E-06
5384.900936	1.343818903	6.6570502E-06
5384.418808	1.343817592	6.5717005E-06
5383.936679	1.343816280	6.4866738E-06
5383.454550	1.343814850	6.4016918E-06
5382.972421	1.343813658	6.3154246E-06
5382.490293	1.343812227	6.2283219E-06
5382.008164	1.343810916	6.1400068E-06
5381.526035	1.343809485	6.0505576E-06
5381.043906	1.343808293	5.9603561E-06
5380.561777	1.343806863	5.8695842E-06
5380.079649	1.343805552	5.7794857E-06
5379.597520	1.343804121	5.6899808E-06
5379.115391	1.343802810	5.6019019E-06
5378.633262	1.343801498	5.5152829E-06
5378.151134	1.343800187	5.4307180E-06
5377.669005	1.343798757	5.3487017E-06
5377.186876	1.343797445	5.2688495E-06
5376.704747	1.343796015	5.1911118E-06
5376.222619	1.343794703	5.1139016E-06
5375.740490	1.343793273	5.0368847E-06
5375.258361	1.343791962	4.9585223E-06
5374.776232	1.343790650	4.8786072E-06
5374.294104	1.343789339	4.7967271E-06
5373.811975	1.343787909	4.7128497E-06
5373.329846	1.343786597	4.6282079E-06
5372.847717	1.343785167	4.5433241E-06
5372.365589	1.343783855	4.4600433E-06
5371.883460	1.343782425	4.3785103E-06
5371.401331	1.343781114	4.2999213E-06
5370.919202	1.343779683	4.2242523E-06
5370.437074	1.343778372	4.1510946E-06
5369.954945	1.343776941	4.0800003E-06
5369.472816	1.343775630	4.0099586E-06
5368.990687	1.343774199	3.9406609E-06
5368.508558	1.343772888	3.8708008E-06
5368.026430	1.343771458	3.8003924E-06
5367.544301	1.343770146	3.7290955E-06
5367.062172	1.343768716	3.6571413E-06
5366.580043	1.343767285	3.5850903E-06
5366.097915	1.343765855	3.5129638E-06
5365.615786	1.343764544	3.4416286E-06
5365.133657	1.343763113	3.3707429E-06
5364.651528	1.343761802	3.3016078E-06
5364.169400	1.343760371	3.2342655E-06
5363.687271	1.343759060	3.1697856E-06
5363.205142	1.343757510	3.1084324E-06
5362.723013	1.343756199	3.0500141E-06
5362.240885	1.343754768	2.9945570E-06
5361.758756	1.343753457	2.9405735E-06
5361.276627	1.343752027	2.8876399E-06
5360.794498	1.343750596	2.8342240E-06
5360.312370	1.343749166	2.7801984E-06
5359.830241	1.343747854	2.7249689E-06
5359.348112	1.343746424	2.6686617E-06
5358.865983	1.343745112	2.6118763E-06
5358.383855	1.343743682	2.5550507E-06
5357.901726	1.343742251	2.4993854E-06
5357.419597	1.343740821	2.4451568E-06
5356.937468	1.343739510	2.3933363E-06
5356.455339	1.343738079	2.3436955E-06
5355.973211	1.343736649	2.2963364E-06
5355.491082	1.343735218	2.2512407E-06
5355.008953	1.343733907	2.2076273E-06
5354.526824	1.343732357	2.1654306E-06
5354.044696	1.343731046	2.1235083E-06
5353.562567	1.343729615	2.0824644E-06
5353.080438	1.343728304	2.0417185E-06
5352.598309	1.343726754	2.0014336E-06
5352.116181	1.343725443	1.9611071E-06
5351.634052	1.343724012	1.9202134E-06
5351.151923	1.343722582	1.8789088E-06
5350.669794	1.343721151	1.8369932E-06
5350.187666	1.343719840	1.7958107E-06
5349.705537	1.343718290	1.7558924E-06
5349.223408	1.343716979	1.7187162E-06
5348.741279	1.343715549	1.6846008E-06
5348.259151	1.343714118	1.6538160E-06
5347.777022	1.343712687	1.6261833E-06
5347.294893	1.343711257	1.6006803E-06
5346.812764	1.343709826	1.5768019E-06
5346.330636	1.343708515	1.5531130E-06
5345.848507	1.343706965	1.5290235E-06
5345.366378	1.343705654	1.5034530E-06
5344.884249	1.343704224	1.4764889E-06
5344.402120	1.343702793	1.4488223E-06
5343.919992	1.343701363	1.4209179E-06
5343.437863	1.343700051	1.3940958E-06
5342.955734	1.343698502	1.3684871E-06
5342.473605	1.343697190	1.3449988E-06
5341.991477	1.343695760	1.3230925E-06
5341.509348	1.343694329	1.3031665E-06
5341.027219	1.343692899	1.2850344E-06
5340.545090	1.343691468	1.2686061E-06
5340.062962	1.343690038	1.2540236E-06
5339.580833	1.343688607	1.2405545E-06
5339.098704	1.343687177	1.2278832E-06
5338.616575	1.343685865	1.2144948E-06
5338.134447	1.343684316	1.2001346E-06
5337.652318	1.343683004	1.1842377E-06
5337.170189	1.343681574	1.1668749E-06
5336.688060	1.343680143	1.1484189E-06
5336.205932	1.343678713	1.1288551E-06
5335.723803	1.343677402	1.1089709E-06
5335.241674	1.343675852	1.0888916E-06
5334.759545	1.343674541	1.0694468E-06
5334.277417	1.343673110	1.0508708E-06
5333.795288	1.343671679	1.0337351E-06
5333.313159	1.343670249	1.0181760E-06
5332.831030	1.343668818	1.0036408E-06
5332.348901	1.343667388	9.9007735E-07
5331.866773	1.343665957	9.7644320E-07
5331.384644	1.343664527	9.6288972E-07
5330.902515	1.343663216	9.4844150E-07
5330.420386	1.343661666	9.3294418E-07
5329.938258	1.343660355	9.1586511E-07
5329.456129	1.343658805	8.9705531E-07
5328.974000	1.343657494	8.7729445E-07
5328.491871	1.343655944	8.5693292E-07
5328.009743	1.343654633	8.3691971E-07
5327.527614	1.343653202	8.1739434E-07
5327.045485	1.343651772	7.9913148E-07
5326.563356	1.343650222	7.8235045E-07
5326.081228	1.343648911	7.6733643E-07
5325.599099	1.343647361	7.5418951E-07
5325.116970	1.343646049	7.4209414E-07
5324.634841	1.343644500	7.3089978E-07
5324.152713	1.343643188	7.1951298E-07
5323.670584	1.343641639	7.0808477E-07
5323.188455	1.343640327	6.9627506E-07
5322.706326	1.343638778	6.8419676E-07
5322.224198	1.343637466	6.7170397E-07
5321.742069	1.343635917	6.5850215E-07
5321.259940	1.343634486	6.4522690E-07
5320.777811	1.343633056	6.3221135E-07
5320.295682	1.343631625	6.2088184E-07
5319.813554	1.343630075	6.1171339E-07
5319.331425	1.343628764	6.0527674E-07
5318.849296	1.343627214	6.0473297E-07
5318.367167	1.343625784	6.0730951E-07
5317.885039	1.343624353	6.1190878E-07
5317.402910	1.343622923	6.1786433E-07
5316.920781	1.343621373	6.2540292E-07
5316.438652	1.343620062	6.3295603E-07
5315.956524	1.343618512	6.4063548E-07
5315.474395	1.343617082	6.4814180E-07
5314.992266	1.343615651	6.5573427E-07
5314.510137	1.343614221	6.6384433E-07
5314.028009	1.343612671	6.7251356E-07
5313.545880	1.343611240	6.8251829E-07
5313.063751	1.343609810	6.9385224E-07
5312.581622	1.343608379	7.0731958E-07
5312.099494	1.343606830	7.2292362E-07
5311.617365	1.343605518	7.4108314E-07
5311.135236	1.343603969	7.6209515E-07
5310.653107	1.343602538	7.8561682E-07
5310.170979	1.343600988	8.1157861E-07
5309.688850	1.343599677	8.3885860E-07
5309.206721	1.343598127	8.6729524E-07
5308.724592	1.343596697	8.9620452E-07
5308.242463	1.343595266	9.2561846E-07
5307.760335	1.343593836	9.5542116E-07
5307.278206	1.343592286	9.8548039E-07
5306.796077	1.343590975	1.0160959E-06
5306.313948	1.343589425	1.0468851E-06
5305.831820	1.343587995	1.0785929E-06
5305.349691	1.343586564	1.1112353E-06
5304.867562	1.343585134	1.1456908E-06
5304.385433	1.343583703	1.1819463E-06
5303.903305	1.343582273	1.2198704E-06
5303.421176	1.343580723	1.2589518E-06
5302.939047	1.343579412	1.2983610E-06
5302.456918	1.343577862	1.3380828E-06
5301.974790	1.343576431	1.3776480E-06
5301.492661	1.343575001	1.4170926E-06
5301.010532	1.343573570	1.4555223E-06
5300.528403	1.343572140	1.4924396E-06
5300.046275	1.343570709	1.5276093E-06
5299.564146	1.343569279	1.5609200E-06
5299.082017	1.343567848	1.5930217E-06
5298.599888	1.343566418	1.6239021E-06
5298.117760	1.343564987	1.6540933E-06
5297.635631	1.343563557	1.6833262E-06
5297.153502	1.343562126	1.7117997E-06
5296.671373	1.343560696	1.7396319E-06
5296.189244	1.343559265	1.7670790E-06
5295.707116	1.343557835	1.7944243E-06
5295.224987	1.343556523	1.8210399E-06
5294.742858	1.343554974	1.8466682E-06
5294.260729	1.343553662	1.8700079E-06
5293.778601	1.343552113	1.8910484E-06
5293.296472	1.343550801	1.9096004E-06
5292.814343	1.343549252	1.9261006E-06
5292.332214	1.343547940	1.9407381E-06
5291.850086	1.343546391	1.9535473E-06
5291.367957	1.343545079	1.9649333E-06
5290.885828	1.343543530	1.9751631E-06
5290.403699	1.343542218	1.9849425E-06
5289.921571	1.343540668	1.9946098E-06
5289.439442	1.343539357	2.0045041E-06
5288.957313	1.343537807	2.0147886E-06
5288.475184	1.343536377	2.0251005E-06
5287.993056	1.343534946	2.0354214E-06
5287.510927	1.343533516	2.0450325E-06
5287.028798	1.343532085	2.0541794E-06
5286.546669	1.343530655	2.0624931E-06
5286.064541	1.343529105	2.0703350E-06
5285.582412	1.343527794	2.0776390E-06
5285.100283	1.343526244	2.0843567E-06
5284.618154	1.343524933	2.0907173E-06
5284.136025	1.343523383	2.0967975E-06
5283.653897	1.343521953	2.1033390E-06
5283.171768	1.343520522	2.1104646E-06
5282.689639	1.343519092	2.1187805E-06
5282.207510	1.343517542	2.1280874E-06
5281.725382	1.343516111	2.1382689E-06
5281.243253	1.343514681	2.1490623E-06
5280.761124	1.343513250	2.1602747E-06
5280.278995	1.343511701	2.1719860E-06
5279.796867	1.343510389	2.1837877E-06
5279.314738	1.343508840	2.1955438E-06
5278.832609	1.343507409	2.2068037E-06
5278.350480	1.343505859	2.2174183E-06
5277.868352	1.343504548	2.2273408E-06
5277.386223	1.343502998	2.2363585E-06
5276.904094	1.343501568	2.2448087E-06
5276.421965	1.343500018	2.2525099E-06
5275.939837	1.343498707	2.2602126E-06
5275.457708	1.343497157	2.2680633E-06
5274.975579	1.343495727	2.2766385E-06
5274.493450	1.343494177	2.2856852E-06
5274.011322	1.343492866	2.2949808E-06
5273.529193	1.343491316	2.3042695E-06
5273.047064	1.343489885	2.3132009E-06
5272.564935	1.343488336	2.3218155E-06
5272.082806	1.343486905	2.3298047E-06
5271.600678	1.343485475	2.3372738E-06
5271.118549	1.343484044	2.3438912E-06
5270.636420	1.343482494	2.3494822E-06
5270.154291	1.343481064	2.3539651E-06
5269.672163	1.343479514	2.3573400E-06
5269.190034	1.343478203	2.3601987E-06
5268.707905	1.343476653	2.3628910E-06
5268.225776	1.343475223	2.3662176E-06
5267.743648	1.343473673	2.3703664E-06
5267.261519	1.343472242	2.3755208E-06
5266.779390	1.343470693	2.3815543E-06
5266.297261	1.343469262	2.3882035E-06
5265.815133	1.343467712	2.3953765E-06
5265.333004	1.343466282	2.4025866E-06
5264.850875	1.343464851	2.4097387E-06
5264.368746	1.343463421	2.4161858E-06
5263.886618	1.343461871	2.4217293E-06
5263.404489	1.343460441	2.4260744E-06
5262.922360	1.343458891	2.4295473E-06
5262.440231	1.343457460	2.4327488E-06
5261.958103	1.343455911	2.4360677E-06
5261.475974	1.343454480	2.4398447E-06
5260.993845	1.343452930	2.4439948E-06
5260.511716	1.343451500	2.4485951E-06
5260.029587	1.343449950	2.4535346E-06
5259.547459	1.343448520	2.4588146E-06
5259.065330	1.343446970	2.4643858E-06
5258.583201	1.343445539	2.4698638E-06
5258.101072	1.343443990	2.4753112E-06
5257.618944	1.343442559	2.4803492E-06
5257.136815	1.343441010	2.4850587E-06
5256.654686	1.343439579	2.4890945E-06
5256.172557	1.343438029	2.4926994E-06
5255.690429	1.343436480	2.4959865E-06
5255.208300	1.343434930	2.4991662E-06
5254.726171	1.343433499	2.5023683E-06
5254.244042	1.343431950	2.5055500E-06
5253.761914	1.343430519	2.5089198E-06
5253.279785	1.343428969	2.5125078E-06
5252.797656	1.343427539	2.5165893E-06
5252.315527	1.343425870	2.5213076E-06
5251.833399	1.343424439	2.5268734E-06
5251.351270	1.343422890	2.5336564E-06
5250.869141	1.343421459	2.5415718E-06
5250.387012	1.343419909	2.5507634E-06
5249.904884	1.343418360	2.5609249E-06
5249.422755	1.343416810	2.5721905E-06
5248.940626	1.343415380	2.5845603E-06
5248.458497	1.343413711	2.5980148E-06
5247.976368	1.343412280	2.6123371E-06
5247.494240	1.343410730	2.6271752E-06
5247.012111	1.343409181	2.6427853E-06
5246.529982	1.343407631	2.6593332E-06
5246.047853	1.343406200	2.6774788E-06
5245.565725	1.343404651	2.6974069E-06
5245.083596	1.343403101	2.7195157E-06
5244.601467	1.343401551	2.7437985E-06
5244.119338	1.343400002	2.7701811E-06
5243.637210	1.343398452	2.7983971E-06
5243.155081	1.343397021	2.8281266E-06
5242.672952	1.343395352	2.8591416E-06
5242.190823	1.343393922	2.8901876E-06
5241.708695	1.343392372	2.9217600E-06
5241.226566	1.343390822	2.9535048E-06
5240.744437	1.343389273	2.9849684E-06
5240.262308	1.343387842	3.0164273E-06
5239.780180	1.343386173	3.0480402E-06
5239.298051	1.343384743	3.0803601E-06
5238.815922	1.343383193	3.1131543E-06
5238.333793	1.343381643	3.1464930E-06
5237.851665	1.343380094	3.1800519E-06
5237.369536	1.343378544	3.2139185E-06
5236.887407	1.343376994	3.2480619E-06
5236.405278	1.343375564	3.2824764E-06
5235.923149	1.343373895	3.3171967E-06
5235.441021	1.343372464	3.3519744E-06
5234.958892	1.343370914	3.3866118E-06
5234.476763	1.343369365	3.4207294E-06
5233.994634	1.343367815	3.4541993E-06
5233.512506	1.343366385	3.4870921E-06
5233.030377	1.343364716	3.5195991E-06
5232.548248	1.343363285	3.5519504E-06
5232.066119	1.343361616	3.5841779E-06
5231.583991	1.343360186	3.6164438E-06
5231.101862	1.343358636	3.6489754E-06
5230.619733	1.343357086	3.6820939E-06
5230.137604	1.343355536	3.7161154E-06
5229.655476	1.343353987	3.7511129E-06
5229.173347	1.343352437	3.7874033E-06
5228.691218	1.343350887	3.8247031E-06
5228.209089	1.343349338	3.8630464E-06
5227.726961	1.343347788	3.9019172E-06
5227.244832	1.343346238	3.9415031E-06
5226.762703	1.343344688	3.9817878E-06
5226.280574	1.343343139	4.0232360E-06
5225.798446	1.343341589	4.0658461E-06
5225.316317	1.343340039	4.1094751E-06
5224.834188	1.343338490	4.1538005E-06
5224.352059	1.343336940	4.1986932E-06
5223.869930	1.343335390	4.2443932E-06
5223.387802	1.343333840	4.2913537E-06
5222.905673	1.343332291	4.3399240E-06
5222.423544	1.343330741	4.3903059E-06
5221.941415	1.343329191	4.4421028E-06
5221.459287	1.343327641	4.4950076E-06
5220.977158	1.343326092	4.5484378E-06
5220.495029	1.343324542	4.6024663E-06
5220.012900	1.343322992	4.6570151E-06
5219.530772	1.343321443	4.7121585E-06
5219.048643	1.343319893	4.7675265E-06
5218.566514	1.343318343	4.8226219E-06
5218.084385	1.343316793	4.8771593E-06
5217.602257	1.343315244	4.9310206E-06
5217.120128	1.343313694	4.9847818E-06
5216.637999	1.343312144	5.0387550E-06
5216.155870	1.343310595	5.0934048E-06
5215.673742	1.343309045	5.1485008E-06
5215.191613	1.343307495	5.2037302E-06
5214.709484	1.343305945	5.2585767E-06
5214.227355	1.343304396	5.3127753E-06
5213.745227	1.343302846	5.3664095E-06
5213.263098	1.343301296	5.4196298E-06
5212.780969	1.343299747	5.4725367E-06
5212.298840	1.343298197	5.5248547E-06
5211.816711	1.343296647	5.5762561E-06
5211.334583	1.343295097	5.6267443E-06
5210.852454	1.343293548	5.6764345E-06
5210.370325	1.343291998	5.7258723E-06
5209.888196	1.343290448	5.7750926E-06
5209.406068	1.343288898	5.8244237E-06
5208.923939	1.343287349	5.8736265E-06
5208.441810	1.343285799	5.9229630E-06
5207.959681	1.343284249	5.9724702E-06
5207.477553	1.343282700	6.0224450E-06
5206.995424	1.343281150	6.0729138E-06
5206.513295	1.343279600	6.1237223E-06
5206.031166	1.343278050	6.1746294E-06
5205.549038	1.343276501	6.2252482E-06
5205.066909	1.343274951	6.2754325E-06
5204.584780	1.343273401	6.3251463E-06
5204.102651	1.343271732	6.3744554E-06
5203.620523	1.343270302	6.4234749E-06
5203.138394	1.343268633	6.4720634E-06
5202.656265	1.343267202	6.5203071E-06
5202.174136	1.343265533	6.5680089E-06
5201.692007	1.343264103	6.6152732E-06
5201.209879	1.343262434	6.6620241E-06
5200.727750	1.343261003	6.7085437E-06
5200.245621	1.343259335	6.7550668E-06
5199.763492	1.343257785	6.8016812E-06
5199.281364	1.343256235	6.8484003E-06
5198.799235	1.343254685	6.8947619E-06
5198.317106	1.343253136	6.9406455E-06
5197.834977	1.343251586	6.9856819E-06
5197.352849	1.343249917	7.0300669E-06
5196.870720	1.343248487	7.0736478E-06
5196.388591	1.343246818	7.1163027E-06
5195.906462	1.343245268	7.1577385E-06
5195.424334	1.343243718	7.1978424E-06
5194.942205	1.343242168	7.2367806E-06
5194.460076	1.343240619	7.2749388E-06
5193.977947	1.343239069	7.3127611E-06
5193.495819	1.343237400	7.3506530E-06
5193.013690	1.343235850	7.3887335E-06
5192.531561	1.343234301	7.4272185E-06
5192.049432	1.343232751	7.4659310E-06
5191.567304	1.343231082	7.5052016E-06
5191.085175	1.343229532	7.5448387E-06
5190.603046	1.343227983	7.5851163E-06
5190.120917	1.343226433	7.6257464E-06
5189.638788	1.343224764	7.6667419E-06
5189.156660	1.343223214	7.7078901E-06
5188.674531	1.343221545	7.7492928E-06
5188.192402	1.343220115	7.7911324E-06
5187.710273	1.343218446	7.8336277E-06
5187.228145	1.343216896	7.8769941E-06
5186.746016	1.343215227	7.9213068E-06
5186.263887	1.343213677	7.9667813E-06
5185.781758	1.343212008	8.0137277E-06
5185.299630	1.343210459	8.0625989E-06
5184.817501	1.343208790	8.1137873E-06
5184.335372	1.343207240	8.1671339E-06
5183.853243	1.343205690	8.2222264E-06
5183.371115	1.343204141	8.2783004E-06
5182.888986	1.343202472	8.3349348E-06
5182.406857	1.343200922	8.3919298E-06
5181.924728	1.343199253	8.4493751E-06
5181.442600	1.343197703	8.5075586E-06
5180.960471	1.343196034	8.5664252E-06
5180.478342	1.343194485	8.6261599E-06
5179.996213	1.343192816	8.6863568E-06
5179.514085	1.343191266	8.7470528E-06
5179.031956	1.343189597	8.8079194E-06
5178.549827	1.343188047	8.8691451E-06
5178.067698	1.343186378	8.9305768E-06
5177.585569	1.343184829	8.9921969E-06
5177.103441	1.343183160	9.0537097E-06
5176.621312	1.343181729	9.1148143E-06
5176.139183	1.343180060	9.1753283E-06
5175.657054	1.343178511	9.2351857E-06
5175.174926	1.343176842	9.2943694E-06
5174.692797	1.343175173	9.3528931E-06
5174.210668	1.343173504	9.4370108E-06
5173.728539	1.343171954	9.5197532E-06
5173.246411	1.343170285	9.6010965E-06
5172.764282	1.343168736	9.7013783E-06
5172.282153	1.343167186	9.7728372E-06
5171.800024	1.343165636	9.8445775E-06
5171.317896	1.343163967	9.9163902E-06
5170.835767	1.343162417	9.9881867E-06
5170.353638	1.343160748	1.0060086E-05
5169.871509	1.343159199	1.0132400E-05
5169.389381	1.343157530	1.0205512E-05
5168.907252	1.343155980	1.0279689E-05
5168.425123	1.343154311	1.0354958E-05
5167.942994	1.343152761	1.0431113E-05
5167.460866	1.343151093	1.0507888E-05
5166.978737	1.343149543	1.0584227E-05
5166.496608	1.343147874	1.0660201E-05
5166.014479	1.343146324	1.0735978E-05
5165.532350	1.343144774	1.0811662E-05
5165.050222	1.343143225	1.0887182E-05
5164.568093	1.343141556	1.0962281E-05
5164.085964	1.343140006	1.1036672E-05
5163.603835	1.343138337	1.1110206E-05
5163.121707	1.343136787	1.1183009E-05
5162.639578	1.343135118	1.1255459E-05
5162.157449	1.343133569	1.1328022E-05
5161.675320	1.343131900	1.1401041E-05
5161.193192	1.343130350	1.1474558E-05
5160.711063	1.343128681	1.1548354E-05
5160.228934	1.343127251	1.1622108E-05
5159.746805	1.343125582	1.1695608E-05
5159.264677	1.343124032	1.1768826E-05
5158.782548	1.343122363	1.1841837E-05
5158.300419	1.343120813	1.1914687E-05
5157.818290	1.343119144	1.1987249E-05
5157.336162	1.343117595	1.2059194E-05
5156.854033	1.343115926	1.2130110E-05
5156.371904	1.343114376	1.2199743E-05
5155.889775	1.343112707	1.2268133E-05
5155.407647	1.343111277	1.2335633E-05
5154.925518	1.343109608	1.2402735E-05
5154.443389	1.343108058	1.2469824E-05
5153.961260	1.343106389	1.2537009E-05
5153.479131	1.343104839	1.2604102E-05
5152.997003	1.343103170	1.2670836E-05
5152.514874	1.343101621	1.2737033E-05
5152.032745	1.343099952	1.2802706E-05
5151.550616	1.343098402	1.2867988E-05
5151.068488	1.343096852	1.2932949E-05
5150.586359	1.343095303	1.2997421E-05
5150.104230	1.343093634	1.3060954E-05
5149.622101	1.343092084	1.3123035E-05
5149.139973	1.343090415	1.3183386E-05
5148.657844	1.343088865	1.3242120E-05
5148.175715	1.343087196	1.3299648E-05
5147.693586	1.343085647	1.3356446E-05
5147.211458	1.343083978	1.3412869E-05
5146.729329	1.343082428	1.3468974E-05
5146.247200	1.343080878	1.3524592E-05
5145.765071	1.343079329	1.3579499E-05
5145.282943	1.343077660	1.3633630E-05
5144.800814	1.343076110	1.3687130E-05
5144.318685	1.343074441	1.3740253E-05
5143.836556	1.343072891	1.3793099E-05
5143.354428	1.343071222	1.3845375E-05
5142.872299	1.343069673	1.3896402E-05
5142.390170	1.343068004	1.3945420E-05
5141.908041	1.343066454	1.3992011E-05
5141.425912	1.343064785	1.4036235E-05
5140.943784	1.343063235	1.4078529E-05
5140.461655	1.343061566	1.4119425E-05
5139.979526	1.343060136	1.4159295E-05
5139.497397	1.343058467	1.4198220E-05
5139.015269	1.343056917	1.4236034E-05
5138.533140	1.343055248	1.4272594E-05
5138.051011	1.343053699	1.4307940E-05
5137.568882	1.343052030	1.4342340E-05
5137.086754	1.343050480	1.4376097E-05
5136.604625	1.343048811	1.4409331E-05
5136.122496	1.343047261	1.4441752E-05
5135.640367	1.343045592	1.4472683E-05
5135.158239	1.343044043	1.4501334E-05
5134.676110	1.343042374	1.4527177E-05
5134.193981	1.343040824	1.4550204E-05
5133.711852	1.343039155	1.4570919E-05
5133.229724	1.343037605	1.4590030E-05
5132.747595	1.343035936	1.4608122E-05
5132.265466	1.343034267	1.4625400E-05
5131.783337	1.343032598	1.4641796E-05
5131.301209	1.343031049	1.4657233E-05
5130.819080	1.343029380	1.4671907E-05
5130.336951	1.343027830	1.4686203E-05
5129.854822	1.343026161	1.4700624E-05
5129.372693	1.343024611	1.4715432E-05
5128.890565	1.343022823	1.4730476E-05
5128.408436	1.343021274	1.4745097E-05
5127.926307	1.343019605	1.4758436E-05
5127.444178	1.343018055	1.4769882E-05
5126.962050	1.343016267	1.4779415E-05
5126.479921	1.343014717	1.4787632E-05
5125.997792	1.343013048	1.4795389E-05
5125.515663	1.343011498	1.4803297E-05
5125.033535	1.343009710	1.4811491E-05
5124.551406	1.343008161	1.4819727E-05
5124.069277	1.343006372	1.4827896E-05
5123.587148	1.343004823	1.4836213E-05
5123.105020	1.343003154	1.4845237E-05
5122.622891	1.343001485	1.4855528E-05
5122.140762	1.342999816	1.4867291E-05
5121.658633	1.342998147	1.4880103E-05
5121.176505	1.342996478	1.4892973E-05
5120.694376	1.342994928	1.4904879E-05
5120.212247	1.342993140	1.4915229E-05
5119.730118	1.342991590	1.4924112E-05
5119.247990	1.342989802	1.4932168E-05
5118.765861	1.342988253	1.4940097E-05
5118.283732	1.342986465	1.4948246E-05
5117.801603	1.342984915	1.4956410E-05
5117.319474	1.342983127	1.4964160E-05
5116.837346	1.342981577	1.4971296E-05
5116.355217	1.342979789	1.4978198E-05
5115.873088	1.342978239	1.4985622E-05
5115.390959	1.342976451	1.4994377E-05
5114.908831	1.342974901	1.5004687E-05
5114.426702	1.342973113	1.5015988E-05
5113.944573	1.342971444	1.5027126E-05
5113.462444	1.342969775	1.5036957E-05
5112.980316	1.342968106	1.5044891E-05
5112.498187	1.342966437	1.5050984E-05
5112.016058	1.342964768	1.5055730E-05
5111.533929	1.342962980	1.5059690E-05
5111.051801	1.342961431	1.5063088E-05
5110.569672	1.342959642	1.5065809E-05
5110.087543	1.342957973	1.5067558E-05
5109.605414	1.342956305	1.5068399E-05
5109.123286	1.342954636	1.5068850E-05
5108.641157	1.342952847	1.5069843E-05
5108.159028	1.342951298	1.5072268E-05
5107.676899	1.342949510	1.5076403E-05
5107.194771	1.342947841	1.5081776E-05
5106.712642	1.342946053	1.5087266E-05
5106.230513	1.342944503	1.5091773E-05
5105.748384	1.342942715	1.5094609E-05
5105.266255	1.342941046	1.5095736E-05
5104.784127	1.342939258	1.5095605E-05
5104.301998	1.342937708	1.5094811E-05
5103.819869	1.342935920	1.5093644E-05
5103.337740	1.342934251	1.5091965E-05
5102.855612	1.342932463	1.5089516E-05
5102.373483	1.342930794	1.5086323E-05
5101.891354	1.342929006	1.5082948E-05
5101.409225	1.342927337	1.5080300E-05
5100.927097	1.342925549	1.5079296E-05
5100.444968	1.342923880	1.5080261E-05
5099.962839	1.342922211	1.5082637E-05
5099.480710	1.342920542	1.5085276E-05
5098.998582	1.342918754	1.5086945E-05
5098.516453	1.342917085	1.5086944E-05
5098.034324	1.342915297	1.5085239E-05
5097.552195	1.342913628	1.5082370E-05
5097.070067	1.342911839	1.5078913E-05
5096.587938	1.342910171	1.5074957E-05
5096.105809	1.342908382	1.5070100E-05
5095.623680	1.342906713	1.5063978E-05
5095.141552	1.342904925	1.5056866E-05
5094.659423	1.342903256	1.5049726E-05
5094.177294	1.342901349	1.5043904E-05
5093.695165	1.342899680	1.5040494E-05
5093.213036	1.342897892	1.5039691E-05
5092.730908	1.342896223	1.5040722E-05
5092.248779	1.342894435	1.5042227E-05
5091.766650	1.342892766	1.5043054E-05
5091.284521	1.342890859	1.5042632E-05
5090.802393	1.342889190	1.5041081E-05
5090.320264	1.342887402	1.5038834E-05
5089.838135	1.342885733	1.5036238E-05
5089.356006	1.342883945	1.5033158E-05
5088.873878	1.342882156	1.5029149E-05
5088.391749	1.342880368	1.5024030E-05
5087.909620	1.342878699	1.5018337E-05
5087.427491	1.342876792	1.5013337E-05
5086.945363	1.342875123	1.5010587E-05
5086.463234	1.342873335	1.5011274E-05
5085.981105	1.342871547	1.5015538E-05
5085.498976	1.342869759	1.5022349E-05
5085.016848	1.342868090	1.5030171E-05
5084.534719	1.342866182	1.5037688E-05
5084.052590	1.342864513	1.5044445E-05
5083.570461	1.342862606	1.5050656E-05
5083.088333	1.342860937	1.5056872E-05
5082.606204	1.342859149	1.5063283E-05
5082.124075	1.342857361	1.5069516E-05
5081.641946	1.342855573	1.5074809E-05
5081.159817	1.342853785	1.5078710E-05
5080.677689	1.342851996	1.5081499E-05
5080.195560	1.342850208	1.5084269E-05
5079.713431	1.342848420	1.5088604E-05
5079.231302	1.342846632	1.5095836E-05
5078.749174	1.342844844	1.5106262E-05
5078.267045	1.342843056	1.5119024E-05
5077.784916	1.342841268	1.5132577E-05
5077.302787	1.342839479	1.5145597E-05
5076.820659	1.342837691	1.5157482E-05
5076.338530	1.342835903	1.5168443E-05
5075.856401	1.342834115	1.5178909E-05
5075.374272	1.342832327	1.5188894E-05
5074.892144	1.342830539	1.5197672E-05
5074.410015	1.342828751	1.5204193E-05
5073.927886	1.342826962	1.5207901E-05
5073.445757	1.342825174	1.5209232E-05
5072.963629	1.342823267	1.5209577E-05
5072.481500	1.342821598	1.5210674E-05
5071.999371	1.342819691	1.5213897E-05
5071.517242	1.342818022	1.5219567E-05
5071.035114	1.342816114	1.5226901E-05
5070.552985	1.342814326	1.5234670E-05
5070.070856	1.342812538	1.5241866E-05
5069.588727	1.342810750	1.5248113E-05
5069.106598	1.342808843	1.5253519E-05
5068.624470	1.342807174	1.5258251E-05
5068.142341	1.342805266	1.5261928E-05
5067.660212	1.342803478	1.5263561E-05
5067.178083	1.342801571	1.5262176E-05
5066.695955	1.342799902	1.5257723E-05
5066.213826	1.342797995	1.5251378E-05
5065.731697	1.342796206	1.5244955E-05
5065.249568	1.342794299	1.5240188E-05
5064.767440	1.342792511	1.5237948E-05
5064.285311	1.342790723	1.5238037E-05
5063.803182	1.342788935	1.5239484E-05
5063.321053	1.342787027	1.5241254E-05
5062.838925	1.342785239	1.5242779E-05
5062.356796	1.342783332	1.5244017E-05
5061.874667	1.342781544	1.5245299E-05
5061.392538	1.342779636	1.5246818E-05
5060.910410	1.342777848	1.5248077E-05
5060.428281	1.342775941	1.5247981E-05
5059.946152	1.342774153	1.5245317E-05
5059.464023	1.342772245	1.5239800E-05
5058.981895	1.342770457	1.5232347E-05
5058.499766	1.342768550	1.5224924E-05
5058.017637	1.342766762	1.5219548E-05
5057.535508	1.342764854	1.5217397E-05
5057.053379	1.342763066	1.5218295E-05
5056.571251	1.342761040	1.5221184E-05
5056.089122	1.342759252	1.5225015E-05
5055.606993	1.342757344	1.5229367E-05
5055.124864	1.342755556	1.5234447E-05
5054.642736	1.342753649	1.5240754E-05
5054.160607	1.342751741	1.5248475E-05
5053.678478	1.342749834	1.5256832E-05
5053.196349	1.342748046	1.5264170E-05
5052.714221	1.342746139	1.5268901E-05
5052.232092	1.342744231	1.5270438E-05
5051.749963	1.342742324	1.5269897E-05
5051.267834	1.342740536	1.5269627E-05
5050.785706	1.342738509	1.5272086E-05
5050.303577	1.342736721	1.5278434E-05
5049.821448	1.342734814	1.5288364E-05
5049.339319	1.342732906	1.5300780E-05
5048.857191	1.342730999	1.5314998E-05
5048.375062	1.342729092	1.5330982E-05
5047.892933	1.342727184	1.5349024E-05
5047.410804	1.342725277	1.5369131E-05
5046.928676	1.342723370	1.5390785E-05
5046.446547	1.342721462	1.5412616E-05
5045.964418	1.342719555	1.5433038E-05
5045.482289	1.342717648	1.5450975E-05
5045.000160	1.342715740	1.5466575E-05
5044.518032	1.342713833	1.5481052E-05
5044.035903	1.342711926	1.5496302E-05
5043.553774	1.342710018	1.5514043E-05
5043.071645	1.342707992	1.5535207E-05
5042.589517	1.342706203	1.5559629E-05
5042.107388	1.342704177	1.5586613E-05
5041.625259	1.342702270	1.5615514E-05
5041.143130	1.342700243	1.5646089E-05
5040.661002	1.342698455	1.5678404E-05
5040.178873	1.342696428	1.5712538E-05
5039.696744	1.342694521	1.5748176E-05
5039.214615	1.342692614	1.5784130E-05
5038.732487	1.342690706	1.5818670E-05
5038.250358	1.342688680	1.5850594E-05
5037.768229	1.342686892	1.5879796E-05
5037.286100	1.342684865	1.5907407E-05
5036.803972	1.342682958	1.5935200E-05
5036.321843	1.342680931	1.5965065E-05
5035.839714	1.342679143	1.5997912E-05
5035.357585	1.342677116	1.6033637E-05
5034.875457	1.342675209	1.6071274E-05
5034.393328	1.342673182	1.6110043E-05
5033.911199	1.342671275	1.6149915E-05
5033.429070	1.342669249	1.6191763E-05
5032.946941	1.342667341	1.6236340E-05
5032.464813	1.342665315	1.6283306E-05
5031.982684	1.342663407	1.6330793E-05
5031.500555	1.342661500	1.6376281E-05
5031.018426	1.342659593	1.6418050E-05
5030.536298	1.342657566	1.6456153E-05
5030.054169	1.342655659	1.6492261E-05
5029.572040	1.342653632	1.6528960E-05
5029.089911	1.342651725	1.6568371E-05
5028.607783	1.342649698	1.6611422E-05
5028.125654	1.342647791	1.6657527E-05
5027.643525	1.342645645	1.6705749E-05
5027.161396	1.342643738	1.6755665E-05
5026.679268	1.342641711	1.6807946E-05
5026.197139	1.342639804	1.6863599E-05
5025.715010	1.342637777	1.6922962E-05
5025.232881	1.342635870	1.6985067E-05
5024.750753	1.342633843	1.7047710E-05
5024.268624	1.342631817	1.7108562E-05
5023.786495	1.342629790	1.7166341E-05
5023.304366	1.342627883	1.7221311E-05
5022.822238	1.342625856	1.7275143E-05
5022.340109	1.342623949	1.7329943E-05
5021.857980	1.342621803	1.7387381E-05
5021.375851	1.342619896	1.7447818E-05
5020.893722	1.342617869	1.7510832E-05
5020.411594	1.342615962	1.7576232E-05
5019.929465	1.342613816	1.7644551E-05
5019.447336	1.342611909	1.7716810E-05
5018.965207	1.342609763	1.7793724E-05
5018.483079	1.342607856	1.7875091E-05
5018.000950	1.342605829	1.7959447E-05
5017.518821	1.342603803	1.8044500E-05
5017.036692	1.342601776	1.8127979E-05
5016.554564	1.342599869	1.8208650E-05
5016.072435	1.342597723	1.8286870E-05
5015.590306	1.342595816	1.8364357E-05
5015.108177	1.342593670	1.8443188E-05
5014.626049	1.342591763	1.8524571E-05
5014.143920	1.342589736	1.8608412E-05
5013.661791	1.342587709	1.8694020E-05
5013.179662	1.342585683	1.8781367E-05
5012.697534	1.342583656	1.8871443E-05
5012.215405	1.342581511	1.8965733E-05
5011.733276	1.342579603	1.9065267E-05
5011.251147	1.342577457	1.9169710E-05
5010.769018	1.342575550	1.9277138E-05
5010.286890	1.342573404	1.9384765E-05
5009.804761	1.342571497	1.9490126E-05
5009.322632	1.342569470	1.9591883E-05
5008.840503	1.342567444	1.9690433E-05
5008.358375	1.342565417	1.9787486E-05
5007.876246	1.342563391	1.9885057E-05
5007.394117	1.342561245	1.9984444E-05
5006.911988	1.342559338	2.0085675E-05
5006.429860	1.342557192	2.0188148E-05
5005.947731	1.342555285	2.0291598E-05
5005.465602	1.342553139	2.0396667E-05
5004.983473	1.342551112	2.0504799E-05
5004.501345	1.342549086	2.0617481E-05
5004.019216	1.342547059	2.0735239E-05
5003.537087	1.342544913	2.0856545E-05
5003.054958	1.342543006	2.0978514E-05
5002.572830	1.342540860	2.1098163E-05
5002.090701	1.342538953	2.1214084E-05
5001.608572	1.342536807	2.1326353E-05
5001.126443	1.342534781	2.1436405E-05
5000.644315	1.342532754	2.1545880E-05
5000.162186	1.342530727	2.1655909E-05
4999.680057	1.342528701	2.1766699E-05
4999.197928	1.342526674	2.1878066E-05
4998.715799	1.342524529	2.1990096E-05
4998.233671	1.342522502	2.2103742E-05
4997.751542	1.342520356	2.2220656E-05
4997.269413	1.342518449	2.2342414E-05
4996.787284	1.342516303	2.2469207E-05
4996.305156	1.342514277	2.2599188E-05
4995.823027	1.342512131	2.2729334E-05
4995.340898	1.342510104	2.2857370E-05
4994.858769	1.342508078	2.2982534E-05
4994.376641	1.342506051	2.3105398E-05
4993.894512	1.342503905	2.3227130E-05
4993.412383	1.342501879	2.3348742E-05
4992.930254	1.342499733	2.3470640E-05
4992.448126	1.342497706	2.3592631E-05
4991.965997	1.342495680	2.3714664E-05
4991.483868	1.342493653	2.3837407E-05
4991.001739	1.342491508	2.3962528E-05
4990.519611	1.342489362	2.4092050E-05
4990.037482	1.342487335	2.4227082E-05
4989.555353	1.342485309	2.4367214E-05
4989.073224	1.342483044	2.4510175E-05
4988.591096	1.342481136	2.4653317E-05
4988.108967	1.342478991	2.4794481E-05
4987.626838	1.342476845	2.4932963E-05
4987.144709	1.342474818	2.5069097E-05
4986.662580	1.342472672	2.5203925E-05
4986.180452	1.342470527	2.5338623E-05
4985.698323	1.342468500	2.5473775E-05
4985.216194	1.342466354	2.5609405E-05
4984.734065	1.342464328	2.5745553E-05
4984.251937	1.342462182	2.5883118E-05
4983.769808	1.342460155	2.6023820E-05
4983.287679	1.342457891	2.6169716E-05
4982.805550	1.342455864	2.6322032E-05
4982.323422	1.342453718	2.6480198E-05
4981.841293	1.342451572	2.6641959E-05
4981.359164	1.342449427	2.6804348E-05
4980.877035	1.342447400	2.6965127E-05
4980.394907	1.342445254	2.7123619E-05
4979.912778	1.342443109	2.7280585E-05
4979.430649	1.342440963	2.7437394E-05
4978.948520	1.342438936	2.7594868E-05
4978.466392	1.342436671	2.7752790E-05
4977.984263	1.342434645	2.7910441E-05
4977.502134	1.342432499	2.8067961E-05
4977.020005	1.342430353	2.8226758E-05
4976.537877	1.342428207	2.8389192E-05
4976.055748	1.342426062	2.8557657E-05
4975.573619	1.342423916	2.8733534E-05
4975.091490	1.342421770	2.8916485E-05
4974.609361	1.342419624	2.9104389E-05
4974.127233	1.342417479	2.9294402E-05
4973.645104	1.342415214	2.9484370E-05
4973.162975	1.342413187	2.9673643E-05
4972.680846	1.342410922	2.9862836E-05
4972.198718	1.342408895	3.0052976E-05
4971.716589	1.342406631	3.0244273E-05
4971.234460	1.342404604	3.0435773E-05
4970.752331	1.342402339	3.0626527E-05
4970.270203	1.342400193	3.0816665E-05
4969.788074	1.342398047	3.1008232E-05
4969.305945	1.342395902	3.1204065E-05
4968.823816	1.342393637	3.1406963E-05
4968.341688	1.342391491	3.1618282E-05
4967.859559	1.342389345	3.1837309E-05
4967.377430	1.342387199	3.2061591E-05
4966.895301	1.342384934	3.2288404E-05
4966.413173	1.342382789	3.2515851E-05
4965.931044	1.342380643	3.2743373E-05
4965.448915	1.342378497	3.2971460E-05
4964.966786	1.342376232	3.3200913E-05
4964.484658	1.342374086	3.3432007E-05
4964.002529	1.342371821	3.3664230E-05
4963.520400	1.342369795	3.3896924E-05
4963.038271	1.342367530	3.4130269E-05
4962.556142	1.342365384	3.4365716E-05
4962.074014	1.342363119	3.4605744E-05
4961.591885	1.342360973	3.4853933E-05
4961.109756	1.342358708	3.5111536E-05
4960.627627	1.342356563	3.5377759E-05
4960.145499	1.342354298	3.5650585E-05
4959.663370	1.342352152	3.5927807E-05
4959.181241	1.342349887	3.6207961E-05
4958.699112	1.342347741	3.6490523E-05
4958.216984	1.342345476	3.6775371E-05
4957.734855	1.342343330	3.7062396E-05
4957.252726	1.342341065	3.7351032E-05
4956.770597	1.342339039	3.7640266E-05
4956.288469	1.342336774	3.7929451E-05
4955.806340	1.342334628	3.8218883E-05
4955.324211	1.342332363	3.8510561E-05
4954.842082	1.342330217	3.8807331E-05
4954.359954	1.342327952	3.9111885E-05
4953.877825	1.342325807	3.9425315E-05
4953.395696	1.342323542	3.9746646E-05
4952.913567	1.342321396	4.0073508E-05
4952.431439	1.342319131	4.0403628E-05
4951.949310	1.342316985	4.0735611E-05
4951.467181	1.342314720	4.1068866E-05
4950.985052	1.342312694	4.1403315E-05
4950.502923	1.342310429	4.1738600E-05
4950.020795	1.342308283	4.2074028E-05
4949.538666	1.342306018	4.2408424E-05
4949.056537	1.342303991	4.2740980E-05
4948.574408	1.342301726	4.3072121E-05
4948.092280	1.342299581	4.3403752E-05
4947.610151	1.342297316	4.3737845E-05
4947.128022	1.342295170	4.4077290E-05
4946.645893	1.342293024	4.4423476E-05
4946.163765	1.342290878	4.4775228E-05
4945.681636	1.342288613	4.5130090E-05
4945.199507	1.342286587	4.5485838E-05
4944.717378	1.342284322	4.5841438E-05
4944.235250	1.342282176	4.6196848E-05
4943.753121	1.342279911	4.6552293E-05
4943.270992	1.342277884	4.6907493E-05
4942.788863	1.342275620	4.7261321E-05
4942.306735	1.342273593	4.7612317E-05
4941.824606	1.342271328	4.7959531E-05
4941.342477	1.342269182	4.8303300E-05
4940.860348	1.342267036	4.8645562E-05
4940.378220	1.342264891	4.8989297E-05
4939.896091	1.342262626	4.9337334E-05
4939.413962	1.342260599	4.9691121E-05
4938.931833	1.342258334	5.0049955E-05
4938.449704	1.342256188	5.0412093E-05
4937.967576	1.342253923	5.0776059E-05
4937.485447	1.342251897	5.1141359E-05
4937.003318	1.342249632	5.1507979E-05
4936.521189	1.342247605	5.1875800E-05
4936.039061	1.342245340	5.2243631E-05
4935.556932	1.342243195	5.2609724E-05
4935.074803	1.342241049	5.2972493E-05
4934.592674	1.342238903	5.3331369E-05
4934.110546	1.342236638	5.3687366E-05
4933.628417	1.342234612	5.4042552E-05
4933.146288	1.342232347	5.4399621E-05
4932.664159	1.342230201	5.4760959E-05
4932.182031	1.342227936	5.5127938E-05
4931.699902	1.342225790	5.5500369E-05
4931.217773	1.342223644	5.5877279E-05
4930.735644	1.342221498	5.6257690E-05
4930.253516	1.342219234	5.6641072E-05
4929.771387	1.342217088	5.7027255E-05
4929.289258	1.342214823	5.7415766E-05
4928.807129	1.342212677	5.7805455E-05
4928.325001	1.342210531	5.8194331E-05
4927.842872	1.342208385	5.8580772E-05
4927.360743	1.342206120	5.8964414E-05
4926.878614	1.342203975	5.9346648E-05
4926.396485	1.342201710	5.9729993E-05
4925.914357	1.342199683	6.0117303E-05
4925.432228	1.342197299	6.0510679E-05
4924.950099	1.342195153	6.0911072E-05
4924.467970	1.342192888	6.1317931E-05
4923.985842	1.342190742	6.1730324E-05
4923.503713	1.342188478	6.2147407E-05
4923.021584	1.342186332	6.2568993E-05
4922.539455	1.342184067	6.2995162E-05
4922.057327	1.342182040	6.3425917E-05
4921.575198	1.342179775	6.3860152E-05
4921.093069	1.342177510	6.4295876E-05
4920.610940	1.342175364	6.4731193E-05
4920.128812	1.342173219	6.5165397E-05
4919.646683	1.342170954	6.5599410E-05
4919.164554	1.342168808	6.6035424E-05
4918.682425	1.342166543	6.6475952E-05
4918.200297	1.342164397	6.6923038E-05
4917.718168	1.342162013	6.7377662E-05
4917.236039	1.342159986	6.7839538E-05
4916.753910	1.342157602	6.8307876E-05
4916.271782	1.342155576	6.8782159E-05
4915.789653	1.342153192	6.9262438E-05
4915.307524	1.342151046	6.9749131E-05
4914.825395	1.342148781	7.0241993E-05
4914.343266	1.342146635	7.0739731E-05
4913.861138	1.342144370	7.1239972E-05
4913.379009	1.342142224	7.1740779E-05
4912.896880	1.342139959	7.2241534E-05
4912.414751	1.342137933	7.2743093E-05
4911.932623	1.342135668	7.3247203E-05
4911.450494	1.342133403	7.3755976E-05
4910.968365	1.342131257	7.4271114E-05
4910.486236	1.342129111	7.4793583E-05
4910.004108	1.342126846	7.5323500E-05
4909.521979	1.342124701	7.5860738E-05
4909.039850	1.342122436	7.6405093E-05
4908.557721	1.342120290	7.6956483E-05
4908.075593	1.342118144	7.7514383E-05
4907.593464	1.342115879	7.8077769E-05
4907.111335	1.342113733	7.8644821E-05
4906.629206	1.342111588	7.9213583E-05
4906.147078	1.342109323	7.9782614E-05
4905.664949	1.342107296	8.0351645E-05
4905.182820	1.342105031	8.0921238E-05
4904.700691	1.342103004	8.1492703E-05
4904.218563	1.342100739	8.2067597E-05
4903.736434	1.342098713	8.2647131E-05
4903.254305	1.342096448	8.3231900E-05
4902.772176	1.342094421	8.3822059E-05
4902.290047	1.342092156	8.4417741E-05
4901.807919	1.342090130	8.5019317E-05
4901.325790	1.342087865	8.5627169E-05
4900.843661	1.342085838	8.6241255E-05
4900.361532	1.342083573	8.6860469E-05
4899.879404	1.342081666	8.7482703E-05
4899.397275	1.342079401	8.8105069E-05
4898.915146	1.342077374	8.8725234E-05
4898.433017	1.342075229	8.9342597E-05
4897.950889	1.342073202	8.9958328E-05
4897.468760	1.342071056	9.0574510E-05
4896.986631	1.342069030	9.1192693E-05
4896.504502	1.342066884	9.1813448E-05
4896.022374	1.342064857	9.2436179E-05
4895.540245	1.342062712	9.3060841E-05
4895.058116	1.342060685	9.3688559E-05
4894.575987	1.342058659	9.4320514E-05
4894.093859	1.342056632	9.4957590E-05
4893.611730	1.342054486	9.5599283E-05
4893.129601	1.342052460	9.6244148E-05
4892.647472	1.342050314	9.6889493E-05
4892.165344	1.342048407	9.7532500E-05
4891.683215	1.342046380	9.8171352E-05
4891.201086	1.342044353	9.8805866E-05
4890.718957	1.342042208	9.9437276E-05
4890.236828	1.342040420	1.0006697E-04
4889.754700	1.342038274	1.0069597E-04
4889.272571	1.342036366	1.0132459E-04
4888.790442	1.342034221	1.0195283E-04
4888.308313	1.342032313	1.0258153E-04
4887.826185	1.342030287	1.0321177E-04
4887.344056	1.342028260	1.0384439E-04
4886.861927	1.342026234	1.0448008E-04
4886.379798	1.342024326	1.0511853E-04
4885.897670	1.342022300	1.0575849E-04
4885.415541	1.342020392	1.0639811E-04
4884.933412	1.342018366	1.0703493E-04
4884.451283	1.342016459	1.0766621E-04
4883.969155	1.342014432	1.0829141E-04
4883.487026	1.342012525	1.0891093E-04
4883.004897	1.342010617	1.0952694E-04
4882.522768	1.342008710	1.1014151E-04
4882.040640	1.342006683	1.1075598E-04
4881.558511	1.342004776	1.1136969E-04
4881.076382	1.342002749	1.1198202E-04
4880.594253	1.342000961	1.1259341E-04
4880.112125	1.341998935	1.1320507E-04
4879.629996	1.341997027	1.1381881E-04
4879.147867	1.341995001	1.1443510E-04
4878.665738	1.341993213	1.1505319E-04
4878.183609	1.341991186	1.1567069E-04
4877.701481	1.341989279	1.1628469E-04
4877.219352	1.341987371	1.1689342E-04
4876.737223	1.341985464	1.1749620E-04
4876.255094	1.341983557	1.1809432E-04
4875.772966	1.341981769	1.1868962E-04
4875.290837	1.341979742	1.1928330E-04
4874.808708	1.341977835	1.1987624E-04
4874.326579	1.341975927	1.2046770E-04
4873.844451	1.341974020	1.2105729E-04
4873.362322	1.341972232	1.2164639E-04
4872.880193	1.341970325	1.2223651E-04
4872.398064	1.341968298	1.2282911E-04
4871.915936	1.341966510	1.2342492E-04
4871.433807	1.341964483	1.2402237E-04
4870.951678	1.341962814	1.2461959E-04
4870.469549	1.341960788	1.2521482E-04
4869.987421	1.341959000	1.2580655E-04
4869.505292	1.341957092	1.2639417E-04
4869.023163	1.341955304	1.2697762E-04
4868.541034	1.341953278	1.2755709E-04
4868.058906	1.341951609	1.2813378E-04
4867.576777	1.341949582	1.2870887E-04
4867.094648	1.341947913	1.2928282E-04
4866.612519	1.341945887	1.2985620E-04
4866.130390	1.341944098	1.3042994E-04
4865.648262	1.341942191	1.3100569E-04
4865.166133	1.341940284	1.3158443E-04
4864.684004	1.341938496	1.3216641E-04
4864.201875	1.341936588	1.3275058E-04
4863.719747	1.341934681	1.3333498E-04
4863.237618	1.341933012	1.3391744E-04
4862.755489	1.341931105	1.3449669E-04
4862.273360	1.341929317	1.3507186E-04
4861.791232	1.341927409	1.3564336E-04
4861.309103	1.341925740	1.3621197E-04
4860.826974	1.341923714	1.3677780E-04
4860.344845	1.341922045	1.3734115E-04
4859.862717	1.341920137	1.3790207E-04
4859.380588	1.341918349	1.3846073E-04
4858.898459	1.341916561	1.3901823E-04
4858.416330	1.341914773	1.3957690E-04
4857.934202	1.341912985	1.4013788E-04
4857.452073	1.341911197	1.4070171E-04
4856.969944	1.341909289	1.4126684E-04
4856.487815	1.341907501	1.4183142E-04
4856.005687	1.341905713	1.4239339E-04
4855.523558	1.341904044	1.4295145E-04
4855.041429	1.341902137	1.4350478E-04
4854.559300	1.341900587	1.4405355E-04
4854.077171	1.341898561	1.4459756E-04
4853.595043	1.341897011	1.4513700E-04
4853.112914	1.341895103	1.4567193E-04
4852.630785	1.341893435	1.4620257E-04
4852.148656	1.341891646	1.4672980E-04
4851.666528	1.341889977	1.4725459E-04
4851.184399	1.341888070	1.4777913E-04
4850.702270	1.341886401	1.4830484E-04
4850.220141	1.341884494	1.4883259E-04
4849.738013	1.341882944	1.4936157E-04
4849.255884	1.341881037	1.4988920E-04
4848.773755	1.341879368	1.5041345E-04
4848.291626	1.341877580	1.5093284E-04
4847.809498	1.341876030	1.5144647E-04
4847.327369	1.341874242	1.5195442E-04
4846.845240	1.341872573	1.5245738E-04
4846.363111	1.341870666	1.5295579E-04
4845.880983	1.341869116	1.5344970E-04
4845.398854	1.341867328	1.5393936E-04
4844.916725	1.341865659	1.5442506E-04
4844.434596	1.341863871	1.5490794E-04
4843.952468	1.341862202	1.5538939E-04
4843.470339	1.341860533	1.5587113E-04
4842.988210	1.341858864	1.5635427E-04
4842.506081	1.341857076	1.5683763E-04
4842.023952	1.341855526	1.5731913E-04
4841.541824	1.341853619	1.5779689E-04
4841.059695	1.341852069	1.5826992E-04
4840.577566	1.341850281	1.5873811E-04
4840.095437	1.341848612	1.5920147E-04
4839.613309	1.341846943	1.5966005E-04
4839.131180	1.341845393	1.6011327E-04
4838.649051	1.341843605	1.6056090E-04
4838.166922	1.341842055	1.6100349E-04
4837.684794	1.341840386	1.6144172E-04
4837.202665	1.341838717	1.6187656E-04
4836.720536	1.341837049	1.6230909E-04
4836.238407	1.341835380	1.6273984E-04
4835.756279	1.341833711	1.6316914E-04
4835.274150	1.341832161	1.6359720E-04
4834.792021	1.341830254	1.6402264E-04
4834.309892	1.341828823	1.6444422E-04
4833.827764	1.341827035	1.6486063E-04
4833.345635	1.341825604	1.6527103E-04
4832.863506	1.341823816	1.6567441E-04
4832.381377	1.341822267	1.6607057E-04
4831.899249	1.341820717	1.6645900E-04
4831.417120	1.341819048	1.6683890E-04
4830.934991	1.341817498	1.6721066E-04
4830.452862	1.341815948	1.6757463E-04
4829.970733	1.341814160	1.6793248E-04
4829.488605	1.341812730	1.6828617E-04
4829.006476	1.341810942	1.6863632E-04
4828.524347	1.341809511	1.6898388E-04
4828.042218	1.341807723	1.6932858E-04
4827.560090	1.341806293	1.6966978E-04
4827.077961	1.341804504	1.7000566E-04
4826.595832	1.341803074	1.7033491E-04
4826.113703	1.341801405	1.7065622E-04
4825.631575	1.341799974	1.7096897E-04
4825.149446	1.341798186	1.7127290E-04
4824.667317	1.341796756	1.7156713E-04
4824.185188	1.341795206	1.7185049E-04
4823.703060	1.341793656	1.7212324E-04
4823.220931	1.341792107	1.7238628E-04
4822.738802	1.341790438	1.7264168E-04
4822.256673	1.341788888	1.7289228E-04
4821.774545	1.341787219	1.7313990E-04
4821.292416	1.341785789	1.7338460E-04
4820.810287	1.341784120	1.7362576E-04
4820.328158	1.341782570	1.7386213E-04
4819.846029	1.341781020	1.7409257E-04
4819.363901	1.341779470	1.7431601E-04
4818.881772	1.341777802	1.7453199E-04
4818.399643	1.341776252	1.7473963E-04
4817.917514	1.341774702	1.7493817E-04
4817.435386	1.341773033	1.7512659E-04
4816.953257	1.341771603	1.7530461E-04
4816.471128	1.341770053	1.7547246E-04
4815.988999	1.341768503	1.7563102E-04
4815.506871	1.341766834	1.7578151E-04
4815.024742	1.341765285	1.7592627E-04
4814.542613	1.341763735	1.7606642E-04
4814.060484	1.341762185	1.7620244E-04
4813.578356	1.341760516	1.7633382E-04
4813.096227	1.341758966	1.7646018E-04
4812.614098	1.341757417	1.7658059E-04
4812.131969	1.341755867	1.7669458E-04
4811.649841	1.341754198	1.7680123E-04
4811.167712	1.341752768	1.7690007E-04
4810.685583	1.341750979	1.7699048E-04
4810.203454	1.341749549	1.7707180E-04
4809.721326	1.341747880	1.7714298E-04
4809.239197	1.341746330	1.7720396E-04
4808.757068	1.341744781	1.7725564E-04
4808.274939	1.341743112	1.7729931E-04
4807.792810	1.341741562	1.7733667E-04
4807.310682	1.341740131	1.7736900E-04
4806.828553	1.341738343	1.7739680E-04
4806.346424	1.341736913	1.7742016E-04
4805.864295	1.341735125	1.7743879E-04
4805.382167	1.341733575	1.7745238E-04
4804.900038	1.341732025	1.7746034E-04
4804.417909	1.341730356	1.7746168E-04
4803.935780	1.341728687	1.7745559E-04
4803.453652	1.341727138	1.7744177E-04
4802.971523	1.341725469	1.7741868E-04
4802.489394	1.341723919	1.7738586E-04
4802.007265	1.341722131	1.7734357E-04
4801.525137	1.341720581	1.7729266E-04
4801.043008	1.341719031	1.7723443E-04
4800.560879	1.341717362	1.7717059E-04
4800.078750	1.341715693	1.7710239E-04
4799.596622	1.341714025	1.7703035E-04
4799.114493	1.341712356	1.7695456E-04
4798.632364	1.341710806	1.7687468E-04
4798.150235	1.341709018	1.7679098E-04
4797.668107	1.341707468	1.7670305E-04
4797.185978	1.341705680	1.7660990E-04
4796.703849	1.341704130	1.7651050E-04
4796.221720	1.341702461	1.7640383E-04
4795.739591	1.341700792	1.7628852E-04
4795.257463	1.341699123	1.7616394E-04
4794.775334	1.341697454	1.7602996E-04
4794.293205	1.341695666	1.7588739E-04
4793.811076	1.341694117	1.7573693E-04
4793.328948	1.341692328	1.7558067E-04
4792.846819	1.341690660	1.7542007E-04
4792.364690	1.341688871	1.7525563E-04
4791.882561	1.341687322	1.7508741E-04
4791.400433	1.341685534	1.7491537E-04
4790.918304	1.341683865	1.7473975E-04
4790.436175	1.341682076	1.7456122E-04
4789.954046	1.341680288	1.7438014E-04
4789.471918	1.341678500	1.7419457E-04
4788.989789	1.341676831	1.7400286E-04
4788.507660	1.341675043	1.7380306E-04
4788.025531	1.341673493	1.7359372E-04
4787.543403	1.341671586	1.7337539E-04
4787.061274	1.341669917	1.7314912E-04
4786.579145	1.341668010	1.7291649E-04
4786.097016	1.341666460	1.7267925E-04
4785.614888	1.341664433	1.7243897E-04
4785.132759	1.341662765	1.7219596E-04
4784.650630	1.341660857	1.7195047E-04
4784.168501	1.341659307	1.7170225E-04
4783.686372	1.341657281	1.7145204E-04
4783.204244	1.341655612	1.7120020E-04
4782.722115	1.341653705	1.7094621E-04
4782.239986	1.341651917	1.7068885E-04
4781.757857	1.341650128	1.7042677E-04
4781.275729	1.341648221	1.7015792E-04
4780.793600	1.341646433	1.6988148E-04
4780.311471	1.341644645	1.6959758E-04
4779.829342	1.341642737	1.6930769E-04
4779.347214	1.341640949	1.6901278E-04
4778.865085	1.341639042	1.6871378E-04
4778.382956	1.341637135	1.6841172E-04
4777.900827	1.341635346	1.6810770E-04
4777.418699	1.341633439	1.6780224E-04
4776.936570	1.341631532	1.6749544E-04
4776.454441	1.341629744	1.6718701E-04
4775.972312	1.341627717	1.6687679E-04
4775.490184	1.341625929	1.6656543E-04
4775.008055	1.341624022	1.6625264E-04
4774.525926	1.341621995	1.6593719E-04
4774.043797	1.341620088	1.6561743E-04
4773.561669	1.341618180	1.6529123E-04
4773.079540	1.341616273	1.6495797E-04
4772.597411	1.341614366	1.6461877E-04
4772.115282	1.341612339	1.6427477E-04
4771.633153	1.341610432	1.6392726E-04
4771.151025	1.341608524	1.6357769E-04
4770.668896	1.341606498	1.6322693E-04
4770.186767	1.341604471	1.6287539E-04
4769.704638	1.341602683	1.6252344E-04
4769.222510	1.341600537	1.6217110E-04
4768.740381	1.341598630	1.6181892E-04
4768.258252	1.341596603	1.6146740E-04
4767.776123	1.341594577	1.6111640E-04
4767.293995	1.341592550	1.6076512E-04
4766.811866	1.341590524	1.6041146E-04
4766.329737	1.341588497	1.6005307E-04
4765.847608	1.341586471	1.5968909E-04
4765.365480	1.341584563	1.5932048E-04
4764.883351	1.341582417	1.5894903E-04
4764.401222	1.341580391	1.5857572E-04
4763.919093	1.341578364	1.5820093E-04
4763.436965	1.341576219	1.5782494E-04
4762.954836	1.341574311	1.5744886E-04
4762.472707	1.341572165	1.5707416E-04
4761.990578	1.341570139	1.5670170E-04
4761.508450	1.341567993	1.5633225E-04
4761.026321	1.341565847	1.5596551E-04
4760.544192	1.341563702	1.5560027E-04
4760.062063	1.341561675	1.5523463E-04
4759.579934	1.341559529	1.5486635E-04
4759.097806	1.341557503	1.5449467E-04
4758.615677	1.341555238	1.5411913E-04
4758.133548	1.341553330	1.5374109E-04
4757.651419	1.341551065	1.5336095E-04
4757.169291	1.341548920	1.5297952E-04
4756.687162	1.341546774	1.5259698E-04
4756.205033	1.341544747	1.5221440E-04
4755.722904	1.341542482	1.5183265E-04
4755.240776	1.341540456	1.5145266E-04
4754.758647	1.341538191	1.5107552E-04
4754.276518	1.341536045	1.5070181E-04
4753.794389	1.341533899	1.5033141E-04
4753.312261	1.341531754	1.4996326E-04
4752.830132	1.341529608	1.4959483E-04
4752.348003	1.341527343	1.4922429E-04
4751.865874	1.341525197	1.4885080E-04
4751.383746	1.341523051	1.4847384E-04
4750.901617	1.341520786	1.4809415E-04
4750.419488	1.341518641	1.4771254E-04
4749.937359	1.341516376	1.4732967E-04
4749.455231	1.341514230	1.4694654E-04
4748.973102	1.341511965	1.4656372E-04
4748.490973	1.341509819	1.4618094E-04
4748.008844	1.341507554	1.4579860E-04
4747.526715	1.341505408	1.4541764E-04
4747.044587	1.341503143	1.4503944E-04
4746.562458	1.341500878	1.4466498E-04
4746.080329	1.341498613	1.4429376E-04
4745.598200	1.341496468	1.4392339E-04
4745.116072	1.341494203	1.4355121E-04
4744.633943	1.341491938	1.4317556E-04
4744.151814	1.341489673	1.4279550E-04
4743.669685	1.341487527	1.4241147E-04
4743.187557	1.341485143	1.4202334E-04
4742.705428	1.341482997	1.4163178E-04
4742.223299	1.341480613	1.4123757E-04
4741.741170	1.341478467	1.4084192E-04
4741.259042	1.341476202	1.4044605E-04
4740.776913	1.341473937	1.4005016E-04
4740.294784	1.341471553	1.3965469E-04
4739.812655	1.341469407	1.3926092E-04
4739.330527	1.341466904	1.3886986E-04
4738.848398	1.341464877	1.3848107E-04
4738.366269	1.341462374	1.3809164E-04
4737.884140	1.341460347	1.3769780E-04
4737.402012	1.341457844	1.3729863E-04
4736.919883	1.341455698	1.3689474E-04
4736.437754	1.341453314	1.3648698E-04
4735.955625	1.341451049	1.3607475E-04
4735.473496	1.341448665	1.3565683E-04
4734.991368	1.341446519	1.3523333E-04
4734.509239	1.341444016	1.3480662E-04
4734.027110	1.341441870	1.3437883E-04
4733.544981	1.341439486	1.3395068E-04
4733.062853	1.341437221	1.3352216E-04
4732.580724	1.341434717	1.3309347E-04
4732.098595	1.341432452	1.3266574E-04
4731.616466	1.341430068	1.3224042E-04
4731.134338	1.341427803	1.3181577E-04
4730.652209	1.341425300	1.3138803E-04
4730.170080	1.341423035	1.3095415E-04
4729.687951	1.341420650	1.3051421E-04
4729.205823	1.341418266	1.3007081E-04
4728.723694	1.341415882	1.2962515E-04
4728.241565	1.341413617	1.2917574E-04
4727.759436	1.341411114	1.2871968E-04
4727.277308	1.341408849	1.2825652E-04
4726.795179	1.341406345	1.2778938E-04
4726.313050	1.341403961	1.2732230E-04
4725.830921	1.341401577	1.2685779E-04
4725.348793	1.341399074	1.2639484E-04
4724.866664	1.341396689	1.2593260E-04
4724.384535	1.341394305	1.2547126E-04
4723.902406	1.341391802	1.2501162E-04
4723.420277	1.341389418	1.2455239E-04
4722.938149	1.341386914	1.2409083E-04
4722.456020	1.341384530	1.2362447E-04
4721.973891	1.341381907	1.2315352E-04
4721.491762	1.341379523	1.2267969E-04
4721.009634	1.341377020	1.2220412E-04
4720.527505	1.341374636	1.2172583E-04
4720.045376	1.341372013	1.2124406E-04
4719.563247	1.341369629	1.2075940E-04
4719.081119	1.341367006	1.2027421E-04
4718.598990	1.341364622	1.1979141E-04
4718.116861	1.341362000	1.1931285E-04
4717.634732	1.341359496	1.1883864E-04
4717.152604	1.341356874	1.1836791E-04
4716.670475	1.341354489	1.1789932E-04
4716.188346	1.341351867	1.1743149E-04
4715.706217	1.341349244	1.1696298E-04
4715.224089	1.341346741	1.1649279E-04
4714.741960	1.341344118	1.1602156E-04
4714.259831	1.341341496	1.1555040E-04
4713.777702	1.341339111	1.1507996E-04
4713.295574	1.341336370	1.1460952E-04
4712.813445	1.341333866	1.1413788E-04
4712.331316	1.341331124	1.1366520E-04
4711.849187	1.341328621	1.1319283E-04
4711.367058	1.341325879	1.1272450E-04
4710.884930	1.341323376	1.1226277E-04
4710.402801	1.341320634	1.1180815E-04
4709.920672	1.341318011	1.1135904E-04
4709.438543	1.341315269	1.1091324E-04
4708.956415	1.341312766	1.1046923E-04
4708.474286	1.341310024	1.1002822E-04
4707.992157	1.341307402	1.0959052E-04
4707.510028	1.341304660	1.0915531E-04
4707.027900	1.341302037	1.0872069E-04
4706.545771	1.341299295	1.0828498E-04
4706.063642	1.341296792	1.0784769E-04
4705.581513	1.341293931	1.0741039E-04
4705.099385	1.341291428	1.0697528E-04
4704.617256	1.341288567	1.0654394E-04
4704.135127	1.341285944	1.0611753E-04
4703.652998	1.341283083	1.0569653E-04
4703.170870	1.341280580	1.0528161E-04
4702.688741	1.341277719	1.0487273E-04
4702.206612	1.341275096	1.0446913E-04
4701.724483	1.341272235	1.0406948E-04
4701.242355	1.341269612	1.0367232E-04
4700.760226	1.341266751	1.0327621E-04
4700.278097	1.341264129	1.0288029E-04
4699.795968	1.341261387	1.0248413E-04
4699.313839	1.341258645	1.0208764E-04
4698.831711	1.341255784	1.0169081E-04
4698.349582	1.341253161	1.0129360E-04
4697.867453	1.341250420	1.0089699E-04
4697.385324	1.341247678	1.0050240E-04
4696.903196	1.341244817	1.0011199E-04
4696.421067	1.341242075	9.9727048E-05
4695.938938	1.341239333	9.9347679E-05
4695.456809	1.341236591	9.8973197E-05
4694.974681	1.341233730	9.8602928E-05
4694.492552	1.341231108	9.8235583E-05
4694.010423	1.341228127	9.7870297E-05
4693.528294	1.341225386	9.7505962E-05
4693.046166	1.341222644	9.7140686E-05
4692.564037	1.341219902	9.6773476E-05
4692.081908	1.341217041	9.6404086E-05
4691.599779	1.341214299	9.6032693E-05
4691.117651	1.341211438	9.5659876E-05
4690.635522	1.341208696	9.5286279E-05
4690.153393	1.341205955	9.4912441E-05
4689.671264	1.341203213	9.4539634E-05
4689.189136	1.341200233	9.4169355E-05
4688.707007	1.341197491	9.3803800E-05
4688.224878	1.341194630	9.3444190E-05
4687.742749	1.341191888	9.3089997E-05
4687.260620	1.341189027	9.2739214E-05
4686.778492	1.341186285	9.2389269E-05
4686.296363	1.341183305	9.2038262E-05
4685.814234	1.341180563	9.1685562E-05
4685.332105	1.341177702	9.1331203E-05
4684.849977	1.341174960	9.0974993E-05
4684.367848	1.341172099	9.0616172E-05
4683.885719	1.341169238	9.0253972E-05
4683.403590	1.341166377	8.9888383E-05
4682.921462	1.341163635	8.9520576E-05
4682.439333	1.341160774	8.9152762E-05
4681.957204	1.341157913	8.8787248E-05
4681.475075	1.341154933	8.8425552E-05
4680.992947	1.341152191	8.8067552E-05
4680.510818	1.341149211	8.7711893E-05
4680.028689	1.341146469	8.7357117E-05
4679.546560	1.341143489	8.7002241E-05
4679.064432	1.341140747	8.6647283E-05
4678.582303	1.341137767	8.6292366E-05
4678.100174	1.341134906	8.5936979E-05
4677.618045	1.341132045	8.5579338E-05
4677.135917	1.341129184	8.5217452E-05
4676.653788	1.341126204	8.4850490E-05
4676.171659	1.341123343	8.4479624E-05
4675.689530	1.341120481	8.4107597E-05
4675.207401	1.341117620	8.3737300E-05
4674.725273	1.341114640	8.3370338E-05
4674.243144	1.341111779	8.3006524E-05
4673.761015	1.341108799	8.2644755E-05
4673.278886	1.341105819	8.2284310E-05
4672.796758	1.341102839	8.1925217E-05
4672.314629	1.341100097	8.1567897E-05
4671.832500	1.341096997	8.1212169E-05
4671.350371	1.341094136	8.0857121E-05
4670.868243	1.341091156	8.0501166E-05
4670.386114	1.341088295	8.0142534E-05
4669.903985	1.341085196	7.9780172E-05
4669.421856	1.341082335	7.9414207E-05
4668.939728	1.341079354	7.9045762E-05
4668.457599	1.341076374	7.8676824E-05
4667.975470	1.341073275	7.8309493E-05
4667.493341	1.341070414	7.7945121E-05
4667.011213	1.341067314	7.7584300E-05
4666.529084	1.341064453	7.7227103E-05
4666.046955	1.341061354	7.6873634E-05
4665.564826	1.341058373	7.6523948E-05
4665.082698	1.341055274	7.6177676E-05
4664.600569	1.341052413	7.5833810E-05
4664.118440	1.341049314	7.5490641E-05
4663.636311	1.341046333	7.5146490E-05
4663.154182	1.341043234	7.4800093E-05
4662.672054	1.341040254	7.4451317E-05
4662.189925	1.341037154	7.4100897E-05
4661.707796	1.341034174	7.3749779E-05
4661.225667	1.341031075	7.3398807E-05
4660.743539	1.341028094	7.3048652E-05
4660.261410	1.341024995	7.2700172E-05
4659.779281	1.341022015	7.2354559E-05
4659.297152	1.341018915	7.2013217E-05
4658.815024	1.341015816	7.1677428E-05
4658.332895	1.341012716	7.1347534E-05
4657.850766	1.341009617	7.1022714E-05
4657.368637	1.341006517	7.0700683E-05
4656.886509	1.341003537	7.0378710E-05
4656.404380	1.341000319	7.0054662E-05
4655.922251	1.340997338	6.9727845E-05
4655.440122	1.340994120	6.9399166E-05
4654.957994	1.340991139	6.9070331E-05
4654.475865	1.340987921	6.8742593E-05
4653.993736	1.340984821	6.8416255E-05
4653.511607	1.340981722	6.8091217E-05
4653.029479	1.340978622	6.7767448E-05
4652.547350	1.340975404	6.7445728E-05
4652.065221	1.340972304	6.7127555E-05
4651.583092	1.340969086	6.6814945E-05
4651.100963	1.340965986	6.6509166E-05
4650.618835	1.340962768	6.6209966E-05
4650.136706	1.340959668	6.5915469E-05
4649.654577	1.340956450	6.5622597E-05
4649.172448	1.340953350	6.5328562E-05
4648.690320	1.340950131	6.5031831E-05
4648.208191	1.340947032	6.4732683E-05
4647.726062	1.340943694	6.4432631E-05
4647.243933	1.340940714	6.4133400E-05
4646.761805	1.340937376	6.3836203E-05
4646.279676	1.340934277	6.3541293E-05
4645.797547	1.340930939	6.3248483E-05
4645.315418	1.340927839	6.2957797E-05
4644.833290	1.340924621	6.2670417E-05
4644.351161	1.340921402	6.2388490E-05
4643.869032	1.340918064	6.2114076E-05
4643.386903	1.340914965	6.1847914E-05
4642.904775	1.340911627	6.1588628E-05
4642.422646	1.340908527	6.1333124E-05
4641.940517	1.340905070	6.1077700E-05
4641.458388	1.340901971	6.0819659E-05
4640.976259	1.340898752	6.0558331E-05
4640.494131	1.340895534	6.0295079E-05
4640.012002	1.340892196	6.0032500E-05
4639.529873	1.340888977	5.9772831E-05
4639.047744	1.340885758	5.9517100E-05
4638.565616	1.340882540	5.9264748E-05
4638.083487	1.340879202	5.9014983E-05
4637.601358	1.340875983	5.8767776E-05
4637.119229	1.340872645	5.8524493E-05
4636.637101	1.340869308	5.8287066E-05
4636.154972	1.340865970	5.8056917E-05
4635.672843	1.340862751	5.7834197E-05
4635.190714	1.340859413	5.7617124E-05
4634.708586	1.340856194	5.7402390E-05
4634.226457	1.340852857	5.7186476E-05
4633.744328	1.340849638	5.6967348E-05
4633.262199	1.340846300	5.6745372E-05
4632.780071	1.340842962	5.6522803E-05
4632.297942	1.340839624	5.6302448E-05
4631.815813	1.340836406	5.6085883E-05
4631.333684	1.340832949	5.5873248E-05
4630.851556	1.340829730	5.5663817E-05
4630.369427	1.340826392	5.5457610E-05
4629.887298	1.340823054	5.5255548E-05
4629.405169	1.340819716	5.5059207E-05
4628.923040	1.340816379	5.4869886E-05
4628.440912	1.340812922	5.4687748E-05
4627.958783	1.340809703	5.4511448E-05
4627.476654	1.340806246	5.4338314E-05
4626.994525	1.340803027	5.4165534E-05
4626.512397	1.340799570	5.3991093E-05
4626.030268	1.340796351	5.3814310E-05
4625.548139	1.340792894	5.3636045E-05
4625.066010	1.340789557	5.3457959E-05
4624.583882	1.340786219	5.3281997E-05
4624.101753	1.340782881	5.3109369E-05
4623.619624	1.340779424	5.2940914E-05
4623.137495	1.340776205	5.2777241E-05
4622.655367	1.340772748	5.2619066E-05
4622.173238	1.340769410	5.2467010E-05
4621.691109	1.340765953	5.2321162E-05
4621.208980	1.340762615	5.2180762E-05
4620.726852	1.340759158	5.2044317E-05
4620.244723	1.340755820	5.1910062E-05
4619.762594	1.340752363	5.1776669E-05
4619.280465	1.340749025	5.1643445E-05
4618.798337	1.340745568	5.1510203E-05
4618.316208	1.340742230	5.1377003E-05
4617.834079	1.340738773	5.1244193E-05
4617.351950	1.340735435	5.1112034E-05
4616.869821	1.340731978	5.0980862E-05
4616.387693	1.340728641	5.0851131E-05
4615.905564	1.340725183	5.0724266E-05
4615.423435	1.340721846	5.0602276E-05
4614.941306	1.340718389	5.0486979E-05
4614.459178	1.340715051	5.0379010E-05
4613.977049	1.340711594	5.0277272E-05
4613.494920	1.340708137	5.0179379E-05
4613.012791	1.340704679	5.0082755E-05
4612.530663	1.340701342	4.9985879E-05
4612.048534	1.340697885	4.9888303E-05
4611.566405	1.340694547	4.9790190E-05
4611.084276	1.340690970	4.9691979E-05
4610.602148	1.340687633	4.9593938E-05
4610.120019	1.340684175	4.9496166E-05
4609.637890	1.340680838	4.9398534E-05
4609.155761	1.340677261	4.9301534E-05
4608.673633	1.340673923	4.9206662E-05
4608.191504	1.340670466	4.9116117E-05
4607.709375	1.340667009	4.9031986E-05
4607.227246	1.340663552	4.8955190E-05
4606.745118	1.340660214	4.8884907E-05
4606.262989	1.340656638	4.8818645E-05
4605.780860	1.340653300	4.8753466E-05
4605.298731	1.340649843	4.8686948E-05
4604.816602	1.340646386	4.8618076E-05
4604.334474	1.340642929	4.8546869E-05
4603.852345	1.340639591	4.8473883E-05
4603.370216	1.340636015	4.8399603E-05
4602.888087	1.340632677	4.8324114E-05
4602.405959	1.340629220	4.8247497E-05
4601.923830	1.340625763	4.8170407E-05
4601.441701	1.340622306	4.8094269E-05
4600.959572	1.340618849	4.8020693E-05
4600.477444	1.340615392	4.7951134E-05
4599.995315	1.340611935	4.7886276E-05
4599.513186	1.340608478	4.7825541E-05
4599.031057	1.340605021	4.7767245E-05
4598.548929	1.340601563	4.7708872E-05
4598.066800	1.340598226	4.7648331E-05
4597.584671	1.340594649	4.7584310E-05
4597.102542	1.340591311	4.7516379E-05
4596.620414	1.340587735	4.7444493E-05
4596.138285	1.340584397	4.7368562E-05
4595.656156	1.340580821	4.7288297E-05
4595.174027	1.340577483	4.7203776E-05
4594.691899	1.340574026	4.7115872E-05
4594.209770	1.340570569	4.7026300E-05
4593.727641	1.340566993	4.6937003E-05
4593.245512	1.340563655	4.6849545E-05
4592.763383	1.340560079	4.6764421E-05
4592.281255	1.340556741	4.6680828E-05
4591.799126	1.340553164	4.6596638E-05
4591.316997	1.340549827	4.6509638E-05
4590.834868	1.340546250	4.6418007E-05
4590.352740	1.340542912	4.6321066E-05
4589.870611	1.340539336	4.6218690E-05
4589.388482	1.340535879	4.6110948E-05
4588.906353	1.340532303	4.5997503E-05
4588.424225	1.340528965	4.5877707E-05
4587.942096	1.340525389	4.5751145E-05
4587.459967	1.340522051	4.5618631E-05
4586.977838	1.340518355	4.5482424E-05
4586.495710	1.340515018	4.5345217E-05
4586.013581	1.340511441	4.5209034E-05
4585.531452	1.340507984	4.5074386E-05
4585.049323	1.340504289	4.4939907E-05
4584.567195	1.340500951	4.4803655E-05
4584.085066	1.340497255	4.4664014E-05
4583.602937	1.340493917	4.4520238E-05
4583.120808	1.340490222	4.4371766E-05
4582.638680	1.340486765	4.4218014E-05
4582.156551	1.340483189	4.4058200E-05
4581.674422	1.340479732	4.3891731E-05
4581.192293	1.340476036	4.3718366E-05
4580.710164	1.340472579	4.3538662E-05
4580.228036	1.340468884	4.3354203E-05
4579.745907	1.340465426	4.3167334E-05
4579.263778	1.340461731	4.2980597E-05
4578.781649	1.340458155	4.2796021E-05
4578.299521	1.340454459	4.2614448E-05
4577.817392	1.340450883	4.2435538E-05
4577.335263	1.340447187	4.2258000E-05
4576.853134	1.340443611	4.2080569E-05
4576.371006	1.340439916	4.1902138E-05
4575.888877	1.340436339	4.1722179E-05
4575.406748	1.340432644	4.1540266E-05
4574.924619	1.340428948	4.1356072E-05
4574.442491	1.340425253	4.1169114E-05
4573.960362	1.340421677	4.0979190E-05
4573.478233	1.340417862	4.0786903E-05
4572.996104	1.340414286	4.0593779E-05
4572.513976	1.340410471	4.0402086E-05
4572.031847	1.340406775	4.0214103E-05
4571.549718	1.340402961	4.0031634E-05
4571.067589	1.340399265	3.9855655E-05
4570.585461	1.340395451	3.9685890E-05
4570.103332	1.340391755	3.9521128E-05
4569.621203	1.340387821	3.9360038E-05
4569.139074	1.340384126	3.9201941E-05
4568.656945	1.340380311	3.9046621E-05
4568.174817	1.340376616	3.8893952E-05
4567.692688	1.340372682	3.8743090E-05
4567.210559	1.340368986	3.8592583E-05
4566.728430	1.340365052	3.8441352E-05
4566.246302	1.340361357	3.8289838E-05
4565.764173	1.340357423	3.8140217E-05
4565.282044	1.340353608	3.7995228E-05
4564.799915	1.340349674	3.7857110E-05
4564.317787	1.340345860	3.7727003E-05
4563.835658	1.340341926	3.7604748E-05
4563.353529	1.340338111	3.7489352E-05
4562.871400	1.340334177	3.7379748E-05
4562.389272	1.340330362	3.7275317E-05
4561.907143	1.340326428	3.7175603E-05
4561.425014	1.340322614	3.7080076E-05
4560.942885	1.340318561	3.6987690E-05
4560.460757	1.340314746	3.6896952E-05
4559.978628	1.340310812	3.6806300E-05
4559.496499	1.340306997	3.6714814E-05
4559.014370	1.340302944	3.6622959E-05
4558.532242	1.340299129	3.6532345E-05
4558.050113	1.340295076	3.6445286E-05
4557.567984	1.340291262	3.6363831E-05
4557.085855	1.340287209	3.6289300E-05
4556.603726	1.340283275	3.6221897E-05
4556.121598	1.340279341	3.6161110E-05
4555.639469	1.340275407	3.6106155E-05
4555.157340	1.340271354	3.6056428E-05
4554.675211	1.340267420	3.6011434E-05
4554.193083	1.340263367	3.5970314E-05
4553.710954	1.340259433	3.5931797E-05
4553.228825	1.340255499	3.5894159E-05
4552.746696	1.340251565	3.5855590E-05
4552.264568	1.340247512	3.5814886E-05
4551.782439	1.340243578	3.5772059E-05
4551.300310	1.340239525	3.5728641E-05
4550.818181	1.340235591	3.5686979E-05
4550.336053	1.340231419	3.5649459E-05
4549.853924	1.340227485	3.5617462E-05
4549.371795	1.340223432	3.5591345E-05
4548.889666	1.340219498	3.5570717E-05
4548.407538	1.340215325	3.5555166E-05
4547.925409	1.340211391	3.5544359E-05
4547.443280	1.340207219	3.5537872E-05
4546.961151	1.340203285	3.5534862E-05
4546.479023	1.340199113	3.5533900E-05
4545.996894	1.340195179	3.5532941E-05
4545.514765	1.340191007	3.5530000E-05
4545.032636	1.340187073	3.5523834E-05
4544.550507	1.340182900	3.5514855E-05
4544.068379	1.340178847	3.5505048E-05
4543.586250	1.340174794	3.5497179E-05
4543.104121	1.340170741	3.5493452E-05
4542.621992	1.340166569	3.5494952E-05
4542.139864	1.340162516	3.5501445E-05
4541.657735	1.340158343	3.5512255E-05
4541.175606	1.340154290	3.5527031E-05
4540.693477	1.340149999	3.5545772E-05
4540.211349	1.340145946	3.5568417E-05
4539.729220	1.340141773	3.5594431E-05
4539.247091	1.340137720	3.5622521E-05
4538.764962	1.340133429	3.5650869E-05
4538.282834	1.340129375	3.5677724E-05
4537.800705	1.340125203	3.5702279E-05
4537.318576	1.340121150	3.5725021E-05
4536.836447	1.340116858	3.5747655E-05
4536.354319	1.340112805	3.5772203E-05
4535.872190	1.340108514	3.5800628E-05
4535.390061	1.340104342	3.5833931E-05
4534.907932	1.340100050	3.5872162E-05
4534.425804	1.340095878	3.5914862E-05
4533.943675	1.340091586	3.5961941E-05
4533.461546	1.340087533	3.6013714E-05
4532.979417	1.340083241	3.6070372E-05
4532.497288	1.340078950	3.6131531E-05
4532.015160	1.340074658	3.6195783E-05
4531.533031	1.340070486	3.6261034E-05
4531.050902	1.340066195	3.6325562E-05
4530.568773	1.340062022	3.6388755E-05
4530.086645	1.340057731	3.6451290E-05
4529.604516	1.340053439	3.6514534E-05
4529.122387	1.340049148	3.6580166E-05
4528.640258	1.340044856	3.6649700E-05
4528.158130	1.340040565	3.6724186E-05
4527.676001	1.340036273	3.6804107E-05
4527.193872	1.340031862	3.6889655E-05
4526.711743	1.340027571	3.6981121E-05
4526.229615	1.340023160	3.7078855E-05
4525.747486	1.340018868	3.7182776E-05
4525.265357	1.340014458	3.7292079E-05
4524.783228	1.340010166	3.7405148E-05
4524.301100	1.340005755	3.7519821E-05
4523.818971	1.340001464	3.7634403E-05
4523.336842	1.339997053	3.7748283E-05
4522.854713	1.339992762	3.7861900E-05
4522.372585	1.339988351	3.7976666E-05
4521.890456	1.339983940	3.8094245E-05
4521.408327	1.339979529	3.8216262E-05
4520.926198	1.339975119	3.8343762E-05
4520.444069	1.339970589	3.8477272E-05
4519.961941	1.339966297	3.8617162E-05
4519.479812	1.339961767	3.8763686E-05
4518.997683	1.339957356	3.8917059E-05
4518.515554	1.339952826	3.9076876E-05
4518.033426	1.339948416	3.9242376E-05
4517.551297	1.339943886	3.9412031E-05
4517.069168	1.339939475	3.9583955E-05
4516.587039	1.339934945	3.9756490E-05
4516.104911	1.339930534	3.9928955E-05
4515.622782	1.339926004	4.0101969E-05
4515.140653	1.339921474	4.0276955E-05
4514.658524	1.339916945	4.0455300E-05
4514.176396	1.339912415	4.0637897E-05
4513.694267	1.339907885	4.0825200E-05
4513.212138	1.339903355	4.1017845E-05
4512.730009	1.339898705	4.1216931E-05
4512.247881	1.339894176	4.1423748E-05
4511.765752	1.339889646	4.1638969E-05
4511.283623	1.339885116	4.1862376E-05
4510.801494	1.339880466	4.2092748E-05
4510.319366	1.339875937	4.2328238E-05
4509.837237	1.339871287	4.2566524E-05
4509.355108	1.339866638	4.2805803E-05
4508.872979	1.339861989	4.3045472E-05
4508.390850	1.339857459	4.3286252E-05
4507.908722	1.339852691	4.3529541E-05
4507.426593	1.339848161	4.3776721E-05
4506.944464	1.339843392	4.4028731E-05
4506.462335	1.339838862	4.4286217E-05
4505.980207	1.339834094	4.4549886E-05
4505.498078	1.339829445	4.4820793E-05
4505.015949	1.339824677	4.5099976E-05
4504.533820	1.339820027	4.5388207E-05
4504.051692	1.339815259	4.5685290E-05
4503.569563	1.339810610	4.5990210E-05
4503.087434	1.339805722	4.6300938E-05
4502.605305	1.339801073	4.6615166E-05
4502.123177	1.339796305	4.6931069E-05
4501.641048	1.339791656	4.7248138E-05
4501.158919	1.339786768	4.7567093E-05
4500.676790	1.339782000	4.7889390E-05
4500.194662	1.339777231	4.8216655E-05
4499.712533	1.339772463	4.8550066E-05
4499.230404	1.339767575	4.8890234E-05
4498.748275	1.339762807	4.9237528E-05
4498.266147	1.339757919	4.9592490E-05
4497.784018	1.339753032	4.9956114E-05
4497.301889	1.339748144	5.0329259E-05
4496.819760	1.339743376	5.0712041E-05
4496.337631	1.339738369	5.1103307E-05
4495.855503	1.339733601	5.1501283E-05
4495.373374	1.339728594	5.1904117E-05
4494.891245	1.339723706	5.2310928E-05
4494.409116	1.339718699	5.2721514E-05
4493.926988	1.339713931	5.3136276E-05
4493.444859	1.339708805	5.3555897E-05
4492.962730	1.339704037	5.3981345E-05
4492.480601	1.339698911	5.4413741E-05
4491.998473	1.339694023	5.4854024E-05
4491.516344	1.339688897	5.5303248E-05
4491.034215	1.339684010	5.5762610E-05
4490.552086	1.339678884	5.6233393E-05
4490.069958	1.339673877	5.6716521E-05
4489.587829	1.339668751	5.7211862E-05
4489.105700	1.339663744	5.7718376E-05
4488.623571	1.339658499	5.8234431E-05
4488.141443	1.339653492	5.8758707E-05
4487.659314	1.339648366	5.9290731E-05
4487.177185	1.339643240	5.9830703E-05
4486.695056	1.339638114	6.0379069E-05
4486.212928	1.339632988	6.0936231E-05
4485.730799	1.339627743	6.1502834E-05
4485.248670	1.339622617	6.2079697E-05
4484.766541	1.339617372	6.2668103E-05
4484.284412	1.339612246	6.3269797E-05
4483.802284	1.339606881	6.3886707E-05
4483.320155	1.339601755	6.4520438E-05
4482.838026	1.339596391	6.5171883E-05
4482.355897	1.339591265	6.5841121E-05
4481.873769	1.339585781	6.6527110E-05
4481.391640	1.339580536	6.7228390E-05
4480.909511	1.339575291	6.7943386E-05
4480.427382	1.339569926	6.8671424E-05
4479.945254	1.339564562	6.9412552E-05
4479.463125	1.339559317	7.0167262E-05
4478.980996	1.339553833	7.0936079E-05
4478.498867	1.339548588	7.1719497E-05
4478.016739	1.339543104	7.2518286E-05
4477.534610	1.339537740	7.3333566E-05
4477.052481	1.339532256	7.4166931E-05
4476.570352	1.339526892	7.5019862E-05
4476.088224	1.339521408	7.5893393E-05
4475.606095	1.339515924	7.6787993E-05
4475.123966	1.339510441	7.7703466E-05
4474.641837	1.339504957	7.8638779E-05
4474.159709	1.339499474	7.9592124E-05
4473.677580	1.339493990	8.0561497E-05
4473.195451	1.339488387	8.1545479E-05
4472.713322	1.339483023	8.2543648E-05
4472.231193	1.339477420	8.3556355E-05
4471.749065	1.339471936	8.4584066E-05
4471.266936	1.339466333	8.5626886E-05
4470.784807	1.339460850	8.6684731E-05
4470.302678	1.339455247	8.7758303E-05
4469.820550	1.339449644	8.8848486E-05
4469.338421	1.339444041	8.9956241E-05
4468.856292	1.339438438	9.1082624E-05
4468.374163	1.339432716	9.2228445E-05
4467.892035	1.339427233	9.3393314E-05
4467.409906	1.339421511	9.4576252E-05
4466.927777	1.339415908	9.5775952E-05
4466.445648	1.339410186	9.6991014E-05
4465.963520	1.339404583	9.8220717E-05
4465.481391	1.339398742	9.9465134E-05
4464.999262	1.339393139	1.0072450E-04
4464.517133	1.339387298	1.0199892E-04
4464.035005	1.339381695	1.0328783E-04
4463.552876	1.339375854	1.0459118E-04
4463.070747	1.339370131	1.0590980E-04
4462.588618	1.339364290	1.0724539E-04
4462.106490	1.339358568	1.0860008E-04
4461.624361	1.339352608	1.0997609E-04
4461.142232	1.339346886	1.1137448E-04
4460.660103	1.339340925	1.1279561E-04
4460.177974	1.339335084	1.1423918E-04
4459.695846	1.339329123	1.1570417E-04
4459.213717	1.339323282	1.1719009E-04
4458.731588	1.339317203	1.1869698E-04
4458.249459	1.339311361	1.2022496E-04
4457.767331	1.339305162	1.2177489E-04
4457.285202	1.339299321	1.2334789E-04
4456.803073	1.339293122	1.2494506E-04
4456.320944	1.339287162	1.2656683E-04
4455.838816	1.339280844	1.2821465E-04
4455.356687	1.339274883	1.2989114E-04
4454.874558	1.339268565	1.3159914E-04
4454.392429	1.339262486	1.3334094E-04
4453.910301	1.339256167	1.3511866E-04
4453.428172	1.339249969	1.3693363E-04
4452.946043	1.339243531	1.3878686E-04
4452.463914	1.339237332	1.4067943E-04
4451.981786	1.339230895	1.4261187E-04
4451.499657	1.339224458	1.4458464E-04
4451.017528	1.339218020	1.4659936E-04
4450.535399	1.339211583	1.4865828E-04
4450.053270	1.339205146	1.5076487E-04
4449.571142	1.339198470	1.5292221E-04
4449.089013	1.339191914	1.5513330E-04
4448.606884	1.339185238	1.5740092E-04
4448.124755	1.339178681	1.5972882E-04
4447.642627	1.339171886	1.6212060E-04
4447.160498	1.339165092	1.6458073E-04
4446.678369	1.339158416	1.6711333E-04
4446.196240	1.339151502	1.6972249E-04
4445.714112	1.339144826	1.7241164E-04
4445.231983	1.339137673	1.7518366E-04
4444.749854	1.339130878	1.7804093E-04
4444.267725	1.339123726	1.8098687E-04
4443.785597	1.339117050	1.8402479E-04
4443.303468	1.339109778	1.8715820E-04
4442.821339	1.339102864	1.9039122E-04
4442.339210	1.339095592	1.9372751E-04
4441.857082	1.339088678	1.9717073E-04
4441.374953	1.339081407	2.0072442E-04
4440.892824	1.339074373	2.0439243E-04
4440.410695	1.339067101	2.0817936E-04
4439.928567	1.339059830	2.1209061E-04
4439.446438	1.339052677	2.1613110E-04
4438.964309	1.339045286	2.2030439E-04
4438.482180	1.339037895	2.2497812E-04
4438.000051	1.339030862	2.2960009E-04
4437.517923	1.339023471	2.3443473E-04
4437.035794	1.339016557	2.3947608E-04
4436.553665	1.339009404	2.4471723E-04
4436.071536	1.339002609	2.5015185E-04
4435.589408	1.338995576	2.5577288E-04
4435.107279	1.338989258	2.6148364E-04
4434.625150	1.338982701	2.6728612E-04
4434.143021	1.338976502	2.7318131E-04
4433.660893	1.338970184	2.7917055E-04
4433.178764	1.338964701	2.8525511E-04
4432.696635	1.338958621	2.9094212E-04
4432.214506	1.338952780	2.9671775E-04
4431.732378	1.338946939	3.0258166E-04
4431.250249	1.338940978	3.0853622E-04
4430.768120	1.338935018	3.1458478E-04
4430.285991	1.338929176	3.2073061E-04
4429.803863	1.338922858	3.2697976E-04
4429.321734	1.338916779	3.3382943E-04
4428.839605	1.338911057	3.4079775E-04
4428.357476	1.338905454	3.4788457E-04
4427.875348	1.338899851	3.5508471E-04
4427.393219	1.338894367	3.6239274E-04
4426.911090	1.338889003	3.6993372E-04
4426.428961	1.338883638	3.7770711E-04
4425.946832	1.338878393	3.8571253E-04
4425.464704	1.338873744	3.9395188E-04
4424.982575	1.338868737	4.0243255E-04
4424.500446	1.338864446	4.1116018E-04
4424.018317	1.338860273	4.2014126E-04
4423.536189	1.338856697	4.2924791E-04
4423.054060	1.338853002	4.3823810E-04
4422.571931	1.338849902	4.4760360E-04
4422.089802	1.338847160	4.5707270E-04
4421.607674	1.338844776	4.6663450E-04
4421.125545	1.338842630	4.7624770E-04
4420.643416	1.338841319	4.8587100E-04
4420.161287	1.338840127	4.9546810E-04
4419.679159	1.338839531	5.0500460E-04
4419.197030	1.338839173	5.1445850E-04
4418.714901	1.338839173	5.2380640E-04
4418.232772	1.338839889	5.3298850E-04
4417.750644	1.338840961	5.4195270E-04
4417.268515	1.338842154	5.5066720E-04
4416.786386	1.338844419	5.5910150E-04
4416.304257	1.338845968	5.6723190E-04
4415.822129	1.338848591	5.7504550E-04
4415.340000	1.338850975	5.8253260E-04
4414.857871	1.338854313	5.8968330E-04
4414.375742	1.338856936	5.9648910E-04
4413.893613	1.338860512	6.0292720E-04
4413.411485	1.338863850	6.0895470E-04
4412.929356	1.338867307	6.1457950E-04
4412.447227	1.338871002	6.1982780E-04
4411.965098	1.338874817	6.2472050E-04
4411.482970	1.338878393	6.2926630E-04
4411.000841	1.338882089	6.3343960E-04
4410.518712	1.338885427	6.3724980E-04
4410.036583	1.338889241	6.4073030E-04
4409.554455	1.338892579	6.4390260E-04
4409.072326	1.338896036	6.4680000E-04
4408.590197	1.338898897	6.4946400E-04
4408.108068	1.338902235	6.5192700E-04
4407.625940	1.338904977	6.5422620E-04
4407.143811	1.338907838	6.5639660E-04
4406.661682	1.338910103	6.5845220E-04
4406.179553	1.338912964	6.6042670E-04
4405.697425	1.338915348	6.6232010E-04
4405.215296	1.338917851	6.6411580E-04
4404.733167	1.338920116	6.6580980E-04
4404.251038	1.338922143	6.6741580E-04
4403.768910	1.338924646	6.6895700E-04
4403.286781	1.338926911	6.7043430E-04
4402.804652	1.338929057	6.7182390E-04
4402.322523	1.338931084	6.7308310E-04
4401.840394	1.338933468	6.7421950E-04
4401.358266	1.338935733	6.7525990E-04
4400.876137	1.338937879	6.7622080E-04
4400.394008	1.338939905	6.7707730E-04
4399.911879	1.338942289	6.7779190E-04
4399.429751	1.338944554	6.7835170E-04
4398.947622	1.338946700	6.7879530E-04
4398.465493	1.338948846	6.7914240E-04
4397.983364	1.338950634	6.7937970E-04
4397.501236	1.338953137	6.7946380E-04
4397.019107	1.338955283	6.7936400E-04
4396.536978	1.338957429	6.7906050E-04
4396.054849	1.338960052	6.7853950E-04
4395.572721	1.338961720	6.7779820E-04
4395.090592	1.338963985	6.7683320E-04
4394.608463	1.338965654	6.7568050E-04
4394.126334	1.338967919	6.7437340E-04
4393.644206	1.338969231	6.7291940E-04
4393.162077	1.338971019	6.7129450E-04
4392.679948	1.338972569	6.6949430E-04
4392.197819	1.338973641	6.6752980E-04
4391.715691	1.338975191	6.6541930E-04
4391.233562	1.338976145	6.6316880E-04
4390.751433	1.338977218	6.6078370E-04
4390.269304	1.338977814	6.5828330E-04
4389.787175	1.338978291	6.5566470E-04
4389.305047	1.338978887	6.5294750E-04
4388.822918	1.338979244	6.5012720E-04
4388.340789	1.338979244	6.4720070E-04
4387.858660	1.338979006	6.4419480E-04
4387.376532	1.338979006	6.4112320E-04
4386.894403	1.338978767	6.3795530E-04
4386.412274	1.338978171	6.3466830E-04
4385.930145	1.338977337	6.3126480E-04
4385.448017	1.338976502	6.2777640E-04
4384.965888	1.338975549	6.2423760E-04
4384.483759	1.338973999	6.2068100E-04
4384.001630	1.338972569	6.1710670E-04
4383.519502	1.338970423	6.1353440E-04
4383.037373	1.338968754	6.0995090E-04
4382.555244	1.338966489	6.0636490E-04
4382.073115	1.338964224	6.0280440E-04
4381.590987	1.338961363	5.9926640E-04
4381.108858	1.338958979	5.9576370E-04
4380.626729	1.338955998	5.9228170E-04
4380.144600	1.338953018	5.8880770E-04
4379.662472	1.338949561	5.8534810E-04
4379.180343	1.338946462	5.8192850E-04
4378.698214	1.338942766	5.7856520E-04
4378.216085	1.338939071	5.7527660E-04
4377.733956	1.338935018	5.7206210E-04
4377.251828	1.338930726	5.6891710E-04
4376.769699	1.338926554	5.6583920E-04
4376.287570	1.338922262	5.6285960E-04
4375.805441	1.338917375	5.5997600E-04
4375.323313	1.338913083	5.5720470E-04
4374.841184	1.338907838	5.5452690E-04
4374.359055	1.338903069	5.5193420E-04
4373.876926	1.338897705	5.4943340E-04
4373.394798	1.338893056	5.4700700E-04
4372.912669	1.338887215	5.4467050E-04
4372.430540	1.338882089	5.4242930E-04
4371.948411	1.338876486	5.4027180E-04
4371.466283	1.338870764	5.3818700E-04
4370.984154	1.338865042	5.3617040E-04
4370.502025	1.338859200	5.3423500E-04
4370.019896	1.338853002	5.3240820E-04
4369.537768	1.338846803	5.3072060E-04
4369.055639	1.338840008	5.2920440E-04
4368.573510	1.338833809	5.2787000E-04
4368.091381	1.338827014	5.2671040E-04
4367.609253	1.338820457	5.2570700E-04
4367.127124	1.338813305	5.2485490E-04
4366.644995	1.338806748	5.2413120E-04
4366.162866	1.338799715	5.2353750E-04
4365.680737	1.338792682	5.2310610E-04
4365.198609	1.338785172	5.2283170E-04
4364.716480	1.338778377	5.2271250E-04
4364.234351	1.338770509	5.2275890E-04
4363.752222	1.338762999	5.2298470E-04
4363.270094	1.338755608	5.2344210E-04
4362.787965	1.338747621	5.2414300E-04
4362.305836	1.338739872	5.2510500E-04
4361.823707	1.338732123	5.2632490E-04
4361.341579	1.338724136	5.2779170E-04
4360.859450	1.338716030	5.2952770E-04
4360.377321	1.338708162	5.3155240E-04
4359.895192	1.338700175	5.3386150E-04
4359.413064	1.338692188	5.3644410E-04
4358.930935	1.338684201	5.3929110E-04
4358.448806	1.338676572	5.4238280E-04
4357.966677	1.338668466	5.4572700E-04
4357.484549	1.338660598	5.4932980E-04
4357.002420	1.338653326	5.5321180E-04
4356.520291	1.338645101	5.5739160E-04
4356.038162	1.338637829	5.6187190E-04
4355.556034	1.338630199	5.6664980E-04
4355.073905	1.338622808	5.7174920E-04
4354.591776	1.338615179	5.7716500E-04
4354.109647	1.338608384	5.8290480E-04
4353.627518	1.338601351	5.8896410E-04
4353.145390	1.338594794	5.9531340E-04
4352.663261	1.338587999	6.0193540E-04
4352.181132	1.338582158	6.0881870E-04
4351.699003	1.338576078	6.1597560E-04
4351.216875	1.338570476	6.2340970E-04
4350.734746	1.338564873	6.3108730E-04
4350.252617	1.338560343	6.3898960E-04
4349.770488	1.338555098	6.4708330E-04
4349.288360	1.338550925	6.5536780E-04
4348.806231	1.338546515	6.6385610E-04
4348.324102	1.338543177	6.7259170E-04
4347.841973	1.338539958	6.8156060E-04
4347.359845	1.338536501	6.9070330E-04
4346.877716	1.338534713	6.9994170E-04
4346.395587	1.338532448	7.0923420E-04
4345.913458	1.338531256	7.1856540E-04
4345.431330	1.338529825	7.2797100E-04
4344.949201	1.338528991	7.3745750E-04
4344.467072	1.338529468	7.4699840E-04
4343.984943	1.338529348	7.5653450E-04
4343.502815	1.338530540	7.6601100E-04
4343.020686	1.338531852	7.7541880E-04
4342.538557	1.338533759	7.8473600E-04
4342.056428	1.338536620	7.9389490E-04
4341.574299	1.338539243	8.0280440E-04
4341.092171	1.338542819	8.1139550E-04
4340.610042	1.338546753	8.1966420E-04
4340.127913	1.338551164	8.2765540E-04
4339.645784	1.338555455	8.3540650E-04
4339.163656	1.338559985	8.4288520E-04
4338.681527	1.338565588	8.5000780E-04
4338.199398	1.338568211	8.5594480E-04
4337.717269	1.338571906	8.6953830E-04
4337.235141	1.338584661	8.7916840E-04
4336.753012	1.338594794	8.8407790E-04
4336.270883	1.338604212	8.8883760E-04
4335.788754	1.338614106	8.9299930E-04
4335.306626	1.338623285	8.9655410E-04
4334.824497	1.338632822	8.9950090E-04
4334.342368	1.338643551	9.0181930E-04
4333.860239	1.338652849	9.0348550E-04
4333.378111	1.338663697	9.0447180E-04
4332.895982	1.338672757	9.0475970E-04
4332.413853	1.338684082	9.0435310E-04
4331.931724	1.338693619	9.0326070E-04
4331.449596	1.338703513	9.0151470E-04
4330.967467	1.338713527	8.9913560E-04
4330.485338	1.338723421	8.9614020E-04
4330.003209	1.338733554	8.9253800E-04
4329.521080	1.338743329	8.8830540E-04
4329.038952	1.338752627	8.8343890E-04
4328.556823	1.338765621	8.7868850E-04
4328.074694	1.338776350	8.6500260E-04
4327.592565	1.338778138	8.5452470E-04
4327.110437	1.338783026	8.4804590E-04
4326.628308	1.338788152	8.4071880E-04
4326.146179	1.338793397	8.3300740E-04
4325.664050	1.338797688	8.2493420E-04
4325.181922	1.338802576	8.1652630E-04
4324.699793	1.338806391	8.0784740E-04
4324.217664	1.338809967	7.9897660E-04
4323.735535	1.338812590	7.8995220E-04
4323.253407	1.338815928	7.8077930E-04
4322.771278	1.338817358	7.7144620E-04
4322.289149	1.338819146	7.6197760E-04
4321.807020	1.338820577	7.5246710E-04
4321.324892	1.338820815	7.4301990E-04
4320.842763	1.338821173	7.3367610E-04
4320.360634	1.338821054	7.2440720E-04
4319.878505	1.338820338	7.1518910E-04
4319.396377	1.338819265	7.0602430E-04
4318.914248	1.338818192	6.9694480E-04
4318.432119	1.338816643	6.8797940E-04
4317.949990	1.338814616	6.7914070E-04
4317.467861	1.338812351	6.7043980E-04
4316.985733	1.338810086	6.6187260E-04
4316.503604	1.338806987	6.5343580E-04
4316.021475	1.338804007	6.4512010E-04
4315.539346	1.338801265	6.3694300E-04
4315.057218	1.338797331	6.2892520E-04
4314.575089	1.338794112	6.2105470E-04
4314.092960	1.338790178	6.1332550E-04
4313.610831	1.338786364	6.0571720E-04
4313.128703	1.338781953	5.9821030E-04
4312.646574	1.338778019	5.9080960E-04
4312.164445	1.338773489	5.8352070E-04
4311.682316	1.338769078	5.7632870E-04
4311.200188	1.338764071	5.6922580E-04
4310.718059	1.338759542	5.6221130E-04
4310.235930	1.338754416	5.5529860E-04
4309.753801	1.338749409	5.4850980E-04
4309.271673	1.338743925	5.4185120E-04
4308.789544	1.338738322	5.3532760E-04
4308.307415	1.338732839	5.2895680E-04
4307.825286	1.338727236	5.2275640E-04
4307.343158	1.338721156	5.1670230E-04
4306.861029	1.338715792	5.1075750E-04
4306.378900	1.338709354	5.0490340E-04
4305.896771	1.338703632	4.9915260E-04
4305.414642	1.338697314	4.9350540E-04
4304.932514	1.338691592	4.8796580E-04
4304.450385	1.338684916	4.8252430E-04
4303.968256	1.338678837	4.7716380E-04
4303.486127	1.338672280	4.7189590E-04
4303.003999	1.338665724	4.6672820E-04
4302.521870	1.338659286	4.6166710E-04
4302.039741	1.338652730	4.5671560E-04
4301.557612	1.338645935	4.5188130E-04
4301.075484	1.338639259	4.4716020E-04
4300.593355	1.338632107	4.4255600E-04
4300.111226	1.338625550	4.3806700E-04
4299.629097	1.338618517	4.3367460E-04
4299.146969	1.338611722	4.2937190E-04
4298.664840	1.338604450	4.2515270E-04
4298.182711	1.338597775	4.2101600E-04
4297.700582	1.338590741	4.1693240E-04
4297.218454	1.338583708	4.1289280E-04
4296.736325	1.338576436	4.0890950E-04
4296.254196	1.338569522	4.0499310E-04
4295.772067	1.338562250	4.0114570E-04
4295.289939	1.338554978	3.9738130E-04
4294.807810	1.338547468	3.9370700E-04
4294.325681	1.338540077	3.9012790E-04
4293.843552	1.338532567	3.8666220E-04
4293.361423	1.338525176	3.8331810E-04
4292.879295	1.338517547	3.8008960E-04
4292.397166	1.338509917	3.7695040E-04
4291.915037	1.338502526	3.7389930E-04
4291.432908	1.338495016	3.7091320E-04
4290.950780	1.338487506	3.6796880E-04
4290.468651	1.338479877	3.6506400E-04
4289.986522	1.338472366	3.6219920E-04
4289.504393	1.338464856	3.5937370E-04
4289.022265	1.338457108	3.5659460E-04
4288.540136	1.338449478	3.5386380E-04
4288.058007	1.338441372	3.5120040E-04
4287.575878	1.338433743	3.4863850E-04
4287.093750	1.338425756	3.4618000E-04
4286.611621	1.338417768	3.4383470E-04
4286.129492	1.338409901	3.4160530E-04
4285.647363	1.338401794	3.3947390E-04
4285.165235	1.338393807	3.3741930E-04
4284.683106	1.338385820	3.3542800E-04
4284.200977	1.338377953	3.3349040E-04
4283.718848	1.338369846	3.3159520E-04
4283.236720	1.338361859	3.2974670E-04
4282.754591	1.338353872	3.2794070E-04
4282.272462	1.338345647	3.2618800E-04
4281.790333	1.338337660	3.2448900E-04
4281.308204	1.338329434	3.2284450E-04
4280.826076	1.338321209	3.2127280E-04
4280.343947	1.338312745	3.1978540E-04
4279.861818	1.338304281	3.1841310E-04
4279.379689	1.338295817	3.1718630E-04
4278.897561	1.338287354	3.1610450E-04
4278.415432	1.338278770	3.1515800E-04
4277.933303	1.338270187	3.1432290E-04
4277.451174	1.338261724	3.1357360E-04
4276.969046	1.338253379	3.1290180E-04
4276.486917	1.338244677	3.1232380E-04
4276.004788	1.338236094	3.1183870E-04
4275.522659	1.338227630	3.1145830E-04
4275.040531	1.338218927	3.1116710E-04
4274.558402	1.338210106	3.1097400E-04
4274.076273	1.338201761	3.1088930E-04
4273.594144	1.338192701	3.1093980E-04
4273.112016	1.338183999	3.1114560E-04
4272.629887	1.338175058	3.1153710E-04
4272.147758	1.338166237	3.1213750E-04
4271.665629	1.338157177	3.1294260E-04
4271.183501	1.338148594	3.1394140E-04
4270.701372	1.338139772	3.1512550E-04
4270.219243	1.338131189	3.1646960E-04
4269.737114	1.338122368	3.1796240E-04
4269.254985	1.338114023	3.1960670E-04
4268.772857	1.338105440	3.2138570E-04
4268.290728	1.338097095	3.2331470E-04
4267.808599	1.338088632	3.2538990E-04
4267.326470	1.338080287	3.2762440E-04
4266.844342	1.338072062	3.3002070E-04
4266.362213	1.338063955	3.3260170E-04
4265.880084	1.338055611	3.3538950E-04
4265.397955	1.338047981	3.3840060E-04
4264.915827	1.338039756	3.4164480E-04
4264.433698	1.338032246	3.4509950E-04
4263.951569	1.338024497	3.4875580E-04
4263.469440	1.338017583	3.5258550E-04
4262.987312	1.338010192	3.5658190E-04
4262.505183	1.338003516	3.6073160E-04
4262.023054	1.337996840	3.6500140E-04
4261.540925	1.337990522	3.6937390E-04
4261.058797	1.337984681	3.7383960E-04
4260.576668	1.337978601	3.7839620E-04
4260.094539	1.337972999	3.8302850E-04
4259.612410	1.337968111	3.8774350E-04
4259.130281	1.337962747	3.9254440E-04
4258.648153	1.337958217	3.9741260E-04
4258.166024	1.337953806	4.0233570E-04
4257.683895	1.337949872	4.0729180E-04
4257.201766	1.337945938	4.1224230E-04
4256.719638	1.337942839	4.1716180E-04
4256.237509	1.337939978	4.2201100E-04
4255.755380	1.337937474	4.2674580E-04
4255.273251	1.337935328	4.3131740E-04
4254.791123	1.337933421	4.3570240E-04
4254.308994	1.337932110	4.3988140E-04
4253.826865	1.337931037	4.4380910E-04
4253.344736	1.337930083	4.4744880E-04
4252.862608	1.337929964	4.5075580E-04
4252.380479	1.337929845	4.5370270E-04
4251.898350	1.337929368	4.5630130E-04
4251.416221	1.337929964	4.5856950E-04
4250.934093	1.337929964	4.6049040E-04
4250.451964	1.337930679	4.6203720E-04
4249.969835	1.337930918	4.6320450E-04
4249.487706	1.337931991	4.6397830E-04
4249.005578	1.337932706	4.6435920E-04
4248.523449	1.337933183	4.6433850E-04
4248.041320	1.337934256	4.6390120E-04
4247.559191	1.337934971	4.6303570E-04
4247.077062	1.337935567	4.6175190E-04
4246.594934	1.337936282	4.6006260E-04
4246.112805	1.337936878	4.5800020E-04
4245.630676	1.337937117	4.5557120E-04
4245.148547	1.337937236	4.5278880E-04
4244.666419	1.337936878	4.4968420E-04
4244.184290	1.337936759	4.4629380E-04
4243.702161	1.337935925	4.4266020E-04
4243.220032	1.337935090	4.3880270E-04
4242.737904	1.337933660	4.3474340E-04
4242.255775	1.337932467	4.3050560E-04
4241.773646	1.337930679	4.2612430E-04
4241.291517	1.337928772	4.2161270E-04
4240.809389	1.337926388	4.1699030E-04
4240.327260	1.337923765	4.1226930E-04
4239.845131	1.337921143	4.0744610E-04
4239.363002	1.337918162	4.0254300E-04
4238.880874	1.337914705	3.9756260E-04
4238.398745	1.337911487	3.9252100E-04
4237.916616	1.337907314	3.8742860E-04
4237.434487	1.337903500	3.8230320E-04
4236.952359	1.337898850	3.7717480E-04
4236.470230	1.337894559	3.7208980E-04
4235.988101	1.337889314	3.6706630E-04
4235.505972	1.337884426	3.6210770E-04
4235.023843	1.337878942	3.5723240E-04
4234.541715	1.337873459	3.5244730E-04
4234.059586	1.337867737	3.4775930E-04
4233.577457	1.337862015	3.4316530E-04
4233.095328	1.337855816	3.3866150E-04
4232.613200	1.337849855	3.3424360E-04
4232.131071	1.337843299	3.2988530E-04
4231.648942	1.337837100	3.2558270E-04
4231.166813	1.337830544	3.2133340E-04
4230.684685	1.337823868	3.1713930E-04
4230.202556	1.337817073	3.1301060E-04
4229.720427	1.337809920	3.0896300E-04
4229.238298	1.337802768	3.0502460E-04
4228.756170	1.337795615	3.0121190E-04
4228.274041	1.337787867	2.9755020E-04
4227.791912	1.337780595	2.9403630E-04
4227.309783	1.337772846	2.9066860E-04
4226.827655	1.337765217	2.8744570E-04
4226.345526	1.337757349	2.8435450E-04
4225.863397	1.337749481	2.8140770E-04
4225.381268	1.337741613	2.7859490E-04
4224.899140	1.337733865	2.7588370E-04
4224.417011	1.337725878	2.7324270E-04
4223.934882	1.337718248	2.7065250E-04
4223.452753	1.337709904	2.6812380E-04
4222.970624	1.337702036	2.6566950E-04
4222.488496	1.337693691	2.6331970E-04
4222.006367	1.337685823	2.6110310E-04
4221.524238	1.337677240	2.5904000E-04
4221.042109	1.337669015	2.5713780E-04
4220.559981	1.337660551	2.5539710E-04
4220.077852	1.337652206	2.5380290E-04
4219.595723	1.337643981	2.5235550E-04
4219.113594	1.337635636	2.5104660E-04
4218.631466	1.337627292	2.4986110E-04
4218.149337	1.337619305	2.4879240E-04
4217.667208	1.337610960	2.4780210E-04
4217.185079	1.337603092	2.4686460E-04
4216.702951	1.337594986	2.4596390E-04
4216.220822	1.337587118	2.4509080E-04
4215.738693	1.337579012	2.4425900E-04
4215.256564	1.337571263	2.4348930E-04
4214.774436	1.337562919	2.4280180E-04
4214.292307	1.337555289	2.4221800E-04
4213.810178	1.337547183	2.4174720E-04
4213.328049	1.337539315	2.4136660E-04
4212.845921	1.337531567	2.4107240E-04
4212.363792	1.337523937	2.4085600E-04
4211.881663	1.337516069	2.4071010E-04
4211.399534	1.337508798	2.4062430E-04
4210.917405	1.337501168	2.4056520E-04
4210.435277	1.337494016	2.4049030E-04
4209.953148	1.337486744	2.4037220E-04
4209.471019	1.337479830	2.4018920E-04
4208.988890	1.337472558	2.3994710E-04
4208.506762	1.337465644	2.3966160E-04
4208.024633	1.337458491	2.3934150E-04
4207.542504	1.337451696	2.3900450E-04
4207.060375	1.337444425	2.3865850E-04
4206.578247	1.337437510	2.3830100E-04
4206.096118	1.337430358	2.3794690E-04
4205.613989	1.337423444	2.3759660E-04
4205.131860	1.337416530	2.3725370E-04
4204.649732	1.337409496	2.3691010E-04
4204.167603	1.337402582	2.3654430E-04
4203.685474	1.337395787	2.3613780E-04
4203.203345	1.337388992	2.3565510E-04
4202.721217	1.337382436	2.3508190E-04
4202.239088	1.337375402	2.3440400E-04
4201.756959	1.337368608	2.3363260E-04
4201.274830	1.337361813	2.3279390E-04
4200.792702	1.337354779	2.3190590E-04
4200.310573	1.337347627	2.3100340E-04
4199.828444	1.337340593	2.3010760E-04
4199.346315	1.337333202	2.2923490E-04
4198.864186	1.337326050	2.2839250E-04
4198.382058	1.337318540	2.2758490E-04
4197.899929	1.337311268	2.2683110E-04
4197.417800	1.337303758	2.2613410E-04
4196.935671	1.337296367	2.2546910E-04
4196.453543	1.337288857	2.2481300E-04
4195.971414	1.337281585	2.2413080E-04
4195.489285	1.337274075	2.2340510E-04
4195.007156	1.337266564	2.2265140E-04
4194.525028	1.337259054	2.2188280E-04
4194.042899	1.337251544	2.2112280E-04
4193.560770	1.337243676	2.2038990E-04
4193.078641	1.337235928	2.1969300E-04
4192.596513	1.337227941	2.1904060E-04
4192.114384	1.337220073	2.1845690E-04
4191.632255	1.337211967	2.1796020E-04
4191.150126	1.337203860	2.1755890E-04
4190.667998	1.337195754	2.1727120E-04
4190.185869	1.337187886	2.1710040E-04
4189.703740	1.337179422	2.1702240E-04
4189.221611	1.337171793	2.1700690E-04
4188.739483	1.337163568	2.1701630E-04
4188.257354	1.337155819	2.1701980E-04
4187.775225	1.337147593	2.1702340E-04
4187.293096	1.337139726	2.1704910E-04
4186.810967	1.337131739	2.1711770E-04
4186.328839	1.337123632	2.1724340E-04
4185.846710	1.337115526	2.1742960E-04
4185.364581	1.337107539	2.1767440E-04
4184.882452	1.337099195	2.1798960E-04
4184.400324	1.337091208	2.1840310E-04
4183.918195	1.337082863	2.1894200E-04
4183.436066	1.337074757	2.1959920E-04
4182.953937	1.337066770	2.2036990E-04
4182.471809	1.337058783	2.2121350E-04
4181.989680	1.337050915	2.2210020E-04
4181.507551	1.337042928	2.2300830E-04
4181.025422	1.337035418	2.2391870E-04
4180.543294	1.337027669	2.2482790E-04
4180.061165	1.337019920	2.2574340E-04
4179.579036	1.337012410	2.2666930E-04
4179.096907	1.337004662	2.2760310E-04
4178.614779	1.336997032	2.2856640E-04
4178.132650	1.336989522	2.2956200E-04
4177.650521	1.336982012	2.3061220E-04
4177.168392	1.336974263	2.3173350E-04
4176.686264	1.336966872	2.3293180E-04
4176.204135	1.336959243	2.3420650E-04
4175.722006	1.336952090	2.3553330E-04
4175.239877	1.336944699	2.3688840E-04
4174.757748	1.336937666	2.3824650E-04
4174.275620	1.336930513	2.3956750E-04
4173.793491	1.336923838	2.4084500E-04
4173.311362	1.336916804	2.4206280E-04
4172.829233	1.336910129	2.4322090E-04
4172.347105	1.336903214	2.4433560E-04
4171.864976	1.336896420	2.4541770E-04
4171.382847	1.336889744	2.4646260E-04
4170.900718	1.336883068	2.4747950E-04
4170.418590	1.336876273	2.4847520E-04
4169.936461	1.336869836	2.4946970E-04
4169.454332	1.336862803	2.5047710E-04
4168.972203	1.336856365	2.5148120E-04
4168.490075	1.336849689	2.5248360E-04
4168.007946	1.336843491	2.5346280E-04
4167.525817	1.336836696	2.5438980E-04
4167.043688	1.336830616	2.5523640E-04
4166.561560	1.336824059	2.5600000E-04
4166.079431	1.336818099	2.5666390E-04
4165.597302	1.336811543	2.5722820E-04
4165.115173	1.336805463	2.5771030E-04
4164.633045	1.336799026	2.5810390E-04
4164.150916	1.336792588	2.5843270E-04
4163.668787	1.336786270	2.5870350E-04
4163.186658	1.336779594	2.5894440E-04
4162.704529	1.336773038	2.5918250E-04
4162.222401	1.336766362	2.5943130E-04
4161.740272	1.336759806	2.5972270E-04
4161.258143	1.336753011	2.6004130E-04
4160.776014	1.336746335	2.6036390E-04
4160.293886	1.336739779	2.6066880E-04
4159.811757	1.336733222	2.6092980E-04
4159.329628	1.336726546	2.6114050E-04
4158.847499	1.336719990	2.6129360E-04
4158.365371	1.336713433	2.6139940E-04
4157.883242	1.336706519	2.6145850E-04
4157.401113	1.336699963	2.6147820E-04
4156.918984	1.336692929	2.6148050E-04
4156.436856	1.336686134	2.6147780E-04
4155.954727	1.336679220	2.6149360E-04
4155.472598	1.336672068	2.6154490E-04
4154.990469	1.336665034	2.6165460E-04
4154.508341	1.336657763	2.6184410E-04
4154.026212	1.336650848	2.6209540E-04
4153.544083	1.336643696	2.6239750E-04
4153.061954	1.336636662	2.6273300E-04
4152.579826	1.336629510	2.6306990E-04
4152.097697	1.336622477	2.6338220E-04
4151.615568	1.336615801	2.6367040E-04
4151.133439	1.336608529	2.6393220E-04
4150.651310	1.336601734	2.6416910E-04
4150.169182	1.336594701	2.6439330E-04
4149.687053	1.336587787	2.6459970E-04
4149.204924	1.336580515	2.6480350E-04
4148.722795	1.336573482	2.6502200E-04
4148.240667	1.336566329	2.6528520E-04
4147.758538	1.336559057	2.6561640E-04
4147.276409	1.336552024	2.6601960E-04
4146.794280	1.336544752	2.6648400E-04
4146.312152	1.336537719	2.6696710E-04
4145.830023	1.336530805	2.6744230E-04
4145.347894	1.336523652	2.6790150E-04
4144.865765	1.336516976	2.6833480E-04
4144.383637	1.336510062	2.6873210E-04
4143.901508	1.336503267	2.6908350E-04
4143.419379	1.336496353	2.6937810E-04
4142.937250	1.336489558	2.6961090E-04
4142.455122	1.336482644	2.6979540E-04
4141.972993	1.336475849	2.6994490E-04
4141.490864	1.336468816	2.7008190E-04
4141.008735	1.336461782	2.7023290E-04
4140.526607	1.336454868	2.7040410E-04
4140.044478	1.336447954	2.7060280E-04
4139.562349	1.336440802	2.7082120E-04
4139.080220	1.336433887	2.7103550E-04
4138.598091	1.336426973	2.7124860E-04
4138.115963	1.336420178	2.7143200E-04
4137.633834	1.336413264	2.7155740E-04
4137.151705	1.336406589	2.7161700E-04
4136.669576	1.336399555	2.7159990E-04
4136.187448	1.336392879	2.7150160E-04
4135.705319	1.336385965	2.7132880E-04
4135.223190	1.336379051	2.7109270E-04
4134.741061	1.336372256	2.7079420E-04
4134.258933	1.336365104	2.7045960E-04
4133.776804	1.336357951	2.7011110E-04
4133.294675	1.336350918	2.6977150E-04
4132.812546	1.336343408	2.6945410E-04
4132.330418	1.336336374	2.6915130E-04
4131.848289	1.336329103	2.6885470E-04
4131.366160	1.336321950	2.6853220E-04
4130.884031	1.336314440	2.6817400E-04
4130.401903	1.336307406	2.6778830E-04
4129.919774	1.336299777	2.6735350E-04
4129.437645	1.336292505	2.6686410E-04
4128.955516	1.336285233	2.6631900E-04
4128.473388	1.336277723	2.6571210E-04
4127.991259	1.336270094	2.6505670E-04
4127.509130	1.336262584	2.6436560E-04
4127.027001	1.336254597	2.6366680E-04
4126.544872	1.336246729	2.6300310E-04
4126.062744	1.336238742	2.6240290E-04
4125.580615	1.336230516	2.6188210E-04
4125.098486	1.336222291	2.6142390E-04
4124.616357	1.336214423	2.6100960E-04
4124.134229	1.336205959	2.6062170E-04
4123.652100	1.336197972	2.6025910E-04
4123.169971	1.336189628	2.5992830E-04
4122.687842	1.336181283	2.5961740E-04
4122.205714	1.336173058	2.5929560E-04
4121.723585	1.336164594	2.5896540E-04
4121.241456	1.336156249	2.5862850E-04
4120.759327	1.336147785	2.5829130E-04
4120.277199	1.336139202	2.5798140E-04
4119.795070	1.336130381	2.5773000E-04
4119.312941	1.336121559	2.5756150E-04
4118.830812	1.336112738	2.5749090E-04
4118.348684	1.336103916	2.5751390E-04
4117.866555	1.336094975	2.5763390E-04
4117.384426	1.336086035	2.5784220E-04
4116.902297	1.336077213	2.5812950E-04
4116.420169	1.336068034	2.5850030E-04
4115.938040	1.336059451	2.5891980E-04
4115.455911	1.336050272	2.5937500E-04
4114.973782	1.336041451	2.5985240E-04
4114.491653	1.336032748	2.6033890E-04
4114.009525	1.336023808	2.6082790E-04
4113.527396	1.336014986	2.6132660E-04
4113.045267	1.336005688	2.6186310E-04
4112.563138	1.335996866	2.6246200E-04
4112.081010	1.335987806	2.6314260E-04
4111.598881	1.335978508	2.6392720E-04
4111.116752	1.335969448	2.6481740E-04
4110.634623	1.335960269	2.6580160E-04
4110.152495	1.335951209	2.6686910E-04
4109.670366	1.335942149	2.6801840E-04
4109.188237	1.335933208	2.6922920E-04
4108.706108	1.335924149	2.7049000E-04
4108.223980	1.335915446	2.7179070E-04
4107.741851	1.335906386	2.7310210E-04
4107.259722	1.335897684	2.7441340E-04
4106.777593	1.335888863	2.7571040E-04
4106.295465	1.335880160	2.7700390E-04
4105.813336	1.335871100	2.7831300E-04
4105.331207	1.335862398	2.7965940E-04
4104.849078	1.335853457	2.8107020E-04
4104.366950	1.335844755	2.8254450E-04
4103.884821	1.335835576	2.8409040E-04
4103.402692	1.335827112	2.8571880E-04
4102.920563	1.335817933	2.8741710E-04
4102.438434	1.335809469	2.8915680E-04
4101.956306	1.335800648	2.9091960E-04
4101.474177	1.335792184	2.9269590E-04
4100.992048	1.335783601	2.9448440E-04
4100.509919	1.335775256	2.9626010E-04
4100.027791	1.335766673	2.9799000E-04
4099.545662	1.335758209	2.9968130E-04
4099.063533	1.335749865	3.0134070E-04
4098.581404	1.335741162	3.0299440E-04
4098.099276	1.335732937	3.0465870E-04
4097.617147	1.335724473	3.0634440E-04
4097.135018	1.335715652	3.0806660E-04
4096.652889	1.335707307	3.0983460E-04
4096.170761	1.335698605	3.1166060E-04
4095.688632	1.335690260	3.1353630E-04
4095.206503	1.335681677	3.1543960E-04
4094.724374	1.335673332	3.1735580E-04
4094.242246	1.335664868	3.1928220E-04
4093.760117	1.335656524	3.2121470E-04
4093.277988	1.335648179	3.2312980E-04
4092.795859	1.335639834	3.2499990E-04
4092.313731	1.335631490	3.2682970E-04
4091.831602	1.335623145	3.2864130E-04
4091.349473	1.335614681	3.3045530E-04
4090.867344	1.335606337	3.3228420E-04
4090.385215	1.335597754	3.3415110E-04
4089.903087	1.335589290	3.3607560E-04
4089.420958	1.335580468	3.3805990E-04
4088.938829	1.335572004	3.4011020E-04
4088.456700	1.335563421	3.4223100E-04
4087.974572	1.335554838	3.4442260E-04
4087.492443	1.335546136	3.4667940E-04
4087.010314	1.335537791	3.4898360E-04
4086.528185	1.335529089	3.5132830E-04
4086.046057	1.335520744	3.5370080E-04
4085.563928	1.335512042	3.5609160E-04
4085.081799	1.335503817	3.5850840E-04
4084.599670	1.335495114	3.6095500E-04
4084.117542	1.335486770	3.6343480E-04
4083.635413	1.335478067	3.6597800E-04
4083.153284	1.335469484	3.6861530E-04
4082.671155	1.335460782	3.7135280E-04
4082.189027	1.335452437	3.7419630E-04
4081.706898	1.335443735	3.7714970E-04
4081.224769	1.335435271	3.8021830E-04
4080.742640	1.335426807	3.8341490E-04
4080.260511	1.335418344	3.8673200E-04
4079.778383	1.335410118	3.9014070E-04
4079.296254	1.335401893	3.9362250E-04
4078.814125	1.335393786	3.9716770E-04
4078.331996	1.335385799	4.0077240E-04
4077.849868	1.335377812	4.0443720E-04
4077.367739	1.335370064	4.0816190E-04
4076.885610	1.335362315	4.1194510E-04
4076.403481	1.335354686	4.1580190E-04
4075.921353	1.335346937	4.1972610E-04
4075.439224	1.335339665	4.2372210E-04
4074.957095	1.335332274	4.2779170E-04
4074.474966	1.335325122	4.3194280E-04
4073.992838	1.335317969	4.3618850E-04
4073.510709	1.335311294	4.4049460E-04
4073.028580	1.335304379	4.4483440E-04
4072.546451	1.335298181	4.4918620E-04
4072.064323	1.335291743	4.5353190E-04
4071.582194	1.335285783	4.5785650E-04
4071.100065	1.335279822	4.6214080E-04
4070.617936	1.335274339	4.6634860E-04
4070.135808	1.335268736	4.7047790E-04
4069.653679	1.335263610	4.7452680E-04
4069.171550	1.335258484	4.7848090E-04
4068.689421	1.335253477	4.8231640E-04
4068.207292	1.335248709	4.8601900E-04
4067.725164	1.335244060	4.8960360E-04
4067.243035	1.335239410	4.9308060E-04
4066.760906	1.335235238	4.9643790E-04
4066.278777	1.335231066	4.9964680E-04
4065.796649	1.335227013	5.0268810E-04
4065.314520	1.335223079	5.0556040E-04
4064.832391	1.335219264	5.0825350E-04
4064.350262	1.335215569	5.1073310E-04
4063.868134	1.335212111	5.1296710E-04
4063.386005	1.335208416	5.1496290E-04
4062.903876	1.335205078	5.1672380E-04
4062.421747	1.335201621	5.1824420E-04
4061.939619	1.335198283	5.1952400E-04
4061.457490	1.335194707	5.2056620E-04
4060.975361	1.335191250	5.2140910E-04
4060.493232	1.335187674	5.2207520E-04
4060.011104	1.335184216	5.2255470E-04
4059.528975	1.335180402	5.2284960E-04
4059.046846	1.335176826	5.2296370E-04
4058.564717	1.335172892	5.2291270E-04
4058.082589	1.335169315	5.2268010E-04
4057.600460	1.335165381	5.2223210E-04
4057.118331	1.335161567	5.2157230E-04
4056.636202	1.335157394	5.2073470E-04
4056.154073	1.335153222	5.1976670E-04
4055.671945	1.335148811	5.1865230E-04
4055.189816	1.335144639	5.1735250E-04
4054.707687	1.335140109	5.1586500E-04
4054.225558	1.335135341	5.1421910E-04
4053.743430	1.335130334	5.1245930E-04
4053.261301	1.335125566	5.1060230E-04
4052.779172	1.335120201	5.0863920E-04
4052.297043	1.335114837	5.0656290E-04
4051.814915	1.335109234	5.0440050E-04
4051.332786	1.335103512	5.0216870E-04
4050.850657	1.335097551	4.9987900E-04
4050.368528	1.335091591	4.9754020E-04
4049.886400	1.335085034	4.9514930E-04
4049.404271	1.335078597	4.9272650E-04
4048.922142	1.335071921	4.9028580E-04
4048.440013	1.335065007	4.8781710E-04
4047.957885	1.335057974	4.8533580E-04
4047.475756	1.335050464	4.8285460E-04
4046.993627	1.335043073	4.8038540E-04
4046.511498	1.335035443	4.7793430E-04
4046.029370	1.335027218	4.7552360E-04
4045.547241	1.335019112	4.7320130E-04
4045.065112	1.335010529	4.7102140E-04
4044.582983	1.335002065	4.6900330E-04
4044.100854	1.334993005	4.6715250E-04
4043.618726	1.334984183	4.6545820E-04
4043.136597	1.334974885	4.6393080E-04
4042.654468	1.334965944	4.6258340E-04
4042.172339	1.334956408	4.6143080E-04
4041.690211	1.334947109	4.6045320E-04
4041.208082	1.334937453	4.5965200E-04
4040.725953	1.334928155	4.5903650E-04
4040.243824	1.334918499	4.5860030E-04
4039.761696	1.334908843	4.5834210E-04
4039.279567	1.334899187	4.5828100E-04
4038.797438	1.334889412	4.5843450E-04
4038.315309	1.334879637	4.5883230E-04
4037.833181	1.334869981	4.5949420E-04
4037.351052	1.334860325	4.6039900E-04
4036.868923	1.334850788	4.6152620E-04
4036.386794	1.334841251	4.6287350E-04
4035.904666	1.334832072	4.6443770E-04
4035.422537	1.334822893	4.6618900E-04
4034.940408	1.334814072	4.6809830E-04
4034.458279	1.334805131	4.7014020E-04
4033.976151	1.334796786	4.7228930E-04
4033.494022	1.334788561	4.7453430E-04
4033.011893	1.334780335	4.7684700E-04
4032.529764	1.334772587	4.7918990E-04
4032.047635	1.334765077	4.8155120E-04
4031.565507	1.334757566	4.8393460E-04
4031.083378	1.334750533	4.8632230E-04
4030.601249	1.334743500	4.8868140E-04
4030.119120	1.334736943	4.9099500E-04
4029.636992	1.334730387	4.9324180E-04
4029.154863	1.334724307	4.9539860E-04
4028.672734	1.334718227	4.9742900E-04
4028.190605	1.334712744	4.9927410E-04
4027.708477	1.334707141	5.0088320E-04
4027.226348	1.334702134	5.0223420E-04
4026.744219	1.334696889	5.0332680E-04
4026.262090	1.334691882	5.0414310E-04
4025.779962	1.334686995	5.0465540E-04
4025.297833	1.334682107	5.0486190E-04
4024.815704	1.334677219	5.0477420E-04
4024.333575	1.334672332	5.0440370E-04
4023.851447	1.334667325	5.0374650E-04
4023.369318	1.334662318	5.0280780E-04
4022.887189	1.334657192	5.0162170E-04
4022.405060	1.334651828	5.0022340E-04
4021.922932	1.334646344	4.9864520E-04
4021.440803	1.334640741	4.9689270E-04
4020.958674	1.334634781	4.9495620E-04
4020.476545	1.334628820	4.9286850E-04
4019.994416	1.334622622	4.9065730E-04
4019.512288	1.334616423	4.8834500E-04
4019.030159	1.334609628	4.8593570E-04
4018.548030	1.334603071	4.8344950E-04
4018.065901	1.334595799	4.8090250E-04
4017.583773	1.334588766	4.7831780E-04
4017.101644	1.334581137	4.7572630E-04
4016.619515	1.334573746	4.7313890E-04
4016.137386	1.334565759	4.7058430E-04
4015.655258	1.334557891	4.6809140E-04
4015.173129	1.334549546	4.6568730E-04
4014.691000	1.334541202	4.6338470E-04
4014.208871	1.334532619	4.6118280E-04
4013.726743	1.334524155	4.5907360E-04
4013.244614	1.334515452	4.5706700E-04
4012.762485	1.334506631	4.5516040E-04
4012.280356	1.334497809	4.5333820E-04
4011.798228	1.334489226	4.5158450E-04
4011.316099	1.334479928	4.4988230E-04
4010.833970	1.334471345	4.4824280E-04
4010.351841	1.334462047	4.4666190E-04
4009.869713	1.334453225	4.4513370E-04
4009.387584	1.334443808	4.4368290E-04
4008.905455	1.334434748	4.4232820E-04
4008.423326	1.334425449	4.4108650E-04
4007.941197	1.334416151	4.3995930E-04
4007.459069	1.334406734	4.3894870E-04
4006.976940	1.334397554	4.3804760E-04
4006.494811	1.334388137	4.3724030E-04
4006.012682	1.334378958	4.3651930E-04
4005.530554	1.334369898	4.3585430E-04
4005.048425	1.334360600	4.3522860E-04
4004.566296	1.334351540	4.3462900E-04
4004.084167	1.334342599	4.3406810E-04
4003.602039	1.334333420	4.3354180E-04
4003.119910	1.334324479	4.3302740E-04
4002.637781	1.334315419	4.3252900E-04
4002.155652	1.334306479	4.3204180E-04
4001.673524	1.334297299	4.3159470E-04
4001.191395	1.334288478	4.3119720E-04
4000.709266	1.334279418	4.3085180E-04
4000.227137	1.334270716	4.3055640E-04
3999.745009	1.334261656	4.3029330E-04
3999.262880	1.334252954	4.3006690E-04
3998.780751	1.334244132	4.2987150E-04
3998.298622	1.334235430	4.2967670E-04
3997.816494	1.334226727	4.2947690E-04
3997.334365	1.334218502	4.2927380E-04
3996.852236	1.334209681	4.2904340E-04
3996.370107	1.334201694	4.2876620E-04
3995.887978	1.334192991	4.2843260E-04
3995.405850	1.334184766	4.2803720E-04
3994.923721	1.334176540	4.2759340E-04
3994.441592	1.334168196	4.2711070E-04
3993.959463	1.334159970	4.2658660E-04
3993.477335	1.334151745	4.2603280E-04
3992.995206	1.334143281	4.2547120E-04
3992.513077	1.334135056	4.2491920E-04
3992.030948	1.334126949	4.2435640E-04
3991.548820	1.334118724	4.2374390E-04
3991.066691	1.334110618	4.2306920E-04
3990.584562	1.334102631	4.2234040E-04
3990.102433	1.334094524	4.2156490E-04
3989.620305	1.334086657	4.2071730E-04
3989.138176	1.334078550	4.1976540E-04
3988.656047	1.334070802	4.1870820E-04
3988.173918	1.334062696	4.1755020E-04
3987.691790	1.334054708	4.1630460E-04
3987.209661	1.334046602	4.1497070E-04
3986.727532	1.334038734	4.1357550E-04
3986.245403	1.334030390	4.1214090E-04
3985.763275	1.334022284	4.1068370E-04
3985.281146	1.334013939	4.0922100E-04
3984.799017	1.334005952	4.0772420E-04
3984.316888	1.333997607	4.0618180E-04
3983.834759	1.333989501	4.0459490E-04
3983.352631	1.333981276	4.0295230E-04
3982.870502	1.333973050	4.0124400E-04
3982.388373	1.333964825	3.9945940E-04
3981.906244	1.333956599	3.9759430E-04
3981.424116	1.333948374	3.9565060E-04
3980.941987	1.333940148	3.9361590E-04
3980.459858	1.333931684	3.9147160E-04
3979.977729	1.333923340	3.8923940E-04
3979.495601	1.333914876	3.8694230E-04
3979.013472	1.333906412	3.8461050E-04
3978.531343	1.333897591	3.8224920E-04
3978.049214	1.333889127	3.7984740E-04
3977.567086	1.333880186	3.7739780E-04
3977.084957	1.333871484	3.7491730E-04
3976.602828	1.333862782	3.7240150E-04
3976.120699	1.333853841	3.6982910E-04
3975.638571	1.333845019	3.6718890E-04
3975.156442	1.333835959	3.6449050E-04
3974.674313	1.333826900	3.6173880E-04
3974.192184	1.333817959	3.5891640E-04
3973.710056	1.333808661	3.5599980E-04
3973.227927	1.333799601	3.5299040E-04
3972.745798	1.333790064	3.4992900E-04
3972.263669	1.333780527	3.4685760E-04
3971.781540	1.333770871	3.4378860E-04
3971.299412	1.333761334	3.4071100E-04
3970.817283	1.333751082	3.3764610E-04
3970.335154	1.333741426	3.3461120E-04
3969.853025	1.333731174	3.3162710E-04
3969.370897	1.333721161	3.2867500E-04
3968.888768	1.333711028	3.2573670E-04
3968.406639	1.333700895	3.2281240E-04
3967.924510	1.333690405	3.1990480E-04
3967.442382	1.333680391	3.1700960E-04
3966.960253	1.333669901	3.1408440E-04
3966.478124	1.333659649	3.1110580E-04
3965.995995	1.333649278	3.0808100E-04
3965.513867	1.333638787	3.0503330E-04
3965.031738	1.333628058	3.0198090E-04
3964.549609	1.333617449	2.9894580E-04
3964.067480	1.333606601	2.9594670E-04
3963.585352	1.333595634	2.9300030E-04
3963.103223	1.333584666	2.9011060E-04
3962.621094	1.333573699	2.8725880E-04
3962.138965	1.333562732	2.8443460E-04
3961.656837	1.333551526	2.8165120E-04
3961.174708	1.333540440	2.7893010E-04
3960.692579	1.333529353	2.7622550E-04
3960.210450	1.333518267	2.7348000E-04
3959.728321	1.333507299	2.7067560E-04
3959.246193	1.333496094	2.6782310E-04
3958.764064	1.333485007	2.6492500E-04
3958.281935	1.333473563	2.6198160E-04
3957.799806	1.333462358	2.5900030E-04
3957.317678	1.333450794	2.5602080E-04
3956.835549	1.333439231	2.5310460E-04
3956.353420	1.333427429	2.5026030E-04
3955.871291	1.333415747	2.4747130E-04
3955.389163	1.333403826	2.4471160E-04
3954.907034	1.333392024	2.4199330E-04
3954.424905	1.333380103	2.3933860E-04
3953.942776	1.333368301	2.3673650E-04
3953.460648	1.333356380	2.3413810E-04
3952.978519	1.333344579	2.3152350E-04
3952.496390	1.333332539	2.2888940E-04
3952.014261	1.333320618	2.2621340E-04
3951.532133	1.333308578	2.2347920E-04
3951.050004	1.333296657	2.2069180E-04
3950.567875	1.333284259	2.1789590E-04
3950.085746	1.333271980	2.1515630E-04
3949.603618	1.333259344	2.1251490E-04
3949.121489	1.333246946	2.0994650E-04
3948.639360	1.333234310	2.0741690E-04
3948.157231	1.333221793	2.0494770E-04
3947.675102	1.333208919	2.0257860E-04
3947.192974	1.333196282	2.0031740E-04
3946.710845	1.333183527	1.9814320E-04
3946.228716	1.333171010	1.9599920E-04
3945.746587	1.333158374	1.9383560E-04
3945.264459	1.333145857	1.9162960E-04
3944.782330	1.333133221	1.8936750E-04
3944.300201	1.333120704	1.8703640E-04
3943.818072	1.333107829	1.8465350E-04
3943.335944	1.333095074	1.8227310E-04
3942.853815	1.333081961	1.7995830E-04
3942.371686	1.333068848	1.7775460E-04
3941.889557	1.333055615	1.7584789E-04
3941.407429	1.333042741	1.7381010E-04
3940.925300	1.333029509	1.7184574E-04
3940.443171	1.333016515	1.6994247E-04
3939.961042	1.333003402	1.6808427E-04
3939.478914	1.332990527	1.6625170E-04
3938.996785	1.332977295	1.6442861E-04
3938.514656	1.332964420	1.6260344E-04
3938.032527	1.332951307	1.6076364E-04
3937.550399	1.332938433	1.5889906E-04
3937.068270	1.332925200	1.5700656E-04
3936.586141	1.332912207	1.5508899E-04
3936.104012	1.332898974	1.5315933E-04
3935.621883	1.332885861	1.5123216E-04
3935.139755	1.332872510	1.4931779E-04
3934.657626	1.332859397	1.4742574E-04
3934.175497	1.332845807	1.4556957E-04
3933.693368	1.332832575	1.4376334E-04
3933.211240	1.332818985	1.4201556E-04
3932.729111	1.332805753	1.4031886E-04
3932.246982	1.332792282	1.3865483E-04
3931.764853	1.332778931	1.3700466E-04
3931.282725	1.332765460	1.3535047E-04
3930.800596	1.332752228	1.3367613E-04
3930.318467	1.332738757	1.3196449E-04
3929.836338	1.332725525	1.3020286E-04
3929.354210	1.332712054	1.2839386E-04
3928.872081	1.332698584	1.2655320E-04
3928.389952	1.332684994	1.2470103E-04
3927.907823	1.332671404	1.2285536E-04
3927.425695	1.332657695	1.2102833E-04
3926.943566	1.332643986	1.1923053E-04
3926.461437	1.332630157	1.1750372E-04
3925.979308	1.332616448	1.1579616E-04
3925.497180	1.332602501	1.1410328E-04
3925.015051	1.332588792	1.1242097E-04
3924.532922	1.332574725	1.1074687E-04
3924.050793	1.332561016	1.0907703E-04
3923.568664	1.332547069	1.0740514E-04
3923.086536	1.332533240	1.0569123E-04
3922.604407	1.332519054	1.0398580E-04
3922.122278	1.332505226	1.0228965E-04
3921.640149	1.332491040	1.0060269E-04
3921.158021	1.332476974	9.8924293E-05
3920.675892	1.332462788	9.7253896E-05
3920.193763	1.332448721	9.5591489E-05
3919.711634	1.332434297	9.3937655E-05
3919.229506	1.332420111	9.2293424E-05
3918.747377	1.332405806	9.0660064E-05
3918.265248	1.332391500	8.9038962E-05
3917.783119	1.332376957	8.7431452E-05
3917.300991	1.332362652	8.5838713E-05
3916.818862	1.332347989	8.4261916E-05
3916.336733	1.332333565	8.2702143E-05
3915.854604	1.332318902	8.1160315E-05
3915.372476	1.332304358	7.9637298E-05
3914.890347	1.332289577	7.8133921E-05
3914.408218	1.332275033	7.6650725E-05
3913.926089	1.332260132	7.5187470E-05
3913.443961	1.332245469	7.3743008E-05
3912.961832	1.332230568	7.2316223E-05
3912.479703	1.332215786	7.0907285E-05
3911.997574	1.332200885	6.9517826E-05
3911.515445	1.332185984	6.8149784E-05
3911.033317	1.332170844	6.6804287E-05
3910.551188	1.332155943	6.5482052E-05
3910.069059	1.332140803	6.4184604E-05
3909.586930	1.332125783	6.2914276E-05
3909.104802	1.332110524	6.1672634E-05
3908.622673	1.332095504	6.0459211E-05
3908.140544	1.332080245	5.9272278E-05
3907.658415	1.332065105	5.8110938E-05
3907.176287	1.332049727	5.6976055E-05
3906.694158	1.332034469	5.5869048E-05
3906.212029	1.332019091	5.4790332E-05
3905.729900	1.332003832	5.3739263E-05
3905.247772	1.331988215	5.2715381E-05
3904.765643	1.331972957	5.1719148E-05
3904.283514	1.331957340	5.0751314E-05
3903.801385	1.331941962	4.9811902E-05
3903.319257	1.331926346	4.8900112E-05
3902.837128	1.331910849	4.8015162E-05
3902.354999	1.331895232	4.7156908E-05
3901.872870	1.331879735	4.6325596E-05
3901.390742	1.331863999	4.5521143E-05
3900.908613	1.331848502	4.4742700E-05
3900.426484	1.331832647	4.3988882E-05
3899.944355	1.331817150	4.3258527E-05
3899.462226	1.331801295	4.2551385E-05
3898.980098	1.331785560	4.1868133E-05
3898.497969	1.331769705	4.1209620E-05
3898.015840	1.331753969	4.0576170E-05
3897.533711	1.331738114	3.9967824E-05
3897.051583	1.331722379	3.9385223E-05
3896.569454	1.331706405	3.8829585E-05
3896.087325	1.331690550	3.8301196E-05
3895.605196	1.331674576	3.7798028E-05
3895.123068	1.331658721	3.7316433E-05
3894.640939	1.331642628	3.6853565E-05
3894.158810	1.331626773	3.6409082E-05
3893.676681	1.331610680	3.5984303E-05
3893.194553	1.331594706	3.5580121E-05
3892.712424	1.331578493	3.5196407E-05
3892.230295	1.331562519	3.4833320E-05
3891.748166	1.331546307	3.4492341E-05
3891.266038	1.331530333	3.4175330E-05
3890.783909	1.331514001	3.3882652E-05
3890.301780	1.331497908	3.3612753E-05
3889.819651	1.331481576	3.3363741E-05
3889.337522	1.331465483	3.3135047E-05
3888.855394	1.331449151	3.2927533E-05
3888.373265	1.331432939	3.2742742E-05
3887.891136	1.331416488	3.2582660E-05
3887.409007	1.331400156	3.2450063E-05
3886.926879	1.331383705	3.2348402E-05
3886.444750	1.331367373	3.2280921E-05
3885.962621	1.331350803	3.2249783E-05
3885.480492	1.331334472	3.2255780E-05
3884.998364	1.331317782	3.2298302E-05
3884.516235	1.331301451	3.2375224E-05
3884.034106	1.331284761	3.2483170E-05
3883.551977	1.331268311	3.2618674E-05
3883.069849	1.331251621	3.2779595E-05
3882.587720	1.331235170	3.2965794E-05
3882.105591	1.331218481	3.3179043E-05
3881.623462	1.331201911	3.3422966E-05
3881.141334	1.331185102	3.3703092E-05
3880.659205	1.331168532	3.4025826E-05
3880.177076	1.331151724	3.4395888E-05
3879.694947	1.331135035	3.4814042E-05
3879.212819	1.331118226	3.5277380E-05
3878.730690	1.331101537	3.5781907E-05
3878.248561	1.331084609	3.6324801E-05
3877.766432	1.331068039	3.6904633E-05
3877.284303	1.331051111	3.7520794E-05
3876.802175	1.331034422	3.8174134E-05
3876.320046	1.331017494	3.8868359E-05
3875.837917	1.331000805	3.9609676E-05
3875.355788	1.330983877	4.0403942E-05
3874.873660	1.330967069	4.1253642E-05
3874.391531	1.330950141	4.2157280E-05
3873.909402	1.330933452	4.3111255E-05
3873.427273	1.330916524	4.4112034E-05
3872.945145	1.330899835	4.5157089E-05
3872.463016	1.330882907	4.6244846E-05
3871.980887	1.330866337	4.7374397E-05
3871.498758	1.330849528	4.8545088E-05
3871.016630	1.330832958	4.9756012E-05
3870.534501	1.330816150	5.1005856E-05
3870.052372	1.330799580	5.2293171E-05
3869.570243	1.330782890	5.3616359E-05
3869.088115	1.330766439	5.4972902E-05
3868.605986	1.330749750	5.6358753E-05
3868.123857	1.330733418	5.7768979E-05
3867.641728	1.330716848	5.9199122E-05
3867.159600	1.330700636	6.0645427E-05
3866.677471	1.330684185	6.2103609E-05
3866.195342	1.330668092	6.3568120E-05
3865.713213	1.330651760	6.5033483E-05
3865.231084	1.330635667	6.6496129E-05
3864.748956	1.330619454	6.7953673E-05
3864.266827	1.330603600	6.9401437E-05
3863.784698	1.330587506	7.0829659E-05
3863.302569	1.330571651	7.2224467E-05
3862.820441	1.330555797	7.3571759E-05
3862.338312	1.330540180	7.4860345E-05
3861.856183	1.330524325	7.6082128E-05
3861.374054	1.330508709	7.7231159E-05
3860.891926	1.330492973	7.8304406E-05
3860.409797	1.330477476	7.9303655E-05
3859.927668	1.330461740	8.0235261E-05
3859.445539	1.330446243	8.1106253E-05
3858.963411	1.330430627	8.1919352E-05
3858.481282	1.330415130	8.2671331E-05
3857.999153	1.330399513	8.3355630E-05
3857.517024	1.330384016	8.3965911E-05
3857.034896	1.330368400	8.4497292E-05
3856.552767	1.330352902	8.4945173E-05
3856.070638	1.330337286	8.5304160E-05
3855.588509	1.330321908	8.5568863E-05
3855.106381	1.330306172	8.5735735E-05
3854.624252	1.330290794	8.5803733E-05
3854.142123	1.330275059	8.5773058E-05
3853.659994	1.330259442	8.5643651E-05
3853.177865	1.330243707	8.5415337E-05
3852.695737	1.330228090	8.5089485E-05
3852.213608	1.330212116	8.4670003E-05
3851.731479	1.330196381	8.4162328E-05
3851.249350	1.330180287	8.3571636E-05
3850.767222	1.330164313	8.2902527E-05
3850.285093	1.330147982	8.2160432E-05
3849.802964	1.330131888	8.1352972E-05
3849.320835	1.330115438	8.0489514E-05
3848.838707	1.330099106	7.9578863E-05
3848.356578	1.330082417	7.8626903E-05
3847.874449	1.330065846	7.7636110E-05
3847.392320	1.330049038	7.6606781E-05
3846.910192	1.330032349	7.5538357E-05
3846.428063	1.330015302	7.4430132E-05
3845.945934	1.329998374	7.3281918E-05
3845.463805	1.329981089	7.2095314E-05
3844.981677	1.329964042	7.0875227E-05
3844.499548	1.329946518	6.9630187E-05
3844.017419	1.329929113	6.8370818E-05
3843.535290	1.329911470	6.7107678E-05
3843.053162	1.329893827	6.5849836E-05
3842.571033	1.329875827	6.4604546E-05
3842.088904	1.329857945	6.3377529E-05
3841.606775	1.329839706	6.2173253E-05
3841.124646	1.329821706	6.0995078E-05
3840.642518	1.329803348	5.9845816E-05
3840.160389	1.329784989	5.8728709E-05
3839.678260	1.329766393	5.7647969E-05
3839.196131	1.329747915	5.6608359E-05
3838.714003	1.329729080	5.5614409E-05
3838.231874	1.329710364	5.4670252E-05
3837.749745	1.329691410	5.3779966E-05
3837.267616	1.329672456	5.2947532E-05
3836.785488	1.329653382	5.2176024E-05
3836.303359	1.329634309	5.1466925E-05
3835.821230	1.329614997	5.0820375E-05
3835.339101	1.329595923	5.0235965E-05
3834.856973	1.329576492	4.9713177E-05
3834.374844	1.329557180	4.9251526E-05
3833.892715	1.329537749	4.8851087E-05
3833.410586	1.329518318	4.8513260E-05
3832.928458	1.329498768	4.8240546E-05
3832.446329	1.329479337	4.8034695E-05
3831.964200	1.329459548	4.7894628E-05
3831.482071	1.329440117	4.7816267E-05
3830.999943	1.329420328	4.7794249E-05
3830.517814	1.329400778	4.7823511E-05
3830.035685	1.329380989	4.7899506E-05
3829.553556	1.329361439	4.8018019E-05
3829.071427	1.329341650	4.8175879E-05
3828.589299	1.329321980	4.8372274E-05
3828.107170	1.329302073	4.8609072E-05
3827.625041	1.329282522	4.8889451E-05
3827.142912	1.329262495	4.9215934E-05
3826.660784	1.329242826	4.9588907E-05
3826.178655	1.329222918	5.0005804E-05
3825.696526	1.329203248	5.0460991E-05
3825.214397	1.329183340	5.0946800E-05
3824.732269	1.329163551	5.1455774E-05
3824.250140	1.329143643	5.1982969E-05
3823.768011	1.329123855	5.2526665E-05
3823.285882	1.329103947	5.3087243E-05
3822.803754	1.329084158	5.3665944E-05
3822.321625	1.329064250	5.4264764E-05
3821.839496	1.329044461	5.4886534E-05
3821.357367	1.329024434	5.5533640E-05
3820.875239	1.329004645	5.6205695E-05
3820.393110	1.328984618	5.6898395E-05
3819.910981	1.328964829	5.7604957E-05
3819.428852	1.328944802	5.8318801E-05
3818.946724	1.328925133	5.9035088E-05
3818.464595	1.328905106	5.9750501E-05
3817.982466	1.328885317	6.0462553E-05
3817.500337	1.328865290	6.1169579E-05
3817.018208	1.328845501	6.1871047E-05
3816.536080	1.328825474	6.2567114E-05
3816.053951	1.328805566	6.3257498E-05
3815.571822	1.328785539	6.3940854E-05
3815.089693	1.328765750	6.4615431E-05
3814.607565	1.328745604	6.5280052E-05
3814.125436	1.328725696	6.5933978E-05
3813.643307	1.328705668	6.6575875E-05
3813.161178	1.328685760	6.7203419E-05
3812.679050	1.328665614	6.7814331E-05
3812.196921	1.328645706	6.8407761E-05
3811.714792	1.328625441	6.8984195E-05
3811.232663	1.328605533	6.9543636E-05
3810.750535	1.328585267	7.0083854E-05
3810.268406	1.328565240	7.0600512E-05
3809.786277	1.328544974	7.1089200E-05
3809.304148	1.328524947	7.1547439E-05
3808.822020	1.328504682	7.1974739E-05
3808.339891	1.328484535	7.2371241E-05
3807.857762	1.328464150	7.2737003E-05
3807.375633	1.328443885	7.3072704E-05
3806.893505	1.328423500	7.3380417E-05
3806.411376	1.328403115	7.3662795E-05
3805.929247	1.328382611	7.3921044E-05
3805.447118	1.328362226	7.4153831E-05
3804.964989	1.328341484	7.4358307E-05
3804.482861	1.328320980	7.4532153E-05
3804.000732	1.328300238	7.4674902E-05
3803.518603	1.328279614	7.4787944E-05
3803.036474	1.328258753	7.4873989E-05
3802.554346	1.328238010	7.4936828E-05
3802.072217	1.328217030	7.4981170E-05
3801.590088	1.328196168	7.5011752E-05
3801.107959	1.328174949	7.5031794E-05
3800.625831	1.328153968	7.5042129E-05
3800.143702	1.328132629	7.5041971E-05
3799.661573	1.328111529	7.5030443E-05
3799.179444	1.328090072	7.5007393E-05
3798.697316	1.328068852	7.4973131E-05
3798.215187	1.328047156	7.4928339E-05
3797.733058	1.328025818	7.4875173E-05
3797.250929	1.328004003	7.4818696E-05
3796.768801	1.327982426	7.4766715E-05
3796.286672	1.327960491	7.4727455E-05
3795.804543	1.327938676	7.4706737E-05
3795.322414	1.327916622	7.4707056E-05
3794.840286	1.327894688	7.4728941E-05
3794.358157	1.327872396	7.4772698E-05
3793.876028	1.327850342	7.4838759E-05
3793.393899	1.327828050	7.4927169E-05
3792.911770	1.327805758	7.5037956E-05
3792.429642	1.327783346	7.5172674E-05
3791.947513	1.327760935	7.5335397E-05
3791.465384	1.327738285	7.5531712E-05
3790.983255	1.327715874	7.5766431E-05
3790.501127	1.327692986	7.6042051E-05
3790.018998	1.327670455	7.6358783E-05
3789.536869	1.327647567	7.6715327E-05
3789.054740	1.327624917	7.7109417E-05
3788.572612	1.327602029	7.7538195E-05
3788.090483	1.327579260	7.7998907E-05
3787.608354	1.327556252	7.8489818E-05
3787.126225	1.327533364	7.9010522E-05
3786.644097	1.327510238	7.9561298E-05
3786.161968	1.327487350	8.0142235E-05
3785.679839	1.327464104	8.0752813E-05
3785.197710	1.327441216	8.1391873E-05
3784.715582	1.327417970	8.2057437E-05
3784.233453	1.327394962	8.2746309E-05
3783.751324	1.327371716	8.3454094E-05
3783.269195	1.327348590	8.4175898E-05
3782.787067	1.327325344	8.4907102E-05
3782.304938	1.327302217	8.5643601E-05
3781.822809	1.327278972	8.6381634E-05
3781.340680	1.327255845	8.7117767E-05
3780.858551	1.327232480	8.7849197E-05
3780.376423	1.327209353	8.8573846E-05
3779.894294	1.327185869	8.9289873E-05
3779.412165	1.327162623	8.9995106E-05
3778.930036	1.327139139	9.0687031E-05
3778.447908	1.327115893	9.1363480E-05
3777.965779	1.327092290	9.2023180E-05
3777.483650	1.327068925	9.2665619E-05
3777.001521	1.327045321	9.3290592E-05
3776.519393	1.327021837	9.3897933E-05
3776.037264	1.326998115	9.4487619E-05
3775.555135	1.326974630	9.5059852E-05
3775.073006	1.326950788	9.5614868E-05
3774.590878	1.326927185	9.6152690E-05
3774.108749	1.326903224	9.6673181E-05
3773.626620	1.326879501	9.7176303E-05
3773.144491	1.326855540	9.7662420E-05
3772.662363	1.326831698	9.8132590E-05
3772.180234	1.326807499	9.8588563E-05
3771.698105	1.326783538	9.9032426E-05
3771.215976	1.326759338	9.9466061E-05
3770.733848	1.326735139	9.9890821E-05
3770.251719	1.326710820	1.0030764E-04
3769.769590	1.326686502	1.0071716E-04
3769.287461	1.326662064	1.0111969E-04
3768.805332	1.326637626	1.0151495E-04
3768.323204	1.326612949	1.0190226E-04
3767.841075	1.326588511	1.0228139E-04
3767.358946	1.326563716	1.0265301E-04
3766.876817	1.326539159	1.0301847E-04
3766.394689	1.326514244	1.0337914E-04
3765.912560	1.326489568	1.0373634E-04
3765.430431	1.326464534	1.0409196E-04
3764.948302	1.326439619	1.0444857E-04
3764.466174	1.326414466	1.0480830E-04
3763.984045	1.326389551	1.0517150E-04
3763.501916	1.326364160	1.0553661E-04
3763.019787	1.326339126	1.0590133E-04
3762.537659	1.326313615	1.0626330E-04
3762.055530	1.326288462	1.0661922E-04
3761.573401	1.326262951	1.0696397E-04
3761.091272	1.326237679	1.0729159E-04
3760.609144	1.326212049	1.0759825E-04
3760.127015	1.326186538	1.0788423E-04
3759.644886	1.326160789	1.0815246E-04
3759.162757	1.326135159	1.0840519E-04
3758.680629	1.326109290	1.0864262E-04
3758.198500	1.326083660	1.0886463E-04
3757.716371	1.326057553	1.0907307E-04
3757.234242	1.326031685	1.0927158E-04
3756.752113	1.326005459	1.0946321E-04
3756.269985	1.325979352	1.0964919E-04
3755.787856	1.325953007	1.0983062E-04
3755.305727	1.325926781	1.1001028E-04
3754.823598	1.325900197	1.1019148E-04
3754.341470	1.325873733	1.1037426E-04
3753.859341	1.325847149	1.1055270E-04
3753.377212	1.325820684	1.1071716E-04
3752.895083	1.325793862	1.1086017E-04
3752.412955	1.325767159	1.1098082E-04
3751.930826	1.325740218	1.1108417E-04
3751.448697	1.325713277	1.1117744E-04
3750.966568	1.325686097	1.1126763E-04
3750.484440	1.325659037	1.1136158E-04
3750.002311	1.325631618	1.1146628E-04
3749.520182	1.325604320	1.1158677E-04
3749.038053	1.325576782	1.1172337E-04
3748.555925	1.325549364	1.1187190E-04
3748.073796	1.325521588	1.1202787E-04
3747.591667	1.325493932	1.1219050E-04
3747.109538	1.325466037	1.1236266E-04
3746.627410	1.325438261	1.1254685E-04
3746.145281	1.325410247	1.1274160E-04
3745.663152	1.325382233	1.1294234E-04
3745.181023	1.325354099	1.1314540E-04
3744.698894	1.325325966	1.1335020E-04
3744.216766	1.325297594	1.1355753E-04
3743.734637	1.325269341	1.1376700E-04
3743.252508	1.325240731	1.1397752E-04
3742.770379	1.325212359	1.1418992E-04
3742.288251	1.325183511	1.1440755E-04
3741.806122	1.325154901	1.1463313E-04
3741.323993	1.325126052	1.1486552E-04
3740.841864	1.325097203	1.1510127E-04
3740.359736	1.325068116	1.1534009E-04
3739.877607	1.325039029	1.1558810E-04
3739.395478	1.325009704	1.1585532E-04
3738.913349	1.324980617	1.1614923E-04
3738.431221	1.324951053	1.1647104E-04
3737.949092	1.324921608	1.1681755E-04
3737.466963	1.324892044	1.1718466E-04
3736.984834	1.324862480	1.1756806E-04
3736.502706	1.324832678	1.1796188E-04
3736.020577	1.324802995	1.1835902E-04
3735.538448	1.324772954	1.1875470E-04
3735.056319	1.324743032	1.1914983E-04
3734.574191	1.324712992	1.1955034E-04
3734.092062	1.324682832	1.1996302E-04
3733.609933	1.324652553	1.2039231E-04
3733.127804	1.324622273	1.2084037E-04
3732.645675	1.324591637	1.2130896E-04
3732.163547	1.324561238	1.2180038E-04
3731.681418	1.324530482	1.2231673E-04
3731.199289	1.324499846	1.2285880E-04
3730.717160	1.324468851	1.2342621E-04
3730.235032	1.324438095	1.2401839E-04
3729.752903	1.324406981	1.2463484E-04
3729.270774	1.324376106	1.2527438E-04
3728.788645	1.324344754	1.2593449E-04
3728.306517	1.324313760	1.2661200E-04
3727.824388	1.324282289	1.2730466E-04
3727.342259	1.324251056	1.2801197E-04
3726.860130	1.324219465	1.2873416E-04
3726.378002	1.324188113	1.2947038E-04
3725.895873	1.324156404	1.3021808E-04
3725.413744	1.324124813	1.3097403E-04
3724.931615	1.324092865	1.3173545E-04
3724.449487	1.324061275	1.3249978E-04
3723.967358	1.324029207	1.3326370E-04
3723.485229	1.323997378	1.3402328E-04
3723.003100	1.323965192	1.3477547E-04
3722.520972	1.323933125	1.3551942E-04
3722.038843	1.323900819	1.3625558E-04
3721.556714	1.323868632	1.3698367E-04
3721.074585	1.323836207	1.3770180E-04
3720.592456	1.323803782	1.3840762E-04
3720.110328	1.323771000	1.3910007E-04
3719.628199	1.323738575	1.3977937E-04
3719.146070	1.323705673	1.4044551E-04
3718.663941	1.323672891	1.4109746E-04
3718.181813	1.323639870	1.4173420E-04
3717.699684	1.323606968	1.4235628E-04
3717.217555	1.323573589	1.4296548E-04
3716.735426	1.323540449	1.4356304E-04
3716.253298	1.323506951	1.4414840E-04
3715.771169	1.323473573	1.4472020E-04
3715.289040	1.323439717	1.4527809E-04
3714.806911	1.323406219	1.4582330E-04
3714.324783	1.323372126	1.4635749E-04
3713.842654	1.323338389	1.4688143E-04
3713.360525	1.323304057	1.4739510E-04
3712.878396	1.323270082	1.4789879E-04
3712.396268	1.323235512	1.4839363E-04
3711.914139	1.323201180	1.4888094E-04
3711.432010	1.323166490	1.4936128E-04
3710.949881	1.323131800	1.4983432E-04
3710.467753	1.323096871	1.5029995E-04
3709.985624	1.323061943	1.5075918E-04
3709.503495	1.323026657	1.5121418E-04
3709.021366	1.322991490	1.5166778E-04
3708.539237	1.322955966	1.5212325E-04
3708.057109	1.322920442	1.5258468E-04
3707.574980	1.322884560	1.5305720E-04
3707.092851	1.322848797	1.5354607E-04
3706.610722	1.322812676	1.5405497E-04
3706.128594	1.322776675	1.5458488E-04
3705.646465	1.322740197	1.5513466E-04
3705.164336	1.322703838	1.5570269E-04
3704.682207	1.322667122	1.5628795E-04
3704.200079	1.322630525	1.5688984E-04
3703.717950	1.322593451	1.5750735E-04
3703.235821	1.322556615	1.5813928E-04
3702.753692	1.322519422	1.5878543E-04
3702.271564	1.322482109	1.5944733E-04
3701.789435	1.322444677	1.6012750E-04
3701.307306	1.322407126	1.6082764E-04
3700.825177	1.322369337	1.6154777E-04
3700.343049	1.322331429	1.6228724E-04
3699.860920	1.322293282	1.6304657E-04
3699.378791	1.322255254	1.6382798E-04
3698.896662	1.322216749	1.6463415E-04
3698.414533	1.322178483	1.6546644E-04
3697.932405	1.322139740	1.6632444E-04
3697.450276	1.322100997	1.6720719E-04
3696.968147	1.322061896	1.6811480E-04
3696.486018	1.322023034	1.6904918E-04
3696.003890	1.321983576	1.7001331E-04
3695.521761	1.321944356	1.7100995E-04
3695.039632	1.321904659	1.7204113E-04
3694.557503	1.321864963	1.7310869E-04
3694.075375	1.321825027	1.7421464E-04
3693.593246	1.321785092	1.7536046E-04
3693.111117	1.321744800	1.7654582E-04
3692.628988	1.321704507	1.7776818E-04
3692.146860	1.321663976	1.7902418E-04
3691.664731	1.321623445	1.8031156E-04
3691.182602	1.321582675	1.8162984E-04
3690.700473	1.321541786	1.8297935E-04
3690.218345	1.321500540	1.8435991E-04
3689.736216	1.321459532	1.8577038E-04
3689.254087	1.321417928	1.8720947E-04
3688.771958	1.321376562	1.8867636E-04
3688.289830	1.321334839	1.9017023E-04
3687.807701	1.321292996	1.9169008E-04
3687.325572	1.321251035	1.9323520E-04
3686.843443	1.321208835	1.9480626E-04
3686.361314	1.321166396	1.9640496E-04
3685.879186	1.321124077	1.9803205E-04
3685.397057	1.321081281	1.9968570E-04
3684.914928	1.321038604	2.0136230E-04
3684.432799	1.320995569	2.0305908E-04
3683.950671	1.320952415	2.0477629E-04
3683.468542	1.320909023	2.0651682E-04
3682.986413	1.320865631	2.0828439E-04
3682.504284	1.320821643	2.1008203E-04
3682.022156	1.320778012	2.1191231E-04
3681.540027	1.320733786	2.1377781E-04
3681.057898	1.320689559	2.1567991E-04
3680.575769	1.320645094	2.1761673E-04
3680.093641	1.320600510	2.1958275E-04
3679.611512	1.320555568	2.2157136E-04
3679.129383	1.320510745	2.2357901E-04
3678.647254	1.320465326	2.2560758E-04
3678.165126	1.320419908	2.2766298E-04
3677.682997	1.320374250	2.2975221E-04
3677.200868	1.320328474	2.3188168E-04
3676.718739	1.320282221	2.3405746E-04
3676.236611	1.320235968	2.3628606E-04
3675.754482	1.320189357	2.3857382E-04
3675.272353	1.320142627	2.4092510E-04
3674.790224	1.320095420	2.4334183E-04
3674.308095	1.320048332	2.4582513E-04
3673.825967	1.320000768	2.4837712E-04
3673.343838	1.319953203	2.5100095E-04
3672.861709	1.319905162	2.5369948E-04
3672.379580	1.319857001	2.5647484E-04
3671.897452	1.319808722	2.5933008E-04
3671.415323	1.319760084	2.6227107E-04
3670.933194	1.319711208	2.6530602E-04
3670.451065	1.319662213	2.6844283E-04
3669.968937	1.319612861	2.7168718E-04
3669.486808	1.319563389	2.7504270E-04
3669.004679	1.319513798	2.7851210E-04
3668.522550	1.319463849	2.8209727E-04
3668.040422	1.319414139	2.8579853E-04
3667.558293	1.319364190	2.8893872E-04
3667.076164	1.319313526	2.9217876E-04
3666.594035	1.319262624	2.9553502E-04
3666.111907	1.319211245	2.9901463E-04
3665.629778	1.319159627	3.0260955E-04
3665.147649	1.319107652	3.0631127E-04
3664.665520	1.319054961	3.1012740E-04
3664.183392	1.319001913	3.1474794E-04
3663.701263	1.318949223	3.1951274E-04
3663.219134	1.318896055	3.2440060E-04
3662.737005	1.318842888	3.2911810E-04
3662.254876	1.318789005	3.3430810E-04
3661.772748	1.318735361	3.3958390E-04
3661.290619	1.318681121	3.4503200E-04
3660.808490	1.318626642	3.5077050E-04
3660.326361	1.318572044	3.5682440E-04
3659.844233	1.318517208	3.6312130E-04
3659.362104	1.318462372	3.6960310E-04
3658.879975	1.318407178	3.7631430E-04
3658.397846	1.318351746	3.8326490E-04
3657.915718	1.318296671	3.9031740E-04
3657.433589	1.318240881	3.9734270E-04
3656.951460	1.318185091	4.0445590E-04
3656.469331	1.318128347	4.1199690E-04
3655.987203	1.318071604	4.2016360E-04
3655.505074	1.318014979	4.2878060E-04
3655.022945	1.317958593	4.3751840E-04
3654.540816	1.317901850	4.4626160E-04
3654.058688	1.317845345	4.5517490E-04
3653.576559	1.317788005	4.6437490E-04
3653.094430	1.317731380	4.7376900E-04
3652.612301	1.317674041	4.8321940E-04
3652.130173	1.317616820	4.9276070E-04
3651.648044	1.317559123	5.0257160E-04
3651.165915	1.317501426	5.1269630E-04
3650.683786	1.317443728	5.2299260E-04
3650.201657	1.317385912	5.3338980E-04
3649.719529	1.317327380	5.4405000E-04
3649.237400	1.317269087	5.5516880E-04
3648.755271	1.317210793	5.6668090E-04
3648.273142	1.317152858	5.7829140E-04
3647.791014	1.317094445	5.8984700E-04
3647.308885	1.317036271	6.0152090E-04
3646.826756	1.316977382	6.1355980E-04
3646.344627	1.316919088	6.2593200E-04
3645.862499	1.316860557	6.3838260E-04
3645.380370	1.316802502	6.5076360E-04
3644.898241	1.316743851	6.6315730E-04
3644.416112	1.316685081	6.7566600E-04
3643.933984	1.316626787	6.8824430E-04
3643.451855	1.316568017	7.0079920E-04
3642.969726	1.316509008	7.1336400E-04
3642.487597	1.316450238	7.2607850E-04
3642.005469	1.316390514	7.3894320E-04
3641.523340	1.316331744	7.5180810E-04
3641.041211	1.316272259	7.6461370E-04
3640.559082	1.316212535	7.7748490E-04
3640.076954	1.316152692	7.9054810E-04
3639.594825	1.316092730	8.0372260E-04
3639.112696	1.316032887	8.1681410E-04
3638.630567	1.315972567	8.2979470E-04
3638.148438	1.315912127	8.4283830E-04
3637.666310	1.315851212	8.5604560E-04
3637.184181	1.315789819	8.6928860E-04
3636.702052	1.315728188	8.8243090E-04
3636.219923	1.315666556	8.9553490E-04
3635.737795	1.315601230	9.0792340E-04
3635.255666	1.315534592	9.2863940E-04
3634.773537	1.315478802	9.4913760E-04
3634.291408	1.315421820	9.6133570E-04
3633.809280	1.315360904	9.7453440E-04
3633.327151	1.315299749	9.8805860E-04
3632.845022	1.315238476	1.0017117E-03
3632.362893	1.315176487	1.0153311E-03
3631.880765	1.315114737	1.0288283E-03
3631.398636	1.315052152	1.0422209E-03
3630.916507	1.314989209	1.0555822E-03
3630.434378	1.314925790	1.0687745E-03
3629.952250	1.314862013	1.0818233E-03
3629.470121	1.314796805	1.0951726E-03
3628.987992	1.314731836	1.1092908E-03
3628.505863	1.314665437	1.1239833E-03
3628.023735	1.314600468	1.1388507E-03
3627.541606	1.314534664	1.1537494E-03
3627.059477	1.314468622	1.1686856E-03
3626.577348	1.314402342	1.1837843E-03
3626.095219	1.314335823	1.1990579E-03
3625.613091	1.314269185	1.2142441E-03
3625.130962	1.314201713	1.2294552E-03
3624.648833	1.314134002	1.2450600E-03
3624.166704	1.314065933	1.2609835E-03
3623.684576	1.313997865	1.2769884E-03
3623.202447	1.313929319	1.2930057E-03
3622.720318	1.313859701	1.3093352E-03
3622.238189	1.313790321	1.3261647E-03
3621.756061	1.313721180	1.3432008E-03
3621.273932	1.313651681	1.3600931E-03
3620.791803	1.313580990	1.3768915E-03
3620.309674	1.313510299	1.3940457E-03
3619.827546	1.313438296	1.4119620E-03
3619.345417	1.313367248	1.4304537E-03
3618.863288	1.313295245	1.4491084E-03
3618.381159	1.313223958	1.4678814E-03
3617.899031	1.313151121	1.4869416E-03
3617.416902	1.313079476	1.5073241E-03
3616.934773	1.313008428	1.5271525E-03
3616.452644	1.312936544	1.5456683E-03
3615.970516	1.312863588	1.5647908E-03
3615.488387	1.312791467	1.5841454E-03
3615.006258	1.312718511	1.6032136E-03
3614.524129	1.312644958	1.6218188E-03
3614.042000	1.312570453	1.6403728E-03
3613.559872	1.312496424	1.6593075E-03
3613.077743	1.312420249	1.6783316E-03
3612.595614	1.312346220	1.6963091E-03
3612.113485	1.312269330	1.7124809E-03
3611.631357	1.312189221	1.7279222E-03
3611.149228	1.312103868	1.7453115E-03
3610.667099	1.312018394	1.7668405E-03
3610.184970	1.311931252	1.7925471E-03
3609.702842	1.311847568	1.8205168E-03
3609.220713	1.311765671	1.8482932E-03
3608.738584	1.311683297	1.8752293E-03
3608.256455	1.311598420	1.9028155E-03
3607.774327	1.311513186	1.9328833E-03
3607.292198	1.311428666	1.9660334E-03
3606.810069	1.311346173	2.0012569E-03
3606.327940	1.311265111	2.0369550E-03
3605.845812	1.311186790	2.0722970E-03
3605.363683	1.311107874	2.1074254E-03
3604.881554	1.311031103	2.1425530E-03
3604.399425	1.310953975	2.1774024E-03
3603.917297	1.310878992	2.2115214E-03
3603.435168	1.310802460	2.2445056E-03
3602.953039	1.310725689	2.2793247E-03
3602.470910	1.310652494	2.3131028E-03
3601.988781	1.310579181	2.3432248E-03
3601.506653	1.310502887	2.3731990E-03
3601.024524	1.310425758	2.4029277E-03
3600.542395	1.310347676	2.4325445E-03
3600.060266	1.310269833	2.4622837E-03
3599.578138	1.310187936	2.4926520E-03
3599.096009	1.310108423	2.5238639E-03
3598.613880	1.310027003	2.5556718E-03
3598.131751	1.309945345	2.5884360E-03
3597.649623	1.309862614	2.6225026E-03
3597.167494	1.309784055	2.6567162E-03
3596.685365	1.309702516	2.6900435E-03
3596.203236	1.309621572	2.7227171E-03
3595.721108	1.309539437	2.7558883E-03
3595.238979	1.309456706	2.7901800E-03
3594.756850	1.309373140	2.8250939E-03
3594.274721	1.309290290	2.8599000E-03
3593.792593	1.309207082	2.8955713E-03
3593.310464	1.309123993	2.9322507E-03
3592.828335	1.309040427	2.9691430E-03
3592.346206	1.308959007	3.0059146E-03
3591.864078	1.308876038	3.0418839E-03
3591.381949	1.308794141	3.0774074E-03
3590.899820	1.308710217	3.1127424E-03
3590.417691	1.308627486	3.1475518E-03
3589.935562	1.308542132	3.1812198E-03
3589.453434	1.308455825	3.2144636E-03
3588.971305	1.308365941	3.2490953E-03
3588.489176	1.308274388	3.2859831E-03
3588.007047	1.308183312	3.3245652E-03
3587.524919	1.308093071	3.3639278E-03
3587.042790	1.308000803	3.4043062E-03
3586.560661	1.307906985	3.4471722E-03
3586.078532	1.307815194	3.4931165E-03
3585.596404	1.307724953	3.5406349E-03
3585.114275	1.307638168	3.5877700E-03
3584.632146	1.307551265	3.6333809E-03
3584.150017	1.307465076	3.6779463E-03
3583.667889	1.307377100	3.7227627E-03
3583.185760	1.307290792	3.7675884E-03
3582.703631	1.307203531	3.8112360E-03
3582.221502	1.307115912	3.8531581E-03
3581.739374	1.307024360	3.8960124E-03
3581.257245	1.306931138	3.9418521E-03
3580.775116	1.306840181	3.9890450E-03
3580.292987	1.306751728	4.0357891E-03
3579.810859	1.306658387	4.0817433E-03
3579.328730	1.306567550	4.1282829E-03
3578.846601	1.306474924	4.1762851E-03
3578.364472	1.306381226	4.2250305E-03
3577.882343	1.306289196	4.2739911E-03
3577.400215	1.306194305	4.3239477E-03
3576.918086	1.306101322	4.3756384E-03
3576.435957	1.306008458	4.4285413E-03
3575.953828	1.305915117	4.4811531E-03
3575.471700	1.305825949	4.5329407E-03
3574.989571	1.305731297	4.5849583E-03
3574.507442	1.305637717	4.6382821E-03
3574.025313	1.305545807	4.6929177E-03
3573.543185	1.305453658	4.7483998E-03
3573.061056	1.305361867	4.8044221E-03
3572.578927	1.305273652	4.8604091E-03
3572.096798	1.305185914	4.9148006E-03
3571.614670	1.305101156	4.9656332E-03
3571.132541	1.305013061	5.0125141E-03
3570.650412	1.304923534	5.0568138E-03
3570.168283	1.304828644	5.0999671E-03
3569.686155	1.304732323	5.1422804E-03
3569.204026	1.304629683	5.1839175E-03
3568.721897	1.304523110	5.2265939E-03
3568.239768	1.304409981	5.2733114E-03
3567.757640	1.304292560	5.3259898E-03
3567.275511	1.304176211	5.3840857E-03
3566.793382	1.304061055	5.4461560E-03
3566.311253	1.303945065	5.5120960E-03
3565.829124	1.303828001	5.5830153E-03
3565.346996	1.303716660	5.6587332E-03
3564.864867	1.303607106	5.7369345E-03
3564.382738	1.303504705	5.8148452E-03
3563.900609	1.303399920	5.8907112E-03
3563.418481	1.303297043	5.9702075E-03
3562.936352	1.303197861	6.0526459E-03
3562.454223	1.303106308	6.1305175E-03
3561.972094	1.303012371	6.2046195E-03
3561.489966	1.302916408	6.2769451E-03
3561.007837	1.302824974	6.3441568E-03
3560.525708	1.302718639	6.4108828E-03
3560.043579	1.302612185	6.4850785E-03
3559.561451	1.302504778	6.5642851E-03
3559.079322	1.302401304	6.6482713E-03
3558.597193	1.302306175	6.7348387E-03
3558.115064	1.302216172	6.8175113E-03
3557.632936	1.302125096	6.8920595E-03
3557.150807	1.302028894	6.9633219E-03
3556.668678	1.301926136	7.0402017E-03
3556.186549	1.301823497	7.1242019E-03
3555.704421	1.301736832	7.2073005E-03
3555.222292	1.301644325	7.2827549E-03
3554.740163	1.301550150	7.3535261E-03
3554.258034	1.301452875	7.4257706E-03
3553.775905	1.301354885	7.4985572E-03
3553.293777	1.301252842	7.5661177E-03
3552.811648	1.301142097	7.6302839E-03
3552.329519	1.301018596	7.7036833E-03
3551.847390	1.300891519	7.7967099E-03
3551.365262	1.300775647	7.9044001E-03
3550.883133	1.300680637	8.0114091E-03
3550.401004	1.300589800	8.1085367E-03
3549.918875	1.300501943	8.1988042E-03
3549.436747	1.300410151	8.2874894E-03
3548.954618	1.300325990	8.3715357E-03
3548.472489	1.300238132	8.4441761E-03
3547.990360	1.300135970	8.5074147E-03
3547.508232	1.300017238	8.5742371E-03
3547.026103	1.299891114	8.6567812E-03
3546.543974	1.299766421	8.7546883E-03
3546.061845	1.299649954	8.8581005E-03
3545.579717	1.299540162	8.9592878E-03
3545.097588	1.299433351	9.0590725E-03
3544.615459	1.299314380	9.1625033E-03
3544.133330	1.299206972	9.2719905E-03
3543.651202	1.299100399	9.3858633E-03
3543.169073	1.299000621	9.5004374E-03
3542.686944	1.298901200	9.6126897E-03
3542.204815	1.298815131	9.7208442E-03
3541.722686	1.298717976	9.8249149E-03
3541.240558	1.298622847	9.9272896E-03
3540.758429	1.298527241	1.0030313E-02
3540.276300	1.298429251	1.0134704E-02
3539.794171	1.298328757	1.0240312E-02
3539.312043	1.298231602	1.0345766E-02
3538.829914	1.298135638	1.0451652E-02
3538.347785	1.298038840	1.0558953E-02
3537.865656	1.297940731	1.0664686E-02
3537.383528	1.297845840	1.0766923E-02
3536.901399	1.297739983	1.0868196E-02
3536.419270	1.297633171	1.0974668E-02
3535.937141	1.297520757	1.1089767E-02
3535.455013	1.297418475	1.1211249E-02
3534.972884	1.297317624	1.1334138E-02
3534.490755	1.297225952	1.1455226E-02
3534.008626	1.297132850	1.1574188E-02
3533.526498	1.297038317	1.1691690E-02
3533.044369	1.296946764	1.1807779E-02
3532.562240	1.296857715	1.1921682E-02
3532.080111	1.296763420	1.2034362E-02
3531.597983	1.296663761	1.2148727E-02
3531.115854	1.296569109	1.2265389E-02
3530.633725	1.296470523	1.2382504E-02
3530.151596	1.296376944	1.2499015E-02
3529.669467	1.296276689	1.2614819E-02
3529.187339	1.296178699	1.2731523E-02
3528.705210	1.296073318	1.2851372E-02
3528.223081	1.295972943	1.2974871E-02
3527.740952	1.295868397	1.3101426E-02
3527.258824	1.295770526	1.3229965E-02
3526.776695	1.295670629	1.3359853E-02
3526.294566	1.295568228	1.3491805E-02
3525.812437	1.295472860	1.3625756E-02
3525.330309	1.295374513	1.3762067E-02
3524.848180	1.295284271	1.3897458E-02
3524.366051	1.295197964	1.4028938E-02
3523.883922	1.295106649	1.4157122E-02
3523.401794	1.295005202	1.4284745E-02
3522.919665	1.294903874	1.4419150E-02
3522.437536	1.294798017	1.4563950E-02
3521.955407	1.294706583	1.4714592E-02
3521.473279	1.294619560	1.4865177E-02
3520.991150	1.294535637	1.5010943E-02
3520.509021	1.294454336	1.5150634E-02
3520.026892	1.294374704	1.5287827E-02
3519.544764	1.294284821	1.5424985E-02
3519.062635	1.294202447	1.5564879E-02
3518.580506	1.294103622	1.5707422E-02
3518.098377	1.294022322	1.5851839E-02
3517.616248	1.293935657	1.5998436E-02
3517.134120	1.293847919	1.6146023E-02
3516.651991	1.293768287	1.6293598E-02
3516.169862	1.293683171	1.6440522E-02
3515.687733	1.293605208	1.6587509E-02
3515.205605	1.293520570	1.6734375E-02
3514.723476	1.293442488	1.6882252E-02
3514.241347	1.293359280	1.7031962E-02
3513.759218	1.293285489	1.7181125E-02
3513.277090	1.293208241	1.7328566E-02
3512.794961	1.293126225	1.7474895E-02
3512.312832	1.293046951	1.7621703E-02
3511.830703	1.292971969	1.7770415E-02
3511.348575	1.292895794	1.7918758E-02
3510.866446	1.292815328	1.8063901E-02
3510.384317	1.292738914	1.8204851E-02
3509.902188	1.292645454	1.8346826E-02
3509.420060	1.292554021	1.8497748E-02
3508.937931	1.292455316	1.8660355E-02
3508.455802	1.292373419	1.8831600E-02
3507.973673	1.292294502	1.9003909E-02
3507.491544	1.292230964	1.9170567E-02
3507.009416	1.292163134	1.9331859E-02
3506.527287	1.292091250	1.9490292E-02
3506.045158	1.292022109	1.9646728E-02
3505.563029	1.291957617	1.9801825E-02
3505.080901	1.291886449	1.9954797E-02
3504.598772	1.291807771	2.0105884E-02
3504.116643	1.291726112	2.0258747E-02
3503.634514	1.291650653	2.0418003E-02
3503.152386	1.291552901	2.0583978E-02
3502.670257	1.291484833	2.0755652E-02
3502.188128	1.291395307	2.0930493E-02
3501.705999	1.291337609	2.1105131E-02
3501.223871	1.291259170	2.1278640E-02
3500.741742	1.291192055	2.1451147E-02
3500.259613	1.291129827	2.1622535E-02
3499.777484	1.291059375	2.1793867E-02
3499.295356	1.290997744	2.1966329E-02
3498.813227	1.290932536	2.2139968E-02
3498.331098	1.290865183	2.2313254E-02
3497.848969	1.290803432	2.2483697E-02
3497.366841	1.290749311	2.2652427E-02
3496.884712	1.290668845	2.2821643E-02
3496.402583	1.290609837	2.2993337E-02
3495.920454	1.290540934	2.3169285E-02
3495.438325	1.290469646	2.3348941E-02
3494.956197	1.290410280	2.3530120E-02
3494.474068	1.290348887	2.3711164E-02
3493.991939	1.290279031	2.3891738E-02
3493.509810	1.290235281	2.4071127E-02
3493.027682	1.290165305	2.4250396E-02
3492.545553	1.290105462	2.4431383E-02
3492.063424	1.290051699	2.4613321E-02
3491.581295	1.289993286	2.4796769E-02
3491.099167	1.289931059	2.4981422E-02
3490.617038	1.289879799	2.5165869E-02
3490.134909	1.289820790	2.5350567E-02
3489.652780	1.289768338	2.5533667E-02
3489.170652	1.289726019	2.5714405E-02
3488.688523	1.289651990	2.5895366E-02
3488.206394	1.289607406	2.6080532E-02
3487.724265	1.289535165	2.6271533E-02
3487.242137	1.289478660	2.6466845E-02
3486.760008	1.289432526	2.6663136E-02
3486.277879	1.289380431	2.6857775E-02
3485.795750	1.289338946	2.7049976E-02
3485.313622	1.289290667	2.7242828E-02
3484.831493	1.289237261	2.7436942E-02
3484.349364	1.289192796	2.7631160E-02
3483.867235	1.289156675	2.7823450E-02
3483.385106	1.289114118	2.8011711E-02
3482.902978	1.289059162	2.8198669E-02
3482.420849	1.289011359	2.8388640E-02
3481.938720	1.288948059	2.8584687E-02
3481.456591	1.288897991	2.8789032E-02
3480.974463	1.288841128	2.9000938E-02
3480.492334	1.288805604	2.9215483E-02
3480.010205	1.288769722	2.9427836E-02
3479.528076	1.288731575	2.9635925E-02
3479.045948	1.288700700	2.9839838E-02
3478.563819	1.288675427	3.0040972E-02
3478.081690	1.288640380	3.0242702E-02
3477.599561	1.288597703	3.0446572E-02
3477.117433	1.288562775	3.0653141E-02
3476.635304	1.288538337	3.0860912E-02
3476.153175	1.288508654	3.1067364E-02
3475.671046	1.288470864	3.1273160E-02
3475.188918	1.288445115	3.1479895E-02
3474.706789	1.288406014	3.1689286E-02
3474.224660	1.288382411	3.1901397E-02
3473.742531	1.288348317	3.2114510E-02
3473.260403	1.288329601	3.2327488E-02
3472.778274	1.288304090	3.2540470E-02
3472.296145	1.288271904	3.2753393E-02
3471.814016	1.288246989	3.2966662E-02
3471.331887	1.288228869	3.3181749E-02
3470.849759	1.288203001	3.3401359E-02
3470.367630	1.288172483	3.3627518E-02
3469.885501	1.288164377	3.3857305E-02
3469.403372	1.288152814	3.4083568E-02
3468.921244	1.288152695	3.4301147E-02
3468.439115	1.288164020	3.4511384E-02
3467.956986	1.288131237	3.4722067E-02
3467.474857	1.288140297	3.4939159E-02
3466.992729	1.288117647	3.5159886E-02
3466.510600	1.288115382	3.5377204E-02
3466.028471	1.288120151	3.5589807E-02
3465.546342	1.288107395	3.5801824E-02
3465.064214	1.288107038	3.6017068E-02
3464.582085	1.288100004	3.6236480E-02
3464.099956	1.288089991	3.6455266E-02
3463.617827	1.288086891	3.6671467E-02
3463.135699	1.288098335	3.6888134E-02
3462.653570	1.288069487	3.7107457E-02
3462.171441	1.288080931	3.7329845E-02
3461.689312	1.288078547	3.7555233E-02
3461.207184	1.288071632	3.7783854E-02
3460.725055	1.288085103	3.8013745E-02
3460.242926	1.288088918	3.8241569E-02
3459.760797	1.288110971	3.8465101E-02
3459.278668	1.288122535	3.8685229E-02
3458.796540	1.288122892	3.8905371E-02
3458.314411	1.288131595	3.9128263E-02
3457.832282	1.288152933	3.9353624E-02
3457.350153	1.288167715	3.9577682E-02
3456.868025	1.288174152	3.9800473E-02
3456.385896	1.288188219	4.0023796E-02
3455.903767	1.288220763	4.0248707E-02
3455.421638	1.288212419	4.0475395E-02
3454.939510	1.288250923	4.0701460E-02
3454.457381	1.288271546	4.0926710E-02
3453.975252	1.288293362	4.1153275E-02
3453.493123	1.288299084	4.1379977E-02
3453.010995	1.288352132	4.1605085E-02
3452.528866	1.288361192	4.1827839E-02
3452.046737	1.288385749	4.2050950E-02
3451.564608	1.288421750	4.2277165E-02
3451.082480	1.288443565	4.2503357E-02
3450.600351	1.288492560	4.2728204E-02
3450.118222	1.288496137	4.2953067E-02
3449.636093	1.288547754	4.3179199E-02
3449.153965	1.288586617	4.3404996E-02
3448.671836	1.288620234	4.3623988E-02
3448.189707	1.288667917	4.3833990E-02
3447.707578	1.288686514	4.4041183E-02
3447.225449	1.288713932	4.4256114E-02
3446.743321	1.288721919	4.4484675E-02
3446.261192	1.288758874	4.4722069E-02
3445.779063	1.288787246	4.4959161E-02
3445.296934	1.288840294	4.5191821E-02
3444.814806	1.288883805	4.5420155E-02
3444.332677	1.288916707	4.5646593E-02
3443.850548	1.288961530	4.5871709E-02
3443.368419	1.289016485	4.6094522E-02
3442.886291	1.289059281	4.6317112E-02
3442.404162	1.289088488	4.6542481E-02
3441.922033	1.289139748	4.6770517E-02
3441.439904	1.289172888	4.7000144E-02
3440.957776	1.289230347	4.7229789E-02
3440.475647	1.289268374	4.7458362E-02
3439.993518	1.289328694	4.7685243E-02
3439.511389	1.289366007	4.7911890E-02
3439.029261	1.289424419	4.8140626E-02
3438.547132	1.289463043	4.8373140E-02
3438.065003	1.289528131	4.8607711E-02
3437.582874	1.289585114	4.8839480E-02
3437.100746	1.289631963	4.9066685E-02
3436.618617	1.289684772	4.9293038E-02
3436.136488	1.289746761	4.9527563E-02
3435.654359	1.289805889	4.9771462E-02
3435.172230	1.289868116	5.0014723E-02
3434.690102	1.289961696	5.0243989E-02
3434.207973	1.290029764	5.0457880E-02
3433.725844	1.290107727	5.0665151E-02
3433.243715	1.290151715	5.0876703E-02
3432.761587	1.290214658	5.1097643E-02
3432.279458	1.290258050	5.1325258E-02
3431.797329	1.290326595	5.1556762E-02
3431.315200	1.290385962	5.1791303E-02
3430.833072	1.290439248	5.2027714E-02
3430.350943	1.290510893	5.2262221E-02
3429.868814	1.290597916	5.2491318E-02
3429.386685	1.290670872	5.2715816E-02
3428.904557	1.290725946	5.2940741E-02
3428.422428	1.290801764	5.3170193E-02
3427.940299	1.290859461	5.3402506E-02
3427.458170	1.290932775	5.3634543E-02
3426.976042	1.291028619	5.3865895E-02
3426.493913	1.291077375	5.4098167E-02
3426.011784	1.291149497	5.4332346E-02
3425.529655	1.291237593	5.4566383E-02
3425.047527	1.291304827	5.4799967E-02
3424.565398	1.291396499	5.5032365E-02
3424.083269	1.291464448	5.5264674E-02
3423.601140	1.291556597	5.5498175E-02
3423.119011	1.291636705	5.5732220E-02
3422.636883	1.291705012	5.5966202E-02
3422.154754	1.291796803	5.6200121E-02
3421.672625	1.291865706	5.6434553E-02
3421.190496	1.291958213	5.6669429E-02
3420.708368	1.292026758	5.6905478E-02
3420.226239	1.292108059	5.7145689E-02
3419.744110	1.292216182	5.7390813E-02
3419.261981	1.292279243	5.7638172E-02
3418.779853	1.292371035	5.7884362E-02
3418.297724	1.292478919	5.8128357E-02
3417.815595	1.292565346	5.8370750E-02
3417.333466	1.292675853	5.8612663E-02
3416.851338	1.292773008	5.8854584E-02
3416.369209	1.292856812	5.9096955E-02
3415.887080	1.292956114	5.9340395E-02
3415.404951	1.293070555	5.9584834E-02
3414.922823	1.293173790	5.9830159E-02
3414.440694	1.293262482	6.0077556E-02
3413.958565	1.293381453	6.0326736E-02
3413.476436	1.293477654	6.0575884E-02
3412.994308	1.293605208	6.0823627E-02
3412.512179	1.293707132	6.1068617E-02
3412.030050	1.293836951	6.1311498E-02
3411.547921	1.293937802	6.1553508E-02
3411.065792	1.294064164	6.1798692E-02
3410.583664	1.294176579	6.2047735E-02
3410.101535	1.294278979	6.2299255E-02
3409.619406	1.294400930	6.2552095E-02
3409.137277	1.294542670	6.2803224E-02
3408.655149	1.294673085	6.3052334E-02
3408.173020	1.294789076	6.3298829E-02
3407.690891	1.294931769	6.3543551E-02
3407.208762	1.295046091	6.3788809E-02
3406.726634	1.295189023	6.4036146E-02
3406.244505	1.295305967	6.4285770E-02
3405.762376	1.295454979	6.4535931E-02
3405.280247	1.295577765	6.4784959E-02
3404.798119	1.295729637	6.5033190E-02
3404.315990	1.295853496	6.5282509E-02
3403.833861	1.296005487	6.5533616E-02
3403.351732	1.296141386	6.5788694E-02
3402.869604	1.296265125	6.6049419E-02
3402.387475	1.296411514	6.6316038E-02
3401.905346	1.296584010	6.6585638E-02
3401.423217	1.296753764	6.6852771E-02
3400.941089	1.296914577	6.7113847E-02
3400.458960	1.297111750	6.7366436E-02
3399.976831	1.297281504	6.7608833E-02
3399.494702	1.297480822	6.7840941E-02
3399.012573	1.297642112	6.8064898E-02
3398.530445	1.297824144	6.8286873E-02
3398.048316	1.297966480	6.8514951E-02
3397.566187	1.298138022	6.8753287E-02
3397.084058	1.298295379	6.8999492E-02
3396.601930	1.298445463	6.9249272E-02
3396.119801	1.298615932	6.9499821E-02
3395.637672	1.298811316	6.9750696E-02
3395.155543	1.298994064	6.9998771E-02
3394.673415	1.299166322	7.0240341E-02
3394.191286	1.299345851	7.0476778E-02
3393.709157	1.299551606	7.0717529E-02
3393.227028	1.299674153	7.0974156E-02
3392.744900	1.299906850	7.1247324E-02
3392.262771	1.300070047	7.1522936E-02
3391.780642	1.300354481	7.1780756E-02
3391.298513	1.300546765	7.2010450E-02
3390.816385	1.300821424	7.2220050E-02
3390.334256	1.300994158	7.2426267E-02
3389.852127	1.301190734	7.2642051E-02
3389.369998	1.301401019	7.2868668E-02
3388.887870	1.301602125	7.3101148E-02
3388.405741	1.301791549	7.3334321E-02
3387.923612	1.302001238	7.3566906E-02
3387.441483	1.302246571	7.3798426E-02
3386.959354	1.302414894	7.4028954E-02
3386.477226	1.302666306	7.4258588E-02
3385.995097	1.302888751	7.4486226E-02
3385.512968	1.303096890	7.4711494E-02
3385.030839	1.303333163	7.4936800E-02
3384.548711	1.303556323	7.5163238E-02
3384.066582	1.303749800	7.5390838E-02
3383.584453	1.304030418	7.5618170E-02
3383.102324	1.304233313	7.5842850E-02
3382.620196	1.304472089	7.6064296E-02
3382.138067	1.304727674	7.6284125E-02
3381.655938	1.304969311	7.6503724E-02
3381.173809	1.305194497	7.6722309E-02
3380.691681	1.305454016	7.6939501E-02
3380.209552	1.305686593	7.7154130E-02
3379.727423	1.305937171	7.7366136E-02
3379.245294	1.306223869	7.7576041E-02
3378.763166	1.306424856	7.7785328E-02
3378.281037	1.306727171	7.7995323E-02
3377.798908	1.306946635	7.8205973E-02
3377.316779	1.307206869	7.8415476E-02
3376.834651	1.307487726	7.8620583E-02
3376.352522	1.307739377	7.8822136E-02
3375.870393	1.308024287	7.9020642E-02
3375.388264	1.308289289	7.9217032E-02
3374.906135	1.308537960	7.9412565E-02
3374.424007	1.308804393	7.9607040E-02
3373.941878	1.309107184	7.9800956E-02
3373.459749	1.309325099	7.9995044E-02
3372.977620	1.309632301	8.0188260E-02
3372.495492	1.309907079	8.0379166E-02
3372.013363	1.310161352	8.0568835E-02
3371.531234	1.310445428	8.0763958E-02
3371.049105	1.310700297	8.0972754E-02
3370.566977	1.311010003	8.1191517E-02
3370.084848	1.311325431	8.1403926E-02
3369.602719	1.311641932	8.1590995E-02
3369.120590	1.311973214	8.1747629E-02
3368.638462	1.312306166	8.1887238E-02
3368.156333	1.312596798	8.2029305E-02
3367.674204	1.312863469	8.2185604E-02
3367.192075	1.313153625	8.2351625E-02
3366.709947	1.313492775	8.2516193E-02
3366.227818	1.313745141	8.2672902E-02
3365.745689	1.314088345	8.2823210E-02
3365.263560	1.314390779	8.2970865E-02
3364.781432	1.314676881	8.3118849E-02
3364.299303	1.314993382	8.3266832E-02
3363.817174	1.315296054	8.3414875E-02
3363.335045	1.315562844	8.3562478E-02
3362.852916	1.315925360	8.3709069E-02
3362.370788	1.316197991	8.3854333E-02
3361.888659	1.316513300	8.3996490E-02
3361.406530	1.316845536	8.4135927E-02
3360.924401	1.317165375	8.4273815E-02
3360.442273	1.317464113	8.4407680E-02
3359.960144	1.317803502	8.4536307E-02
3359.478015	1.318102956	8.4660694E-02
3358.995886	1.318441391	8.4783100E-02
3358.513758	1.318740249	8.4904745E-02
3358.031629	1.319081545	8.5024521E-02
3357.549500	1.319383621	8.5141100E-02
3357.067371	1.319725990	8.5255012E-02
3356.585243	1.320028305	8.5368037E-02
3356.103114	1.320373297	8.5479878E-02
3355.620985	1.320681095	8.5588515E-02
3355.138856	1.321029067	8.5694157E-02
3354.656728	1.321354508	8.5796744E-02
3354.174599	1.321661592	8.5896708E-02
3353.692470	1.322001338	8.5995242E-02
3353.210341	1.322310209	8.6092234E-02
3352.728213	1.322634578	8.6188301E-02
3352.246084	1.323000908	8.6286940E-02
3351.763955	1.323272824	8.6389795E-02
3351.281826	1.323672771	8.6492695E-02
3350.799697	1.323969245	8.6585306E-02
3350.317569	1.324385524	8.6660408E-02
3349.835440	1.324694633	8.6720437E-02
3349.353311	1.325033188	8.6774409E-02
3348.871182	1.325379372	8.6831413E-02
3348.389054	1.325691819	8.6893007E-02
3347.906925	1.326039433	8.6956807E-02
3347.424796	1.326371908	8.7019675E-02
3346.942667	1.326681852	8.7079704E-02
3346.460539	1.327032208	8.7137856E-02
3345.978410	1.327343583	8.7193519E-02
3345.496281	1.327695847	8.7246440E-02
3345.014152	1.328005672	8.7298296E-02
3344.532024	1.328357935	8.7350346E-02
3344.049895	1.328670979	8.7402128E-02
3343.567766	1.329030156	8.7451704E-02
3343.085637	1.329351187	8.7495774E-02
3342.603509	1.329714417	8.7532468E-02
3342.121380	1.330033779	8.7563358E-02
3341.639251	1.330389619	8.7591104E-02
3341.157122	1.330715537	8.7618612E-02
3340.674994	1.331022501	8.7649211E-02
3340.192865	1.331347108	8.7684482E-02
3339.710736	1.331719756	8.7724619E-02
3339.228607	1.332007647	8.7762803E-02
3338.746478	1.332403302	8.7788127E-02
3338.264350	1.332759619	8.7796532E-02
3337.782221	1.333087444	8.7791756E-02
3337.300092	1.333436966	8.7784670E-02
3336.817963	1.333744049	8.7782882E-02
3336.335835	1.334087610	8.7786123E-02
3335.853706	1.334413528	8.7790318E-02
3335.371577	1.334720254	8.7790385E-02
3334.889448	1.335046887	8.7788165E-02
3334.407320	1.335393906	8.7785788E-02
3333.925191	1.335721016	8.7782390E-02
3333.443062	1.336026907	8.7777682E-02
3332.960933	1.336356878	8.7769926E-02
3332.478805	1.336706161	8.7758899E-02
3331.996676	1.337036133	8.7746009E-02
3331.514547	1.337342024	8.7731175E-02
3331.032418	1.337688208	8.7713905E-02
3330.550290	1.337994456	8.7693520E-02
3330.068161	1.338340759	8.7670617E-02
3329.586032	1.338646531	8.7645300E-02
3329.103903	1.338992000	8.7617509E-02
3328.621774	1.339311957	8.7586217E-02
3328.139646	1.339610219	8.7551765E-02
3327.657517	1.339923143	8.7518349E-02
3327.175388	1.340258956	8.7488487E-02
3326.693259	1.340573668	8.7463401E-02
3326.211131	1.340881109	8.7438107E-02
3325.729002	1.341211796	8.7404259E-02
3325.246873	1.341587543	8.7357603E-02
3324.764744	1.341853619	8.7301202E-02
3324.282616	1.342230201	8.7241575E-02
3323.800487	1.342479587	8.7184191E-02
3323.318358	1.342849612	8.7130442E-02
3322.836229	1.343101263	8.7076888E-02
3322.354101	1.343472958	8.7020516E-02
3321.871972	1.343740821	8.6962000E-02
3321.389843	1.344052196	8.6902186E-02
3320.907714	1.344378352	8.6840309E-02
3320.425586	1.344686866	8.6776368E-02
3319.943457	1.344969392	8.6710811E-02
3319.461328	1.345274806	8.6644851E-02
3318.979199	1.345599532	8.6578168E-02
3318.497071	1.345906973	8.6508907E-02
3318.014942	1.346189022	8.6436480E-02
3317.532813	1.346508384	8.6361796E-02
3317.050684	1.346786141	8.6287268E-02
3316.568555	1.347105265	8.6212657E-02
3316.086427	1.347385883	8.6135350E-02
3315.604298	1.347704649	8.6055398E-02
3315.122169	1.347998381	8.5973524E-02
3314.640040	1.348272562	8.5889645E-02
3314.157912	1.348565340	8.5803822E-02
3313.675783	1.348878622	8.5715354E-02
3313.193654	1.349166393	8.5625529E-02
3312.711525	1.349431753	8.5537083E-02
3312.229397	1.349718690	8.5448958E-02
3311.747268	1.350027084	8.5358240E-02
3311.265139	1.350312591	8.5264333E-02
3310.783010	1.350570917	8.5171647E-02
3310.300882	1.350866318	8.5084766E-02
3309.818753	1.351131201	8.4999487E-02
3309.336624	1.351438880	8.4907010E-02
3308.854495	1.351704478	8.4806897E-02
3308.372367	1.351997256	8.4707208E-02
3307.890238	1.352263093	8.4619425E-02
3307.408109	1.352519751	8.4543496E-02
3306.925980	1.352814794	8.4466465E-02
3306.443852	1.353142142	8.4376097E-02
3305.961723	1.353450775	8.4270909E-02
3305.479594	1.353734136	8.4155530E-02
3304.997465	1.354050159	8.4032930E-02
3304.515336	1.354330063	8.3899327E-02
3304.033208	1.354618311	8.3753027E-02
3303.551079	1.354926348	8.3601922E-02
3303.068950	1.355123401	8.3458863E-02
3302.586821	1.355423570	8.3330981E-02
3302.104693	1.355636358	8.3213523E-02
3301.622564	1.355895281	8.3095260E-02
3301.140435	1.356173873	8.2972184E-02
3300.658306	1.356416345	8.2847819E-02
3300.176178	1.356693506	8.2724653E-02
3299.694049	1.356951118	8.2599908E-02
3299.211920	1.357188702	8.2472511E-02
3298.729791	1.357456446	8.2343102E-02
3298.247663	1.357688785	8.2215756E-02
3297.765534	1.357939243	8.2091570E-02
3297.283405	1.358232021	8.1966907E-02
3296.801276	1.358430266	8.1840046E-02
3296.319148	1.358739376	8.1711017E-02
3295.837019	1.358936787	8.1581585E-02
3295.354890	1.359247684	8.1450872E-02
3294.872761	1.359464288	8.1314266E-02
3294.390633	1.359715939	8.1171423E-02
3293.908504	1.359974504	8.1028089E-02
3293.426375	1.360196829	8.0893368E-02
3292.944246	1.360456586	8.0768414E-02
3292.462117	1.360711932	8.0644868E-02
3291.979989	1.360957265	8.0509014E-02
3291.497860	1.361237407	8.0355778E-02
3291.015731	1.361469150	8.0191374E-02
3290.533602	1.361722708	8.0026723E-02
3290.051474	1.361932874	7.9869196E-02
3289.569345	1.362163305	7.9718873E-02
3289.087216	1.362429619	7.9571389E-02
3288.605087	1.362625837	7.9422087E-02
3288.122959	1.362853169	7.9271309E-02
3287.640830	1.363100410	7.9121448E-02
3287.158701	1.363314629	7.8971095E-02
3286.676572	1.363563538	7.8819670E-02
3286.194444	1.363790393	7.8667298E-02
3285.712315	1.364001393	7.8513458E-02
3285.230186	1.364227414	7.8358024E-02
3284.748057	1.364489555	7.8201175E-02
3284.265929	1.364662051	7.8042679E-02
3283.783800	1.364921331	7.7883259E-02
3283.301671	1.365144014	7.7722788E-02
3282.819542	1.365347862	7.7561729E-02
3282.337414	1.365582585	7.7400796E-02
3281.855285	1.365784883	7.7239335E-02
3281.373156	1.366019487	7.7077858E-02
3280.891027	1.366235495	7.6915741E-02
3280.408898	1.366432309	7.6751180E-02
3279.926770	1.366647363	7.6585814E-02
3279.444641	1.366880059	7.6418862E-02
3278.962512	1.367092490	7.6251268E-02
3278.480383	1.367285132	7.6083623E-02
3277.998255	1.367497683	7.5913765E-02
3277.516126	1.367725492	7.5741746E-02
3277.033997	1.367933512	7.5568877E-02
3276.551868	1.368117571	7.5398170E-02
3276.069740	1.368337631	7.5229920E-02
3275.587611	1.368525743	7.5061485E-02
3275.105482	1.368752360	7.4889168E-02
3274.623353	1.368942738	7.4710362E-02
3274.141225	1.369161367	7.4526854E-02
3273.659096	1.369349360	7.4344188E-02
3273.176967	1.369514823	7.4170038E-02
3272.694838	1.369699121	7.4008018E-02
3272.212710	1.369915485	7.3852569E-02
3271.730581	1.370124340	7.3694162E-02
3271.248452	1.370328546	7.3523626E-02
3270.766323	1.370544791	7.3337421E-02
3270.284195	1.370789766	7.3141024E-02
3269.802066	1.370936871	7.2941460E-02
3269.319937	1.371177673	7.2743624E-02
3268.837808	1.371312261	7.2548524E-02
3268.355679	1.371547341	7.2355934E-02
3267.873551	1.371680260	7.2165161E-02
3267.391422	1.371913552	7.1974181E-02
3266.909293	1.372059226	7.1783200E-02
3266.427164	1.372241616	7.1592271E-02
3265.945036	1.372435808	7.1400866E-02
3265.462907	1.372615099	7.1208812E-02
3264.980778	1.372772813	7.1016833E-02
3264.498649	1.372950435	7.0824906E-02
3264.016521	1.373143196	7.0632555E-02
3263.534392	1.373321176	7.0439197E-02
3263.052263	1.373478413	7.0244364E-02
3262.570134	1.373667598	7.0047930E-02
3262.088006	1.373823047	6.9850154E-02
3261.605877	1.374010205	6.9650151E-02
3261.123748	1.374161720	6.9449492E-02
3260.641619	1.374343872	6.9249056E-02
3260.159491	1.374503970	6.9048785E-02
3259.677362	1.374648213	6.8850406E-02
3259.195233	1.374809384	6.8652190E-02
3258.713104	1.374989152	6.8452410E-02
3258.230976	1.375149846	6.8250462E-02
3257.748847	1.375291467	6.8047233E-02
3257.266718	1.375447154	6.7845032E-02
3256.784589	1.375619650	6.7644544E-02
3256.302460	1.375777006	6.7445368E-02
3255.820332	1.375921011	6.7244180E-02
3255.338203	1.376093864	6.7037381E-02
3254.856074	1.376235723	6.6825949E-02
3254.373945	1.376398921	6.6612288E-02
3253.891817	1.376542449	6.6401586E-02
3253.409688	1.376654983	6.6193640E-02
3252.927559	1.376843572	6.5986857E-02
3252.445430	1.376957297	6.5779612E-02
3251.963302	1.377102613	6.5570265E-02
3251.481173	1.377258301	6.5359540E-02
3250.999044	1.377399921	6.5149277E-02
3250.516915	1.377521515	6.4937808E-02
3250.034787	1.377671599	6.4725697E-02
3249.552658	1.377788782	6.4514026E-02
3249.070529	1.377935410	6.4303786E-02
3248.588400	1.378050089	6.4096130E-02
3248.106272	1.378198624	6.3891031E-02
3247.624143	1.378321290	6.3684426E-02
3247.142014	1.378477454	6.3471578E-02
3246.659885	1.378601313	6.3251272E-02
3246.177757	1.378748298	6.3026339E-02
3245.695628	1.378870010	6.2801495E-02
3245.213499	1.378973246	6.2579021E-02
3244.731370	1.379088163	6.2360916E-02
3244.249241	1.379221320	6.2145624E-02
3243.767113	1.379338026	6.1930820E-02
3243.284984	1.379443169	6.1715122E-02
3242.802855	1.379559755	6.1497178E-02
3242.320726	1.379704833	6.1278109E-02
3241.838598	1.379776359	6.1058611E-02
3241.356469	1.379928231	6.0839437E-02
3240.874340	1.380008459	6.0621183E-02
3240.392211	1.380118012	6.0402185E-02
3239.910083	1.380238891	6.0182743E-02
3239.427954	1.380335093	5.9963208E-02
3238.945825	1.380455613	5.9743531E-02
3238.463696	1.380561233	5.9522156E-02
3237.981568	1.380650163	5.9298925E-02
3237.499439	1.380752325	5.9073221E-02
3237.017310	1.380863309	5.8847942E-02
3236.535181	1.380959272	5.8624458E-02
3236.053053	1.381036043	5.8401696E-02
3235.570924	1.381136894	5.8181468E-02
3235.088795	1.381208897	5.7967499E-02
3234.606666	1.381314039	5.7759855E-02
3234.124538	1.381400824	5.7553146E-02
3233.642409	1.381525517	5.7338804E-02
3233.160280	1.381624341	5.7109848E-02
3232.678151	1.381741881	5.6867320E-02
3232.196022	1.381817222	5.6621589E-02
3231.713894	1.381908774	5.6381781E-02
3231.231765	1.381980896	5.6149766E-02
3230.749636	1.382042408	5.5921614E-02
3230.267507	1.382126212	5.5693600E-02
3229.785379	1.382187366	5.5466387E-02
3229.303250	1.382259011	5.5241007E-02
3228.821121	1.382359385	5.5015795E-02
3228.338992	1.382393241	5.4788977E-02
3227.856864	1.382502079	5.4560345E-02
3227.374735	1.382529974	5.4332063E-02
3226.892606	1.382634640	5.4105684E-02
3226.410477	1.382662773	5.3879466E-02
3225.928349	1.382765889	5.3651553E-02
3225.446220	1.382801056	5.3422786E-02
3224.964091	1.382861495	5.3195231E-02
3224.481962	1.382931113	5.2968729E-02
3223.999834	1.382988572	5.2742820E-02
3223.517705	1.383032084	5.2516893E-02
3223.035576	1.383087158	5.2290507E-02
3222.553447	1.383164883	5.2063510E-02
3222.071319	1.383181691	5.1836122E-02
3221.589190	1.383257031	5.1608071E-02
3221.107061	1.383304477	5.1380042E-02
3220.624932	1.383349776	5.1152468E-02
3220.142803	1.383368254	5.0925456E-02
3219.660675	1.383443832	5.0699234E-02
3219.178546	1.383459568	5.0474748E-02
3218.696417	1.383498430	5.0251246E-02
3218.214288	1.383548379	5.0028388E-02
3217.732160	1.383578181	4.9805105E-02
3217.250031	1.383627772	4.9580194E-02
3216.767902	1.383662462	4.9354374E-02
3216.285773	1.383681417	4.9130328E-02
3215.803645	1.383723140	4.8907135E-02
3215.321516	1.383741260	4.8682679E-02
3214.839387	1.383779883	4.8457578E-02
3214.357258	1.383792043	4.8232798E-02
3213.875130	1.383823872	4.8010349E-02
3213.393001	1.383831620	4.7791865E-02
3212.910872	1.383864164	4.7575150E-02
3212.428743	1.383874774	4.7357813E-02
3211.946615	1.383907557	4.7139410E-02
3211.464486	1.383916855	4.6919905E-02
3210.982357	1.383945704	4.6700310E-02
3210.500228	1.383960247	4.6480894E-02
3210.018100	1.383961082	4.6261545E-02
3209.535971	1.383978724	4.6044413E-02
3209.053842	1.383977294	4.5829330E-02
3208.571713	1.383985639	4.5615945E-02
3208.089584	1.384016991	4.5402627E-02
3207.607456	1.383993030	4.5188528E-02
3207.125327	1.384030223	4.4974949E-02
3206.643198	1.384003997	4.4761986E-02
3206.161069	1.384038925	4.4549462E-02
3205.678941	1.384020209	4.4337146E-02
3205.196812	1.384021759	4.4124045E-02
3204.714683	1.384030581	4.3911412E-02
3204.232554	1.384019852	4.3699857E-02
3203.750426	1.384026289	4.3489296E-02
3203.268297	1.384020329	4.3279685E-02
3202.786168	1.384001970	4.3071479E-02
3202.304039	1.384001374	4.2865440E-02
3201.821911	1.383984208	4.2660650E-02
3201.339782	1.383976936	4.2455267E-02
3200.857653	1.383988857	4.2249214E-02
3200.375524	1.383949637	4.2043183E-02
3199.893396	1.383965850	4.1837603E-02
3199.411267	1.383931875	4.1632693E-02
3198.929138	1.383916855	4.1427661E-02
3198.447009	1.383908510	4.1222975E-02
3197.964881	1.383881330	4.1019764E-02
3197.482752	1.383869648	4.0818572E-02
3197.000623	1.383846641	4.0619887E-02
3196.518494	1.383813977	4.0423568E-02
3196.036365	1.383793473	4.0227201E-02
3195.554237	1.383781552	4.0030550E-02
3195.072108	1.383760095	3.9834641E-02
3194.589979	1.383726358	3.9638553E-02
3194.107850	1.383710027	3.9443422E-02
3193.625722	1.383674860	3.9249081E-02
3193.143593	1.383657932	3.9054930E-02
3192.661464	1.383621812	3.8861238E-02
3192.179335	1.383603215	3.8666461E-02
3191.697207	1.383563757	3.8472902E-02
3191.215078	1.383541107	3.8280185E-02
3190.732949	1.383505106	3.8089819E-02
3190.250820	1.383461237	3.7902519E-02
3189.768692	1.383428216	3.7715659E-02
3189.286563	1.383405089	3.7528273E-02
3188.804434	1.383371830	3.7340168E-02
3188.322305	1.383326888	3.7152533E-02
3187.840177	1.383298039	3.6966018E-02
3187.358048	1.383251905	3.6780108E-02
3186.875919	1.383222699	3.6594123E-02
3186.393790	1.383174896	3.6408141E-02
3185.911662	1.383143067	3.6222108E-02
3185.429533	1.383091569	3.6036369E-02
3184.947404	1.383054972	3.5852548E-02
3184.465275	1.383000493	3.5671473E-02
3183.983146	1.382963061	3.5492428E-02
3183.501018	1.382915854	3.5314534E-02
3183.018889	1.382861376	3.5136949E-02
3182.536760	1.382814288	3.4960035E-02
3182.054631	1.382783651	3.4783050E-02
3181.572503	1.382711887	3.4606017E-02
3181.090374	1.382678986	3.4429379E-02
3180.608245	1.382628798	3.4253813E-02
3180.126116	1.382570028	3.4079246E-02
3179.643988	1.382525325	3.3905778E-02
3179.161859	1.382466316	3.3732418E-02
3178.679730	1.382419825	3.3558656E-02
3178.197601	1.382363200	3.3386383E-02
3177.715473	1.382290125	3.3216681E-02
3177.233344	1.382256150	3.3049256E-02
3176.751215	1.382184386	3.2882787E-02
3176.269086	1.382129192	3.2716427E-02
3175.786958	1.382080197	3.2549769E-02
3175.304829	1.382023573	3.2383803E-02
3174.822700	1.381956935	3.2218214E-02
3174.340571	1.381904840	3.2053251E-02
3173.858443	1.381836772	3.1888608E-02
3173.376314	1.381782770	3.1724989E-02
3172.894185	1.381712675	3.1562813E-02
3172.412056	1.381657362	3.1402268E-02
3171.929927	1.381587148	3.1243194E-02
3171.447799	1.381533027	3.1085005E-02
3170.965670	1.381465077	3.0925551E-02
3170.483541	1.381409645	3.0765446E-02
3170.001412	1.381344080	3.0605754E-02
3169.519284	1.381269336	3.0447578E-02
3169.037155	1.381202340	3.0291079E-02
3168.555026	1.381142497	3.0135509E-02
3168.072897	1.381075382	2.9980987E-02
3167.590769	1.380999565	2.9827021E-02
3167.108640	1.380937338	2.9673379E-02
3166.626511	1.380859613	2.9520759E-02
3166.144382	1.380796075	2.9369632E-02
3165.662254	1.380718231	2.9219735E-02
3165.180125	1.380655050	2.9070143E-02
3164.697996	1.380577087	2.8921278E-02
3164.215867	1.380513668	2.8771797E-02
3163.733739	1.380433798	2.8622426E-02
3163.251610	1.380366564	2.8475268E-02
3162.769481	1.380290389	2.8330160E-02
3162.287352	1.380209565	2.8186759E-02
3161.805224	1.380135536	2.8043449E-02
3161.323095	1.380075216	2.7899340E-02
3160.840966	1.379980326	2.7755696E-02
3160.358837	1.379917860	2.7613124E-02
3159.876708	1.379841805	2.7471649E-02
3159.394580	1.379760027	2.7330291E-02
3158.912451	1.379688501	2.7188525E-02
3158.430322	1.379603744	2.7048344E-02
3157.948193	1.379531264	2.6909940E-02
3157.466065	1.379451990	2.6771532E-02
3156.983936	1.379364610	2.6633207E-02
3156.501807	1.379282951	2.6496703E-02
3156.019678	1.379208684	2.6361128E-02
3155.537550	1.379121542	2.6226653E-02
3155.055421	1.379051447	2.6092146E-02
3154.573292	1.378947377	2.5958302E-02
3154.091163	1.378871441	2.5830139E-02
3153.609035	1.378787041	2.5708212E-02
3153.126906	1.378703117	2.5588907E-02
3152.644777	1.378638744	2.5466239E-02
3152.162648	1.378564835	2.5334410E-02
3151.680520	1.378498077	2.5194628E-02
3151.198391	1.378409386	2.5053598E-02
3150.716262	1.378327250	2.4917599E-02
3150.234133	1.378231764	2.4786871E-02
3149.752005	1.378149867	2.4659580E-02
3149.269876	1.378061056	2.4532953E-02
3148.787747	1.377967119	2.4407817E-02
3148.305618	1.377878904	2.4283871E-02
3147.823489	1.377802730	2.4160711E-02
3147.341361	1.377698898	2.4038473E-02
3146.859232	1.377623677	2.3915364E-02
3146.377103	1.377535582	2.3792714E-02
3145.894974	1.377441764	2.3671188E-02
3145.412846	1.377358079	2.3550220E-02
3144.930717	1.377263427	2.3429619E-02
3144.448588	1.377178907	2.3309602E-02
3143.966459	1.377082705	2.3190292E-02
3143.484331	1.376996398	2.3073223E-02
3143.002202	1.376905322	2.2957426E-02
3142.520073	1.376808643	2.2840947E-02
3142.037944	1.376716733	2.2724614E-02
3141.555816	1.376629353	2.2610007E-02
3141.073687	1.376535892	2.2497105E-02
3140.591558	1.376436830	2.2387592E-02
3140.109429	1.376351714	2.2279140E-02
3139.627301	1.376258850	2.2168379E-02
3139.145172	1.376171231	2.2055034E-02
3138.663043	1.376091123	2.1940168E-02
3138.180914	1.375982642	2.1826487E-02
3137.698785	1.375902534	2.1714684E-02
3137.216657	1.375796914	2.1605294E-02
3136.734528	1.375702739	2.1496425E-02
3136.252399	1.375614047	2.1386998E-02
3135.770270	1.375514627	2.1277227E-02
3135.288142	1.375423431	2.1169081E-02
3134.806013	1.375326872	2.1062233E-02
3134.323884	1.375225306	2.0955242E-02
3133.841755	1.375131369	2.0848105E-02
3133.359627	1.375026941	2.0742174E-02
3132.877498	1.374926209	2.0639073E-02
3132.395369	1.374836683	2.0537948E-02
3131.913240	1.374722719	2.0438487E-02
3131.431112	1.374639511	2.0339567E-02
3130.948983	1.374527574	2.0240527E-02
3130.466854	1.374444842	2.0141970E-02
3129.984725	1.374338269	2.0043714E-02
3129.502597	1.374242425	1.9944266E-02
3129.020468	1.374150038	1.9844253E-02
3128.538339	1.374048352	1.9743778E-02
3128.056210	1.373956919	1.9643437E-02
3127.574082	1.373841763	1.9544926E-02
3127.091953	1.373749137	1.9447342E-02
3126.609824	1.373647213	1.9350708E-02
3126.127695	1.373539448	1.9255510E-02
3125.645566	1.373441219	1.9162048E-02
3125.163438	1.373334646	1.9069176E-02
3124.681309	1.373238564	1.8975848E-02
3124.199180	1.373132348	1.8881450E-02
3123.717051	1.373034120	1.8785855E-02
3123.234923	1.372922301	1.8690748E-02
3122.752794	1.372817159	1.8599214E-02
3122.270665	1.372701287	1.8512519E-02
3121.788536	1.372596383	1.8432211E-02
3121.306408	1.372492313	1.8356277E-02
3120.824279	1.372392416	1.8278878E-02
3120.342150	1.372304797	1.8194465E-02
3119.860021	1.372208118	1.8100660E-02
3119.377893	1.372105360	1.8002423E-02
3118.895764	1.372002840	1.7909635E-02
3118.413635	1.371876478	1.7826159E-02
3117.931506	1.371780872	1.7749466E-02
3117.449378	1.371667385	1.7673569E-02
3116.967249	1.371584415	1.7591804E-02
3116.485120	1.371477127	1.7503681E-02
3116.002991	1.371373534	1.7414020E-02
3115.520863	1.371269941	1.7327273E-02
3115.038734	1.371159554	1.7242879E-02
3114.556605	1.371056676	1.7159006E-02
3114.074476	1.370949149	1.7074531E-02
3113.592347	1.370833993	1.6990038E-02
3113.110219	1.370724320	1.6908620E-02
3112.628090	1.370607734	1.6830629E-02
3112.145961	1.370496869	1.6754160E-02
3111.663832	1.370395064	1.6678289E-02
3111.181704	1.370273590	1.6601767E-02
3110.699575	1.370173693	1.6525749E-02
3110.217446	1.370049834	1.6452588E-02
3109.735317	1.369950891	1.6381981E-02
3109.253189	1.369835615	1.6312584E-02
3108.771060	1.369731426	1.6240498E-02
3108.288931	1.369630814	1.6164765E-02
3107.806802	1.369522810	1.6086338E-02
3107.324674	1.369406223	1.6009294E-02
3106.842545	1.369292378	1.5936039E-02
3106.360416	1.369184375	1.5865332E-02
3105.878287	1.369073987	1.5794436E-02
3105.396159	1.368959546	1.5722683E-02
3104.914030	1.368851185	1.5649447E-02
3104.431901	1.368732810	1.5577118E-02
3103.949772	1.368620992	1.5506979E-02
3103.467644	1.368501902	1.5438461E-02
3102.985515	1.368390322	1.5370870E-02
3102.503386	1.368271351	1.5304279E-02
3102.021257	1.368159652	1.5238687E-02
3101.539128	1.368043900	1.5174097E-02
3101.057000	1.367924571	1.5110553E-02
3100.574871	1.367810249	1.5047631E-02
3100.092742	1.367700219	1.4984637E-02
3099.610613	1.367586613	1.4921642E-02
3099.128485	1.367468596	1.4858647E-02
3098.646356	1.367357135	1.4795557E-02
3098.164227	1.367237926	1.4733368E-02
3097.682098	1.367123842	1.4672139E-02
3097.199970	1.367016435	1.4610170E-02
3096.717841	1.366894603	1.4547369E-02
3096.235712	1.366776943	1.4483512E-02
3095.753583	1.366660595	1.4421153E-02
3095.271455	1.366536140	1.4361719E-02
3094.789326	1.366419196	1.4305768E-02
3094.307197	1.366300464	1.4250964E-02
3093.825068	1.366179943	1.4195640E-02
3093.342940	1.366062999	1.4139099E-02
3092.860811	1.365948200	1.4082738E-02
3092.378682	1.365829587	1.4028265E-02
3091.896553	1.365707994	1.3974246E-02
3091.414425	1.365592837	1.3921102E-02
3090.932296	1.365473032	1.3868543E-02
3090.450167	1.365360856	1.3814123E-02
3089.968038	1.365241289	1.3758351E-02
3089.485909	1.365126610	1.3700691E-02
3089.003781	1.365001440	1.3643610E-02
3088.521652	1.364881158	1.3589865E-02
3088.039523	1.364755273	1.3538886E-02
3087.557394	1.364637733	1.3488754E-02
3087.075266	1.364517331	1.3436886E-02
3086.593137	1.364390731	1.3383931E-02
3086.111008	1.364267349	1.3333272E-02
3085.628879	1.364137173	1.3287395E-02
3085.146751	1.364014745	1.3245279E-02
3084.664622	1.363900661	1.3202468E-02
3084.182493	1.363786221	1.3155618E-02
3083.700364	1.363667369	1.3103385E-02
3083.218236	1.363548875	1.3047790E-02
3082.736107	1.363420606	1.2994384E-02
3082.253978	1.363283873	1.2946808E-02
3081.771849	1.363164425	1.2904840E-02
3081.289721	1.363035083	1.2864572E-02
3080.807592	1.362915397	1.2821124E-02
3080.325463	1.362798214	1.2773246E-02
3079.843334	1.362672687	1.2723376E-02
3079.361206	1.362539411	1.2678050E-02
3078.879077	1.362412095	1.2638452E-02
3078.396948	1.362294197	1.2598811E-02
3077.914819	1.362176299	1.2554218E-02
3077.432690	1.362052917	1.2502752E-02
3076.950562	1.361927629	1.2448905E-02
3076.468433	1.361791134	1.2398732E-02
3075.986304	1.361658573	1.2353497E-02
3075.504175	1.361524463	1.2311583E-02
3075.022047	1.361386061	1.2270358E-02
3074.539918	1.361262798	1.2228242E-02
3074.057789	1.361123204	1.2186571E-02
3073.575660	1.360989571	1.2146020E-02
3073.093532	1.360858321	1.2106049E-02
3072.611403	1.360723853	1.2066378E-02
3072.129274	1.360585213	1.2027826E-02
3071.647145	1.360452533	1.1989902E-02
3071.165017	1.360314250	1.1951905E-02
3070.682888	1.360178351	1.1913813E-02
3070.200759	1.360046387	1.1876467E-02
3069.718630	1.359899521	1.1841311E-02
3069.236502	1.359770417	1.1807926E-02
3068.754373	1.359629273	1.1774399E-02
3068.272244	1.359494686	1.1738237E-02
3067.790115	1.359360933	1.1699137E-02
3067.307987	1.359217286	1.1659970E-02
3066.825858	1.359076381	1.1624162E-02
3066.343729	1.358932376	1.1591638E-02
3065.861600	1.358788490	1.1559838E-02
3065.379471	1.358646989	1.1524788E-02
3064.897343	1.358507276	1.1489247E-02
3064.415214	1.358350396	1.1456271E-02
3063.933085	1.358206630	1.1427393E-02
3063.450956	1.358060122	1.1401434E-02
3062.968828	1.357913017	1.1374040E-02
3062.486699	1.357770205	1.1345599E-02
3062.004570	1.357621431	1.1316482E-02
3061.522441	1.357476234	1.1287855E-02
3061.040313	1.357327819	1.1259977E-02
3060.558184	1.357175589	1.1231515E-02
3060.076055	1.357024312	1.1203138E-02
3059.593926	1.356874585	1.1176608E-02
3059.111798	1.356721640	1.1151006E-02
3058.629669	1.356564999	1.1126450E-02
3058.147540	1.356411219	1.1102571E-02
3057.665411	1.356262445	1.1078157E-02
3057.183283	1.356098413	1.1053362E-02
3056.701154	1.355945468	1.1030128E-02
3056.219025	1.355786443	1.1008503E-02
3055.736896	1.355623484	1.0988637E-02
3055.254768	1.355466008	1.0971272E-02
3054.772639	1.355307579	1.0954023E-02
3054.290510	1.355143905	1.0935632E-02
3053.808381	1.354992151	1.0916146E-02
3053.326252	1.354824781	1.0896302E-02
3052.844124	1.354659915	1.0878388E-02
3052.361995	1.354497313	1.0863342E-02
3051.879866	1.354333162	1.0849488E-02
3051.397737	1.354166508	1.0835584E-02
3050.915609	1.354005456	1.0820943E-02
3050.433480	1.353838444	1.0804064E-02
3049.951351	1.353673220	1.0785827E-02
3049.469222	1.353498936	1.0768469E-02
3048.987094	1.353327274	1.0753211E-02
3048.504965	1.353148460	1.0740366E-02
3048.022836	1.352973938	1.0730272E-02
3047.540707	1.352794528	1.0721691E-02
3047.058579	1.352619290	1.0714498E-02
3046.576450	1.352441907	1.0708644E-02
3046.094321	1.352259159	1.0702645E-02
3045.612192	1.352089047	1.0696692E-02
3045.130064	1.351904273	1.0690232E-02
3044.647935	1.351724148	1.0683753E-02
3044.165806	1.351535678	1.0679765E-02
3043.683677	1.351349235	1.0679814E-02
3043.201549	1.351170540	1.0683316E-02
3042.719420	1.350982428	1.0685450E-02
3042.237291	1.350810051	1.0683450E-02
3041.755162	1.350618482	1.0677628E-02
3041.273033	1.350436568	1.0672195E-02
3040.790905	1.350238323	1.0668932E-02
3040.308776	1.350042820	1.0668221E-02
3039.826647	1.349850059	1.0668980E-02
3039.344518	1.349649429	1.0669544E-02
3038.862390	1.349453568	1.0672327E-02
3038.380261	1.349243045	1.0677155E-02
3037.898132	1.349044442	1.0683525E-02
3037.416003	1.348838925	1.0691692E-02
3036.933875	1.348630309	1.0701816E-02
3036.451746	1.348425508	1.0712544E-02
3035.969617	1.348215103	1.0724735E-02
3035.487488	1.348009348	1.0736323E-02
3035.005360	1.347795367	1.0747520E-02
3034.523231	1.347583652	1.0760228E-02
3034.041102	1.347364664	1.0775055E-02
3033.558973	1.347150326	1.0791655E-02
3033.076845	1.346930504	1.0808044E-02
3032.594716	1.346713305	1.0822441E-02
3032.112587	1.346487403	1.0836910E-02
3031.630458	1.346253753	1.0854276E-02
3031.148330	1.346019268	1.0876197E-02
3030.666201	1.345789075	1.0902965E-02
3030.184072	1.345546722	1.0932663E-02
3029.701943	1.345318317	1.0962370E-02
3029.219814	1.345082879	1.0991248E-02
3028.737686	1.344841480	1.1020516E-02
3028.255557	1.344601870	1.1051266E-02
3027.773428	1.344357014	1.1083678E-02
3027.291299	1.344104290	1.1117473E-02
3026.809171	1.343862653	1.1152477E-02
3026.327042	1.343603730	1.1188422E-02
3025.844913	1.343346119	1.1227540E-02
3025.362784	1.343089104	1.1270157E-02
3024.880656	1.342828274	1.1315806E-02
3024.398527	1.342563987	1.1361874E-02
3023.916398	1.342299819	1.1407870E-02
3023.434269	1.342035532	1.1453682E-02
3022.952141	1.341762185	1.1501033E-02
3022.470012	1.341482043	1.1551857E-02
3021.987883	1.341203690	1.1605398E-02
3021.505754	1.340917826	1.1661953E-02
3021.023626	1.340634227	1.1719652E-02
3020.541497	1.340344071	1.1779422E-02
3020.059368	1.340044498	1.1841284E-02
3019.577239	1.339756608	1.1904378E-02
3019.095111	1.339448810	1.1967595E-02
3018.612982	1.339140058	1.2032422E-02
3018.130853	1.338826180	1.2101930E-02
3017.648724	1.338505149	1.2178050E-02
3017.166595	1.338177443	1.2258757E-02
3016.684467	1.337852716	1.2342623E-02
3016.202338	1.337517023	1.2428475E-02
3015.720209	1.337177396	1.2519245E-02
3015.238080	1.336840153	1.2618247E-02
3014.755952	1.336487889	1.2722558E-02
3014.273823	1.336153269	1.2827020E-02
3013.791694	1.335797787	1.2929369E-02
3013.309565	1.335438609	1.3031953E-02
3012.827437	1.335071683	1.3139940E-02
3012.345308	1.334690809	1.3257949E-02
3011.863179	1.334314704	1.3384461E-02
3011.381050	1.333933115	1.3513814E-02
3010.898922	1.333543062	1.3642528E-02
3010.416793	1.333144426	1.3773258E-02
3009.934664	1.332742214	1.3911546E-02
3009.452535	1.332314491	1.4058693E-02
3008.970407	1.331898332	1.4213949E-02
3008.488278	1.331469417	1.4375631E-02
3008.006149	1.331029654	1.4542096E-02
3007.524020	1.330586314	1.4715733E-02
3007.041892	1.330131292	1.4896682E-02
3006.559763	1.329658747	1.5086151E-02
3006.077634	1.329196930	1.5283793E-02
3005.595505	1.328704953	1.5489765E-02
3005.113376	1.328210711	1.5706625E-02
3004.631248	1.327710152	1.5933720E-02
3004.149119	1.327195287	1.6172243E-02
3003.666990	1.326665640	1.6422840E-02
3003.184861	1.326130152	1.6685430E-02
3002.702733	1.325592279	1.6959930E-02
3002.220604	1.325021386	1.7247098E-02
3001.738475	1.324458718	1.7548718E-02
3001.256346	1.323875308	1.7865676E-02
3000.774218	1.323273897	1.8199416E-02
3000.292089	1.322668314	1.8551208E-02
2999.809960	1.322044373	1.8921755E-02
2999.327831	1.321403027	1.9311953E-02
2998.845703	1.320752144	1.9722097E-02
2998.363574	1.320092916	2.0154722E-02
2997.881445	1.319409966	2.0611217E-02
2997.399316	1.318723202	2.1091918E-02
2996.917188	1.318014264	2.1597112E-02
2996.435059	1.317280769	2.2131594E-02
2995.952930	1.316540956	2.2698268E-02
2995.470801	1.315773129	2.3299730E-02
2994.988673	1.315000296	2.3938170E-02
2994.506544	1.314197779	2.4617419E-02
2994.024415	1.313392043	2.5342356E-02
2993.542286	1.312560797	2.6116330E-02
2993.060157	1.311733603	2.6940042E-02
2992.578029	1.310883403	2.7812710E-02
2992.095900	1.310033321	2.8737566E-02
2991.613771	1.309160471	2.9722307E-02
2991.131642	1.308266521	3.0775895E-02
2990.649514	1.307374954	3.1907510E-02
2990.167385	1.306497812	3.3119127E-02
2989.685256	1.305621505	3.4407169E-02
2989.203127	1.304741144	3.5773870E-02
2988.720999	1.303884029	3.7227042E-02
2988.238870	1.303020000	3.8777459E-02
2987.756741	1.302185655	4.0435262E-02
2987.274612	1.301403522	4.2207316E-02
2986.792484	1.300622940	4.4097278E-02
2986.310355	1.299916506	4.6107248E-02
2985.828226	1.299289942	4.8240650E-02
2985.346097	1.298720121	5.0501689E-02
2984.863969	1.298269033	5.2893352E-02
2984.381840	1.297915578	5.5416107E-02
2983.899711	1.297675371	5.8069535E-02
2983.417582	1.297598839	6.0852911E-02
2982.935454	1.297713161	6.3762642E-02
2982.453325	1.298012376	6.6787578E-02
2981.971196	1.298513055	6.9912106E-02
2981.489067	1.299293160	7.3116489E-02
2981.006938	1.300300121	7.6379158E-02
2980.524810	1.301629901	7.9676502E-02
2980.042681	1.303221345	8.2978256E-02
2979.560552	1.305173516	8.6249553E-02
2979.078423	1.307411671	8.9448385E-02
2978.596295	1.310024023	9.2531003E-02
2978.114166	1.312936544	9.5452979E-02
2977.632037	1.316139936	9.8167844E-02
2977.149908	1.319662929	1.0062972E-01
2976.667780	1.323482752	1.0279342E-01
2976.185651	1.327502608	1.0462420E-01
2975.703522	1.331692100	1.0608985E-01
2975.221393	1.336049080	1.0715652E-01
2974.739265	1.340554833	1.0780478E-01
2974.257136	1.344953895	1.0802076E-01
2973.775007	1.349477291	1.0781339E-01
2973.292878	1.353758216	1.0719927E-01
2972.810750	1.358062983	1.0619998E-01
2972.328621	1.362065315	1.0484100E-01
2971.846492	1.365906119	1.0314186E-01
2971.364363	1.369516969	1.0115491E-01
2970.882235	1.372812986	9.8912254E-02
2970.400106	1.375856519	9.6460216E-02
2969.917977	1.378571033	9.3840830E-02
2969.435848	1.380951166	9.1095477E-02
2968.953719	1.383066535	8.8264979E-02
2968.471591	1.384843469	8.5385785E-02
2967.989462	1.386354327	8.2490802E-02
2967.507333	1.387632370	7.9608791E-02
2967.025204	1.388553739	7.6763749E-02
2966.543076	1.389350295	7.3977612E-02
2966.060947	1.389816403	7.1269371E-02
2965.578818	1.390191555	6.8653837E-02
2965.096689	1.390299082	6.6140614E-02
2964.614561	1.390286326	6.3736826E-02
2964.132432	1.390146375	6.1448205E-02
2963.650303	1.389858723	5.9277974E-02
2963.168174	1.389492273	5.7225410E-02
2962.686046	1.389019608	5.5289544E-02
2962.203917	1.388453364	5.3468667E-02
2961.721788	1.387848616	5.1759686E-02
2961.239659	1.387161493	5.0159209E-02
2960.757531	1.386454582	4.8663639E-02
2960.275402	1.385683894	4.7268920E-02
2959.793273	1.384907603	4.5969535E-02
2959.311144	1.384080768	4.4761580E-02
2958.829016	1.383257151	4.3641452E-02
2958.346887	1.382394552	4.2605791E-02
2957.864758	1.381542325	4.1651432E-02
2957.382629	1.380669832	4.0774569E-02
2956.900500	1.379783988	3.9969623E-02
2956.418372	1.378905416	3.9234567E-02
2955.936243	1.378038883	3.8566716E-02
2955.454114	1.377161860	3.7963711E-02
2954.971985	1.376280665	3.7423305E-02
2954.489857	1.375413895	3.6943384E-02
2954.007728	1.374575615	3.6521684E-02
2953.525599	1.373699427	3.6157794E-02
2953.043470	1.372893214	3.5847690E-02
2952.561342	1.372046232	3.5588369E-02
2952.079213	1.371269345	3.5377514E-02
2951.597084	1.370460629	3.5214234E-02
2951.114955	1.369688749	3.5097912E-02
2950.632827	1.368943930	3.5028502E-02
2950.150698	1.368208408	3.5002980E-02
2949.668569	1.367512226	3.5016760E-02
2949.186440	1.366831422	3.5068721E-02
2948.704312	1.366164327	3.5158001E-02
2948.222183	1.365543008	3.5284493E-02
2947.740054	1.364934683	3.5444554E-02
2947.257925	1.364376783	3.5634156E-02
2946.775796	1.363834143	3.5848737E-02
2946.293668	1.363332510	3.6084991E-02
2945.811539	1.362877250	3.6342941E-02
2945.329410	1.362415671	3.6621597E-02
2944.847281	1.362003088	3.6919408E-02
2944.365153	1.361635923	3.7232023E-02
2943.883024	1.361283422	3.7554588E-02
2943.400895	1.360979199	3.7885275E-02
2942.918766	1.360691309	3.8223248E-02
2942.436638	1.360420704	3.8568560E-02
2941.954509	1.360187173	3.8920242E-02
2941.472380	1.359992743	3.9277714E-02
2940.990251	1.359815717	3.9637201E-02
2940.508123	1.359652281	3.9997675E-02
2940.025994	1.359533191	4.0358070E-02
2939.543865	1.359417200	4.0716592E-02
2939.061736	1.359342337	4.1074231E-02
2938.579608	1.359269142	4.1430570E-02
2938.097479	1.359235287	4.1784450E-02
2937.615350	1.359209776	4.2135559E-02
2937.133221	1.359179854	4.2485081E-02
2936.651093	1.359221578	4.2833634E-02
2936.168964	1.359226465	4.3181527E-02
2935.686835	1.359272242	4.3529499E-02
2935.204706	1.359346509	4.3877423E-02
2934.722577	1.359430790	4.4225693E-02
2934.240449	1.359521389	4.4575077E-02
2933.758320	1.359658957	4.4925246E-02
2933.276191	1.359799623	4.5274451E-02
2932.794062	1.359992862	4.5619499E-02
2932.311934	1.360191345	4.5957815E-02
2931.829805	1.360444665	4.6286751E-02
2931.347676	1.360706806	4.6602719E-02
2930.865547	1.361025810	4.6900958E-02
2930.383419	1.361365795	4.7174256E-02
2929.901290	1.361713529	4.7416680E-02
2929.419161	1.362147927	4.7620900E-02
2928.937032	1.362541437	4.7783125E-02
2928.454904	1.362981915	4.7902003E-02
2927.972775	1.363406062	4.7975749E-02
2927.490646	1.363846540	4.8002668E-02
2927.008517	1.364293694	4.7983110E-02
2926.526389	1.364715457	4.7918104E-02
2926.044260	1.365104198	4.7811978E-02
2925.562131	1.365492463	4.7667105E-02
2925.080002	1.365828276	4.7488317E-02
2924.597874	1.366152644	4.7281753E-02
2924.115745	1.366429090	4.7053412E-02
2923.633616	1.366644621	4.6809297E-02
2923.151487	1.366881967	4.6555489E-02
2922.669358	1.367024064	4.6297263E-02
2922.187230	1.367156744	4.6038941E-02
2921.705101	1.367267489	4.5784582E-02
2921.222972	1.367339134	4.5535956E-02
2920.740843	1.367367744	4.5295022E-02
2920.258715	1.367393494	4.5064170E-02
2919.776586	1.367370725	4.4846170E-02
2919.294457	1.367349863	4.4642564E-02
2918.812328	1.367284298	4.4454709E-02
2918.330200	1.367224813	4.4283953E-02
2917.848071	1.367125154	4.4130534E-02
2917.365942	1.367034674	4.3995142E-02
2916.883813	1.366907716	4.3878041E-02
2916.401685	1.366790891	4.3780260E-02
2915.919556	1.366649032	4.3703184E-02
2915.437427	1.366487026	4.3648589E-02
2914.955298	1.366330743	4.3617107E-02
2914.473170	1.366183758	4.3608453E-02
2913.991041	1.366024733	4.3620329E-02
2913.508912	1.365850806	4.3650117E-02
2913.026783	1.365695119	4.3699902E-02
2912.544655	1.365515113	4.3772534E-02
2912.062526	1.365358591	4.3869689E-02
2911.580397	1.365183234	4.3991622E-02
2911.098268	1.365037918	4.4137221E-02
2910.616139	1.364878178	4.4305030E-02
2910.134011	1.364751101	4.4494107E-02
2909.651882	1.364612460	4.4704538E-02
2909.169753	1.364509344	4.4935245E-02
2908.687624	1.364406586	4.5186389E-02
2908.205496	1.364309311	4.5456000E-02
2907.723367	1.364239097	4.5743957E-02
2907.241238	1.364212394	4.6050359E-02
2906.759109	1.364148974	4.6373401E-02
2906.276981	1.364167929	4.6711486E-02
2905.794852	1.364190102	4.7061428E-02
2905.312723	1.364225626	4.7420558E-02
2904.830594	1.364311218	4.7786955E-02
2904.348466	1.364400983	4.8158705E-02
2903.866337	1.364544034	4.8532967E-02
2903.384208	1.364700079	4.8907146E-02
2902.902079	1.364873528	4.9279694E-02
2902.419951	1.365087867	4.9646795E-02
2901.937822	1.365348935	5.0005980E-02
2901.455693	1.365612745	5.0351605E-02
2900.973564	1.365940332	5.0679348E-02
2900.491436	1.366224766	5.0985098E-02
2900.009307	1.366591454	5.1267248E-02
2899.527178	1.366943479	5.1526286E-02
2899.045049	1.367290378	5.1764756E-02
2898.562920	1.367668033	5.1984392E-02
2898.080792	1.368026257	5.2186541E-02
2897.598663	1.368415475	5.2369837E-02
2897.116534	1.368779540	5.2535456E-02
2896.634405	1.369169831	5.2684739E-02
2896.152277	1.369536400	5.2819707E-02
2895.670148	1.369905591	5.2942786E-02
2895.188019	1.370270252	5.3056292E-02
2894.705890	1.370631218	5.3161752E-02
2894.223762	1.370987654	5.3262427E-02
2893.741633	1.371342659	5.3360324E-02
2893.259504	1.371697068	5.3455222E-02
2892.777375	1.372057080	5.3547040E-02
2892.295247	1.372396946	5.3636476E-02
2891.813118	1.372757435	5.3725436E-02
2891.330989	1.373121858	5.3814139E-02
2890.848860	1.373468995	5.3901810E-02
2890.366732	1.373847842	5.3988066E-02
2889.884603	1.374208450	5.4072868E-02
2889.402474	1.374581456	5.4158233E-02
2888.920345	1.374955297	5.4244090E-02
2888.438217	1.375361800	5.4328140E-02
2887.956088	1.375754833	5.4409087E-02
2887.473959	1.376170874	5.4486785E-02
2886.991830	1.376575232	5.4559790E-02
2886.509701	1.377012849	5.4626316E-02
2886.027573	1.377454400	5.4685853E-02
2885.545444	1.377907157	5.4737687E-02
2885.063315	1.378374934	5.4780707E-02
2884.581186	1.378831506	5.4815929E-02
2884.099058	1.379326105	5.4842204E-02
2883.616929	1.379811287	5.4856923E-02
2883.134800	1.380306482	5.4859702E-02
2882.652671	1.380833387	5.4849405E-02
2882.170543	1.381347537	5.4824673E-02
2881.688414	1.381876588	5.4785982E-02
2881.206285	1.382411957	5.4732140E-02
2880.724156	1.382955909	5.4664906E-02
2880.242028	1.383507967	5.4582238E-02
2879.759899	1.384069681	5.4483295E-02
2879.277770	1.384639025	5.4366294E-02
2878.795641	1.385223031	5.4229155E-02
2878.313513	1.385791302	5.4071449E-02
2877.831384	1.386394024	5.3890936E-02
2877.349255	1.386972785	5.3686321E-02
2876.867126	1.387581706	5.3457469E-02
2876.384998	1.388170481	5.3202845E-02
2875.902869	1.388759494	5.2921452E-02
2875.420740	1.389365673	5.2613888E-02
2874.938611	1.389949322	5.2278601E-02
2874.456482	1.390532732	5.1914293E-02
2873.974354	1.391108990	5.1520050E-02
2873.492225	1.391675234	5.1093176E-02
2873.010096	1.392225027	5.0633807E-02
2872.527967	1.392758846	5.0144047E-02
2872.045839	1.393248796	4.9626909E-02
2871.563710	1.393729925	4.9087372E-02
2871.081581	1.394184113	4.8528668E-02
2870.599452	1.394591331	4.7953136E-02
2870.117324	1.394994259	4.7362257E-02
2869.635195	1.395347714	4.6757184E-02
2869.153066	1.395670176	4.6143048E-02
2868.670937	1.395978808	4.5522325E-02
2868.188809	1.396239519	4.4898063E-02
2867.706680	1.396474600	4.4272143E-02
2867.224551	1.396680713	4.3647803E-02
2866.742422	1.396859288	4.3025699E-02
2866.260294	1.397010446	4.2407975E-02
2865.778165	1.397134423	4.1797377E-02
2865.296036	1.397238374	4.1195042E-02
2864.813907	1.397301435	4.0604331E-02
2864.331779	1.397365928	4.0025692E-02
2863.849650	1.397390366	3.9459009E-02
2863.367521	1.397418737	3.8904645E-02
2862.885392	1.397410035	3.8363356E-02
2862.403263	1.397407413	3.7835024E-02
2861.921135	1.397374630	3.7320018E-02
2861.439006	1.397334814	3.6819078E-02
2860.956877	1.397283554	3.6332220E-02
2860.474748	1.397224545	3.5858668E-02
2859.992620	1.397156596	3.5397291E-02
2859.510491	1.397080660	3.4949027E-02
2859.028362	1.396998405	3.4513392E-02
2858.546233	1.396909595	3.4090050E-02
2858.064105	1.396819949	3.3679538E-02
2857.581976	1.396713734	3.3280298E-02
2857.099847	1.396621108	3.2890908E-02
2856.617718	1.396507859	3.2511558E-02
2856.135590	1.396408439	3.2141797E-02
2855.653461	1.396288753	3.1781696E-02
2855.171332	1.396183133	3.1432051E-02
2854.689203	1.396062732	3.1091619E-02
2854.207075	1.395944595	3.0760977E-02
2853.724946	1.395825863	3.0438894E-02
2853.242817	1.395706296	3.0125143E-02
2852.760688	1.395587206	2.9819775E-02
2852.278560	1.395467877	2.9521663E-02
2851.796431	1.395352483	2.9230975E-02
2851.314302	1.395226479	2.8946141E-02
2850.832173	1.395112157	2.8667346E-02
2850.350044	1.394998431	2.8394265E-02
2849.867916	1.394874811	2.8125748E-02
2849.385787	1.394764423	2.7861519E-02
2848.903658	1.394643307	2.7602082E-02
2848.421529	1.394522190	2.7346164E-02
2847.939401	1.394410133	2.7093818E-02
2847.457272	1.394285440	2.6846619E-02
2846.975143	1.394162655	2.6604381E-02
2846.493014	1.394037843	2.6367459E-02
2846.010886	1.393911839	2.6136534E-02
2845.528757	1.393787026	2.5912290E-02
2845.046628	1.393652320	2.5695911E-02
2844.564499	1.393529773	2.5486177E-02
2844.082371	1.393406153	2.5282003E-02
2843.600242	1.393286943	2.5083119E-02
2843.118113	1.393159866	2.4890026E-02
2842.635984	1.393047810	2.4701497E-02
2842.153856	1.392928123	2.4517253E-02
2841.671727	1.392811179	2.4337802E-02
2841.189598	1.392707229	2.4161914E-02
2840.707469	1.392595887	2.3989314E-02
2840.225341	1.392490506	2.3820508E-02
2839.743212	1.392388582	2.3654347E-02
2839.261083	1.392290711	2.3489788E-02
2838.778954	1.392195106	2.3326198E-02
2838.296825	1.392104745	2.3163205E-02
2837.814697	1.392006159	2.3000820E-02
2837.332568	1.391917944	2.2840181E-02
2836.850439	1.391830921	2.2681233E-02
2836.368310	1.391737819	2.2524467E-02
2835.886182	1.391658664	2.2367440E-02
2835.404053	1.391569257	2.2210816E-02
2834.921924	1.391493440	2.2054624E-02
2834.439795	1.391410112	2.1897245E-02
2833.957667	1.391329288	2.1739185E-02
2833.475538	1.391248107	2.1581199E-02
2832.993409	1.391166925	2.1423131E-02
2832.511280	1.391085029	2.1265825E-02
2832.029152	1.391003966	2.1109669E-02
2831.547023	1.390923262	2.0952607E-02
2831.064894	1.390843630	2.0795662E-02
2830.582765	1.390756011	2.0638358E-02
2830.100637	1.390674353	2.0480176E-02
2829.618508	1.390589833	2.0323066E-02
2829.136379	1.390495300	2.0168858E-02
2828.654250	1.390411019	2.0016577E-02
2828.172122	1.390317559	1.9866377E-02
2827.689993	1.390227556	1.9717496E-02
2827.207864	1.390133977	1.9568747E-02
2826.725735	1.390047073	1.9421391E-02
2826.243606	1.389950514	1.9276109E-02
2825.761478	1.389856219	1.9132866E-02
2825.279349	1.389760494	1.8991223E-02
2824.797220	1.389665961	1.8851182E-02
2824.315091	1.389562726	1.8713931E-02
2823.832963	1.389466405	1.8578924E-02
2823.350834	1.389369130	1.8447030E-02
2822.868705	1.389265060	1.8317778E-02
2822.386576	1.389169812	1.8190809E-02
2821.904448	1.389065504	1.8066555E-02
2821.422319	1.388970137	1.7944546E-02
2820.940190	1.388867497	1.7825609E-02
2820.458061	1.388766885	1.7709632E-02
2819.975933	1.388666987	1.7597050E-02
2819.493804	1.388566375	1.7487831E-02
2819.011675	1.388476133	1.7381175E-02
2818.529546	1.388373375	1.7278072E-02
2818.047418	1.388282537	1.7176425E-02
2817.565289	1.388190031	1.7076336E-02
2817.083160	1.388099313	1.6979436E-02
2816.601031	1.388012648	1.6885217E-02
2816.118903	1.387922168	1.6792927E-02
2815.636774	1.387842655	1.6702713E-02
2815.154645	1.387758493	1.6613791E-02
2814.672516	1.387685299	1.6525470E-02
2814.190387	1.387608767	1.6438309E-02
2813.708259	1.387537599	1.6350243E-02
2813.226130	1.387466192	1.6262211E-02
2812.744001	1.387403846	1.6174534E-02
2812.261872	1.387338042	1.6087696E-02
2811.779744	1.387280345	1.6000193E-02
2811.297615	1.387219667	1.5910188E-02
2810.815486	1.387168050	1.5817503E-02
2810.333357	1.387116790	1.5722185E-02
2809.851229	1.387068629	1.5623388E-02
2809.369100	1.387014985	1.5522503E-02
2808.886971	1.386971354	1.5417839E-02
2808.404842	1.386919141	1.5308694E-02
2807.922714	1.386873841	1.5196344E-02
2807.440585	1.386821032	1.5080236E-02
2806.958456	1.386765718	1.4961083E-02
2806.476327	1.386713028	1.4839951E-02
2805.994199	1.386651993	1.4718373E-02
2805.512070	1.386590958	1.4594963E-02
2805.029941	1.386526823	1.4470626E-02
2804.547812	1.386460781	1.4345250E-02
2804.065684	1.386392832	1.4219226E-02
2803.583555	1.386317492	1.4092964E-02
2803.101426	1.386244535	1.3965549E-02
2802.619297	1.386168122	1.3837760E-02
2802.137168	1.386081815	1.3711119E-02
2801.655040	1.386000276	1.3585438E-02
2801.172911	1.385907650	1.3461070E-02
2800.690782	1.385819912	1.3338774E-02
2800.208653	1.385723352	1.3218440E-02
2799.726525	1.385626674	1.3100456E-02
2799.244396	1.385527611	1.2985274E-02
2798.762267	1.385427713	1.2871430E-02
2798.280138	1.385323882	1.2761167E-02
2797.798010	1.385222912	1.2655404E-02
2797.315881	1.385120988	1.2546934E-02
2796.833752	1.385015130	1.2442062E-02
2796.351623	1.384911060	1.2339448E-02
2795.869495	1.384799600	1.2238737E-02
2795.387366	1.384694338	1.2141236E-02
2794.905237	1.384581923	1.2045135E-02
2794.423108	1.384474516	1.1952259E-02
2793.940980	1.384361386	1.1861644E-02
2793.458851	1.384253144	1.1772891E-02
2792.976722	1.384140015	1.1687738E-02
2792.494593	1.384029031	1.1604437E-02
2792.012465	1.383917928	1.1523135E-02
2791.530336	1.383807063	1.1443872E-02
2791.048207	1.383696675	1.1366259E-02
2790.566078	1.383586049	1.1289883E-02
2790.083949	1.383474827	1.1215541E-02
2789.601821	1.383364677	1.1143587E-02
2789.119692	1.383250594	1.1074008E-02
2788.637563	1.383142471	1.1005979E-02
2788.155434	1.383028984	1.0940438E-02
2787.673306	1.382922053	1.0876059E-02
2787.191177	1.382809281	1.0813793E-02
2786.709048	1.382703304	1.0753178E-02
2786.226919	1.382592916	1.0693837E-02
2785.744791	1.382484198	1.0636183E-02
2785.262662	1.382375240	1.0580150E-02
2784.780533	1.382267118	1.0526609E-02
2784.298404	1.382159829	1.0474266E-02
2783.816276	1.382053137	1.0423650E-02
2783.334147	1.381947041	1.0374307E-02
2782.852018	1.381842494	1.0326691E-02
2782.369889	1.381734371	1.0280308E-02
2781.887761	1.381631732	1.0236038E-02
2781.405632	1.381525278	1.0193421E-02
2780.923503	1.381424785	1.0152115E-02
2780.441374	1.381320357	1.0112189E-02
2779.959246	1.381221533	1.0072770E-02
2779.477117	1.381119132	1.0035195E-02
2778.994988	1.381018877	9.9984864E-03
2778.512859	1.380918741	9.9628977E-03
2778.030730	1.380819201	9.9288654E-03
2777.548602	1.380720496	9.8961368E-03
2777.066473	1.380622149	9.8648472E-03
2776.584344	1.380524993	9.8350719E-03
2776.102215	1.380428314	9.8067457E-03
2775.620087	1.380334258	9.7796125E-03
2775.137958	1.380236745	9.7534498E-03
2774.655829	1.380145311	9.7283395E-03
2774.173700	1.380048990	9.7045098E-03
2773.691572	1.379959106	9.6820686E-03
2773.209443	1.379865766	9.6608847E-03
2772.727314	1.379773736	9.6409274E-03
2772.245185	1.379686117	9.6222386E-03
2771.763057	1.379596114	9.6048117E-03
2771.280928	1.379507899	9.5887529E-03
2770.798799	1.379421592	9.5737614E-03
2770.316670	1.379336119	9.5595131E-03
2769.834542	1.379253149	9.5459111E-03
2769.352413	1.379166842	9.5330160E-03
2768.870284	1.379085183	9.5212078E-03
2768.388155	1.379004359	9.5106456E-03
2767.906027	1.378920913	9.5013967E-03
2767.423898	1.378843784	9.4934106E-03
2766.941769	1.378763437	9.4863297E-03
2766.459640	1.378689528	9.4796782E-03
2765.977511	1.378612995	9.4733769E-03
2765.495383	1.378538370	9.4674518E-03
2765.013254	1.378463507	9.4622094E-03
2764.531125	1.378393531	9.4577754E-03
2764.048996	1.378320456	9.4542047E-03
2763.566868	1.378250480	9.4516035E-03
2763.084739	1.378177762	9.4500240E-03
2762.602610	1.378110170	9.4497167E-03
2762.120481	1.378043056	9.4504906E-03
2761.638353	1.377979040	9.4520440E-03
2761.156224	1.377912760	9.4538499E-03
2760.674095	1.377852917	9.4559062E-03
2760.191966	1.377789140	9.4583062E-03
2759.709838	1.377731442	9.4614364E-03
2759.227709	1.377671123	9.4653415E-03
2758.745580	1.377613664	9.4700484E-03
2758.263451	1.377556801	9.4751641E-03
2757.781323	1.377505422	9.4805509E-03
2757.299194	1.377451658	9.4863577E-03
2756.817065	1.377401352	9.4929058E-03
2756.334936	1.377349257	9.5000779E-03
2755.852807	1.377303243	9.5075257E-03
2755.370679	1.377258539	9.5147891E-03
2754.888550	1.377216697	9.5215421E-03
2754.406421	1.377172589	9.5279282E-03
2753.924292	1.377134919	9.5340572E-03
2753.442164	1.377094030	9.5399627E-03
2752.960035	1.377059579	9.5455600E-03
2752.477906	1.377023220	9.5508657E-03
2751.995777	1.376988649	9.5558260E-03
2751.513649	1.376960158	9.5601697E-03
2751.031520	1.376929641	9.5634414E-03
2750.549391	1.376902342	9.5652118E-03
2750.067262	1.376875997	9.5653860E-03
2749.585134	1.376850843	9.5641585E-03
2749.103005	1.376827478	9.5617697E-03
2748.620876	1.376801729	9.5580630E-03
2748.138747	1.376780510	9.5527014E-03
2747.656619	1.376760244	9.5455758E-03
2747.174490	1.376735568	9.5368540E-03
2746.692361	1.376716375	9.5270751E-03
2746.210232	1.376691818	9.5162662E-03
2745.728104	1.376672983	9.5045194E-03
2745.245975	1.376649976	9.4915899E-03
2744.763846	1.376628399	9.4773937E-03
2744.281717	1.376605749	9.4621889E-03
2743.799588	1.376582980	9.4463155E-03
2743.317460	1.376559377	9.4301570E-03
2742.835331	1.376535892	9.4139734E-03
2742.353202	1.376512408	9.3976175E-03
2741.871073	1.376489401	9.3806246E-03
2741.388945	1.376466990	9.3629537E-03
2740.906816	1.376440644	9.3446057E-03
2740.424687	1.376418114	9.3260780E-03
2739.942558	1.376390696	9.3076285E-03
2739.460430	1.376367450	9.2894267E-03
2738.978301	1.376340508	9.2714997E-03
2738.496172	1.376313329	9.2537906E-03
2738.014043	1.376290202	9.2364149E-03
2737.531915	1.376263022	9.2194770E-03
2737.049786	1.376237392	9.2030540E-03
2736.567657	1.376211882	9.1870697E-03
2736.085528	1.376187325	9.1713760E-03
2735.603400	1.376163006	9.1559552E-03
2735.121271	1.376140594	9.1407094E-03
2734.639142	1.376114964	9.1254544E-03
2734.157013	1.376093626	9.1100633E-03
2733.674885	1.376072407	9.0948092E-03
2733.192756	1.376048088	9.0798819E-03
2732.710627	1.376028657	9.0655908E-03
2732.228498	1.376006961	9.0518482E-03
2731.746369	1.375986099	9.0384465E-03
2731.264241	1.375970840	9.0251174E-03
2730.782112	1.375952840	9.0115042E-03
2730.299983	1.375937581	8.9974497E-03
2729.817854	1.375923038	8.9828465E-03
2729.335726	1.375909925	8.9677330E-03
2728.853597	1.375897646	8.9522852E-03
2728.371468	1.375888109	8.9363204E-03
2727.889339	1.375876307	8.9195510E-03
2727.407211	1.375869989	8.9013521E-03
2726.925082	1.375864625	8.8814311E-03
2726.442953	1.375856519	8.8596782E-03
2725.960824	1.375853300	8.8363355E-03
2725.478696	1.375846028	8.8114860E-03
2724.996567	1.375843406	8.7853251E-03
2724.514438	1.375837803	8.7577989E-03
2724.032309	1.375833511	8.7289019E-03
2723.550181	1.375829935	8.6983051E-03
2723.068052	1.375826478	8.6656986E-03
2722.585923	1.375823379	8.6308625E-03
2722.103794	1.375819564	8.5938824E-03
2721.621666	1.375815392	8.5549504E-03
2721.139537	1.375811100	8.5141007E-03
2720.657408	1.375802875	8.4712142E-03
2720.175279	1.375796556	8.4262090E-03
2719.693150	1.375789165	8.3791791E-03
2719.211022	1.375775814	8.3304849E-03
2718.728893	1.375765324	8.2804393E-03
2718.246764	1.375748515	8.2291821E-03
2717.764635	1.375730872	8.1769926E-03
2717.282507	1.375709295	8.1241196E-03
2716.800378	1.375688672	8.0709765E-03
2716.318249	1.375661612	8.0179917E-03
2715.836120	1.375632882	7.9656765E-03
2715.353992	1.375602007	7.9144966E-03
2714.871863	1.375565767	7.8648860E-03
2714.389734	1.375530481	7.8172674E-03
2713.907605	1.375493050	7.7717919E-03
2713.425477	1.375455141	7.7285240E-03
2712.943348	1.375413299	7.6874373E-03
2712.461219	1.375374317	7.6487008E-03
2711.979090	1.375332236	7.6126782E-03
2711.496962	1.375290036	7.5791930E-03
2711.014833	1.375252008	7.5480710E-03
2710.532704	1.375211239	7.5191786E-03
2710.050575	1.375172973	7.4924189E-03
2709.568447	1.375135660	7.4677374E-03
2709.086318	1.375101089	7.4445875E-03
2708.604189	1.375068188	7.4225049E-03
2708.122060	1.375038028	7.4010175E-03
2707.639931	1.375009418	7.3796925E-03
2707.157803	1.374984145	7.3585347E-03
2706.675674	1.374957442	7.3371683E-03
2706.193545	1.374937415	7.3149740E-03
2705.711416	1.374914646	7.2916630E-03
2705.229288	1.374897718	7.2670984E-03
2704.747159	1.374877572	7.2413655E-03
2704.265030	1.374863029	7.2141928E-03
2703.782901	1.374845743	7.1854177E-03
2703.300773	1.374830365	7.1548787E-03
2702.818644	1.374814749	7.1227518E-03
2702.336515	1.374799848	7.0890649E-03
2701.854386	1.374784470	7.0537943E-03
2701.372258	1.374769330	7.0167244E-03
2700.890129	1.374753118	6.9780019E-03
2700.408000	1.374737024	6.9379327E-03
2699.925871	1.374716640	6.8969517E-03
2699.443743	1.374698877	6.8552508E-03
2698.961614	1.374679685	6.8129068E-03
2698.479485	1.374658465	6.7697479E-03
2697.997356	1.374635816	6.7257858E-03
2697.515228	1.374615431	6.6810423E-03
2697.033099	1.374590516	6.6356855E-03
2696.550970	1.374565721	6.5899980E-03
2696.068841	1.374539137	6.5442096E-03
2695.586712	1.374511957	6.4985715E-03
2695.104584	1.374483466	6.4531518E-03
2694.622455	1.374454737	6.4078383E-03
2694.140326	1.374424815	6.3624601E-03
2693.658197	1.374394536	6.3171862E-03
2693.176069	1.374363661	6.2721027E-03
2692.693940	1.374329925	6.2274230E-03
2692.211811	1.374298811	6.1829528E-03
2691.729682	1.374264240	6.1384244E-03
2691.247554	1.374231935	6.0938387E-03
2690.765425	1.374196529	6.0494225E-03
2690.283296	1.374160171	6.0053533E-03
2689.801167	1.374125957	5.9616701E-03
2689.319039	1.374088526	5.9182174E-03
2688.836910	1.374051571	5.8748722E-03
2688.354781	1.374013424	5.8317846E-03
2687.872652	1.373974919	5.7891659E-03
2687.390524	1.373936176	5.7472046E-03
2686.908395	1.373895168	5.7058320E-03
2686.426266	1.373855829	5.6647588E-03
2685.944137	1.373816490	5.6240894E-03
2685.462009	1.373773932	5.5838483E-03
2684.979880	1.373734593	5.5441218E-03
2684.497751	1.373691678	5.5048484E-03
2684.015622	1.373652220	5.4657636E-03
2683.533493	1.373609543	5.4267463E-03
2683.051365	1.373567581	5.3880182E-03
2682.569236	1.373524904	5.3495192E-03
2682.087107	1.373482347	5.3112665E-03
2681.604978	1.373438954	5.2731237E-03
2681.122850	1.373395324	5.2352026E-03
2680.640721	1.373350739	5.1977113E-03
2680.158592	1.373306036	5.1608952E-03
2679.676463	1.373260856	5.1245391E-03
2679.194335	1.373216271	5.0885472E-03
2678.712206	1.373168945	5.0528408E-03
2678.230077	1.373124003	5.0174845E-03
2677.747948	1.373076200	4.9827071E-03
2677.265820	1.373028517	4.9485904E-03
2676.783691	1.372982144	4.9148593E-03
2676.301562	1.372933269	4.8822304E-03
2675.819433	1.372885704	4.8509650E-03
2675.337305	1.372838736	4.8184856E-03
2674.855176	1.372790337	4.7866181E-03
2674.373047	1.372742176	4.7552041E-03
2673.890918	1.372693062	4.7243759E-03
2673.408790	1.372644305	4.6940404E-03
2672.926661	1.372594714	4.6641938E-03
2672.444532	1.372545838	4.6349438E-03
2671.962403	1.372494340	4.6064267E-03
2671.480274	1.372445703	4.5784190E-03
2670.998146	1.372393847	4.5509837E-03
2670.516017	1.372344851	4.5241006E-03
2670.033888	1.372293115	4.4979043E-03
2669.551759	1.372242451	4.4722999E-03
2669.069631	1.372191072	4.4472995E-03
2668.587502	1.372139692	4.4228635E-03
2668.105373	1.372089386	4.3989834E-03
2667.623244	1.372038126	4.3757618E-03
2667.141116	1.371984839	4.3530040E-03
2666.658987	1.371933460	4.3309159E-03
2666.176858	1.371880651	4.3099760E-03
2665.694729	1.371829033	4.2901109E-03
2665.212601	1.371775150	4.2712060E-03
2664.730472	1.371724248	4.2532259E-03
2664.248343	1.371670723	4.2362208E-03
2663.766214	1.371620297	4.2201402E-03
2663.284086	1.371567845	4.2050383E-03
2662.801957	1.371516466	4.1908287E-03
2662.319828	1.371466875	4.1775228E-03
2661.837699	1.371416807	4.1651060E-03
2661.355571	1.371367574	4.1533406E-03
2660.873442	1.371319652	4.1418415E-03
2660.391313	1.371271849	4.1306070E-03
2659.909184	1.371225476	4.1196253E-03
2659.427055	1.371177316	4.1090301E-03
2658.944927	1.371131897	4.0987269E-03
2658.462798	1.371086597	4.0887240E-03
2657.980669	1.371040344	4.0790210E-03
2657.498540	1.370996475	4.0696217E-03
2657.016412	1.370951176	4.0604942E-03
2656.534283	1.370908260	4.0515591E-03
2656.052154	1.370864511	4.0428201E-03
2655.570025	1.370821118	4.0343166E-03
2655.087897	1.370778322	4.0260605E-03
2654.605768	1.370737195	4.0179216E-03
2654.123639	1.370695829	4.0099653E-03
2653.641510	1.370653272	4.0020733E-03
2653.159382	1.370613217	3.9941776E-03
2652.677253	1.370572805	3.9862501E-03
2652.195124	1.370533228	3.9782398E-03
2651.712995	1.370493770	3.9702756E-03
2651.230867	1.370453477	3.9623245E-03
2650.748738	1.370415092	3.9542415E-03
2650.266609	1.370375156	3.9462219E-03
2649.784480	1.370337248	3.9381152E-03
2649.302352	1.370297909	3.9299708E-03
2648.820223	1.370258212	3.9222352E-03
2648.338094	1.370219469	3.9155353E-03
2647.855965	1.370181322	3.9087045E-03
2647.373836	1.370143771	3.9018255E-03
2646.891708	1.370106220	3.8950336E-03
2646.409579	1.370069265	3.8882343E-03
2645.927450	1.370032310	3.8814349E-03
2645.445321	1.369995952	3.8746318E-03
2644.963193	1.369959950	3.8678639E-03
2644.481064	1.369922876	3.8611405E-03
2643.998935	1.369887829	3.8543616E-03
2643.516806	1.369851112	3.8476696E-03
2643.034678	1.369816542	3.8409668E-03
2642.552549	1.369780779	3.8342953E-03
2642.070420	1.369745255	3.8276999E-03
2641.588291	1.369710326	3.8211283E-03
2641.106163	1.369674802	3.8146328E-03
2640.624034	1.369641423	3.8081575E-03
2640.141905	1.369606614	3.8017936E-03
2639.659776	1.369571328	3.7954978E-03
2639.177648	1.369537473	3.7892263E-03
2638.695519	1.369503617	3.7830307E-03
2638.213390	1.369470239	3.7768590E-03
2637.731261	1.369435668	3.7707635E-03
2637.249133	1.369403124	3.7646885E-03
2636.767004	1.369368911	3.7587276E-03
2636.284875	1.369336724	3.7528009E-03
2635.802746	1.369303465	3.7468527E-03
2635.320617	1.369270086	3.7410369E-03
2634.838489	1.369238853	3.7351544E-03
2634.356360	1.369205713	3.7293935E-03
2633.874231	1.369173884	3.7236703E-03
2633.392102	1.369141698	3.7178944E-03
2632.909974	1.369110227	3.7121712E-03
2632.427845	1.369078875	3.7063919E-03
2631.945716	1.369046569	3.7007031E-03
2631.463587	1.369015694	3.6949727E-03
2630.981459	1.368985415	3.6891969E-03
2630.499330	1.368953347	3.6834772E-03
2630.017201	1.368923903	3.6776736E-03
2629.535072	1.368892193	3.6718466E-03
2629.052944	1.368863225	3.6659434E-03
2628.570815	1.368832231	3.6600162E-03
2628.088686	1.368802428	3.6540127E-03
2627.606557	1.368771791	3.6479891E-03
2627.124429	1.368743420	3.6418550E-03
2626.642300	1.368713498	3.6356514E-03
2626.160171	1.368683100	3.6294279E-03
2625.678042	1.368653893	3.6230937E-03
2625.195914	1.368624806	3.6166934E-03
2624.713785	1.368595362	3.6102359E-03
2624.231656	1.368566990	3.6036558E-03
2623.749527	1.368536592	3.5971089E-03
2623.267398	1.368508697	3.5903982E-03
2622.785270	1.368478417	3.5836715E-03
2622.303141	1.368450761	3.5768680E-03
2621.821012	1.368420959	3.5700446E-03
2621.338883	1.368392229	3.5631070E-03
2620.856755	1.368362904	3.5561312E-03
2620.374626	1.368334174	3.5492152E-03
2619.892497	1.368305087	3.5421776E-03
2619.410368	1.368276358	3.5351017E-03
2618.928240	1.368247151	3.5280823E-03
2618.446111	1.368218541	3.5209721E-03
2617.963982	1.368189692	3.5139036E-03
2617.481853	1.368159890	3.5068807E-03
2616.999725	1.368131161	3.4998045E-03
2616.517596	1.368102908	3.4927821E-03
2616.035467	1.368072748	3.4857024E-03
2615.553338	1.368044853	3.4787073E-03
2615.071210	1.368015051	3.4717384E-03
2614.589081	1.367986202	3.4648159E-03
2614.106952	1.367956877	3.4578363E-03
2613.624823	1.367927909	3.4509411E-03
2613.142695	1.367898583	3.4440721E-03
2612.660566	1.367869616	3.4372497E-03
2612.178437	1.367840290	3.4303665E-03
2611.696308	1.367811322	3.4236016E-03
2611.214179	1.367781878	3.4169098E-03
2610.732051	1.367753386	3.4102204E-03
2610.249922	1.367722988	3.4034329E-03
2609.767793	1.367694736	3.3964589E-03
2609.285664	1.367663860	3.3897220E-03
2608.803536	1.367635131	3.3831780E-03
2608.321407	1.367604256	3.3768984E-03
2607.839278	1.367573977	3.3709423E-03
2607.357149	1.367544651	3.3651518E-03
2606.875021	1.367514372	3.3597294E-03
2606.392892	1.367484212	3.3544889E-03
2605.910763	1.367454529	3.3494818E-03
2605.428634	1.367424607	3.3447249E-03
2604.946506	1.367395639	3.3400832E-03
2604.464377	1.367365003	3.3356221E-03
2603.982248	1.367336273	3.3312535E-03
2603.500119	1.367307305	3.3269818E-03
2603.017991	1.367277384	3.3228369E-03
2602.535862	1.367249131	3.3189058E-03
2602.053733	1.367219567	3.3151209E-03
2601.571604	1.367191792	3.3113146E-03
2601.089476	1.367162943	3.3075688E-03
2600.607347	1.367134213	3.3039839E-03
2600.125218	1.367106199	3.3003844E-03
2599.643089	1.367077947	3.2967813E-03
2599.160960	1.367050171	3.2932085E-03
2598.678832	1.367022038	3.2897161E-03
2598.196703	1.366994619	3.2862199E-03
2597.714574	1.366966963	3.2826967E-03
2597.232445	1.366940260	3.2790627E-03
2596.750317	1.366911650	3.2753556E-03
2596.268188	1.366885066	3.2716626E-03
2595.786059	1.366858125	3.2679094E-03
2595.303930	1.366830707	3.2639981E-03
2594.821802	1.366802812	3.2600784E-03
2594.339673	1.366776824	3.2560176E-03
2593.857544	1.366748810	3.2517998E-03
2593.375415	1.366721511	3.2476271E-03
2592.893287	1.366693616	3.2435283E-03
2592.411158	1.366666079	3.2394822E-03
2591.929029	1.366638064	3.2355906E-03
2591.446900	1.366610527	3.2317478E-03
2590.964772	1.366582513	3.2280295E-03
2590.482643	1.366555333	3.2242760E-03
2590.000514	1.366526127	3.2206846E-03
2589.518385	1.366499305	3.2171351E-03
2589.036257	1.366469979	3.2137702E-03
2588.554128	1.366443038	3.2105311E-03
2588.071999	1.366413713	3.2074428E-03
2587.589870	1.366386890	3.2043667E-03
2587.107741	1.366357923	3.2014009E-03
2586.625613	1.366330028	3.1985051E-03
2586.143484	1.366301537	3.1956255E-03
2585.661355	1.366273284	3.1928832E-03
2585.179226	1.366244555	3.1903149E-03
2584.697098	1.366216302	3.1878992E-03
2584.214969	1.366187453	3.1857381E-03
2583.732840	1.366159439	3.1837255E-03
2583.250711	1.366129637	3.1819378E-03
2582.768583	1.366101742	3.1802177E-03
2582.286454	1.366073251	3.1787336E-03
2581.804325	1.366044044	3.1772836E-03
2581.322196	1.366015911	3.1760151E-03
2580.840068	1.365986705	3.1748924E-03
2580.357939	1.365957379	3.1740877E-03
2579.875810	1.365928173	3.1735564E-03
2579.393681	1.365900040	3.1732176E-03
2578.911553	1.365870953	3.1730821E-03
2578.429424	1.365841746	3.1731103E-03
2577.947295	1.365813255	3.1733136E-03
2577.465166	1.365782857	3.1739096E-03
2576.983037	1.365754366	3.1748277E-03
2576.500909	1.365725040	3.1761329E-03
2576.018780	1.365696907	3.1776717E-03
2575.536651	1.365666986	3.1793516E-03
2575.054522	1.365639210	3.1813164E-03
2574.572394	1.365609765	3.1835071E-03
2574.090265	1.365581036	3.1859844E-03
2573.608136	1.365553617	3.1882154E-03
2573.126007	1.365524411	3.1900459E-03
2572.643879	1.365494728	3.1930825E-03
2572.161750	1.365465879	3.1965957E-03
2571.679621	1.365436673	3.2003899E-03
2571.197492	1.365408182	3.2044481E-03
2570.715364	1.365378976	3.2087748E-03
2570.233235	1.365350604	3.2136496E-03
2569.751106	1.365320563	3.2191384E-03
2569.268977	1.365292668	3.2251806E-03
2568.786849	1.365264893	3.2315652E-03
2568.304720	1.365236521	3.2380498E-03
2567.822591	1.365209579	3.2444648E-03
2567.340462	1.365181684	3.2509724E-03
2566.858334	1.365152955	3.2577664E-03
2566.376205	1.365126133	3.2653855E-03
2565.894076	1.365097642	3.2737167E-03
2565.411947	1.365070462	3.2825870E-03
2564.929818	1.365043402	3.2915396E-03
2564.447690	1.365016818	3.3006934E-03
2563.965561	1.364989877	3.3100892E-03
2563.483432	1.364963770	3.3199883E-03
2563.001303	1.364935875	3.3305211E-03
2562.519175	1.364910007	3.3415067E-03
2562.037046	1.364883780	3.3532341E-03
2561.554917	1.364856958	3.3658340E-03
2561.072788	1.364832044	3.3793470E-03
2560.590660	1.364807010	3.3934142E-03
2560.108531	1.364782333	3.4078890E-03
2559.626402	1.364760160	3.4225939E-03
2559.144273	1.364736438	3.4377072E-03
2558.662145	1.364714146	3.4532789E-03
2558.180016	1.364692092	3.4694225E-03
2557.697887	1.364671350	3.4858638E-03
2557.215758	1.364650726	3.5024642E-03
2556.733630	1.364631414	3.5194510E-03
2556.251501	1.364610672	3.5368053E-03
2555.769372	1.364592552	3.5548075E-03
2555.287243	1.364574671	3.5735266E-03
2554.805115	1.364556789	3.5928676E-03
2554.322986	1.364541769	3.6125991E-03
2553.840857	1.364526272	3.6326235E-03
2553.358728	1.364513755	3.6526478E-03
2552.876599	1.364501119	3.6727532E-03
2552.394471	1.364489555	3.6928514E-03
2551.912342	1.364479661	3.7129621E-03
2551.430213	1.364470720	3.7329728E-03
2550.948084	1.364463449	3.7525184E-03
2550.465956	1.364456654	3.7716408E-03
2549.983827	1.364451408	3.7905304E-03
2549.501698	1.364446878	3.8090439E-03
2549.019569	1.364444494	3.8271614E-03
2548.537441	1.364441037	3.8445557E-03
2548.055312	1.364441395	3.8611924E-03
2547.573183	1.364439964	3.8769662E-03
2547.091054	1.364442110	3.8920641E-03
2546.608926	1.364443064	3.9063944E-03
2546.126797	1.364445448	3.9196219E-03
2545.644668	1.364449859	3.9315447E-03
2545.162539	1.364453316	3.9423425E-03
2544.680411	1.364457011	3.9523393E-03
2544.198282	1.364461660	3.9617717E-03
2543.716153	1.364466786	3.9705192E-03
2543.234024	1.364473820	3.9780932E-03
2542.751896	1.364479542	3.9839400E-03
2542.269767	1.364487529	3.9879070E-03
2541.787638	1.364494801	3.9902530E-03
2541.305509	1.364500284	3.9913151E-03
2540.823380	1.364506960	3.9914837E-03
2540.341252	1.364511490	3.9909841E-03
2539.859123	1.364517808	3.9897105E-03
2539.376994	1.364522696	3.9873798E-03
2538.894865	1.364527225	3.9840224E-03
2538.412737	1.364531159	3.9798585E-03
2537.930608	1.364536285	3.9748098E-03
2537.448479	1.364539266	3.9689941E-03
2536.966350	1.364542365	3.9624828E-03
2536.484222	1.364543438	3.9552944E-03
2536.002093	1.364545345	3.9475416E-03
2535.519964	1.364546537	3.9392645E-03
2535.037835	1.364547253	3.9304313E-03
2534.555707	1.364545703	3.9212103E-03
2534.073578	1.364545584	3.9116112E-03
2533.591449	1.364542723	3.9017419E-03
2533.109320	1.364541054	3.8917027E-03
2532.627192	1.364537358	3.8816056E-03
2532.145063	1.364533424	3.8714362E-03
2531.662934	1.364528775	3.8609672E-03
2531.180805	1.364524841	3.8503278E-03
2530.698677	1.364518881	3.8396122E-03
2530.216548	1.364512682	3.8289835E-03
2529.734419	1.364504457	3.8186512E-03
2529.252290	1.364497304	3.8085144E-03
2528.770161	1.364489436	3.7985553E-03
2528.288033	1.364481449	3.7886545E-03
2527.805904	1.364471436	3.7788160E-03
2527.323775	1.364462614	3.7693474E-03
2526.841646	1.364451408	3.7604219E-03
2526.359518	1.364441752	3.7520779E-03
2525.877389	1.364430666	3.7442360E-03
2525.395260	1.364419222	3.7368240E-03
2524.913131	1.364409924	3.7295362E-03
2524.431003	1.364398241	3.7222437E-03
2523.948874	1.364387035	3.7151822E-03
2523.466745	1.364374876	3.7087763E-03
2522.984616	1.364362955	3.7031404E-03
2522.502488	1.364351392	3.6983304E-03
2522.020359	1.364338994	3.6938926E-03
2521.538230	1.364328146	3.6894972E-03
2521.056101	1.364317775	3.6851047E-03
2520.573973	1.364305019	3.6809423E-03
2520.091844	1.364294648	3.6774420E-03
2519.609715	1.364281893	3.6746610E-03
2519.127586	1.364272237	3.6724850E-03
2518.645458	1.364260912	3.6705264E-03
2518.163329	1.364251018	3.6686843E-03
2517.681200	1.364240885	3.6669900E-03
2517.199071	1.364231586	3.6653625E-03
2516.716942	1.364221931	3.6640037E-03
2516.234814	1.364213109	3.6627525E-03
2515.752685	1.364204168	3.6617364E-03
2515.270556	1.364195943	3.6610088E-03
2514.788427	1.364188313	3.6604265E-03
2514.306299	1.364179850	3.6598016E-03
2513.824170	1.364173412	3.6590882E-03
2513.342041	1.364165306	3.6584323E-03
2512.859912	1.364159346	3.6579880E-03
2512.377784	1.364151835	3.6577717E-03
2511.895655	1.364146709	3.6578379E-03
2511.413526	1.364140749	3.6581026E-03
2510.931397	1.364135623	3.6585263E-03
2510.449269	1.364131689	3.6588635E-03
2509.967140	1.364128113	3.6588626E-03
2509.485011	1.364125609	3.6583641E-03
2509.002882	1.364122868	3.6572600E-03
2508.520754	1.364120483	3.6560644E-03
2508.038625	1.364118457	3.6550188E-03
2507.556496	1.364115715	3.6541796E-03
2507.074367	1.364115834	3.6532336E-03
2506.592239	1.364115000	3.6515319E-03
2506.110110	1.364116311	3.6490932E-03
2505.627981	1.364116073	3.6459411E-03
2505.145852	1.364117622	3.6424713E-03
2504.663723	1.364118099	3.6387974E-03
2504.181595	1.364119053	3.6347632E-03
2503.699466	1.364120841	3.6302456E-03
2503.217337	1.364122510	3.6252823E-03
2502.735208	1.364124775	3.6197207E-03
2502.253080	1.364126801	3.6137467E-03
2501.770951	1.364129543	3.6075516E-03
2501.288822	1.364132881	3.6009038E-03
2500.806693	1.364135385	3.5935389E-03
2500.324565	1.364140034	3.5851642E-03
2499.842436	1.364142656	3.5759404E-03
2499.360307	1.364146948	3.5660809E-03
2498.878178	1.364149332	3.5557393E-03
2498.396050	1.364153624	3.5448759E-03
2497.913921	1.364156365	3.5333657E-03
2497.431792	1.364159107	3.5212720E-03
2496.949663	1.364161849	3.5090179E-03
2496.467535	1.364164472	3.4965451E-03
2495.985406	1.364167690	3.4837215E-03
2495.503277	1.364171028	3.4703279E-03
2495.021148	1.364175200	3.4563891E-03
2494.539020	1.364180446	3.4408444E-03
2494.056891	1.364185095	3.4215956E-03
2493.574762	1.364185095	3.4025682E-03
2493.092633	1.364187002	3.3834379E-03
2492.610504	1.364185452	3.3642324E-03
2492.128376	1.364185929	3.3450339E-03
2491.646247	1.364183664	3.3258358E-03
2491.164118	1.364181519	3.3066405E-03
2490.681989	1.364179969	3.2874204E-03
2490.199861	1.364177227	3.2680873E-03
2489.717732	1.364173889	3.2487065E-03
2489.235603	1.364170671	3.2294123E-03
2488.753474	1.364166856	3.2101416E-03
2488.271346	1.364163756	3.1909263E-03
2487.789217	1.364158630	3.1716207E-03
2487.307088	1.364155412	3.1523311E-03
2486.824959	1.364151955	3.1330155E-03
2486.342831	1.364148140	3.1129292E-03
2485.860702	1.364145041	3.0912922E-03
2485.378573	1.364139199	3.0697940E-03
2484.896444	1.364134669	3.0482961E-03
2484.414316	1.364128351	3.0268009E-03
2483.932187	1.364122033	3.0052755E-03
2483.450058	1.364115119	2.9836947E-03
2482.967929	1.364109278	2.9622037E-03
2482.485801	1.364102483	2.9407085E-03
2482.003672	1.364094615	2.9191831E-03
2481.521543	1.364088297	2.8977026E-03
2481.039414	1.364082932	2.8753781E-03
2480.557285	1.364076614	2.8502597E-03
2480.075157	1.364068389	2.8254474E-03
2479.593028	1.364058614	2.8005152E-03
2479.110899	1.364049196	2.7755373E-03
2478.628770	1.364037991	2.7506226E-03
2478.146642	1.364027262	2.7256175E-03
2477.664513	1.364014983	2.7006224E-03
2477.182384	1.364002109	2.6756006E-03
2476.700255	1.363988519	2.6504956E-03
2476.218127	1.363973379	2.6253008E-03
2475.735998	1.363957882	2.6010058E-03
2475.253869	1.363940001	2.5794515E-03
2474.771740	1.363925338	2.5576262E-03
2474.289612	1.363909602	2.5357453E-03
2473.807483	1.363894224	2.5139574E-03
2473.325354	1.363878846	2.4921319E-03
2472.843225	1.363862276	2.4702509E-03
2472.361097	1.363846660	2.4484631E-03
2471.878968	1.363829613	2.4266378E-03
2471.396839	1.363813519	2.4047568E-03
2470.914710	1.363795996	2.3829660E-03
2470.432582	1.363778114	2.3611709E-03
2469.950453	1.363760710	2.3393456E-03
2469.468324	1.363741875	2.3174123E-03
2468.986195	1.363721609	2.2960713E-03
2468.504066	1.363701940	2.2760835E-03
2468.021938	1.363682032	2.2555487E-03
2467.539809	1.363659859	2.2345560E-03
2467.057680	1.363632798	2.2186369E-03
2466.575551	1.363617301	2.2124443E-03
2466.093423	1.363608003	2.1914404E-03
2465.611294	1.363588691	2.1714952E-03
2465.129165	1.363573909	2.1513160E-03
2464.647036	1.363554835	2.1308507E-03
2464.164908	1.363537431	2.1102196E-03
2463.682779	1.363518596	2.0894718E-03
2463.200650	1.363500237	2.0685140E-03
2462.718521	1.363479853	2.0473800E-03
2462.236393	1.363460422	2.0261477E-03
2461.754264	1.363438964	2.0048663E-03
2461.272135	1.363418341	1.9836696E-03
2460.790006	1.363395810	1.9625197E-03
2460.307878	1.363374114	1.9415275E-03
2459.825749	1.363349795	1.9205955E-03
2459.343620	1.363326788	1.8999586E-03
2458.861491	1.363302231	1.8795354E-03
2458.379363	1.363277197	1.8594434E-03
2457.897234	1.363251686	1.8397585E-03
2457.415105	1.363225818	1.8204708E-03
2456.932976	1.363198400	1.8016098E-03
2456.450847	1.363172412	1.7832234E-03
2455.968719	1.363144159	1.7653101E-03
2455.486590	1.363116622	1.7480380E-03
2455.004461	1.363087893	1.7312216E-03
2454.522332	1.363059640	1.7150735E-03
2454.040204	1.363030314	1.6994640E-03
2453.558075	1.363001823	1.6845184E-03
2453.075946	1.362971663	1.6700849E-03
2452.593817	1.362942815	1.6562318E-03
2452.111689	1.362913013	1.6428953E-03
2451.629560	1.362883210	1.6301658E-03
2451.147431	1.362853408	1.6180421E-03
2450.665302	1.362823725	1.6064649E-03
2450.183174	1.362793446	1.5953234E-03
2449.701045	1.362763643	1.5847727E-03
2449.218916	1.362733841	1.5747146E-03
2448.736787	1.362704039	1.5651592E-03
2448.254659	1.362673879	1.5560772E-03
2447.772530	1.362644434	1.5474115E-03
2447.290401	1.362614512	1.5392560E-03
2446.808272	1.362584591	1.5315765E-03
2446.326144	1.362554908	1.5242869E-03
2445.844015	1.362525582	1.5174238E-03
2445.361886	1.362496018	1.5110469E-03
2444.879757	1.362466574	1.5050333E-03
2444.397628	1.362437248	1.4993628E-03
2443.915500	1.362408042	1.4941829E-03
2443.433371	1.362378359	1.4893956E-03
2442.951242	1.362350106	1.4850113E-03
2442.469113	1.362320662	1.4809974E-03
2441.986985	1.362292171	1.4773292E-03
2441.504856	1.362263083	1.4741254E-03
2441.022727	1.362234950	1.4712334E-03
2440.540598	1.362206221	1.4687221E-03
2440.058470	1.362178206	1.4665300E-03
2439.576341	1.362149954	1.4647186E-03
2439.094212	1.362121701	1.4632236E-03
2438.612083	1.362093806	1.4621385E-03
2438.129955	1.362065911	1.4614270E-03
2437.647826	1.362038374	1.4610316E-03
2437.165697	1.362010717	1.4610464E-03
2436.683568	1.361983418	1.4614376E-03
2436.201440	1.361956358	1.4621185E-03
2435.719311	1.361928940	1.4631201E-03
2435.237182	1.361902118	1.4645581E-03
2434.755053	1.361874938	1.4664506E-03
2434.272925	1.361848474	1.4686784E-03
2433.790796	1.361821532	1.4713942E-03
2433.308667	1.361795425	1.4745290E-03
2432.826538	1.361768842	1.4781447E-03
2432.344409	1.361743450	1.4821765E-03
2431.862281	1.361716747	1.4867155E-03
2431.380152	1.361691833	1.4917544E-03
2430.898023	1.361665726	1.4972903E-03
2430.415894	1.361641407	1.5033524E-03
2429.933766	1.361615777	1.5099955E-03
2429.451637	1.361592174	1.5171574E-03
2428.969508	1.361567616	1.5249003E-03
2428.487379	1.361544251	1.5331592E-03
2428.005251	1.361520767	1.5420280E-03
2427.523122	1.361498475	1.5514707E-03
2427.040993	1.361475945	1.5614292E-03
2426.558864	1.361454844	1.5719977E-03
2426.076736	1.361433864	1.5831429E-03
2425.594607	1.361413598	1.5947806E-03
2425.112478	1.361394048	1.6069183E-03
2424.630349	1.361376047	1.6195531E-03
2424.148221	1.361357450	1.6327193E-03
2423.666092	1.361341596	1.6464203E-03
2423.183963	1.361325264	1.6604254E-03
2422.701834	1.361310720	1.6748173E-03
2422.219706	1.361297488	1.6894786E-03
2421.737577	1.361285448	1.7043382E-03
2421.255448	1.361274242	1.7193541E-03
2420.773319	1.361265063	1.7343351E-03
2420.291190	1.361256599	1.7491885E-03
2419.809062	1.361250281	1.7638197E-03
2419.326933	1.361245036	1.7780771E-03
2418.844804	1.361241221	1.7916951E-03
2418.362675	1.361238956	1.8045653E-03
2417.880547	1.361238718	1.8164749E-03
2417.398418	1.361238241	1.8272786E-03
2416.916289	1.361240745	1.8369131E-03
2416.434160	1.361242533	1.8451315E-03
2415.952032	1.361246943	1.8519014E-03
2415.469903	1.361250520	1.8570828E-03
2414.987774	1.361255407	1.8607514E-03
2414.505645	1.361260056	1.8627873E-03
2414.023517	1.361265421	1.8631365E-03
2413.541388	1.361270070	1.8619164E-03
2413.059259	1.361275196	1.8591982E-03
2412.577130	1.361279249	1.8550237E-03
2412.095002	1.361283660	1.8495813E-03
2411.612873	1.361285806	1.8429924E-03
2411.130744	1.361288905	1.8354100E-03
2410.648615	1.361290455	1.8268994E-03
2410.166487	1.361291409	1.8176795E-03
2409.684358	1.361290932	1.8077187E-03
2409.202229	1.361291051	1.7973024E-03
2408.720100	1.361289024	1.7864937E-03
2408.237971	1.361287236	1.7752794E-03
2407.755843	1.361283898	1.7637111E-03
2407.273714	1.361281395	1.7519573E-03
2406.791585	1.361277103	1.7400036E-03
2406.309456	1.361272335	1.7278471E-03
2405.827328	1.361267209	1.7155191E-03
2405.345199	1.361262202	1.7030470E-03
2404.863070	1.361256242	1.6903064E-03
2404.380941	1.361249566	1.6774802E-03
2403.898813	1.361242652	1.6645540E-03
2403.416684	1.361235857	1.6515278E-03
2402.934555	1.361227632	1.6384016E-03
2402.452426	1.361219525	1.6251754E-03
2401.970298	1.361211181	1.6118466E-03
2401.488169	1.361202240	1.5984433E-03
2401.006040	1.361192584	1.5850217E-03
2400.523911	1.361183167	1.5715157E-03
2400.041783	1.361172676	1.5580169E-03
2399.559654	1.361162424	1.5445182E-03
2399.077525	1.361151338	1.5310193E-03
2398.595396	1.361140370	1.5175205E-03
2398.113268	1.361128807	1.5040217E-03
2397.631139	1.361116767	1.4905229E-03
2397.149010	1.361104727	1.4770268E-03
2396.666881	1.361092091	1.4635026E-03
2396.184752	1.361079335	1.4499193E-03
2395.702624	1.361065984	1.4364278E-03
2395.220495	1.361052632	1.4229290E-03
2394.738366	1.361038685	1.4094275E-03
2394.256237	1.361024141	1.3959513E-03
2393.774109	1.361009717	1.3825570E-03
2393.291980	1.360994458	1.3691755E-03
2392.809851	1.360979199	1.3559265E-03
2392.327722	1.360963225	1.3428620E-03
2391.845594	1.360947490	1.3299547E-03
2391.363465	1.360931873	1.3164682E-03
2390.881336	1.360913873	1.3017257E-03
2390.399207	1.360894799	1.2896133E-03
2389.917079	1.360876560	1.2776804E-03
2389.434950	1.360857844	1.2659528E-03
2388.952821	1.360838890	1.2545550E-03
2388.470692	1.360819578	1.2435642E-03
2387.988564	1.360800266	1.2329707E-03
2387.506435	1.360780001	1.2228051E-03
2387.024306	1.360760450	1.2130988E-03
2386.542177	1.360739946	1.2036980E-03
2386.060048	1.360720038	1.1947268E-03
2385.577920	1.360699177	1.1862678E-03
2385.095791	1.360679030	1.1782560E-03
2384.613662	1.360658288	1.1706024E-03
2384.131533	1.360637546	1.1635255E-03
2383.649405	1.360616803	1.1568313E-03
2383.167276	1.360596776	1.1505649E-03
2382.685147	1.360575557	1.1447554E-03
2382.203018	1.360555887	1.1392842E-03
2381.720890	1.360535026	1.1342522E-03
2381.238761	1.360515237	1.1294737E-03
2380.756632	1.360494614	1.1251442E-03
2380.274503	1.360475540	1.1210432E-03
2379.792375	1.360455394	1.1173064E-03
2379.310246	1.360436320	1.1138052E-03
2378.828117	1.360416293	1.1106736E-03
2378.345988	1.360397696	1.1077276E-03
2377.863860	1.360378504	1.1049818E-03
2377.381731	1.360360146	1.1024356E-03
2376.899602	1.360341430	1.1000896E-03
2376.417473	1.360323071	1.0979434E-03
2375.935345	1.360304832	1.0959946E-03
2375.453216	1.360286951	1.0942734E-03
2374.971087	1.360268712	1.0928147E-03
2374.488958	1.360251784	1.0914390E-03
2374.006829	1.360233903	1.0901856E-03
2373.524701	1.360216975	1.0891393E-03
2373.042572	1.360199571	1.0882929E-03
2372.560443	1.360183120	1.0876466E-03
2372.078314	1.360166073	1.0872001E-03
2371.596186	1.360150099	1.0869510E-03
2371.114057	1.360133529	1.0869293E-03
2370.631928	1.360118270	1.0871652E-03
2370.149799	1.360102057	1.0875389E-03
2369.667671	1.360087514	1.0881525E-03
2369.185542	1.360072017	1.0888163E-03
2368.703413	1.360058308	1.0897573E-03
2368.221284	1.360043645	1.0907839E-03
2367.739156	1.360030890	1.0919156E-03
2367.257027	1.360017419	1.0931006E-03
2366.774898	1.360005140	1.0941933E-03
2366.292769	1.359992743	1.0952958E-03
2365.810641	1.359981537	1.0963815E-03
2365.328512	1.359970331	1.0973106E-03
2364.846383	1.359960198	1.0979747E-03
2364.364254	1.359950066	1.0985117E-03
2363.882126	1.359940767	1.0987099E-03
2363.399997	1.359931588	1.0985280E-03
2362.917868	1.359923601	1.0980094E-03
2362.435739	1.359915018	1.0969766E-03
2361.953610	1.359907985	1.0954464E-03
2361.471482	1.359899998	1.0933944E-03
2360.989353	1.359893560	1.0907353E-03
2360.507224	1.359886169	1.0874762E-03
2360.025095	1.359879851	1.0836172E-03
2359.542967	1.359872818	1.0791636E-03
2359.060838	1.359866619	1.0740610E-03
2358.578709	1.359859705	1.0681907E-03
2358.096580	1.359853387	1.0617076E-03
2357.614452	1.359846115	1.0545667E-03
2357.132323	1.359839559	1.0468911E-03
2356.650194	1.359831452	1.0385425E-03
2356.168065	1.359824061	1.0297302E-03
2355.685937	1.359815598	1.0205252E-03
2355.203808	1.359807014	1.0109185E-03
2354.721679	1.359797359	1.0009252E-03
2354.239550	1.359788418	9.9062080E-04
2353.757422	1.359777808	9.8007270E-04
2353.275293	1.359767437	9.6934460E-04
2352.793164	1.359755874	9.5851520E-04
2352.311035	1.359745026	9.4763170E-04
2351.828907	1.359732151	9.3670330E-04
2351.346778	1.359720111	9.2574470E-04
2350.864649	1.359706759	9.1476860E-04
2350.382520	1.359693646	9.0385680E-04
2349.900391	1.359679461	8.9311230E-04
2349.418263	1.359665155	8.8262750E-04
2348.936134	1.359650254	8.7245290E-04
2348.454005	1.359635830	8.6258930E-04
2347.971876	1.359620452	8.5295820E-04
2347.489748	1.359605551	8.4346400E-04
2347.007619	1.359590411	8.3407560E-04
2346.525490	1.359575391	8.2476500E-04
2346.043361	1.359559655	8.1557320E-04
2345.561233	1.359544396	8.0648370E-04
2345.079104	1.359528422	7.9749090E-04
2344.596975	1.359513164	7.8855300E-04
2344.114846	1.359496951	7.7970310E-04
2343.632718	1.359481454	7.7092630E-04
2343.150589	1.359464765	7.6223780E-04
2342.668460	1.359449029	7.5363690E-04
2342.186331	1.359432459	7.4516130E-04
2341.704203	1.359416127	7.3681400E-04
2341.222074	1.359399557	7.2858950E-04
2340.739945	1.359383225	7.2048280E-04
2340.257816	1.359366298	7.1244450E-04
2339.775688	1.359350324	7.0445580E-04
2339.293559	1.359333396	6.9642140E-04
2338.811430	1.359317303	6.8828310E-04
2338.329301	1.359300256	6.7997520E-04
2337.847172	1.359283686	6.7155200E-04
2337.365044	1.359266162	6.6310000E-04
2336.882915	1.359248996	6.5474130E-04
2336.400786	1.359230638	6.4653470E-04
2335.918657	1.359212875	6.3852240E-04
2335.436529	1.359194279	6.3076430E-04
2334.954400	1.359175801	6.2330890E-04
2334.472271	1.359156966	6.1618040E-04
2333.990142	1.359138489	6.0934610E-04
2333.508014	1.359119296	6.0278400E-04
2333.025885	1.359101057	5.9646990E-04
2332.543756	1.359081984	5.9040490E-04
2332.061627	1.359063625	5.8456970E-04
2331.579499	1.359044790	5.7891070E-04
2331.097370	1.359026670	5.7338490E-04
2330.615241	1.359008074	5.6796820E-04
2330.133112	1.358990192	5.6263720E-04
2329.650984	1.358971953	5.5740140E-04
2329.168855	1.358954072	5.5218950E-04
2328.686726	1.358936071	5.4698120E-04
2328.204597	1.358918428	5.4172630E-04
2327.722469	1.358900547	5.3643550E-04
2327.240340	1.358883023	5.3104810E-04
2326.758211	1.358865261	5.2559910E-04
2326.276082	1.358847737	5.2007040E-04
2325.793953	1.358829618	5.1447460E-04
2325.311825	1.358812094	5.0882010E-04
2324.829696	1.358793736	5.0310090E-04
2324.347567	1.358776093	4.9730340E-04
2323.865438	1.358757496	4.9145640E-04
2323.383310	1.358739495	4.8558680E-04
2322.901181	1.358720541	4.7968660E-04
2322.419052	1.358702183	4.7379560E-04
2321.936923	1.358682752	4.6792300E-04
2321.454795	1.358663917	4.6214500E-04
2320.972666	1.358643889	4.5647290E-04
2320.490537	1.358624697	4.5095540E-04
2320.008408	1.358604431	4.4557000E-04
2319.526280	1.358584523	4.4037750E-04
2319.044151	1.358564019	4.3539180E-04
2318.562022	1.358543634	4.3068110E-04
2318.079893	1.358522654	4.2624650E-04
2317.597765	1.358502150	4.2211520E-04
2317.115636	1.358480930	4.1830150E-04
2316.633507	1.358460307	4.1482560E-04
2316.151378	1.358439088	4.1166920E-04
2315.669250	1.358418345	4.0882430E-04
2315.187121	1.358397126	4.0625650E-04
2314.704992	1.358376741	4.0396920E-04
2314.222863	1.358355641	4.0195790E-04
2313.740734	1.358335257	4.0020440E-04
2313.258606	1.358314514	3.9868730E-04
2312.776477	1.358294487	3.9735930E-04
2312.294348	1.358273983	3.9622120E-04
2311.812219	1.358254433	3.9523310E-04
2311.330091	1.358234286	3.9439330E-04
2310.847962	1.358214974	3.9364840E-04
2310.365833	1.358195186	3.9298150E-04
2309.883704	1.358176351	3.9235930E-04
2309.401576	1.358156800	3.9179250E-04
2308.919447	1.358138204	3.9121120E-04
2308.437318	1.358119130	3.9060890E-04
2307.955189	1.358100653	3.8994780E-04
2307.473061	1.358081818	3.8924400E-04
2306.990932	1.358063459	3.8847920E-04
2306.508803	1.358044744	3.8764980E-04
2306.026674	1.358026385	3.8674260E-04
2305.544546	1.358007431	3.8578080E-04
2305.062417	1.357989192	3.8478180E-04
2304.580288	1.357970119	3.8375930E-04
2304.098159	1.357951522	3.8274160E-04
2303.616031	1.357932210	3.8175790E-04
2303.133902	1.357913494	3.8085710E-04
2302.651773	1.357893705	3.8004770E-04
2302.169644	1.357874870	3.7936230E-04
2301.687515	1.357855082	3.7877380E-04
2301.205387	1.357835889	3.7833400E-04
2300.723258	1.357815742	3.7807460E-04
2300.241129	1.357796431	3.7802810E-04
2299.759000	1.357776284	3.7819120E-04
2299.276872	1.357756734	3.7856570E-04
2298.794743	1.357736707	3.7916680E-04
2298.312614	1.357717156	3.8002250E-04
2297.830485	1.357696891	3.8113450E-04
2297.348357	1.357677460	3.8248760E-04
2296.866228	1.357657552	3.8408680E-04
2296.384099	1.357638240	3.8592010E-04
2295.901970	1.357618570	3.8799230E-04
2295.419842	1.357599735	3.9025240E-04
2294.937713	1.357580185	3.9268290E-04
2294.455584	1.357561707	3.9521720E-04
2293.973455	1.357542753	3.9787810E-04
2293.491327	1.357524633	4.0059260E-04
2293.009198	1.357505918	4.0334390E-04
2292.527069	1.357488275	4.0608320E-04
2292.044940	1.357469916	4.0882110E-04
2291.562812	1.357452393	4.1154880E-04
2291.080683	1.357434392	4.1426290E-04
2290.598554	1.357417107	4.1694140E-04
2290.116425	1.357399106	4.1956830E-04
2289.634296	1.357381940	4.2214700E-04
2289.152168	1.357363939	4.2468900E-04
2288.670039	1.357346773	4.2719740E-04
2288.187910	1.357328892	4.2965560E-04
2287.705781	1.357311726	4.3207930E-04
2287.223653	1.357293487	4.3450850E-04
2286.741524	1.357276201	4.3698310E-04
2286.259395	1.357257843	4.3946880E-04
2285.777266	1.357240319	4.4198600E-04
2285.295138	1.357221842	4.4455990E-04
2284.813009	1.357203841	4.4726220E-04
2284.330880	1.357185125	4.5011720E-04
2283.848751	1.357166886	4.5315580E-04
2283.366623	1.357147813	4.5635560E-04
2282.884494	1.357129455	4.5978120E-04
2282.402365	1.357110143	4.6344830E-04
2281.920236	1.357091546	4.6739240E-04
2281.438108	1.357072353	4.7158780E-04
2280.955979	1.357053518	4.7605830E-04
2280.473850	1.357034087	4.8082460E-04
2279.991721	1.357015491	4.8589870E-04
2279.509593	1.356996059	4.9125710E-04
2279.027464	1.356977344	4.9688600E-04
2278.545335	1.356958151	5.0279390E-04
2278.063206	1.356939435	5.0899740E-04
2277.581077	1.356920123	5.1554270E-04
2277.098949	1.356901526	5.2238180E-04
2276.616820	1.356882334	5.2955220E-04
2276.134691	1.356863856	5.3706550E-04
2275.652562	1.356844783	5.4496610E-04
2275.170434	1.356826544	5.5323160E-04
2274.688305	1.356807709	5.6187940E-04
2274.206176	1.356789708	5.7088870E-04
2273.724047	1.356770873	5.8032010E-04
2273.241919	1.356753349	5.9016780E-04
2272.759790	1.356734872	6.0044850E-04
2272.277661	1.356717587	6.1113290E-04
2271.795532	1.356699467	6.2227130E-04
2271.313404	1.356682420	6.3392190E-04
2270.831275	1.356664658	6.4611500E-04
2270.349146	1.356648326	6.5884870E-04
2269.867017	1.356631160	6.7214360E-04
2269.384889	1.356615186	6.8606310E-04
2268.902760	1.356598854	7.0067170E-04
2268.420631	1.356583357	7.1601650E-04
2267.938502	1.356568098	7.3206400E-04
2267.456374	1.356554151	7.4884310E-04
2266.974245	1.356540203	7.6638420E-04
2266.492116	1.356527328	7.8476300E-04
2266.009987	1.356515288	8.0392150E-04
2265.527858	1.356504560	8.2381520E-04
2265.045730	1.356494427	8.4439460E-04
2264.563601	1.356486797	8.6563920E-04
2264.081472	1.356479406	8.8746220E-04
2263.599343	1.356474638	9.0974510E-04
2263.117215	1.356470823	9.3231250E-04
2262.635086	1.356469750	9.5503770E-04
2262.152957	1.356469870	9.7776700E-04
2261.670828	1.356472969	1.0002465E-03
2261.188700	1.356477618	1.0221413E-03
2260.706571	1.356485367	1.0431962E-03
2260.224442	1.356493950	1.0630942E-03
2259.742313	1.356506228	1.0816278E-03
2259.260185	1.356519103	1.0984698E-03
2258.778056	1.356535316	1.1132045E-03
2258.295927	1.356551886	1.1255186E-03
2257.813798	1.356570363	1.1353777E-03
2257.331670	1.356589913	1.1424787E-03
2256.849541	1.356610179	1.1466441E-03
2256.367412	1.356630206	1.1478229E-03
2255.885283	1.356650710	1.1461070E-03
2255.403155	1.356670141	1.1415092E-03
2254.921026	1.356689334	1.1341341E-03
2254.438897	1.356706977	1.1240973E-03
2253.956768	1.356723189	1.1116520E-03
2253.474639	1.356737614	1.0971457E-03
2252.992511	1.356750846	1.0807217E-03
2252.510382	1.356760859	1.0627588E-03
2252.028253	1.356770158	1.0434651E-03
2251.546124	1.356776118	1.0231218E-03
2251.063996	1.356780648	1.0019817E-03
2250.581867	1.356782675	9.8044480E-04
2250.099738	1.356783032	9.5859140E-04
2249.617609	1.356780648	9.3665830E-04
2249.135481	1.356777072	9.1488840E-04
2248.653352	1.356770873	8.9347410E-04
2248.171223	1.356763840	8.7256360E-04
2247.689094	1.356754541	8.5225080E-04
2247.206966	1.356744051	8.3268880E-04
2246.724837	1.356732130	8.1394430E-04
2246.242708	1.356719613	7.9611860E-04
2245.760579	1.356705070	7.7922580E-04
2245.278451	1.356691003	7.6331190E-04
2244.796322	1.356674910	7.4836680E-04
2244.314193	1.356659412	7.3443140E-04
2243.832064	1.356642365	7.2148150E-04
2243.349936	1.356625795	7.0949320E-04
2242.867807	1.356608272	6.9842250E-04
2242.385678	1.356591225	6.8822580E-04
2241.903549	1.356573462	6.7887650E-04
2241.421420	1.356556416	6.7031730E-04
2240.939292	1.356538653	6.6249650E-04
2240.457163	1.356521964	6.5532300E-04
2239.975034	1.356504202	6.4874750E-04
2239.492905	1.356487870	6.4268320E-04
2239.010777	1.356470823	6.3709790E-04
2238.528648	1.356454611	6.3190750E-04
2238.046519	1.356438160	6.2709990E-04
2237.564390	1.356422424	6.2259440E-04
2237.082262	1.356406212	6.1835760E-04
2236.600133	1.356390953	6.1430760E-04
2236.118004	1.356375456	6.1044260E-04
2235.635875	1.356360555	6.0669330E-04
2235.153747	1.356345177	6.0305300E-04
2234.671618	1.356330752	5.9946320E-04
2234.189489	1.356315494	5.9589730E-04
2233.707360	1.356301308	5.9233930E-04
2233.225232	1.356286287	5.8879730E-04
2232.743103	1.356272221	5.8529660E-04
2232.260974	1.356256962	5.8184210E-04
2231.778845	1.356242776	5.7845490E-04
2231.296717	1.356227517	5.7512600E-04
2230.814588	1.356213331	5.7189790E-04
2230.332459	1.356197953	5.6876720E-04
2229.850330	1.356183410	5.6576390E-04
2229.368201	1.356168151	5.6288310E-04
2228.886073	1.356153369	5.6018220E-04
2228.403944	1.356137991	5.5765050E-04
2227.921815	1.356123209	5.5532330E-04
2227.439686	1.356107712	5.5317320E-04
2226.957558	1.356092930	5.5124380E-04
2226.475429	1.356077552	5.4953210E-04
2225.993300	1.356062651	5.4806670E-04
2225.511171	1.356047392	5.4682340E-04
2225.029043	1.356032848	5.4581990E-04
2224.546914	1.356017590	5.4504180E-04
2224.064785	1.356003165	5.4447280E-04
2223.582656	1.355988503	5.4411030E-04
2223.100528	1.355974436	5.4393360E-04
2222.618399	1.355960011	5.4391610E-04
2222.136270	1.355946541	5.4401470E-04
2221.654141	1.355932593	5.4420910E-04
2221.172013	1.355919600	5.4444020E-04
2220.689884	1.355906129	5.4469760E-04
2220.207755	1.355893731	5.4492360E-04
2219.725626	1.355880737	5.4511690E-04
2219.243498	1.355868936	5.4521650E-04
2218.761369	1.355856180	5.4521640E-04
2218.279240	1.355844736	5.4507310E-04
2217.797111	1.355832338	5.4478780E-04
2217.314982	1.355821133	5.4435390E-04
2216.832854	1.355809093	5.4377950E-04
2216.350725	1.355797887	5.4304910E-04
2215.868596	1.355785966	5.4213280E-04
2215.386467	1.355775118	5.4101470E-04
2214.904339	1.355763316	5.3970100E-04
2214.422210	1.355752230	5.3820390E-04
2213.940081	1.355740428	5.3651400E-04
2213.457952	1.355729103	5.3465800E-04
2212.975824	1.355717182	5.3261110E-04
2212.493695	1.355705857	5.3042280E-04
2212.011566	1.355693460	5.2808880E-04
2211.529437	1.355681777	5.2567630E-04
2211.047309	1.355669141	5.2319090E-04
2210.565180	1.355656981	5.2070460E-04
2210.083051	1.355643868	5.1819990E-04
2209.600922	1.355631590	5.1573540E-04
2209.118794	1.355618119	5.1329690E-04
2208.636665	1.355605245	5.1092190E-04
2208.154536	1.355591536	5.0862720E-04
2207.672407	1.355578423	5.0645600E-04
2207.190279	1.355564475	5.0440300E-04
2206.708150	1.355551243	5.0245950E-04
2206.226021	1.355537295	5.0062380E-04
2205.743892	1.355523705	4.9888910E-04
2205.261763	1.355509520	4.9726640E-04
2204.779635	1.355496049	4.9577100E-04
2204.297506	1.355481625	4.9441800E-04
2203.815377	1.355468273	4.9316450E-04
2203.333248	1.355453849	4.9201110E-04
2202.851120	1.355440259	4.9092460E-04
2202.368991	1.355425835	4.8994310E-04
2201.886862	1.355412483	4.8903710E-04
2201.404733	1.355398059	4.8823840E-04
2200.922605	1.355384588	4.8751650E-04
2200.440476	1.355370283	4.8685660E-04
2199.958347	1.355356812	4.8622180E-04
2199.476218	1.355342388	4.8560810E-04
2198.994090	1.355328918	4.8502670E-04
2198.511961	1.355314732	4.8448780E-04
2198.029832	1.355300903	4.8399890E-04
2197.547703	1.355286598	4.8356620E-04
2197.065575	1.355272770	4.8321130E-04
2196.583446	1.355258346	4.8291810E-04
2196.101317	1.355244398	4.8271050E-04
2195.619188	1.355229497	4.8262750E-04
2195.137059	1.355215549	4.8273230E-04
2194.654931	1.355200529	4.8304650E-04
2194.172802	1.355186343	4.8359730E-04
2193.690673	1.355171323	4.8436070E-04
2193.208544	1.355157256	4.8534670E-04
2192.726416	1.355142117	4.8653150E-04
2192.244287	1.355128169	4.8796490E-04
2191.762158	1.355113387	4.8964320E-04
2191.280029	1.355099320	4.9162520E-04
2190.797901	1.355084896	4.9385810E-04
2190.315772	1.355071425	4.9635130E-04
2189.833643	1.355057359	4.9904940E-04
2189.351514	1.355044246	5.0193950E-04
2188.869386	1.355030894	5.0498520E-04
2188.387257	1.355018377	5.0817910E-04
2187.905128	1.355005503	5.1150580E-04
2187.422999	1.354993701	5.1492430E-04
2186.940871	1.354981661	5.1838280E-04
2186.458742	1.354970694	5.2178490E-04
2185.976613	1.354959488	5.2506770E-04
2185.494484	1.354949236	5.2817030E-04
2185.012356	1.354938745	5.3110100E-04
2184.530227	1.354929328	5.3380150E-04
2184.048098	1.354919195	5.3625910E-04
2183.565969	1.354910493	5.3835590E-04
2183.083840	1.354900837	5.4006520E-04
2182.601712	1.354892492	5.4133010E-04
2182.119583	1.354883194	5.4220980E-04
2181.637454	1.354874611	5.4272170E-04
2181.155325	1.354865313	5.4291450E-04
2180.673197	1.354856849	5.4276260E-04
2180.191068	1.354847431	5.4224610E-04
2179.708939	1.354838729	5.4134510E-04
2179.226810	1.354829073	5.4006360E-04
2178.744682	1.354820013	5.3846390E-04
2178.262553	1.354809880	5.3660020E-04
2177.780424	1.354799986	5.3453400E-04
2177.298295	1.354789376	5.3228900E-04
2176.816167	1.354778886	5.2990080E-04
2176.334038	1.354767799	5.2734990E-04
2175.851909	1.354756594	5.2467970E-04
2175.369780	1.354744673	5.2191220E-04
2174.887652	1.354732871	5.1917220E-04
2174.405523	1.354719877	5.1652690E-04
2173.923394	1.354707360	5.1406530E-04
2173.441265	1.354693770	5.1176440E-04
2172.959137	1.354680777	5.0962980E-04
2172.477008	1.354666710	5.0765050E-04
2171.994879	1.354653239	5.0586790E-04
2171.512750	1.354638577	5.0431950E-04
2171.030621	1.354624629	5.0307150E-04
2170.548493	1.354609847	5.0214430E-04
2170.066364	1.354595542	5.0152230E-04
2169.584235	1.354580760	5.0116580E-04
2169.102106	1.354566574	5.0101110E-04
2168.619978	1.354551554	5.0104230E-04
2168.137849	1.354537487	5.0126020E-04
2167.655720	1.354522467	5.0170010E-04
2167.173591	1.354508281	5.0236740E-04
2166.691463	1.354493380	5.0326880E-04
2166.209334	1.354479432	5.0431410E-04
2165.727205	1.354464889	5.0547480E-04
2165.245076	1.354451180	5.0664040E-04
2164.762948	1.354436517	5.0783410E-04
2164.280819	1.354422927	5.0906030E-04
2163.798690	1.354408503	5.1037720E-04
2163.316561	1.354394555	5.1176750E-04
2162.834433	1.354380131	5.1323940E-04
2162.352304	1.354366422	5.1472820E-04
2161.870175	1.354351759	5.1619090E-04
2161.388046	1.354338169	5.1763070E-04
2160.905918	1.354323268	5.1910380E-04
2160.423789	1.354309082	5.2066870E-04
2159.941660	1.354293823	5.2237770E-04
2159.459531	1.354279280	5.2428170E-04
2158.977402	1.354263783	5.2639460E-04
2158.495274	1.354249001	5.2873950E-04
2158.013145	1.354233384	5.3128540E-04
2157.531016	1.354218006	5.3410420E-04
2157.048887	1.354202032	5.3721450E-04
2156.566759	1.354186654	5.4072360E-04
2156.084630	1.354170322	5.4464270E-04
2155.602501	1.354154587	5.4901090E-04
2155.120372	1.354138494	5.5381320E-04
2154.638244	1.354122758	5.5907500E-04
2154.156115	1.354106545	5.6479310E-04
2153.673986	1.354091048	5.7100310E-04
2153.191857	1.354075193	5.7771020E-04
2152.709729	1.354060173	5.8495030E-04
2152.227600	1.354044318	5.9271640E-04
2151.745471	1.354029894	6.0099420E-04
2151.263342	1.354014874	6.0978170E-04
2150.781214	1.354001284	6.1902640E-04
2150.299085	1.353986859	6.2871980E-04
2149.816956	1.353974104	6.3881370E-04
2149.334827	1.353961110	6.4931970E-04
2148.852699	1.353949189	6.6019580E-04
2148.370570	1.353937030	6.7143670E-04
2147.888441	1.353926659	6.8296140E-04
2147.406312	1.353915691	6.9474940E-04
2146.924183	1.353906393	7.0672210E-04
2146.442055	1.353896976	7.1887800E-04
2145.959926	1.353888988	7.3117770E-04
2145.477797	1.353880882	7.4360540E-04
2144.995668	1.353874326	7.5614440E-04
2144.513540	1.353867769	7.6874260E-04
2144.031411	1.353862882	7.8134530E-04
2143.549282	1.353857636	7.9389130E-04
2143.067153	1.353854537	8.0635250E-04
2142.585025	1.353850842	8.1865460E-04
2142.102896	1.353849411	8.3076000E-04
2141.620767	1.353847623	8.4258030E-04
2141.138638	1.353847504	8.5405330E-04
2140.656510	1.353847861	8.6510620E-04
2140.174381	1.353849411	8.7568610E-04
2139.692252	1.353851199	8.8568350E-04
2139.210123	1.353854537	8.9504550E-04
2138.727995	1.353857756	9.0365860E-04
2138.245866	1.353862524	9.1150790E-04
2137.763737	1.353867054	9.1851640E-04
2137.281608	1.353873253	9.2463930E-04
2136.799480	1.353878498	9.2979930E-04
2136.317351	1.353885770	9.3394620E-04
2135.835222	1.353891969	9.3702480E-04
2135.353093	1.353899837	9.3900270E-04
2134.870964	1.353906512	9.3983880E-04
2134.388836	1.353914618	9.3954880E-04
2133.906707	1.353921413	9.3815340E-04
2133.424578	1.353929043	9.3567510E-04
2132.942449	1.353935719	9.3213480E-04
2132.460321	1.353942990	9.2751990E-04
2131.978192	1.353948951	9.2186990E-04
2131.496063	1.353955507	9.1521460E-04
2131.013934	1.353960633	9.0763060E-04
2130.531806	1.353966117	8.9916130E-04
2130.049677	1.353969693	8.8986730E-04
2129.567548	1.353973985	8.7979100E-04
2129.085419	1.353976727	8.6906440E-04
2128.603291	1.353979111	8.5770820E-04
2128.121162	1.353980541	8.4581470E-04
2127.639033	1.353981495	8.3337180E-04
2127.156904	1.353981137	8.2044480E-04
2126.674776	1.353980660	8.0706960E-04
2126.192647	1.353978872	7.9335600E-04
2125.710518	1.353976846	7.7933960E-04
2125.228389	1.353973150	7.6510370E-04
2124.746261	1.353969693	7.5067680E-04
2124.264132	1.353964210	7.3609240E-04
2123.782003	1.353959203	7.2134870E-04
2123.299874	1.353952408	7.0646450E-04
2122.817745	1.353945732	6.9150620E-04
2122.335617	1.353937030	6.7656130E-04
2121.853488	1.353928804	6.6173130E-04
2121.371359	1.353918552	6.4706510E-04
2120.889230	1.353908420	6.3261200E-04
2120.407102	1.353897095	6.1837620E-04
2119.924973	1.353885531	6.0438830E-04
2119.442844	1.353872657	5.9064090E-04
2118.960715	1.353859901	5.7719760E-04
2118.478587	1.353845596	5.6408530E-04
2117.996458	1.353831530	5.5141260E-04
2117.514329	1.353815913	5.3920690E-04
2117.032200	1.353800654	5.2754550E-04
2116.550072	1.353784204	5.1641310E-04
2116.067943	1.353767872	5.0581210E-04
2115.585814	1.353750706	4.9575240E-04
2115.103685	1.353733540	4.8625170E-04
2114.621557	1.353715658	4.7735530E-04
2114.139428	1.353697896	4.6907620E-04
2113.657299	1.353679538	4.6145000E-04
2113.175170	1.353661537	4.5447320E-04
2112.693042	1.353642702	4.4812400E-04
2112.210913	1.353624701	4.4233810E-04
2111.728784	1.353605986	4.3708640E-04
2111.246655	1.353587985	4.3230530E-04
2110.764526	1.353569269	4.2801850E-04
2110.282398	1.353551388	4.2419680E-04
2109.800269	1.353532910	4.2086730E-04
2109.318140	1.353515029	4.1797680E-04
2108.836011	1.353496790	4.1552460E-04
2108.353883	1.353479266	4.1345080E-04
2107.871754	1.353461266	4.1175520E-04
2107.389625	1.353444099	4.1037910E-04
2106.907496	1.353426456	4.0933670E-04
2106.425368	1.353409529	4.0859820E-04
2105.943239	1.353391886	4.0820360E-04
2105.461110	1.353375316	4.0816300E-04
2104.978981	1.353358030	4.0849460E-04
2104.496853	1.353341818	4.0918790E-04
2104.014724	1.353325009	4.1019710E-04
2103.532595	1.353309274	4.1150450E-04
2103.050466	1.353293061	4.1306660E-04
2102.568338	1.353277564	4.1492900E-04
2102.086209	1.353261709	4.1709340E-04
2101.604080	1.353246927	4.1961340E-04
2101.121951	1.353231549	4.2244630E-04
2100.639823	1.353217244	4.2560890E-04
2100.157694	1.353202820	4.2904300E-04
2099.675565	1.353189349	4.3276780E-04
2099.193436	1.353175640	4.3671420E-04
2098.711307	1.353163242	4.4084690E-04
2098.229179	1.353150725	4.4510390E-04
2097.747050	1.353139281	4.4947450E-04
2097.264921	1.353127480	4.5391500E-04
2096.782792	1.353117228	4.5837370E-04
2096.300664	1.353106737	4.6278410E-04
2095.818535	1.353097796	4.6706300E-04
2095.336406	1.353088260	4.7116830E-04
2094.854277	1.353080273	4.7503380E-04
2094.372149	1.353072047	4.7861160E-04
2093.890020	1.353064895	4.8182450E-04
2093.407891	1.353057384	4.8466790E-04
2092.925762	1.353051186	4.8710960E-04
2092.443634	1.353044271	4.8919200E-04
2091.961505	1.353038669	4.9083910E-04
2091.479376	1.353032470	4.9203200E-04
2090.997247	1.353027344	4.9270150E-04
2090.515119	1.353021502	4.9285950E-04
2090.032990	1.353016615	4.9250260E-04
2089.550861	1.353011012	4.9165230E-04
2089.068732	1.353006244	4.9028280E-04
2088.586604	1.353000402	4.8842100E-04
2088.104475	1.352995634	4.8610490E-04
2087.622346	1.352989435	4.8335300E-04
2087.140217	1.352984428	4.8018670E-04
2086.658088	1.352978110	4.7663850E-04
2086.175960	1.352972388	4.7274880E-04
2085.693831	1.352965832	4.6855990E-04
2085.211702	1.352959633	4.6411470E-04
2084.729573	1.352952361	4.5943230E-04
2084.247445	1.352945805	4.5456970E-04
2083.765316	1.352938175	4.4952010E-04
2083.283187	1.352931261	4.4434670E-04
2082.801058	1.352923274	4.3900790E-04
2082.318930	1.352915883	4.3352920E-04
2081.836801	1.352907538	4.2780853E-04
2081.354672	1.352899909	4.2198327E-04
2080.872543	1.352891088	4.1601463E-04
2080.390415	1.352883220	4.0989607E-04
2079.908286	1.352874041	4.0364710E-04
2079.426157	1.352865577	3.9726037E-04
2078.944028	1.352856398	3.9075027E-04
2078.461900	1.352847576	3.8411023E-04
2077.979771	1.352837801	3.7734430E-04
2077.497642	1.352828741	3.7026585E-04
2077.015513	1.352818489	3.6307776E-04
2076.533385	1.352808714	3.5578607E-04
2076.051256	1.352797866	3.4858331E-04
2075.569127	1.352787852	3.4127781E-04
2075.086998	1.352776408	3.3387612E-04
2074.604869	1.352766037	3.2638527E-04
2074.122741	1.352754235	3.1881406E-04
2073.640612	1.352743268	3.1117096E-04
2073.158483	1.352730989	3.0346638E-04
2072.676354	1.352719545	2.9571108E-04
2072.194226	1.352706790	2.8791800E-04
2071.712097	1.352694631	2.8009882E-04
2071.229968	1.352681398	2.7226645E-04
2070.747839	1.352668762	2.6443284E-04
2070.265711	1.352654934	2.5661095E-04
2069.783582	1.352641702	2.4881274E-04
2069.301453	1.352627277	2.4104981E-04
2068.819324	1.352613449	2.3333462E-04
2068.337196	1.352598548	2.2568055E-04
2067.855067	1.352584124	2.1810463E-04
2067.372938	1.352568507	2.1062550E-04
2066.890809	1.352553487	2.0326559E-04
2066.408681	1.352537394	1.9604819E-04
2065.926552	1.352521658	1.8899898E-04
2065.444423	1.352504969	1.8214239E-04
2064.962294	1.352488756	1.7550441E-04
2064.480166	1.352471352	1.6911065E-04
2063.998037	1.352454662	1.6298910E-04
2063.515908	1.352436781	1.5716481E-04
2063.033779	1.352419734	1.5165971E-04
2062.551650	1.352401495	1.4648732E-04
2062.069522	1.352384090	1.4165551E-04
2061.587393	1.352365732	1.3716509E-04
2061.105264	1.352348208	1.3301341E-04
2060.623135	1.352329731	1.2919467E-04
2060.141007	1.352312088	1.2570225E-04
2059.658878	1.352293730	1.2252715E-04
2059.176749	1.352276325	1.1965520E-04
2058.694620	1.352258086	1.1706628E-04
2058.212492	1.352240801	1.1473508E-04
2057.730363	1.352222800	1.1263585E-04
2057.248234	1.352205873	1.1074179E-04
2056.766105	1.352188230	1.0902656E-04
2056.283977	1.352171659	1.0745984E-04
2055.801848	1.352154374	1.0601009E-04
2055.319719	1.352138042	1.0464229E-04
2054.837590	1.352121234	1.0332178E-04
2054.355462	1.352105379	1.0201281E-04
2053.873333	1.352088809	1.0068343E-04
2053.391204	1.352073193	9.9306691E-05
2052.909075	1.352056861	9.7863115E-05
2052.426947	1.352041483	9.6338139E-05
2051.944818	1.352025270	9.4721491E-05
2051.462689	1.352010012	9.3007479E-05
2050.980560	1.351993799	9.1197585E-05
2050.498431	1.351978421	8.9301185E-05
2050.016303	1.351962090	8.7332670E-05
2049.534174	1.351946592	8.5310094E-05
2049.052045	1.351930022	8.3252506E-05
2048.569916	1.351914287	8.1181903E-05
2048.087788	1.351897478	7.9118530E-05
2047.605659	1.351881504	7.7082448E-05
2047.123530	1.351864457	7.5091297E-05
2046.641401	1.351848245	7.3167118E-05
2046.159273	1.351830840	7.1333339E-05
2045.677144	1.351814389	6.9615439E-05
2045.195015	1.351796746	6.8033994E-05
2044.712886	1.351780057	6.6608176E-05
2044.230758	1.351762295	6.5355515E-05
2043.748629	1.351745367	6.4294897E-05
2043.266500	1.351727605	6.3442136E-05
2042.784371	1.351710677	6.2796396E-05
2042.302243	1.351692796	6.2348590E-05
2041.820114	1.351675987	6.2082837E-05
2041.337985	1.351658344	6.1986998E-05
2040.855856	1.351641655	6.2042467E-05
2040.373728	1.351624250	6.2225609E-05
2039.891599	1.351607800	6.2511548E-05
2039.409470	1.351590633	6.2875897E-05
2038.927341	1.351574540	6.3292384E-05
2038.445212	1.351557612	6.3733233E-05
2037.963084	1.351541758	6.4169998E-05
2037.480955	1.351524949	6.4591393E-05
2036.998826	1.351509213	6.4992223E-05
2036.516697	1.351492643	6.5372945E-05
2036.034569	1.351477027	6.5724299E-05
2035.552440	1.351460576	6.6039448E-05
2035.070311	1.351445079	6.6313840E-05
2034.588182	1.351428628	6.6544755E-05
2034.106054	1.351413131	6.6730177E-05
2033.623925	1.351396799	6.6871898E-05
2033.141796	1.351381183	6.6979147E-05
2032.659667	1.351364732	6.7065968E-05
2032.177539	1.351349235	6.7139717E-05
2031.695410	1.351332664	6.7192579E-05
2031.213281	1.351317167	6.7204374E-05
2030.731152	1.351300597	6.7155683E-05
2030.249024	1.351284981	6.7041196E-05
2029.766895	1.351268291	6.6872448E-05
2029.284766	1.351252437	6.6673304E-05
2028.802637	1.351235509	6.6467501E-05
2028.320509	1.351219416	6.6274188E-05
2027.838380	1.351202250	6.6105531E-05
2027.356251	1.351185918	6.5973031E-05
2026.874122	1.351168513	6.5894596E-05
2026.391993	1.351151824	6.5901055E-05
2025.909865	1.351134181	6.6035219E-05
2025.427736	1.351117134	6.6340142E-05
2024.945607	1.351099253	6.6842426E-05
2024.463478	1.351082206	6.7545857E-05
2023.981350	1.351064205	6.8437430E-05
2023.499221	1.351047277	6.9502330E-05
2023.017092	1.351029396	7.0727955E-05
2022.534963	1.351012468	7.2100135E-05
2022.052835	1.350994706	7.3599342E-05
2021.570706	1.350978017	7.5201903E-05
2021.088577	1.350960374	7.6884703E-05
2020.606448	1.350943923	7.8624193E-05
2020.124320	1.350926518	8.0397428E-05
2019.642191	1.350910187	8.2183974E-05
2019.160062	1.350893021	8.3969249E-05
2018.677933	1.350876808	8.5742720E-05
2018.195805	1.350859761	8.7494213E-05
2017.713676	1.350843549	8.9212003E-05
2017.231547	1.350826621	9.0885770E-05
2016.749418	1.350810528	9.2508644E-05
2016.267289	1.350793481	9.4079462E-05
2015.785161	1.350777388	9.5600454E-05
2015.303032	1.350760341	9.7075561E-05
2014.820903	1.350744128	9.8509090E-05
2014.338774	1.350726962	9.9905986E-05
2013.856646	1.350710630	1.0127201E-04
2013.374517	1.350693345	1.0261348E-04
2012.892388	1.350676775	1.0393835E-04
2012.410259	1.350659251	1.0525611E-04
2011.928131	1.350642443	1.0657824E-04
2011.446002	1.350624681	1.0791748E-04
2010.963873	1.350607634	1.0929111E-04
2010.481744	1.350589514	1.1071978E-04
2009.999616	1.350572109	1.1222874E-04
2009.517487	1.350553632	1.1384299E-04
2009.035358	1.350535989	1.1558833E-04
2008.553229	1.350517154	1.1748992E-04
2008.071101	1.350499153	1.1957383E-04
2007.588972	1.350480199	1.2186571E-04
2007.106843	1.350461960	1.2438764E-04
2006.624714	1.350442767	1.2715618E-04
2006.142586	1.350424528	1.3017932E-04
2005.660457	1.350405216	1.3345698E-04
2005.178328	1.350386977	1.3698001E-04
2004.696199	1.350367904	1.4073306E-04
2004.214070	1.350349903	1.4469546E-04
2003.731942	1.350330949	1.4884410E-04
2003.249813	1.350313187	1.5315249E-04
2002.767684	1.350294590	1.5759192E-04
2002.285555	1.350276947	1.6213005E-04
2001.803427	1.350258708	1.6673763E-04
2001.321298	1.350241423	1.7138915E-04
2000.839169	1.350223303	1.7606674E-04
2000.357040	1.350206256	1.8075344E-04
1999.874912	1.350188255	1.8543551E-04
1999.392783	1.350171328	1.9010011E-04
1998.910654	1.350153565	1.9473977E-04
1998.428525	1.350136638	1.9934960E-04
1997.946397	1.350118876	2.0392788E-04
1997.464268	1.350101948	2.0847712E-04
1996.982139	1.350083947	2.1300596E-04
1996.500010	1.350066900	2.1752890E-04
1996.017882	1.350048780	2.2206144E-04
1995.535753	1.350031495	2.2662179E-04
1995.053624	1.350013137	2.3123421E-04
1994.571495	1.349995494	2.3593628E-04
1994.089367	1.349976778	2.4077388E-04
1993.607238	1.349958897	2.4579500E-04
1993.125109	1.349939704	2.5103961E-04
1992.642980	1.349921465	2.5654188E-04
1992.160851	1.349902153	2.6233087E-04
1991.678723	1.349883676	2.6843546E-04
1991.196594	1.349864244	2.7488153E-04
1990.714465	1.349845767	2.8169427E-04
1990.232336	1.349826217	2.8889425E-04
1989.750208	1.349807858	2.9649454E-04
1989.268079	1.349788547	3.0449279E-04
1988.785950	1.349770546	3.1287330E-04
1988.303821	1.349751711	3.2161468E-04
1987.821693	1.349733949	3.3069906E-04
1987.339564	1.349715710	3.4011242E-04
1986.857435	1.349698663	3.4983596E-04
1986.375306	1.349681020	3.5984214E-04
1985.893178	1.349664688	3.7009357E-04
1985.411049	1.349647999	3.8054983E-04
1984.928920	1.349632502	3.9116461E-04
1984.446791	1.349616647	4.0188738E-04
1983.964663	1.349602222	4.1266293E-04
1983.482534	1.349587202	4.2343870E-04
1983.000405	1.349573851	4.3416452E-04
1982.518276	1.349559784	4.4479100E-04
1982.036148	1.349547267	4.5526668E-04
1981.554019	1.349534154	4.6554282E-04
1981.071890	1.349522352	4.7557802E-04
1980.589761	1.349509954	4.8533886E-04
1980.107632	1.349498749	4.9479551E-04
1979.625504	1.349487066	5.0392094E-04
1979.143375	1.349476337	5.1269667E-04
1978.661246	1.349465013	5.2111444E-04
1978.179117	1.349454522	5.2917370E-04
1977.696989	1.349443436	5.3687206E-04
1977.214860	1.349432945	5.4420859E-04
1976.732731	1.349421620	5.5173967E-04
1976.250602	1.349411607	5.5890793E-04
1975.768474	1.349401116	5.6573850E-04
1975.286345	1.349391460	5.7166443E-04
1974.804216	1.349380493	5.7725797E-04
1974.322087	1.349370480	5.8252427E-04
1973.839959	1.349359155	5.8753207E-04
1973.357830	1.349348783	5.9230380E-04
1972.875701	1.349337220	5.9684663E-04
1972.393572	1.349326372	6.0115127E-04
1971.911444	1.349314213	6.0526820E-04
1971.429315	1.349303126	6.0923797E-04
1970.947186	1.349290729	6.1307087E-04
1970.465057	1.349279284	6.1680130E-04
1969.982929	1.349266410	6.2026970E-04
1969.500800	1.349254489	6.2362660E-04
1969.018671	1.349241614	6.2692080E-04
1968.536542	1.349229336	6.3001700E-04
1968.054413	1.349215984	6.3285230E-04
1967.572285	1.349203229	6.3545200E-04
1967.090156	1.349189162	6.3805380E-04
1966.608027	1.349175930	6.4065200E-04
1966.125898	1.349161863	6.4308780E-04
1965.643770	1.349148273	6.4516750E-04
1965.161641	1.349133492	6.4698890E-04
1964.679512	1.349119186	6.4868490E-04
1964.197383	1.349103689	6.5029540E-04
1963.715255	1.349088788	6.5160380E-04
1963.233126	1.349072456	6.5261180E-04
1962.750997	1.349056125	6.5350560E-04
1962.268868	1.349038482	6.5442350E-04
1961.786740	1.349021077	6.5529360E-04
1961.304611	1.349001765	6.5616210E-04
1960.822482	1.348981977	6.5774050E-04
1960.340353	1.348960757	6.6103990E-04
1959.858225	1.348941207	6.6626330E-04
1959.376096	1.348923445	6.7184530E-04
1958.893967	1.348908782	6.7524940E-04
1958.411838	1.348892808	6.7492390E-04
1957.929710	1.348874688	6.7180670E-04
1957.447581	1.348851800	6.6842270E-04
1956.965452	1.348826647	6.6695990E-04
1956.483323	1.348799229	6.6783360E-04
1956.001194	1.348772764	6.7028570E-04
1955.519066	1.348745108	6.7352960E-04
1955.036937	1.348717570	6.7750570E-04
1954.554808	1.348688602	6.8238460E-04
1954.072679	1.348660350	6.8819040E-04
1953.590551	1.348630548	6.9471890E-04
1953.108422	1.348600984	7.0194090E-04
1952.626293	1.348569989	7.1009250E-04
1952.144164	1.348539472	7.1934620E-04
1951.662036	1.348507404	7.2972530E-04
1951.179907	1.348476171	7.4112560E-04
1950.697778	1.348443627	7.5360900E-04
1950.215649	1.348411798	7.6715570E-04
1949.733521	1.348379135	7.8165800E-04
1949.251392	1.348346949	7.9686000E-04
1948.769263	1.348313451	8.1282700E-04
1948.287134	1.348280072	8.2989490E-04
1947.805006	1.348245382	8.4846840E-04
1947.322877	1.348211288	8.6853530E-04
1946.840748	1.348176241	8.8992610E-04
1946.358619	1.348142028	9.1251820E-04
1945.876491	1.348106503	9.3652340E-04
1945.394362	1.348071456	9.6214810E-04
1944.912233	1.348035812	9.8936690E-04
1944.430104	1.348001003	1.0180000E-03
1943.947975	1.347964883	1.0480949E-03
1943.465847	1.347929358	1.0799597E-03
1942.983718	1.347892642	1.1139755E-03
1942.501589	1.347856879	1.1503173E-03
1942.019460	1.347820520	1.1890649E-03
1941.537332	1.347785234	1.2302093E-03
1941.055203	1.347749710	1.2737798E-03
1940.573074	1.347715378	1.3199748E-03
1940.090945	1.347680926	1.3688867E-03
1939.608817	1.347648263	1.4206279E-03
1939.126688	1.347615719	1.4754301E-03
1938.644559	1.347585201	1.5334631E-03
1938.162430	1.347555399	1.5944396E-03
1937.680302	1.347527862	1.6594169E-03
1937.198173	1.347501755	1.7278864E-03
1936.716044	1.347479582	1.8001135E-03
1936.233915	1.347459197	1.8763167E-03
1935.751787	1.347443104	1.9562021E-03
1935.269658	1.347430587	2.0397701E-03
1934.787529	1.347423553	2.1269619E-03
1934.305400	1.347420216	2.2179463E-03
1933.823272	1.347424150	2.3124425E-03
1933.341143	1.347433925	2.4098209E-03
1932.859014	1.347451925	2.5095441E-03
1932.376885	1.347476721	2.6113701E-03
1931.894756	1.347511649	2.7145476E-03
1931.412628	1.347554326	2.8180899E-03
1930.930499	1.347609043	2.9206262E-03
1930.448370	1.347671986	3.0211380E-03
1929.966241	1.347746611	3.1183313E-03
1929.484113	1.347830892	3.2109115E-03
1929.001984	1.347926497	3.2969776E-03
1928.519855	1.348031044	3.3749412E-03
1928.037726	1.348144293	3.4432730E-03
1927.555598	1.348265171	3.5008893E-03
1927.073469	1.348392129	3.5465895E-03
1926.591340	1.348522902	3.5793611E-03
1926.109211	1.348657131	3.5987422E-03
1925.627083	1.348790884	3.6044675E-03
1925.144954	1.348924637	3.5970418E-03
1924.662825	1.349053502	3.5767241E-03
1924.180696	1.349179745	3.5444070E-03
1923.698568	1.349298000	3.5012965E-03
1923.216439	1.349410415	3.4485278E-03
1922.734310	1.349514008	3.3875217E-03
1922.252181	1.349610090	3.3196476E-03
1921.770053	1.349696517	3.2461269E-03
1921.287924	1.349775434	3.1682993E-03
1920.805795	1.349844217	3.0870778E-03
1920.323666	1.349905252	3.0036552E-03
1919.841537	1.349958181	2.9189966E-03
1919.359409	1.350003600	2.8338495E-03
1918.877280	1.350040555	2.7486768E-03
1918.395151	1.350071907	2.6639209E-03
1917.913022	1.350095630	2.5804716E-03
1917.430894	1.350113153	2.4994535E-03
1916.948765	1.350126028	2.4211230E-03
1916.466636	1.350134730	2.3451357E-03
1915.984507	1.350139260	2.2711956E-03
1915.502379	1.350140452	2.1992081E-03
1915.020250	1.350137472	2.1296791E-03
1914.538121	1.350131392	2.0627482E-03
1914.055992	1.350122809	1.9983137E-03
1913.573864	1.350111485	1.9363476E-03
1913.091735	1.350097895	1.8767121E-03
1912.609606	1.350081801	1.8196715E-03
1912.127477	1.350064754	1.7649777E-03
1911.645349	1.350042582	1.7123653E-03
1911.163220	1.350022912	1.6693904E-03
1910.681091	1.350007296	1.6210036E-03
1910.198962	1.349985600	1.5746230E-03
1909.716834	1.349964738	1.5301737E-03
1909.234705	1.349941015	1.4881899E-03
1908.752576	1.349919200	1.4473692E-03
1908.270447	1.349894285	1.4081965E-03
1907.788318	1.349871039	1.3705927E-03
1907.306190	1.349844933	1.3344811E-03
1906.824061	1.349820375	1.2998313E-03
1906.341932	1.349793911	1.2665555E-03
1905.859803	1.349768639	1.2345775E-03
1905.377675	1.349740624	1.2038268E-03
1904.895546	1.349714518	1.1759372E-03
1904.413417	1.349687576	1.1490371E-03
1903.931288	1.349663496	1.1230749E-03
1903.449160	1.349637747	1.0963002E-03
1902.967031	1.349612594	1.0704769E-03
1902.484902	1.349585772	1.0455632E-03
1902.002773	1.349560022	1.0215236E-03
1901.520645	1.349532604	9.9832798E-04
1901.038516	1.349506617	9.7595210E-04
1900.556387	1.349479198	9.5437579E-04
1900.074258	1.349452734	9.3358267E-04
1899.592130	1.349425077	9.1355967E-04
1899.110001	1.349398732	8.9429763E-04
1898.627872	1.349370837	8.7579101E-04
1898.145743	1.349344015	8.5803631E-04
1897.663615	1.349316239	8.4102990E-04
1897.181486	1.349289656	8.2476696E-04
1896.699357	1.349261642	8.0924136E-04
1896.217228	1.349235177	7.9444534E-04
1895.735099	1.349207401	7.8036787E-04
1895.252971	1.349180937	7.6699280E-04
1894.770842	1.349153638	7.5429772E-04
1894.288713	1.349127412	7.4225475E-04
1893.806584	1.349100471	7.3083229E-04
1893.324456	1.349074841	7.1999598E-04
1892.842327	1.349048495	7.0970870E-04
1892.360198	1.349023461	6.9992988E-04
1891.878069	1.348997593	6.9061562E-04
1891.395941	1.348973274	6.8171964E-04
1890.913812	1.348948121	6.7319540E-04
1890.431683	1.348924398	6.6499772E-04
1889.949554	1.348899961	6.5708403E-04
1889.467426	1.348876953	6.4941371E-04
1888.985297	1.348853111	6.4194718E-04
1888.503168	1.348830700	6.3464519E-04
1888.021039	1.348807335	6.2747013E-04
1887.538911	1.348785520	6.2038842E-04
1887.056782	1.348762751	6.1337261E-04
1886.574653	1.348741174	6.0640195E-04
1886.092524	1.348718643	5.9946125E-04
1885.610396	1.348697662	5.9253992E-04
1885.128267	1.348675251	5.8563196E-04
1884.646138	1.348654270	5.7873726E-04
1884.164009	1.348632097	5.7186258E-04
1883.681880	1.348610878	5.6502173E-04
1883.199752	1.348588705	5.5823401E-04
1882.717623	1.348567605	5.5152231E-04
1882.235494	1.348545194	5.4491095E-04
1881.753365	1.348523855	5.3842484E-04
1881.271237	1.348501325	5.3208887E-04
1880.789108	1.348479867	5.2592787E-04
1880.306979	1.348457217	5.1996568E-04
1879.824850	1.348435521	5.1422424E-04
1879.342722	1.348412752	5.0872242E-04
1878.860593	1.348391056	5.0348821E-04
1878.378464	1.348368168	4.9854090E-04
1877.896335	1.348346472	4.9389115E-04
1877.414207	1.348323703	4.8952833E-04
1876.932078	1.348302364	4.8543849E-04
1876.449949	1.348279715	4.8160474E-04
1875.967820	1.348258615	4.7800747E-04
1875.485692	1.348236322	4.7462414E-04
1875.003563	1.348215580	4.7142917E-04
1874.521434	1.348193765	4.6839444E-04
1874.039305	1.348173380	4.6549083E-04
1873.557177	1.348151922	4.6267726E-04
1873.075048	1.348132014	4.5991882E-04
1872.592919	1.348110795	4.5718659E-04
1872.110790	1.348091245	4.5446927E-04
1871.628661	1.348070502	4.5175573E-04
1871.146533	1.348051071	4.4903563E-04
1870.664404	1.348030567	4.4630061E-04
1870.182275	1.348011255	4.4354497E-04
1869.700146	1.347990990	4.4076550E-04
1869.218018	1.347971797	4.3796069E-04
1868.735889	1.347951651	4.3512968E-04
1868.253760	1.347932577	4.3227167E-04
1867.771631	1.347912312	4.2938619E-04
1867.289503	1.347893357	4.2647398E-04
1866.807374	1.347873211	4.2353771E-04
1866.325245	1.347854018	4.2058217E-04
1865.843116	1.347833872	4.1761341E-04
1865.360988	1.347814679	4.1463804E-04
1864.878859	1.347794294	4.1166285E-04
1864.396730	1.347774982	4.0869555E-04
1863.914601	1.347754478	4.0574534E-04
1863.432473	1.347734928	4.0285404E-04
1862.950344	1.347714067	4.0006440E-04
1862.468215	1.347694397	3.9741914E-04
1861.986086	1.347673416	3.9492906E-04
1861.503958	1.347653508	3.9260355E-04
1861.021829	1.347632408	3.9045038E-04
1860.539700	1.347612500	3.8847559E-04
1860.057571	1.347591519	3.8668322E-04
1859.575442	1.347571611	3.8507517E-04
1859.093314	1.347550631	3.8365088E-04
1858.611185	1.347530961	3.8240725E-04
1858.129056	1.347510219	3.8130783E-04
1857.646927	1.347490788	3.8031404E-04
1857.164799	1.347470403	3.7938545E-04
1856.682670	1.347451210	3.7851093E-04
1856.200541	1.347430944	3.7767824E-04
1855.718412	1.347412109	3.7687439E-04
1855.236284	1.347392082	3.7608625E-04
1854.754155	1.347373366	3.7530079E-04
1854.272026	1.347353578	3.7450537E-04
1853.789897	1.347334981	3.7368794E-04
1853.307769	1.347315311	3.7283756E-04
1852.825640	1.347297072	3.7194459E-04
1852.343511	1.347277403	3.7100118E-04
1851.861382	1.347259164	3.7000139E-04
1851.379254	1.347239733	3.6894149E-04
1850.897125	1.347221494	3.6781958E-04
1850.414996	1.347202063	3.6663470E-04
1849.932867	1.347183704	3.6538610E-04
1849.450739	1.347164273	3.6407372E-04
1848.968610	1.347145796	3.6270047E-04
1848.486481	1.347126245	3.6127460E-04
1848.004352	1.347107768	3.5981028E-04
1847.522223	1.347087860	3.5832528E-04
1847.040095	1.347069144	3.5683670E-04
1846.557966	1.347049117	3.5536546E-04
1846.075837	1.347030044	3.5393886E-04
1845.593708	1.347009778	3.5259054E-04
1845.111580	1.346990466	3.5135130E-04
1844.629451	1.346970081	3.5024552E-04
1844.147322	1.346950650	3.4929063E-04
1843.665193	1.346930027	3.4849636E-04
1843.183065	1.346910596	3.4786156E-04
1842.700936	1.346889853	3.4737613E-04
1842.218807	1.346870661	3.4702546E-04
1841.736678	1.346850038	3.4679650E-04
1841.254550	1.346830964	3.4667162E-04
1840.772421	1.346810579	3.4662531E-04
1840.290292	1.346791625	3.4662389E-04
1839.808163	1.346771598	3.4663543E-04
1839.326035	1.346752763	3.4663468E-04
1838.843906	1.346732855	3.4660534E-04
1838.361777	1.346714258	3.4653832E-04
1837.879648	1.346694350	3.4643156E-04
1837.397520	1.346675754	3.4628509E-04
1836.915391	1.346655965	3.4609860E-04
1836.433262	1.346637368	3.4586916E-04
1835.951133	1.346617699	3.4559231E-04
1835.469004	1.346598983	3.4526322E-04
1834.986876	1.346579313	3.4487825E-04
1834.504747	1.346560597	3.4443655E-04
1834.022618	1.346540689	3.4394038E-04
1833.540489	1.346521974	3.4339281E-04
1833.058361	1.346501946	3.4279703E-04
1832.576232	1.346483111	3.4215625E-04
1832.094103	1.346462965	3.4147571E-04
1831.611974	1.346443772	3.4076307E-04
1831.129846	1.346423507	3.4002868E-04
1830.647717	1.346404076	3.3928501E-04
1830.165588	1.346383452	3.3854550E-04
1829.683459	1.346363902	3.3782363E-04
1829.201331	1.346342802	3.3713234E-04
1828.719202	1.346323013	3.3648369E-04
1828.237073	1.346301794	3.3588855E-04
1827.754944	1.346281409	3.3537349E-04
1827.272816	1.346259832	3.3497132E-04
1826.790687	1.346239209	3.3472290E-04
1826.308558	1.346217155	3.3466501E-04
1825.826429	1.346196294	3.3482720E-04
1825.344300	1.346174121	3.3522952E-04
1824.862172	1.346153021	3.3587728E-04
1824.380043	1.346130848	3.3677324E-04
1823.897914	1.346109748	3.3791761E-04
1823.415785	1.346087456	3.3930799E-04
1822.933657	1.346066594	3.4093930E-04
1822.451528	1.346044540	3.4278765E-04
1821.969399	1.346023798	3.4482047E-04
1821.487270	1.346002102	3.4699532E-04
1821.005142	1.345981717	3.4927142E-04
1820.523013	1.345960379	3.5161279E-04
1820.040884	1.345940351	3.5399079E-04
1819.558755	1.345919251	3.5639048E-04
1819.076627	1.345899582	3.5879845E-04
1818.594498	1.345878601	3.6120206E-04
1818.112369	1.345859170	3.6358856E-04
1817.630240	1.345838428	3.6594539E-04
1817.148112	1.345819116	3.6826064E-04
1816.665983	1.345798612	3.7052345E-04
1816.183854	1.345779419	3.7272405E-04
1815.701725	1.345758915	3.7485423E-04
1815.219597	1.345739841	3.7690809E-04
1814.737468	1.345719457	3.7888273E-04
1814.255339	1.345700264	3.8077824E-04
1813.773210	1.345679879	3.8259702E-04
1813.291081	1.345660686	3.8434354E-04
1812.808953	1.345640063	3.8602418E-04
1812.326824	1.345620751	3.8764773E-04
1811.844695	1.345600009	3.8922532E-04
1811.362566	1.345580578	3.9077026E-04
1810.880438	1.345559478	3.9229711E-04
1810.398309	1.345539808	3.9382071E-04
1809.916180	1.345518589	3.9534741E-04
1809.434051	1.345498681	3.9688612E-04
1808.951923	1.345477223	3.9844882E-04
1808.469794	1.345456839	4.0005869E-04
1807.987665	1.345435143	4.0173808E-04
1807.505536	1.345414639	4.0350727E-04
1807.023408	1.345392585	4.0538413E-04
1806.541279	1.345371723	4.0738516E-04
1806.059150	1.345349431	4.0952641E-04
1805.577021	1.345328331	4.1182295E-04
1805.094893	1.345305920	4.1428772E-04
1804.612764	1.345284581	4.1693885E-04
1804.130635	1.345262051	4.1978972E-04
1803.648506	1.345240593	4.2284969E-04
1803.166378	1.345217943	4.2611616E-04
1802.684249	1.345196605	4.2958376E-04
1802.202120	1.345174074	4.3324328E-04
1801.719991	1.345152736	4.3708079E-04
1801.237862	1.345130324	4.4107875E-04
1800.755734	1.345109105	4.4521739E-04
1800.273605	1.345086932	4.4947757E-04
1799.791476	1.345065951	4.5384207E-04
1799.309347	1.345043778	4.5829459E-04
1798.827219	1.345023036	4.6281585E-04
1798.345090	1.345001101	4.6738153E-04
1797.862961	1.344980359	4.7196561E-04
1797.380832	1.344958544	4.7654924E-04
1796.898704	1.344937921	4.8112841E-04
1796.416575	1.344916105	4.8571477E-04
1795.934446	1.344895363	4.9032903E-04
1795.452317	1.344873309	4.9499355E-04
1794.970189	1.344852328	4.9973019E-04
1794.488060	1.344830155	5.0456365E-04
1794.005931	1.344809175	5.0952602E-04
1793.523802	1.344786644	5.1465658E-04
1793.041674	1.344765425	5.1999692E-04
1792.559545	1.344742775	5.2558270E-04
1792.077416	1.344721317	5.3143749E-04
1791.595287	1.344698668	5.3757027E-04
1791.113159	1.344677448	5.4397834E-04
1790.631030	1.344654799	5.5065244E-04
1790.148901	1.344633818	5.5758196E-04
1789.666772	1.344611406	5.6475661E-04
1789.184643	1.344590425	5.7216591E-04
1788.702515	1.344568491	5.7979743E-04
1788.220386	1.344547868	5.8763688E-04
1787.738257	1.344526172	5.9566982E-04
1787.256128	1.344505906	6.0385605E-04
1786.774000	1.344484568	6.1221041E-04
1786.291871	1.344464660	6.2074472E-04
1785.809742	1.344443560	6.2948683E-04
1785.327613	1.344424129	6.3840262E-04
1784.845485	1.344403505	6.4746141E-04
1784.363356	1.344384551	6.5664437E-04
1783.881227	1.344364285	6.6593927E-04
1783.399098	1.344345808	6.7533269E-04
1782.916970	1.344326019	6.8481844E-04
1782.434841	1.344307780	6.9440248E-04
1781.952712	1.344288468	7.0412216E-04
1781.470583	1.344270825	7.1394887E-04
1780.988455	1.344252110	7.2384445E-04
1780.506326	1.344234943	7.3375918E-04
1780.024197	1.344216585	7.4371700E-04
1779.542068	1.344199777	7.5374075E-04
1779.059940	1.344182014	7.6382928E-04
1778.577811	1.344165683	7.7397489E-04
1778.095682	1.344148397	7.8418675E-04
1777.613553	1.344132423	7.9447674E-04
1777.131424	1.344115734	8.0481392E-04
1776.649296	1.344100475	8.1511782E-04
1776.167167	1.344084382	8.2530909E-04
1775.685038	1.344069600	8.3538173E-04
1775.202909	1.344053745	8.4540919E-04
1774.720781	1.344039202	8.5549826E-04
1774.238652	1.344023585	8.6572922E-04
1773.756523	1.344009280	8.7614039E-04
1773.274394	1.343994260	8.8672436E-04
1772.792266	1.343980670	8.9742840E-04
1772.310137	1.343966365	9.0816339E-04
1771.828008	1.343953609	9.1886011E-04
1771.345879	1.343940020	9.2952354E-04
1770.863751	1.343927860	9.4023328E-04
1770.381622	1.343914866	9.5105988E-04
1769.899493	1.343903422	9.6199408E-04
1769.417364	1.343891621	9.7294121E-04
1768.935236	1.343881249	9.8378745E-04
1768.453107	1.343870282	9.9445849E-04
1767.970978	1.343860984	1.0049308E-03
1767.488849	1.343850732	1.0154298E-03
1767.006721	1.343842030	1.0260405E-03
1766.524592	1.343833208	1.0366023E-03
1766.042463	1.343826056	1.0468675E-03
1765.560334	1.343818545	1.0567504E-03
1765.078205	1.343812585	1.0663825E-03
1764.596077	1.343806028	1.0758087E-03
1764.113948	1.343801618	1.0849182E-03
1763.631819	1.343796253	1.0935504E-03
1763.149690	1.343793750	1.1017491E-03
1762.667562	1.343790054	1.1086330E-03
1762.185433	1.343787432	1.1151017E-03
1761.703304	1.343784332	1.1216369E-03
1761.221175	1.343783259	1.1284353E-03
1760.739047	1.343782663	1.1347744E-03
1760.256918	1.343785405	1.1394921E-03
1759.774789	1.343787670	1.1421924E-03
1759.292660	1.343791604	1.1430104E-03
1758.810532	1.343794465	1.1420274E-03
1758.328403	1.343799353	1.1390958E-03
1757.846274	1.343802571	1.1338355E-03
1757.364145	1.343806028	1.1263486E-03
1756.882017	1.343807340	1.1173323E-03
1756.399888	1.343809247	1.1070463E-03
1755.917759	1.343808651	1.0955366E-03
1755.435630	1.343809247	1.0824763E-03
1754.953502	1.343806982	1.0676174E-03
1754.471373	1.343804598	1.0512071E-03
1753.989244	1.343798995	1.0336852E-03
1753.507115	1.343792796	1.0155849E-03
1753.024986	1.343784213	9.9671630E-04
1752.542858	1.343774676	9.7684700E-04
1752.060729	1.343761683	9.5630410E-04
1751.578600	1.343746781	9.3615750E-04
1751.096471	1.343728304	9.1761800E-04
1750.614343	1.343710303	9.0100800E-04
1750.132214	1.343690991	8.8557570E-04
1749.650085	1.343672872	8.7023440E-04
1749.167956	1.343652964	8.5468780E-04
1748.685828	1.343632817	8.3934610E-04
1748.203699	1.343610287	8.2491730E-04
1747.721570	1.343588591	8.1151920E-04
1747.239441	1.343565464	7.9888500E-04
1746.757313	1.343543410	7.8663670E-04
1746.275184	1.343519688	7.7479390E-04
1745.793055	1.343496919	7.6342120E-04
1745.310926	1.343472600	7.5252280E-04
1744.828798	1.343449831	7.4182640E-04
1744.346669	1.343424916	7.3123790E-04
1743.864540	1.343401194	7.2086210E-04
1743.382411	1.343375206	7.1099380E-04
1742.900283	1.343350768	7.0180520E-04
1742.418154	1.343324661	6.9321390E-04
1741.936025	1.343300462	6.8485560E-04
1741.453896	1.343274713	6.7624730E-04
1740.971767	1.343250275	6.6714140E-04
1740.489639	1.343223095	6.5777670E-04
1740.007510	1.343196511	6.4895310E-04
1739.525381	1.343166351	6.4140700E-04
1739.043252	1.343139410	6.3731886E-04
1738.561124	1.343113065	6.3060142E-04
1738.078995	1.343086004	6.2433275E-04
1737.596866	1.343057990	6.1849591E-04
1737.114737	1.343030930	6.1300482E-04
1736.632609	1.343002677	6.0762252E-04
1736.150480	1.342974901	6.0259427E-04
1735.668351	1.342946172	5.9793845E-04
1735.186222	1.342918158	5.9368894E-04
1734.704094	1.342889071	5.8989183E-04
1734.221965	1.342860699	5.8658850E-04
1733.739836	1.342831254	5.8380080E-04
1733.257707	1.342803121	5.8152696E-04
1732.775579	1.342773676	5.7974325E-04
1732.293450	1.342745781	5.7841209E-04
1731.811321	1.342716694	5.7748337E-04
1731.329192	1.342689395	5.7689746E-04
1730.847064	1.342660785	5.7659065E-04
1730.364935	1.342633963	5.7650073E-04
1729.882806	1.342606068	5.7657064E-04
1729.400677	1.342579484	5.7674979E-04
1728.918548	1.342552185	5.7699466E-04
1728.436420	1.342526197	5.7726934E-04
1727.954291	1.342499256	5.7754651E-04
1727.472162	1.342473507	5.7780677E-04
1726.990033	1.342446804	5.7803670E-04
1726.507905	1.342421412	5.7822619E-04
1726.025776	1.342394590	5.7836668E-04
1725.543647	1.342369437	5.7844990E-04
1725.061518	1.342342615	5.7846718E-04
1724.579390	1.342317224	5.7840912E-04
1724.097261	1.342290163	5.7883927E-04
1723.615132	1.342264891	5.7923264E-04
1723.133003	1.342238307	5.7955290E-04
1722.650875	1.342213154	5.7987727E-04
1722.168746	1.342186451	5.8017307E-04
1721.686617	1.342161298	5.8044759E-04
1721.204488	1.342134595	5.8071093E-04
1720.722360	1.342109323	5.8097603E-04
1720.240231	1.342082620	5.8125847E-04
1719.758102	1.342057109	5.8157597E-04
1719.275973	1.342030287	5.8194733E-04
1718.793845	1.342004776	5.8239116E-04
1718.311716	1.341977715	5.8292431E-04
1717.829587	1.341952085	5.8356047E-04
1717.347458	1.341925144	5.8430900E-04
1716.865329	1.341899514	5.8517406E-04
1716.383201	1.341872454	5.8615430E-04
1715.901072	1.341846824	5.8724293E-04
1715.418943	1.341820002	5.8842829E-04
1714.936814	1.341794610	5.8969473E-04
1714.454686	1.341767788	5.9102381E-04
1713.972557	1.341742635	5.9239545E-04
1713.490428	1.341716051	5.9378910E-04
1713.008299	1.341691017	5.9518459E-04
1712.526171	1.341664672	5.9656297E-04
1712.044042	1.341639996	5.9790715E-04
1711.561913	1.341613650	5.9920220E-04
1711.079784	1.341589212	6.0043567E-04
1710.597656	1.341563106	6.0159749E-04
1710.115527	1.341538548	6.0267975E-04
1709.633398	1.341512680	6.0367648E-04
1709.151269	1.341488242	6.0458365E-04
1708.669141	1.341462374	6.0539889E-04
1708.187012	1.341438293	6.0603842E-04
1707.704883	1.341412425	6.0647426E-04
1707.222754	1.341388345	6.0667834E-04
1706.740626	1.341362596	6.0662239E-04
1706.258497	1.341338038	6.0633378E-04
1705.776368	1.341312051	6.0589642E-04
1705.294239	1.341287017	6.0534094E-04
1704.812110	1.341260672	6.0470094E-04
1704.329982	1.341235161	6.0401326E-04
1703.847853	1.341208458	6.0326247E-04
1703.365724	1.341182828	6.0246300E-04
1702.883595	1.341155529	6.0163137E-04
1702.401467	1.341129661	6.0078544E-04
1701.919338	1.341101885	5.9994365E-04
1701.437209	1.341075540	5.9912417E-04
1700.955080	1.341047525	5.9834406E-04
1700.472952	1.341020823	5.9761840E-04
1699.990823	1.340992451	5.9695967E-04
1699.508694	1.340965390	5.9637714E-04
1699.026565	1.340936899	5.9587675E-04
1698.544437	1.340909481	5.9546133E-04
1698.062308	1.340880752	5.9513111E-04
1697.580179	1.340853214	5.9488420E-04
1697.098050	1.340824366	5.9471696E-04
1696.615922	1.340796709	5.9462404E-04
1696.133793	1.340767622	5.9459823E-04
1695.651664	1.340739965	5.9463030E-04
1695.169535	1.340710878	5.9470899E-04
1694.687407	1.340682983	5.9482111E-04
1694.205278	1.340653896	5.9495209E-04
1693.723149	1.340626001	5.9508653E-04
1693.241020	1.340596676	5.9520882E-04
1692.758891	1.340568781	5.9530335E-04
1692.276763	1.340539455	5.9535491E-04
1691.794634	1.340511441	5.9540943E-04
1691.312505	1.340481758	5.9546278E-04
1690.830376	1.340453744	5.9550353E-04
1690.348248	1.340423822	5.9552366E-04
1689.866119	1.340395689	5.9551958E-04
1689.383990	1.340365887	5.9543208E-04
1688.901861	1.340337515	5.9525825E-04
1688.419733	1.340307355	5.9500925E-04
1687.937604	1.340278625	5.9470036E-04
1687.455475	1.340248108	5.9435035E-04
1686.973346	1.340219140	5.9398088E-04
1686.491218	1.340188265	5.9361589E-04
1686.009089	1.340158701	5.9328052E-04
1685.526960	1.340127587	5.9299954E-04
1685.044831	1.340097666	5.9279557E-04
1684.562703	1.340066075	5.9268733E-04
1684.080574	1.340035796	5.9268825E-04
1683.598445	1.340003848	5.9280555E-04
1683.116316	1.339973450	5.9303985E-04
1682.634188	1.339941382	5.9338552E-04
1682.152059	1.339910746	5.9383159E-04
1681.669930	1.339878559	5.9436336E-04
1681.187801	1.339847684	5.9496437E-04
1680.705672	1.339815497	5.9561833E-04
1680.223544	1.339784503	5.9631065E-04
1679.741415	1.339752078	5.9702955E-04
1679.259286	1.339721203	5.9776659E-04
1678.777157	1.339688420	5.9851684E-04
1678.295029	1.339657187	5.9927846E-04
1677.812900	1.339624405	6.0005196E-04
1677.330771	1.339592814	6.0083892E-04
1676.848642	1.339559555	6.0182115E-04
1676.366514	1.339527607	6.0300050E-04
1675.884385	1.339494228	6.0437376E-04
1675.402256	1.339462280	6.0593215E-04
1674.920127	1.339429021	6.0766199E-04
1674.437999	1.339397311	6.0936523E-04
1673.955870	1.339364409	6.1101975E-04
1673.473741	1.339332700	6.1260509E-04
1672.991612	1.339299679	6.1410446E-04
1672.509484	1.339267969	6.1550655E-04
1672.027355	1.339234829	6.1680698E-04
1671.545226	1.339203000	6.1800878E-04
1671.063097	1.339169621	6.1912208E-04
1670.580969	1.339137673	6.2016265E-04
1670.098840	1.339103818	6.2114982E-04
1669.616711	1.339071274	6.2210430E-04
1669.134582	1.339037299	6.2304639E-04
1668.652453	1.339004517	6.2399491E-04
1668.170325	1.338969827	6.2496665E-04
1667.688196	1.338936687	6.2597607E-04
1667.206067	1.338901877	6.2703554E-04
1666.723938	1.338868260	6.2815618E-04
1666.241810	1.338833213	6.2934938E-04
1665.759681	1.338799238	6.3062846E-04
1665.277552	1.338763595	6.3200946E-04
1664.795423	1.338729382	6.3351092E-04
1664.313295	1.338693380	6.3515251E-04
1663.831166	1.338658929	6.3695297E-04
1663.349037	1.338622928	6.3892806E-04
1662.866908	1.338588238	6.4108841E-04
1662.384780	1.338551998	6.4343772E-04
1661.902651	1.338517308	6.4597117E-04
1661.420522	1.338481188	6.4867271E-04
1660.938393	1.338446736	6.5150130E-04
1660.456265	1.338411093	6.5439154E-04
1659.974136	1.338376999	6.5725492E-04
1659.492007	1.338341594	6.5998299E-04
1659.009878	1.338308215	6.6245342E-04
1658.527750	1.338273168	6.6454832E-04
1658.045621	1.338239670	6.6621142E-04
1657.563492	1.338204384	6.6744242E-04
1657.081363	1.338170528	6.6826895E-04
1656.599234	1.338134766	6.6875091E-04
1656.117106	1.338099957	6.6897860E-04
1655.634977	1.338063240	6.6902213E-04
1655.152848	1.338027477	6.6893762E-04
1654.670719	1.337989807	6.6879382E-04
1654.188591	1.337953091	6.6866411E-04
1653.706462	1.337914467	6.6862289E-04
1653.224333	1.337876678	6.6873293E-04
1652.742204	1.337837219	6.6904390E-04
1652.260076	1.337798715	6.6958690E-04
1651.777947	1.337758422	6.7037500E-04
1651.295818	1.337719440	6.7140041E-04
1650.813689	1.337678671	6.7264239E-04
1650.331561	1.337639332	6.7407025E-04
1649.849432	1.337597966	6.7565108E-04
1649.367303	1.337558270	6.7735210E-04
1648.885174	1.337516546	6.7914679E-04
1648.403046	1.337476134	6.8101538E-04
1647.920917	1.337433577	6.8294904E-04
1647.438788	1.337392211	6.8532990E-04
1646.956659	1.337348700	6.8819561E-04
1646.474531	1.337306857	6.9159116E-04
1645.992402	1.337262988	6.9556373E-04
1645.510273	1.337221146	7.0015325E-04
1645.028144	1.337177753	7.0500762E-04
1644.546015	1.337135911	7.1011453E-04
1644.063887	1.337092757	7.1544748E-04
1643.581758	1.337051392	7.2096953E-04
1643.099629	1.337008238	7.2663763E-04
1642.617500	1.336967111	7.3240664E-04
1642.135372	1.336924314	7.3823265E-04
1641.653243	1.336883068	7.4413819E-04
1641.171114	1.336840510	7.5003521E-04
1640.688985	1.336799502	7.5588889E-04
1640.206857	1.336756945	7.6167210E-04
1639.724728	1.336715698	7.6737175E-04
1639.242599	1.336673141	7.7292893E-04
1638.760470	1.336631656	7.7841467E-04
1638.278342	1.336588502	7.8386466E-04
1637.796213	1.336546540	7.8932578E-04
1637.314084	1.336502910	7.9485053E-04
1636.831955	1.336460352	8.0048845E-04
1636.349827	1.336416245	8.0628095E-04
1635.867698	1.336373210	8.1226011E-04
1635.385569	1.336328387	8.1845090E-04
1634.903440	1.336285233	8.2486976E-04
1634.421311	1.336240292	8.3152240E-04
1633.939183	1.336196780	8.3816873E-04
1633.457054	1.336151123	8.4530414E-04
1632.974925	1.336107612	8.5263440E-04
1632.492796	1.336061954	8.6011009E-04
1632.010668	1.336018324	8.6771166E-04
1631.528539	1.335972667	8.7543821E-04
1631.046410	1.335928679	8.8328253E-04
1630.564281	1.335882783	8.9124693E-04
1630.082153	1.335838556	8.9937857E-04
1629.600024	1.335792065	9.0776053E-04
1629.117895	1.335747480	9.1646011E-04
1628.635766	1.335700989	9.2548216E-04
1628.153638	1.335656285	9.3479640E-04
1627.671509	1.335609794	9.4438279E-04
1627.189380	1.335565090	9.5424863E-04
1626.707251	1.335518479	9.6439740E-04
1626.225123	1.335473895	9.7480701E-04
1625.742994	1.335427761	9.8545279E-04
1625.260865	1.335383177	9.9634026E-04
1624.778736	1.335337162	1.0074655E-03
1624.296608	1.335292935	1.0187966E-03
1623.814479	1.335247397	1.0302844E-03
1623.332350	1.335203648	1.0419031E-03
1622.850221	1.335158706	1.0536303E-03
1622.368092	1.335115194	1.0654502E-03
1621.885964	1.335070968	1.0772732E-03
1621.403835	1.335028172	1.0890148E-03
1620.921706	1.334984183	1.1006066E-03
1620.439577	1.334941983	1.1120071E-03
1619.957449	1.334898353	1.1231756E-03
1619.475320	1.334856629	1.1341006E-03
1618.993191	1.334812880	1.1447836E-03
1618.511062	1.334771276	1.1552425E-03
1618.028934	1.334727645	1.1655179E-03
1617.546805	1.334685802	1.1756067E-03
1617.064676	1.334642410	1.1854924E-03
1616.582547	1.334600687	1.1951472E-03
1616.100419	1.334557414	1.2045562E-03
1615.618290	1.334515333	1.2136904E-03
1615.136161	1.334472299	1.2225175E-03
1614.654032	1.334430456	1.2309664E-03
1614.171904	1.334386945	1.2389955E-03
1613.689775	1.334344983	1.2465646E-03
1613.207646	1.334301353	1.2536569E-03
1612.725517	1.334258914	1.2602163E-03
1612.243389	1.334214807	1.2662354E-03
1611.761260	1.334171295	1.2717633E-03
1611.279131	1.334125757	1.2768877E-03
1610.797002	1.334081173	1.2816972E-03
1610.314873	1.334034443	1.2863009E-03
1609.832745	1.333988547	1.2907433E-03
1609.350616	1.333940387	1.2951238E-03
1608.868487	1.333893299	1.2994961E-03
1608.386358	1.333843470	1.3039011E-03
1607.904230	1.333795309	1.3083705E-03
1607.422101	1.333744526	1.3129728E-03
1606.939972	1.333694816	1.3177222E-03
1606.457843	1.333642960	1.3226593E-03
1605.975715	1.333592415	1.3277832E-03
1605.493586	1.333539367	1.3331087E-03
1605.011457	1.333487868	1.3386517E-03
1604.529328	1.333433986	1.3444377E-03
1604.047200	1.333381414	1.3504514E-03
1603.565071	1.333326817	1.3566948E-03
1603.082942	1.333273292	1.3631828E-03
1602.600813	1.333217978	1.3699286E-03
1602.118685	1.333163857	1.3769317E-03
1601.636556	1.333107352	1.3841904E-03
1601.154427	1.333052754	1.3916936E-03
1600.672298	1.332995653	1.3994707E-03
1600.190170	1.332939863	1.4075342E-03
1599.708041	1.332882285	1.4158822E-03
1599.225912	1.332826018	1.4245008E-03
1598.743783	1.332767367	1.4333917E-03
1598.261654	1.332710624	1.4425727E-03
1597.779526	1.332651496	1.4520819E-03
1597.297397	1.332593679	1.4618896E-03
1596.815268	1.332534552	1.4719982E-03
1596.333139	1.332476258	1.4824240E-03
1595.851011	1.332415700	1.4931952E-03
1595.368882	1.332357049	1.5043232E-03
1594.886753	1.332296610	1.5157907E-03
1594.404624	1.332237124	1.5275736E-03
1593.922496	1.332176089	1.5397005E-03
1593.440367	1.332116365	1.5521705E-03
1592.958238	1.332054973	1.5649800E-03
1592.476109	1.331995010	1.5780850E-03
1591.993981	1.331933498	1.5914611E-03
1591.511852	1.331872821	1.6051239E-03
1591.029723	1.331811309	1.6190690E-03
1590.547594	1.331750631	1.6332528E-03
1590.065466	1.331688404	1.6476458E-03
1589.583337	1.331627727	1.6622107E-03
1589.101208	1.331565261	1.6769758E-03
1588.619079	1.331504583	1.6919238E-03
1588.136951	1.331441402	1.7070253E-03
1587.654822	1.331380606	1.7222537E-03
1587.172693	1.331317306	1.7376132E-03
1586.690564	1.331255674	1.7531301E-03
1586.208435	1.331192255	1.7687867E-03
1585.726307	1.331130147	1.7845574E-03
1585.244178	1.331066370	1.8004583E-03
1584.762049	1.331004024	1.8165039E-03
1584.279920	1.330939293	1.8327075E-03
1583.797792	1.330876231	1.8490656E-03
1583.315663	1.330811143	1.8655542E-03
1582.833534	1.330748200	1.8822186E-03
1582.351405	1.330682039	1.8990833E-03
1581.869277	1.330618143	1.9161311E-03
1581.387148	1.330552340	1.9333302E-03
1580.905019	1.330487370	1.9506252E-03
1580.422890	1.330421209	1.9680075E-03
1579.940762	1.330355644	1.9855061E-03
1579.458633	1.330288291	2.0031380E-03
1578.976504	1.330221891	2.0209646E-03
1578.494375	1.330153823	2.0390717E-03
1578.012247	1.330085874	2.0575336E-03
1577.530118	1.330016971	2.0764625E-03
1577.047989	1.329948425	2.0959091E-03
1576.565860	1.329878211	2.1158893E-03
1576.083732	1.329809308	2.1364588E-03
1575.601603	1.329738617	2.1576300E-03
1575.119474	1.329669356	2.1794154E-03
1574.637345	1.329598784	2.2017947E-03
1574.155216	1.329529166	2.2246951E-03
1573.673088	1.329458237	2.2480602E-03
1573.190959	1.329389691	2.2718295E-03
1572.708830	1.329319000	2.2959012E-03
1572.226701	1.329250336	2.3201747E-03
1571.744573	1.329180360	2.3445555E-03
1571.262444	1.329111218	2.3690195E-03
1570.780315	1.329041600	2.3935554E-03
1570.298186	1.328972697	2.4181777E-03
1569.816058	1.328902364	2.4428858E-03
1569.333929	1.328833461	2.4676785E-03
1568.851800	1.328763127	2.4925410E-03
1568.369671	1.328694105	2.5173617E-03
1567.887543	1.328623772	2.5423639E-03
1567.405414	1.328553915	2.5673611E-03
1566.923285	1.328483582	2.5923667E-03
1566.441156	1.328413606	2.6174691E-03
1565.959028	1.328342319	2.6425668E-03
1565.476899	1.328272462	2.6676639E-03
1564.994770	1.328200817	2.6927702E-03
1564.512641	1.328130841	2.7179646E-03
1564.030513	1.328058124	2.7430572E-03
1563.548384	1.327987909	2.7681636E-03
1563.066255	1.327915072	2.7933572E-03
1562.584126	1.327843785	2.8184587E-03
1562.101997	1.327770710	2.8436522E-03
1561.619869	1.327699065	2.8687615E-03
1561.137740	1.327625871	2.8940625E-03
1560.655611	1.327553391	2.9192348E-03
1560.173482	1.327480555	2.9440946E-03
1559.691354	1.327408433	2.9684913E-03
1559.209225	1.327334523	2.9918104E-03
1558.727096	1.327261209	3.0147610E-03
1558.244967	1.327185631	3.0373204E-03
1557.762839	1.327111125	3.0595651E-03
1557.280710	1.327032804	3.0813557E-03
1556.798581	1.326956272	3.1033624E-03
1556.316452	1.326876163	3.1253682E-03
1555.834324	1.326796889	3.1474684E-03
1555.352195	1.326714993	3.1695934E-03
1554.870066	1.326633334	3.1921484E-03
1554.387937	1.326548934	3.2153632E-03
1553.905809	1.326465726	3.2397432E-03
1553.423680	1.326379895	3.2644942E-03
1552.941551	1.326294899	3.2897501E-03
1552.459422	1.326209307	3.3155079E-03
1551.977294	1.326123595	3.3417358E-03
1551.495165	1.326036930	3.3680382E-03
1551.013036	1.325949907	3.3943357E-03
1550.530907	1.325862646	3.4206328E-03
1550.048778	1.325774431	3.4469380E-03
1549.566650	1.325685620	3.4733396E-03
1549.084521	1.325596333	3.4997454E-03
1548.602392	1.325505018	3.5262390E-03
1548.120263	1.325414419	3.5526471E-03
1547.638135	1.325321555	3.5792531E-03
1547.156006	1.325228214	3.6058582E-03
1546.673877	1.325133562	3.6325599E-03
1546.191748	1.325038433	3.6592649E-03
1545.709620	1.324939847	3.6860667E-03
1545.227491	1.324844003	3.7128718E-03
1544.745362	1.324741244	3.7397731E-03
1544.263233	1.324641109	3.7666697E-03
1543.781105	1.324535012	3.7937763E-03
1543.298976	1.324428558	3.8224380E-03
1542.816847	1.324313998	3.8524941E-03
1542.334718	1.324204206	3.8955851E-03
1541.852590	1.324099779	3.9299390E-03
1541.370461	1.323988795	3.9658805E-03
1540.888332	1.323878407	4.0034663E-03
1540.406203	1.323766351	4.0427256E-03
1539.924075	1.323652864	4.0835852E-03
1539.441946	1.323540330	4.1259838E-03
1538.959817	1.323426127	4.1698580E-03
1538.477688	1.323312283	4.2151111E-03
1537.995559	1.323197961	4.2616114E-03
1537.513431	1.323084354	4.3092352E-03
1537.031302	1.322968602	4.3578543E-03
1536.549173	1.322855234	4.4073784E-03
1536.067044	1.322739363	4.4577132E-03
1535.584916	1.322625637	4.5087434E-03
1535.102787	1.322509766	4.5603876E-03
1534.620658	1.322394133	4.6126707E-03
1534.138529	1.322278380	4.6654958E-03
1533.656401	1.322160482	4.7189657E-03
1533.174272	1.322044134	4.7730045E-03
1532.692143	1.321924925	4.8276787E-03
1532.210014	1.321807146	4.8831226E-03
1531.727886	1.321687222	4.9393447E-03
1531.245757	1.321566820	4.9962463E-03
1530.763628	1.321446419	5.0538414E-03
1530.281499	1.321322918	5.1122642E-03
1529.799371	1.321201444	5.1715830E-03
1529.317242	1.321076632	5.2316702E-03
1528.835113	1.320953727	5.2923931E-03
1528.352984	1.320827365	5.3538733E-03
1527.870856	1.320700884	5.4165201E-03
1527.388727	1.320573330	5.4803310E-03
1526.906598	1.320445895	5.5451770E-03
1526.424469	1.320315599	5.6107535E-03
1525.942340	1.320187092	5.6769650E-03
1525.460212	1.320055485	5.7439710E-03
1524.978083	1.319923043	5.8119108E-03
1524.495954	1.319789767	5.8807209E-03
1524.013825	1.319654942	5.9503961E-03
1523.531697	1.319519401	6.0212751E-03
1523.049568	1.319379807	6.0937355E-03
1522.567439	1.319242835	6.1677264E-03
1522.085310	1.319101691	6.2427666E-03
1521.603182	1.318962932	6.3184770E-03
1521.121053	1.318820238	6.3949875E-03
1520.638924	1.318674684	6.4727023E-03
1520.156795	1.318528891	6.5518415E-03
1519.674667	1.318382621	6.6323841E-03
1519.192538	1.318230748	6.7144222E-03
1518.710409	1.318081617	6.7981759E-03
1518.228280	1.317926884	6.8836717E-03
1517.746152	1.317773104	6.9705459E-03
1517.264023	1.317615271	7.0584092E-03
1516.781894	1.317457676	7.1473404E-03
1516.299765	1.317291260	7.2377729E-03
1515.817637	1.317128062	7.3299777E-03
1515.335508	1.316952467	7.4239104E-03
1514.853379	1.316779375	7.5194158E-03
1514.371250	1.316579342	7.6197252E-03
1513.889121	1.316384673	7.7571957E-03
1513.406993	1.316208005	7.8948405E-03
1512.924864	1.316035271	8.0340360E-03
1512.442735	1.315868378	8.1748745E-03
1511.960606	1.315701127	8.3173227E-03
1511.478478	1.315537453	8.4610106E-03
1510.996349	1.315376043	8.6053709E-03
1510.514220	1.315214872	8.7500967E-03
1510.032091	1.315055251	8.8954993E-03
1509.549963	1.314893842	9.0425954E-03
1509.067834	1.314732432	9.1928226E-03
1508.585705	1.314572811	9.3477623E-03
1508.103576	1.314429879	9.5054246E-03
1507.621448	1.314282417	9.6339390E-03
1507.139319	1.314112663	9.7698828E-03
1506.657190	1.313941717	9.9109984E-03
1506.175061	1.313764930	1.0056697E-02
1505.692933	1.313581109	1.0207154E-02
1505.210804	1.313398004	1.0363135E-02
1504.728675	1.313206911	1.0525488E-02
1504.246546	1.313015699	1.0694934E-02
1503.764418	1.312821746	1.0871592E-02
1503.282289	1.312630177	1.1054787E-02
1502.800160	1.312437773	1.1243078E-02
1502.318031	1.312244296	1.1435228E-02
1501.835902	1.312050462	1.1631125E-02
1501.353774	1.311854124	1.1831914E-02
1500.871645	1.311650872	1.2038705E-02
1500.389516	1.311451554	1.2251910E-02
1499.907387	1.311241508	1.2471806E-02
1499.425259	1.311037064	1.2699676E-02
1498.943130	1.310818315	1.2938032E-02
1498.461001	1.310608864	1.3189078E-02
1497.978872	1.310381413	1.3453545E-02
1497.496744	1.310187697	1.3731505E-02
1497.014615	1.309960246	1.4023575E-02
1496.532486	1.309823513	1.4331161E-02
1496.050357	1.309596181	1.4503087E-02
1495.568229	1.309272885	1.4853861E-02
1495.086100	1.309060454	1.5224401E-02
1494.603971	1.308832169	1.5605560E-02
1494.121842	1.308639884	1.5999083E-02
1493.639714	1.308433533	1.6410003E-02
1493.157585	1.308258653	1.6841251E-02
1492.675456	1.308082938	1.7295547E-02
1492.193327	1.307935596	1.7771948E-02
1491.711199	1.307805777	1.8272162E-02
1491.229070	1.307711601	1.8792173E-02
1490.746941	1.307635665	1.9332610E-02
1490.264812	1.307610154	1.9899029E-02
1489.782683	1.307629585	2.0485351E-02
1489.300555	1.307727933	2.1075457E-02
1488.818426	1.307889938	2.1644274E-02
1488.336297	1.308109879	2.2174003E-02
1487.854168	1.308377743	2.2660121E-02
1487.372040	1.308687568	2.3095207E-02
1486.889911	1.309024930	2.3467090E-02
1486.407782	1.309386730	2.3765208E-02
1485.925653	1.309736848	2.3986854E-02
1485.443525	1.310058594	2.4143647E-02
1484.961396	1.310348868	2.4246572E-02
1484.479267	1.310588241	2.4306797E-02
1483.997138	1.310779095	2.4338858E-02
1483.515010	1.310911655	2.4362782E-02
1483.032881	1.310998321	2.4393765E-02
1482.550752	1.311048508	2.4436971E-02
1482.068623	1.311074495	2.4492491E-02
1481.586495	1.311082721	2.4565421E-02
1481.104366	1.311064720	2.4658384E-02
1480.622237	1.311047792	2.4768714E-02
1480.140108	1.311036229	2.4887009E-02
1479.657980	1.311020017	2.5003949E-02
1479.175851	1.310981750	2.5121056E-02
1478.693722	1.310947657	2.5240336E-02
1478.211593	1.310899138	2.5362253E-02
1477.729464	1.310837030	2.5481068E-02
1477.247336	1.310749173	2.5600664E-02
1476.765207	1.310640574	2.5732555E-02
1476.283078	1.310507536	2.5889073E-02
1475.800949	1.310374022	2.6070200E-02
1475.318821	1.310233951	2.6268637E-02
1474.836692	1.310097456	2.6478935E-02
1474.354563	1.309939265	2.6703555E-02
1473.872434	1.309777379	2.6946578E-02
1473.390306	1.309612274	2.7212001E-02
1472.908177	1.309440255	2.7503833E-02
1472.426048	1.309255719	2.7825981E-02
1471.943919	1.309096098	2.8179798E-02
1471.461791	1.308950424	2.8557761E-02
1470.979662	1.308816314	2.8951105E-02
1470.497533	1.308706045	2.9356137E-02
1470.015404	1.308599949	2.9771352E-02
1469.533276	1.308501601	3.0200601E-02
1469.051147	1.308423400	3.0641755E-02
1468.569018	1.308337212	3.1095019E-02
1468.086889	1.308280468	3.1562626E-02
1467.604761	1.308214903	3.2048240E-02
1467.122632	1.308188915	3.2548290E-02
1466.640503	1.308161139	3.3055823E-02
1466.158374	1.308150530	3.3568747E-02
1465.676245	1.308134198	3.4096900E-02
1465.194117	1.308132768	3.4654032E-02
1464.711988	1.308133364	3.5244856E-02
1464.229859	1.308186769	3.5859991E-02
1463.747730	1.308251262	3.6494862E-02
1463.265602	1.308351755	3.7148695E-02
1462.783473	1.308498859	3.7821401E-02
1462.301344	1.308659911	3.8511012E-02
1461.819215	1.308871746	3.9217807E-02
1461.337087	1.309134126	3.9944738E-02
1460.854958	1.309430003	4.0691491E-02
1460.372829	1.309821367	4.1452933E-02
1459.890700	1.310269117	4.2210039E-02
1459.408572	1.310805440	4.2953044E-02
1458.926443	1.311417222	4.3669958E-02
1458.444314	1.312129498	4.4347510E-02
1457.962185	1.312909245	4.4953160E-02
1457.480057	1.313784122	4.5460902E-02
1456.997928	1.314669251	4.5859706E-02
1456.515799	1.315598130	4.6158914E-02
1456.033670	1.316520095	4.6355855E-02
1455.551542	1.317449808	4.6428993E-02
1455.069413	1.318332076	4.6367042E-02
1454.587284	1.319100380	4.6200410E-02
1454.105155	1.319769740	4.5984622E-02
1453.623026	1.320323825	4.5761790E-02
1453.140898	1.320796132	4.5550089E-02
1452.658769	1.321219206	4.5357011E-02
1452.176640	1.321565390	4.5205846E-02
1451.694511	1.321873903	4.5111220E-02
1451.212383	1.322198749	4.5068070E-02
1450.730254	1.322551847	4.5051761E-02
1450.248125	1.322909117	4.5043320E-02
1449.765996	1.323295712	4.5037288E-02
1449.283868	1.323704362	4.5025915E-02
1448.801739	1.324149132	4.4989385E-02
1448.319610	1.324603677	4.4905860E-02
1447.837481	1.325055838	4.4775888E-02
1447.355353	1.325478315	4.4609726E-02
1446.873224	1.325890303	4.4412207E-02
1446.391095	1.326279163	4.4173043E-02
1445.908966	1.326623321	4.3890715E-02
1445.426838	1.326904535	4.3583460E-02
1444.944709	1.327131510	4.3274939E-02
1444.462580	1.327299833	4.2976841E-02
1443.980451	1.327431440	4.2688008E-02
1443.498322	1.327510595	4.2415217E-02
1443.016194	1.327552676	4.2172574E-02
1442.534065	1.327553391	4.1969284E-02
1442.051936	1.327545166	4.1803468E-02
1441.569807	1.327519894	4.1667365E-02
1441.087679	1.327487826	4.1562662E-02
1440.605550	1.327437878	4.1495159E-02
1440.123421	1.327399135	4.1463155E-02
1439.641292	1.327367306	4.1458558E-02
1439.159164	1.327346563	4.1476343E-02
1438.677035	1.327333808	4.1509897E-02
1438.194906	1.327339411	4.1558836E-02
1437.712777	1.327341676	4.1613527E-02
1437.230649	1.327356815	4.1677814E-02
1436.748520	1.327358246	4.1761354E-02
1436.266391	1.327365160	4.1878261E-02
1435.784262	1.327408671	4.2021792E-02
1435.302134	1.327484012	4.2170443E-02
1434.820005	1.327585101	4.2307302E-02
1434.337876	1.327689528	4.2432681E-02
1433.855747	1.327802658	4.2556949E-02
1433.373619	1.327922463	4.2687189E-02
1432.891490	1.328046799	4.2816896E-02
1432.409361	1.328195214	4.2941514E-02
1431.927232	1.328336835	4.3063395E-02
1431.445103	1.328494787	4.3185290E-02
1430.962975	1.328649759	4.3304876E-02
1430.480846	1.328827858	4.3418270E-02
1429.998717	1.328994393	4.3526184E-02
1429.516588	1.329170823	4.3637652E-02
1429.034460	1.329347730	4.3754742E-02
1428.552331	1.329547524	4.3868009E-02
1428.070202	1.329753160	4.3970007E-02
1427.588073	1.329967856	4.4062451E-02
1427.105945	1.330173254	4.4152297E-02
1426.623816	1.330393791	4.4240832E-02
1426.141687	1.330619693	4.4320915E-02
1425.659558	1.330856919	4.4389978E-02
1425.177430	1.331083179	4.4450421E-02
1424.695301	1.331319809	4.4507001E-02
1424.213172	1.331547618	4.4558428E-02
1423.731043	1.331794858	4.4602770E-02
1423.248915	1.332030296	4.4640288E-02
1422.766786	1.332278013	4.4673886E-02
1422.284657	1.332519412	4.4702184E-02
1421.802528	1.332785010	4.4719897E-02
1421.320400	1.333045363	4.4720229E-02
1420.838271	1.333300591	4.4701573E-02
1420.356142	1.333552718	4.4666417E-02
1419.874013	1.333784580	4.4623047E-02
1419.391884	1.334003568	4.4580534E-02
1418.909756	1.334211469	4.4547353E-02
1418.427627	1.334434509	4.4521492E-02
1417.945498	1.334669709	4.4490397E-02
1417.463369	1.334903121	4.4440571E-02
1416.981241	1.335145235	4.4370171E-02
1416.499112	1.335361362	4.4289667E-02
1416.016983	1.335576177	4.4207417E-02
1415.534854	1.335788250	4.4120699E-02
1415.052726	1.335996628	4.4022579E-02
1414.570597	1.336193085	4.3911830E-02
1414.088468	1.336383462	4.3796558E-02
1413.606339	1.336556435	4.3679249E-02
1413.124211	1.336731672	4.3556538E-02
1412.642082	1.336894751	4.3423783E-02
1412.159953	1.337050319	4.3284476E-02
1411.677824	1.337182045	4.3144576E-02
1411.195696	1.337312579	4.3006461E-02
1410.713567	1.337433577	4.2863999E-02
1410.231438	1.337550044	4.2715613E-02
1409.749309	1.337642193	4.2564679E-02
1409.267181	1.337728143	4.2416867E-02
1408.785052	1.337805510	4.2269759E-02
1408.302923	1.337870717	4.2119537E-02
1407.820794	1.337920308	4.1967675E-02
1407.338665	1.337958574	4.1820165E-02
1406.856537	1.337986708	4.1678470E-02
1406.374408	1.338005185	4.1537345E-02
1405.892279	1.338009715	4.1393261E-02
1405.410150	1.338000298	4.1250877E-02
1404.928022	1.337963462	4.1119978E-02
1404.445893	1.337922573	4.1001946E-02
1403.963764	1.337871552	4.0892534E-02
1403.481635	1.337817430	4.0788081E-02
1402.999507	1.337741852	4.0690806E-02
1402.517378	1.337660551	4.0602662E-02
1402.035249	1.337568521	4.0524442E-02
1401.553120	1.337461829	4.0454198E-02
1401.070992	1.337351799	4.0393088E-02
1400.588863	1.337216496	4.0343102E-02
1400.106734	1.337077618	4.0305194E-02
1399.624605	1.336919785	4.0280514E-02
1399.142477	1.336745262	4.0273294E-02
1398.660348	1.336560845	4.0289473E-02
1398.178219	1.336369514	4.0331449E-02
1397.696090	1.336175203	4.0392924E-02
1397.213962	1.335974455	4.0469304E-02
1396.731833	1.335769653	4.0563017E-02
1396.249704	1.335545301	4.0679012E-02
1395.767575	1.335317969	4.0819172E-02
1395.285446	1.335080385	4.0985528E-02
1394.803318	1.334828377	4.1181460E-02
1394.321189	1.334574699	4.1415941E-02
1393.839060	1.334321737	4.1692309E-02
1393.356931	1.334067583	4.2005215E-02
1392.874803	1.333835959	4.2349968E-02
1392.392674	1.333594441	4.2728096E-02
1391.910545	1.333363652	4.3146946E-02
1391.428416	1.333127499	4.3615162E-02
1390.946288	1.332923293	4.4133395E-02
1390.464159	1.332728624	4.4701774E-02
1389.982030	1.332556605	4.5323353E-02
1389.499901	1.332423806	4.6000004E-02
1389.017773	1.332325697	4.6731520E-02
1388.535644	1.332270026	4.7516190E-02
1388.053515	1.332267404	4.8359551E-02
1387.571386	1.332313776	4.9271405E-02
1387.089258	1.332450867	5.0252691E-02
1386.607129	1.332693577	5.1289555E-02
1386.125000	1.333051324	5.2362934E-02
1385.642871	1.333532214	5.3457223E-02
1385.160743	1.334149480	5.4561209E-02
1384.678614	1.334911585	5.5655204E-02
1384.196485	1.335819006	5.6711800E-02
1383.714356	1.336870670	5.7702210E-02
1383.232227	1.338054180	5.8604360E-02
1382.750099	1.339354038	5.9408285E-02
1382.267970	1.340758085	6.0095765E-02
1381.785841	1.342254281	6.0649864E-02
1381.303712	1.343831539	6.1054975E-02
1380.821584	1.345445275	6.1302487E-02
1380.339455	1.347093821	6.1386701E-02
1379.857326	1.348738313	6.1306149E-02
1379.375197	1.350365281	6.1067339E-02
1378.893069	1.351930618	6.0681861E-02
1378.410940	1.353436351	6.0169052E-02
1377.928811	1.354866862	5.9548784E-02
1377.446682	1.356212854	5.8838047E-02
1376.964554	1.357483387	5.8054000E-02
1376.482425	1.358683109	5.7198934E-02
1376.000296	1.359803796	5.6290884E-02
1375.518167	1.360858202	5.5335932E-02
1375.036039	1.361850977	5.4330792E-02
1374.553910	1.362792969	5.3273432E-02
1374.071781	1.363659382	5.2161090E-02
1373.589652	1.364468098	5.0995681E-02
1373.107524	1.365203261	4.9774043E-02
1372.625395	1.365870595	4.8493031E-02
1372.143266	1.366435170	4.7148272E-02
1371.661137	1.366897345	4.5749441E-02
1371.179008	1.367232084	4.4309914E-02
1370.696880	1.367440462	4.2847917E-02
1370.214751	1.367499709	4.1382507E-02
1369.732622	1.367426515	3.9933983E-02
1369.250493	1.367201924	3.8527314E-02
1368.768365	1.366863966	3.7183333E-02
1368.286236	1.366400361	3.5921454E-02
1367.804107	1.365851879	3.4750298E-02
1367.321978	1.365211248	3.3678733E-02
1366.839850	1.364523172	3.2712404E-02
1366.357721	1.363779902	3.1852119E-02
1365.875592	1.363009214	3.1097421E-02
1365.393463	1.362227201	3.0440295E-02
1364.911335	1.361436367	2.9877871E-02
1364.429206	1.360648870	2.9406011E-02
1363.947077	1.359873772	2.9018652E-02
1363.464948	1.359116912	2.8709739E-02
1362.982820	1.358390450	2.8472453E-02
1362.500691	1.357692599	2.8303595E-02
1362.018562	1.357043386	2.8192872E-02
1361.536433	1.356430292	2.8129248E-02
1361.054305	1.355871081	2.8101862E-02
1360.572176	1.355343819	2.8103022E-02
1360.090047	1.354870796	2.8128725E-02
1359.607918	1.354431987	2.8171772E-02
1359.125789	1.354035258	2.8223075E-02
1358.643661	1.353675365	2.8274026E-02
1358.161532	1.353340387	2.8323943E-02
1357.679403	1.353025198	2.8372821E-02
1357.197274	1.352735758	2.8419571E-02
1356.715146	1.352454782	2.8462142E-02
1356.233017	1.352190137	2.8498884E-02
1355.750888	1.351927757	2.8534936E-02
1355.268759	1.351670623	2.8573133E-02
1354.786631	1.351421237	2.8614413E-02
1354.304502	1.351177931	2.8659709E-02
1353.822373	1.350928187	2.8709248E-02
1353.340244	1.350694060	2.8767951E-02
1352.858116	1.350455403	2.8835656E-02
1352.375987	1.350231409	2.8912313E-02
1351.893858	1.350005627	2.8996922E-02
1351.411729	1.349791288	2.9089725E-02
1350.929601	1.349578977	2.9194616E-02
1350.447472	1.349382043	2.9310385E-02
1349.965343	1.349193096	2.9434981E-02
1349.483214	1.349014759	2.9566601E-02
1349.001086	1.348843336	2.9707391E-02
1348.518957	1.348685026	2.9859060E-02
1348.036828	1.348538160	3.0017503E-02
1347.554699	1.348409534	3.0180877E-02
1347.072570	1.348288178	3.0349249E-02
1346.590442	1.348186374	3.0522626E-02
1346.108313	1.348087430	3.0700957E-02
1345.626184	1.348011851	3.0883158E-02
1345.144055	1.347937584	3.1067343E-02
1344.661927	1.347890258	3.1254515E-02
1344.179798	1.347844958	3.1443615E-02
1343.697669	1.347823501	3.1633586E-02
1343.215540	1.347805023	3.1822544E-02
1342.733412	1.347807646	3.2011386E-02
1342.251283	1.347818017	3.2197237E-02
1341.769154	1.347847819	3.2382015E-02
1341.287025	1.347881079	3.2562688E-02
1340.804897	1.347931385	3.2739412E-02
1340.322768	1.347987533	3.2913163E-02
1339.840639	1.348060846	3.3083968E-02
1339.358510	1.348135710	3.3252720E-02
1338.876382	1.348230243	3.3417311E-02
1338.394253	1.348333359	3.3575840E-02
1337.912124	1.348446846	3.3728372E-02
1337.429995	1.348567605	3.3874858E-02
1336.947867	1.348704815	3.4014367E-02
1336.465738	1.348839998	3.4147769E-02
1335.983609	1.348998904	3.4272160E-02
1335.501480	1.349154234	3.4389630E-02
1335.019351	1.349319696	3.4499962E-02
1334.537223	1.349496961	3.4600243E-02
1334.055094	1.349679470	3.4691513E-02
1333.572965	1.349864841	3.4772795E-02
1333.090836	1.350062728	3.4845114E-02
1332.608708	1.350255370	3.4908440E-02
1332.126579	1.350461125	3.4962669E-02
1331.644450	1.350667834	3.5005931E-02
1331.162321	1.350878000	3.5040211E-02
1330.680193	1.351088524	3.5064511E-02
1330.198064	1.351307869	3.5079707E-02
1329.715935	1.351527214	3.5082899E-02
1329.233806	1.351746559	3.5076153E-02
1328.751678	1.351963878	3.5059460E-02
1328.269549	1.352186561	3.5033748E-02
1327.787420	1.352406979	3.4998052E-02
1327.305291	1.352626204	3.4953345E-02
1326.823163	1.352843881	3.4898695E-02
1326.341034	1.353056908	3.4836114E-02
1325.858905	1.353274107	3.4765486E-02
1325.376776	1.353487611	3.4685828E-02
1324.894648	1.353697538	3.4597218E-02
1324.412519	1.353902459	3.4500629E-02
1323.930390	1.354107261	3.4396183E-02
1323.448261	1.354309201	3.4286697E-02
1322.966132	1.354498267	3.4169205E-02
1322.484004	1.354697704	3.4045775E-02
1322.001875	1.354881048	3.3916395E-02
1321.519746	1.355071187	3.3781957E-02
1321.037617	1.355245471	3.3640545E-02
1320.555489	1.355430007	3.3494145E-02
1320.073360	1.355599880	3.3341847E-02
1319.591231	1.355765224	3.3186603E-02
1319.109102	1.355932117	3.3027329E-02
1318.626974	1.356094241	3.2864012E-02
1318.144845	1.356252670	3.2695707E-02
1317.662716	1.356405616	3.2523431E-02
1317.180587	1.356560111	3.2347161E-02
1316.698459	1.356710792	3.2166805E-02
1316.216330	1.356857896	3.1980474E-02
1315.734201	1.357001662	3.1790163E-02
1315.252072	1.357141137	3.1594787E-02
1314.769944	1.357283473	3.1393331E-02
1314.287815	1.357419372	3.1184893E-02
1313.805686	1.357552290	3.0970397E-02
1313.323557	1.357677460	3.0747974E-02
1312.841429	1.357802629	3.0520510E-02
1312.359300	1.357920647	3.0285047E-02
1311.877171	1.358032227	3.0043555E-02
1311.395042	1.358136892	2.9794090E-02
1310.912913	1.358230829	2.9538730E-02
1310.430785	1.358321667	2.9278355E-02
1309.948656	1.358402371	2.9011997E-02
1309.466527	1.358473778	2.8740620E-02
1308.984398	1.358534098	2.8463341E-02
1308.502270	1.358586550	2.8183155E-02
1308.020141	1.358630538	2.7899969E-02
1307.538012	1.358655334	2.7613781E-02
1307.055883	1.358682752	2.7324632E-02
1306.573755	1.358687282	2.7033601E-02
1306.091626	1.358690023	2.6742583E-02
1305.609497	1.358671546	2.6450578E-02
1305.127368	1.358654261	2.6158646E-02
1304.645240	1.358617425	2.5867695E-02
1304.163111	1.358570814	2.5576845E-02
1303.680982	1.358514667	2.5288995E-02
1303.198853	1.358448744	2.5002169E-02
1302.716725	1.358366966	2.4718398E-02
1302.234596	1.358281493	2.4437707E-02
1301.752467	1.358174562	2.4162123E-02
1301.270338	1.358066201	2.3892477E-02
1300.788210	1.357943535	2.3626857E-02
1300.306081	1.357811809	2.3367290E-02
1299.823952	1.357670784	2.3113808E-02
1299.341823	1.357523322	2.2868302E-02
1298.859694	1.357359052	2.2628771E-02
1298.377566	1.357197404	2.2396309E-02
1297.895437	1.357017875	2.2171918E-02
1297.413308	1.356833458	2.1956513E-02
1296.931179	1.356642365	2.1749118E-02
1296.449051	1.356444955	2.1550749E-02
1295.966922	1.356237173	2.1361377E-02
1295.484793	1.356029510	2.1181047E-02
1295.002664	1.355806947	2.1010699E-02
1294.520536	1.355585694	2.0849405E-02
1294.038407	1.355352402	2.0699125E-02
1293.556278	1.355121851	2.0558847E-02
1293.074149	1.354875565	2.0429688E-02
1292.592021	1.354633093	2.0313459E-02
1292.109892	1.354382873	2.0207178E-02
1291.627763	1.354128718	2.0112002E-02
1291.145634	1.353871226	2.0029884E-02
1290.663506	1.353607297	1.9960800E-02
1290.181377	1.353340983	1.9905744E-02
1289.699248	1.353073955	1.9864684E-02
1289.217119	1.352799892	1.9837655E-02
1288.734991	1.352528572	1.9825775E-02
1288.252862	1.352250814	1.9831935E-02
1287.770733	1.351975918	1.9855140E-02
1287.288604	1.351697326	1.9897400E-02
1286.806475	1.351422787	1.9958694E-02
1286.324347	1.351149917	2.0040048E-02
1285.842218	1.350882888	2.0142511E-02
1285.360089	1.350618124	2.0267939E-02
1284.877960	1.350364089	2.0414464E-02
1284.395832	1.350112438	2.0586098E-02
1283.913703	1.349880576	2.0782767E-02
1283.431574	1.349657178	2.1005459E-02
1282.949445	1.349456906	2.1254109E-02
1282.467317	1.349271297	2.1527804E-02
1281.985188	1.349118829	2.1828443E-02
1281.503059	1.348991632	2.2152916E-02
1281.020930	1.348902583	2.2499260E-02
1280.538802	1.348846555	2.2865394E-02
1280.056673	1.348843098	2.3247268E-02
1279.574544	1.348876357	2.3640808E-02
1279.092415	1.348970413	2.4039960E-02
1278.610287	1.349112034	2.4438608E-02
1278.128158	1.349319816	2.4827791E-02
1277.646029	1.349573374	2.5201403E-02
1277.163900	1.349895000	2.5548380E-02
1276.681772	1.350264430	2.5859781E-02
1276.199643	1.350687504	2.6126601E-02
1275.717514	1.351154089	2.6339999E-02
1275.235385	1.351653457	2.6495006E-02
1274.753256	1.352180481	2.6584715E-02
1274.271128	1.352725983	2.6606312E-02
1273.788999	1.353270650	2.6558891E-02
1273.306870	1.353819609	2.6442586E-02
1272.824741	1.354346275	2.6260518E-02
1272.342613	1.354855299	2.6016746E-02
1271.860484	1.355324149	2.5716454E-02
1271.378355	1.355767012	2.5368590E-02
1270.896226	1.356154561	2.4978204E-02
1270.414098	1.356508732	2.4554282E-02
1269.931969	1.356807828	2.4102822E-02
1269.449840	1.357064962	2.3631802E-02
1268.967711	1.357272148	2.3147127E-02
1268.485583	1.357441545	2.2653807E-02
1268.003454	1.357552052	2.2157835E-02
1267.521325	1.357640743	2.1664066E-02
1267.039196	1.357674241	2.1174496E-02
1266.557068	1.357686877	2.0693183E-02
1266.074939	1.357650638	2.0223934E-02
1265.592810	1.357601285	1.9765804E-02
1265.110681	1.357508421	1.9322779E-02
1264.628552	1.357409358	1.8894792E-02
1264.146424	1.357271194	1.8482754E-02
1263.664295	1.357131958	1.8084694E-02
1263.182166	1.356951118	1.7701661E-02
1262.700037	1.356775999	1.7333625E-02
1262.217909	1.356550932	1.6980587E-02
1261.735780	1.356345534	1.6642159E-02
1261.253651	1.356012702	1.6323669E-02
1260.771522	1.355776668	1.6188275E-02
1260.289394	1.355625510	1.5924564E-02
1259.807265	1.355384827	1.5683688E-02
1259.325136	1.355174184	1.5459718E-02
1258.843007	1.354936600	1.5251683E-02
1258.360879	1.354715466	1.5058637E-02
1257.878750	1.354489207	1.4880218E-02
1257.396621	1.354272842	1.4706746E-02
1256.914492	1.354049087	1.4544365E-02
1256.432364	1.353834748	1.4390891E-02
1255.950235	1.353617787	1.4245425E-02
1255.468106	1.353403449	1.4108949E-02
1254.985977	1.353194118	1.3980448E-02
1254.503849	1.352983475	1.3859911E-02
1254.021720	1.352780581	1.3746308E-02
1253.539591	1.352578282	1.3638715E-02
1253.057462	1.352380872	1.3538112E-02
1252.575333	1.352188587	1.3443491E-02
1252.093205	1.352002025	1.3354655E-02
1251.611076	1.351821899	1.3265734E-02
1251.128947	1.351646066	1.3178791E-02
1250.646818	1.351473451	1.3091870E-02
1250.164690	1.351302147	1.3006928E-02
1249.682561	1.351132989	1.2921970E-02
1249.200432	1.350967646	1.2838000E-02
1248.718303	1.350798368	1.2754078E-02
1248.236175	1.350636125	1.2672126E-02
1247.754046	1.350465298	1.2590371E-02
1247.271917	1.350300193	1.2515672E-02
1246.789788	1.350138187	1.2443622E-02
1246.307660	1.349981666	1.2367453E-02
1245.825531	1.349821210	1.2289436E-02
1245.343402	1.349660277	1.2212602E-02
1244.861273	1.349493742	1.2139804E-02
1244.379145	1.349329948	1.2070123E-02
1243.897016	1.349161506	1.2007404E-02
1243.414887	1.349003077	1.1947652E-02
1242.932758	1.348841071	1.1892923E-02
1242.450630	1.348690510	1.1842043E-02
1241.968501	1.348543286	1.1790782E-02
1241.486372	1.348404884	1.1731441E-02
1241.004243	1.348258018	1.1668445E-02
1240.522114	1.348114252	1.1608562E-02
1240.039986	1.347966433	1.1549556E-02
1239.557857	1.347826481	1.1489605E-02
1239.075728	1.347678304	1.1431627E-02
1238.593599	1.347540259	1.1372608E-02
1238.111471	1.347395778	1.1313583E-02
1237.629342	1.347257614	1.1253499E-02
1237.147213	1.347115755	1.1191413E-02
1236.665084	1.346972346	1.1128525E-02
1236.182956	1.346827745	1.1069662E-02
1235.700827	1.346684098	1.1011762E-02
1235.218698	1.346541762	1.0955753E-02
1234.736569	1.346404195	1.0897677E-02
1234.254441	1.346262813	1.0838592E-02
1233.772312	1.346126199	1.0777548E-02
1233.290183	1.345984101	1.0716518E-02
1232.808054	1.345844984	1.0654531E-02
1232.325926	1.345700860	1.0593562E-02
1231.843797	1.345560431	1.0532570E-02
1231.361668	1.345417500	1.0471546E-02
1230.879539	1.345279455	1.0409461E-02
1230.397411	1.345132709	1.0345416E-02
1229.915282	1.344992995	1.0281422E-02
1229.433153	1.344844460	1.0217428E-02
1228.951024	1.344701290	1.0153434E-02
1228.468895	1.344552159	1.0089438E-02
1227.986767	1.344406128	1.0025461E-02
1227.504638	1.344254375	9.9619664E-03
1227.022509	1.344107866	9.8980619E-03
1226.540380	1.343954921	9.8341741E-03
1226.058252	1.343805552	9.7704818E-03
1225.576123	1.343650460	9.7066909E-03
1225.093994	1.343498230	9.6430983E-03
1224.611865	1.343341947	9.5794052E-03
1224.129737	1.343188405	9.5158163E-03
1223.647608	1.343029022	9.4523272E-03
1223.165479	1.342872620	9.3889358E-03
1222.683350	1.342711568	9.3255434E-03
1222.201222	1.342554212	9.2622582E-03
1221.719093	1.342387795	9.1991685E-03
1221.236964	1.342229366	9.1360798E-03
1220.754835	1.342061162	9.0731904E-03
1220.272707	1.341898918	9.0103028E-03
1219.790578	1.341729045	8.9476155E-03
1219.308449	1.341563344	8.8850297E-03
1218.826320	1.341389775	8.8226423E-03
1218.344192	1.341222525	8.7603536E-03
1217.862063	1.341045141	8.6981701E-03
1217.379934	1.340873957	8.6362865E-03
1216.897805	1.340693951	8.5744979E-03
1216.415676	1.340520263	8.5128117E-03
1215.933548	1.340335727	8.4513240E-03
1215.451419	1.340157628	8.3899414E-03
1214.969290	1.339969754	8.3288560E-03
1214.487161	1.339788318	8.2678674E-03
1214.005033	1.339595199	8.2069803E-03
1213.522904	1.339408159	8.1462972E-03
1213.040775	1.339210629	8.0858106E-03
1212.558646	1.339016914	8.0254264E-03
1212.076518	1.338811040	7.9653338E-03
1211.594389	1.338607073	7.9058716E-03
1211.112260	1.338386536	7.8573162E-03
1210.630131	1.338183880	7.8114844E-03
1210.148003	1.337964177	7.7689807E-03
1209.665874	1.337767720	7.7283927E-03
1209.183745	1.337543130	7.6653054E-03
1208.701616	1.337309361	7.6382402E-03
1208.219488	1.337089300	7.6139378E-03
1207.737359	1.336873531	7.5931586E-03
1207.255230	1.336661458	7.5699729E-03
1206.773101	1.336451888	7.5456076E-03
1206.290973	1.336234450	7.5201783E-03
1205.808844	1.336022496	7.4980888E-03
1205.326715	1.335803509	7.4771922E-03
1204.844586	1.335590839	7.4587534E-03
1204.362457	1.335372448	7.4405530E-03
1203.880329	1.335158587	7.4255415E-03
1203.398200	1.334940434	7.4109915E-03
1202.916071	1.334729791	7.3975683E-03
1202.433942	1.334511161	7.3824772E-03
1201.951814	1.334298015	7.3690182E-03
1201.469685	1.334077477	7.3557887E-03
1200.987556	1.333863616	7.3447227E-03
1200.505427	1.333641291	7.3331725E-03
1200.023299	1.333425164	7.3237298E-03
1199.541170	1.333201528	7.3147132E-03
1199.059041	1.332985401	7.3081343E-03
1198.576912	1.332761407	7.3003364E-03
1198.094784	1.332543135	7.2935633E-03
1197.612655	1.332316279	7.2871866E-03
1197.130526	1.332094431	7.2849034E-03
1196.648397	1.331867456	7.2834636E-03
1196.166269	1.331649184	7.2832215E-03
1195.684140	1.331424356	7.2804810E-03
1195.202011	1.331204295	7.2782543E-03
1194.719882	1.330976248	7.2747665E-03
1194.237754	1.330754519	7.2726593E-03
1193.755625	1.330523133	7.2692768E-03
1193.273496	1.330297828	7.2674938E-03
1192.791367	1.330064058	7.2651245E-03
1192.309238	1.329837203	7.2642067E-03
1191.827110	1.329600453	7.2614881E-03
1191.344981	1.329369426	7.2594709E-03
1190.862852	1.329128742	7.2563980E-03
1190.380723	1.328891754	7.2551160E-03
1189.898595	1.328645229	7.2531505E-03
1189.416466	1.328403234	7.2529945E-03
1188.934337	1.328150749	7.2531947E-03
1188.452208	1.327902436	7.2567747E-03
1187.970080	1.327644706	7.2606313E-03
1187.487951	1.327393174	7.2662430E-03
1187.005822	1.327129602	7.2709825E-03
1186.523693	1.326869488	7.2779115E-03
1186.041565	1.326589108	7.2856159E-03
1185.559436	1.326315284	7.3152939E-03
1185.077307	1.326045275	7.3446189E-03
1184.595178	1.325780392	7.3749684E-03
1184.113050	1.325511098	7.4065402E-03
1183.630921	1.325245738	7.4400264E-03
1183.148792	1.324976206	7.4754367E-03
1182.666663	1.324711919	7.5136661E-03
1182.184535	1.324440598	7.5546843E-03
1181.702406	1.324181557	7.5979210E-03
1181.220277	1.323916793	7.6406468E-03
1180.738148	1.323663116	7.6807793E-03
1180.256019	1.323399901	7.7165947E-03
1179.773891	1.323144555	7.7489377E-03
1179.291762	1.322876096	7.7782283E-03
1178.809633	1.322609901	7.8059598E-03
1178.327504	1.322332263	7.8325504E-03
1177.845376	1.322055340	7.8600068E-03
1177.363247	1.321765184	7.8892196E-03
1176.881118	1.321477771	7.9215262E-03
1176.398989	1.321179509	7.9556070E-03
1175.916861	1.320885301	7.9914611E-03
1175.434732	1.320575714	8.0281170E-03
1174.952603	1.320269346	8.0664540E-03
1174.470474	1.319934487	8.1068454E-03
1173.988346	1.319604397	8.1770737E-03
1173.506217	1.319278598	8.2515525E-03
1173.024088	1.318959117	8.3333785E-03
1172.541959	1.318637848	8.4184362E-03
1172.059831	1.318326592	8.5070673E-03
1171.577702	1.318009853	8.5944086E-03
1171.095573	1.317696333	8.6849434E-03
1170.613444	1.317374349	8.7790051E-03
1170.131316	1.317058563	8.8810185E-03
1169.649187	1.316741467	8.9853182E-03
1169.167058	1.316431999	9.0918131E-03
1168.684929	1.316115141	9.1968765E-03
1168.202800	1.315801024	9.3062287E-03
1167.720672	1.315480232	9.4189560E-03
1167.238543	1.315165997	9.5385527E-03
1166.756414	1.314843416	9.6610226E-03
1166.274285	1.314532876	9.7884629E-03
1165.792157	1.314212561	9.9181198E-03
1165.310028	1.313902020	1.0053013E-02
1164.827899	1.313581467	1.0192256E-02
1164.345770	1.313275456	1.0338453E-02
1163.863642	1.312962890	1.0487647E-02
1163.381513	1.312661648	1.0642751E-02
1162.899384	1.312361240	1.0797786E-02
1162.417255	1.312069535	1.0954833E-02
1161.935127	1.311773777	1.1112912E-02
1161.452998	1.311491489	1.1273955E-02
1160.970869	1.311203718	1.1434990E-02
1160.488740	1.310930014	1.1597990E-02
1160.006612	1.310654759	1.1759959E-02
1159.524483	1.310391426	1.1921878E-02
1159.042354	1.310131788	1.2080669E-02
1158.560225	1.309882641	1.2233327E-02
1158.078097	1.309631586	1.2376979E-02
1157.595968	1.309392333	1.2513596E-02
1157.113839	1.309141278	1.2640301E-02
1156.631710	1.308896184	1.2763003E-02
1156.149581	1.308645129	1.2876706E-02
1155.667453	1.308397412	1.2985416E-02
1155.185324	1.308139443	1.3086119E-02
1154.703195	1.307888508	1.3180765E-02
1154.221066	1.307621241	1.3265406E-02
1153.738938	1.307356477	1.3343100E-02
1153.256809	1.307071447	1.3413962E-02
1152.774680	1.306786895	1.3484907E-02
1152.292551	1.306482792	1.3553890E-02
1151.810423	1.306183338	1.3623789E-02
1151.328294	1.305869341	1.3688644E-02
1150.846165	1.305553555	1.3751529E-02
1150.364036	1.305218816	1.3811515E-02
1149.881908	1.304884076	1.3873520E-02
1149.399779	1.304530501	1.3934610E-02
1148.917650	1.304174423	1.4000715E-02
1148.435521	1.303801537	1.4067886E-02
1147.953393	1.303429842	1.4142076E-02
1147.471264	1.303045511	1.4219216E-02
1146.989135	1.302663803	1.4300261E-02
1146.507006	1.302270770	1.4380236E-02
1146.024878	1.301876783	1.4460204E-02
1145.542749	1.301468611	1.4539242E-02
1145.060620	1.301056147	1.4621395E-02
1144.578491	1.300625086	1.4708701E-02
1144.096362	1.300196052	1.4805962E-02
1143.614234	1.299756289	1.4907097E-02
1143.132105	1.299325585	1.5011079E-02
1142.649976	1.298882842	1.5111951E-02
1142.167847	1.298441648	1.5209775E-02
1141.685719	1.297978997	1.5302742E-02
1141.203590	1.297514200	1.5398782E-02
1140.721461	1.297026873	1.5494923E-02
1140.239332	1.296533227	1.5598165E-02
1139.757204	1.296018124	1.5707478E-02
1139.275075	1.295505047	1.5826775E-02
1138.792946	1.294969797	1.5952040E-02
1138.310817	1.294438004	1.6085293E-02
1137.828689	1.293884516	1.6224643E-02
1137.346560	1.293335676	1.6375966E-02
1136.864431	1.292765379	1.6533313E-02
1136.382302	1.292200327	1.6702633E-02
1135.900174	1.291619301	1.6877998E-02
1135.418045	1.291040540	1.7066335E-02
1134.935916	1.290449977	1.7260592E-02
1134.453787	1.289867163	1.7462755E-02
1133.971659	1.289270163	1.7666915E-02
1133.489530	1.288674116	1.7878097E-02
1133.007401	1.288060188	1.8093398E-02
1132.525272	1.287451625	1.8320667E-02
1132.043143	1.286830187	1.8551899E-02
1131.561015	1.286210299	1.8792173E-02
1131.078886	1.285577774	1.9039543E-02
1130.596757	1.284952760	1.9299770E-02
1130.114628	1.284330964	1.9560693E-02
1129.632500	1.283721924	1.9817216E-02
1129.150371	1.283102989	2.0054607E-02
1128.668242	1.282475710	2.0279134E-02
1128.186113	1.281817436	2.0492969E-02
1127.703985	1.281147718	2.0708941E-02
1127.221856	1.280450344	2.0922948E-02
1126.739727	1.279737115	2.1139994E-02
1126.257598	1.279000044	2.1358132E-02
1125.775470	1.278241515	2.1583309E-02
1125.293341	1.277460575	2.1812476E-02
1124.811212	1.276665807	2.2047572E-02
1124.329083	1.275837898	2.2283727E-02
1123.846955	1.274998307	2.2527913E-02
1123.364826	1.274115324	2.2776173E-02
1122.882697	1.273226142	2.3035448E-02
1122.400568	1.272286415	2.3300758E-02
1121.918440	1.271337628	2.3578104E-02
1121.436311	1.270340443	2.3864515E-02
1120.954182	1.269324183	2.4165984E-02
1120.472053	1.268263102	2.4480477E-02
1119.989924	1.267181277	2.4811011E-02
1119.507796	1.266042352	2.5157739E-02
1119.025667	1.264880180	2.5530584E-02
1118.543538	1.263660908	2.5927512E-02
1118.061409	1.262425661	2.6354432E-02
1117.579281	1.261135101	2.6806401E-02
1117.097152	1.259810805	2.7290454E-02
1116.615023	1.258440256	2.7805643E-02
1116.132894	1.257033348	2.8359873E-02
1115.650766	1.255571842	2.8949225E-02
1115.168637	1.254078746	2.9583685E-02
1114.686508	1.252521515	3.0261278E-02
1114.204379	1.250930548	3.0991001E-02
1113.722251	1.249278545	3.1772886E-02
1113.240122	1.247592449	3.2615919E-02
1112.757993	1.245838046	3.3521123E-02
1112.275864	1.244050741	3.4497436E-02
1111.793736	1.242204905	3.5543855E-02
1111.311607	1.240317345	3.6667358E-02
1110.829478	1.238363981	3.7868165E-02
1110.347349	1.236368418	3.9163251E-02
1109.865221	1.234308004	4.0554632E-02
1109.383092	1.232199669	4.2057268E-02
1108.900963	1.230027080	4.3674246E-02
1108.418834	1.227819800	4.5422543E-02
1107.936705	1.225539804	4.7307298E-02
1107.454577	1.223231554	4.9350411E-02
1106.972448	1.220872164	5.1554885E-02
1106.490319	1.218497038	5.3939730E-02
1106.008190	1.216069937	5.6512155E-02
1105.526062	1.213640213	5.9300084E-02
1105.043933	1.211199045	6.2310528E-02
1104.561804	1.208763361	6.5568440E-02
1104.079675	1.206371188	6.9081888E-02
1103.597547	1.204001665	7.2876878E-02
1103.115418	1.201723576	7.6965474E-02
1102.633289	1.199538589	8.1373386E-02
1102.151160	1.197525024	8.6100504E-02
1101.669032	1.195662260	9.1160677E-02
1101.186903	1.194055915	9.6548773E-02
1100.704774	1.192706108	1.0226786E-01
1100.222645	1.191681862	1.0831738E-01
1099.740517	1.191069841	1.1466585E-01
1099.258388	1.190854788	1.2128334E-01
1098.776259	1.191145420	1.2813969E-01
1098.294130	1.191954136	1.3519439E-01
1097.812002	1.193381667	1.4238684E-01
1097.329873	1.195379019	1.4963730E-01
1096.847744	1.198044062	1.5689534E-01
1096.365615	1.201369524	1.6406076E-01
1095.883486	1.205332637	1.7106389E-01
1095.401358	1.209943652	1.7782456E-01
1094.919229	1.215203404	1.8426281E-01
1094.437100	1.221062303	1.9029884E-01
1093.954971	1.227476835	1.9586229E-01
1093.472843	1.234403014	2.0085359E-01
1092.990714	1.241794586	2.0522329E-01
1092.508585	1.249495268	2.0891178E-01
1092.026456	1.257502556	2.1188930E-01
1091.544328	1.265686989	2.1411622E-01
1091.062199	1.273995876	2.1558313E-01
1090.580070	1.282256246	2.1629018E-01
1090.097941	1.290468812	2.1623765E-01
1089.615813	1.298471928	2.1544650E-01
1089.133684	1.306239963	2.1397693E-01
1088.651555	1.313604355	2.1186931E-01
1088.169426	1.320609570	2.0920384E-01
1087.687298	1.327093720	2.0604056E-01
1087.205169	1.333185673	2.0245925E-01
1086.723040	1.338705540	1.9850995E-01
1086.240911	1.343752265	1.9427255E-01
1085.758783	1.348216772	1.8979731E-01
1085.276654	1.352185249	1.8517396E-01
1084.794525	1.355643153	1.8044193E-01
1084.312396	1.358639717	1.7565121E-01
1083.830267	1.361114144	1.7084166E-01
1083.348139	1.363217235	1.6605341E-01
1082.866010	1.364809275	1.6133583E-01
1082.383881	1.366104245	1.5668869E-01
1081.901752	1.366973162	1.5214226E-01
1081.419624	1.367535830	1.4771619E-01
1080.937495	1.367785215	1.4342026E-01
1080.455366	1.367723823	1.3925460E-01
1079.973237	1.367416382	1.3523918E-01
1079.491109	1.366846085	1.3137388E-01
1079.008980	1.366002440	1.2766884E-01
1078.526851	1.364959002	1.2413404E-01
1078.044722	1.363704443	1.2077904E-01
1077.562594	1.362282991	1.1758406E-01
1077.080465	1.360676646	1.1456901E-01
1076.598336	1.358914375	1.1171382E-01
1076.116207	1.356994748	1.0902843E-01
1075.634079	1.354935884	1.0649275E-01
1075.151950	1.352734447	1.0410735E-01
1074.669821	1.350389361	1.0189196E-01
1074.187692	1.347901344	9.9832594E-02
1073.705563	1.345282912	9.7945280E-02
1073.223435	1.342529416	9.6220881E-02
1072.741306	1.339673996	9.4663426E-02
1072.259177	1.336683750	9.3269028E-02
1071.777048	1.333566785	9.2045687E-02
1071.294920	1.330345154	9.0993397E-02
1070.812791	1.326975822	9.0118162E-02
1070.330662	1.323497415	8.9420043E-02
1069.848533	1.319891214	8.8910051E-02
1069.366405	1.316138625	8.8590279E-02
1068.884276	1.312280536	8.8477790E-02
1068.402147	1.308246732	8.8580631E-02
1067.920018	1.304109812	8.8917717E-02
1067.437890	1.299820065	8.9492947E-02
1066.955761	1.295430660	9.0316266E-02
1066.473632	1.290860176	9.1388799E-02
1065.991503	1.286162138	9.2729814E-02
1065.509375	1.281271338	9.4361626E-02
1065.027246	1.276187897	9.6328460E-02
1064.545117	1.270925403	9.8671451E-02
1064.062988	1.265439987	1.0144563E-01
1063.580860	1.259786367	1.0469814E-01
1063.098731	1.253958225	1.0849194E-01
1062.616602	1.247961283	1.1287728E-01
1062.134473	1.241858959	1.1793423E-01
1061.652344	1.235656023	1.2372292E-01
1061.170216	1.229396224	1.3033381E-01
1060.688087	1.223150015	1.3786700E-01
1060.205958	1.217004061	1.4642234E-01
1059.723829	1.211128235	1.5608968E-01
1059.241701	1.205634594	1.6695863E-01
1058.759572	1.200746894	1.7908846E-01
1058.277443	1.196660280	1.9250815E-01
1057.795314	1.193725348	2.0719638E-01
1057.313186	1.192061543	2.2307190E-01
1056.831057	1.192072868	2.4000327E-01
1056.348928	1.194002748	2.5778875E-01
1055.866799	1.197986364	2.7614668E-01
1055.384671	1.204288960	2.9473686E-01
1054.902542	1.212889791	3.1323779E-01
1054.420413	1.223913431	3.3119032E-01
1053.938284	1.237174511	3.4832549E-01
1053.456156	1.252698660	3.6427283E-01
1052.974027	1.270242333	3.7871340E-01
1052.491898	1.289587259	3.9135817E-01
1052.009769	1.310527802	4.0196776E-01
1051.527641	1.332763195	4.1030276E-01
1051.045512	1.355976105	4.1616419E-01
1050.563383	1.379873753	4.1940349E-01
1050.081254	1.403948784	4.1994250E-01
1049.599125	1.427932858	4.1779265E-01
1049.116997	1.451213479	4.1300544E-01
1048.634868	1.473617554	4.0572318E-01
1048.152739	1.494508624	3.9620760E-01
1047.670610	1.513966441	3.8475960E-01
1047.188482	1.531427979	3.7172961E-01
1046.706353	1.547071099	3.5746744E-01
1046.224224	1.560588241	3.4231269E-01
1045.742095	1.572256684	3.2658395E-01
1045.259967	1.581924796	3.1051198E-01
1044.777838	1.589836359	2.9446548E-01
1044.295709	1.596015334	2.7859223E-01
1043.813580	1.600756168	2.6304191E-01
1043.331452	1.604082227	2.4794395E-01
1042.849323	1.606264591	2.3339760E-01
1042.367194	1.607282639	2.1946220E-01
1041.885065	1.607430816	2.0617753E-01
1041.402937	1.606712937	1.9358325E-01
1040.920808	1.605304122	1.8168929E-01
1040.438679	1.603245497	1.7052516E-01
1039.956550	1.600756168	1.6006072E-01
1039.474422	1.597776532	1.5030614E-01
1038.992293	1.594515562	1.4125103E-01
1038.510164	1.590940952	1.3286516E-01
1038.028035	1.587281227	1.2511837E-01
1037.545906	1.583398581	1.1796068E-01
1037.063778	1.579530954	1.1136226E-01
1036.581649	1.575540900	1.0529317E-01
1036.099520	1.571655512	9.9724270E-02
1035.617391	1.567704201	9.4614543E-02
1035.135263	1.563934445	8.9928933E-02
1034.653134	1.560179949	8.5622363E-02
1034.171005	1.556634903	8.1648812E-02
1033.688876	1.553146839	7.7960312E-02
1033.206748	1.549892664	7.4514993E-02
1032.724619	1.546633720	7.1275033E-02
1032.242490	1.543641090	6.8215564E-02
1031.760361	1.540608883	6.5312654E-02
1031.278233	1.537798643	6.2547386E-02
1030.796104	1.534939051	5.9903909E-02
1030.313975	1.532281518	5.7379413E-02
1029.831846	1.529509902	5.4977018E-02
1029.349718	1.526974201	5.2705690E-02
1028.867589	1.524294615	5.0566245E-02
1028.385460	1.521908879	4.8547503E-02
1027.903331	1.519367933	4.6631429E-02
1027.421203	1.517163157	4.4802155E-02
1026.939074	1.514719725	4.3055892E-02
1026.456945	1.512669325	4.1399743E-02
1025.974816	1.510310650	3.9839611E-02
1025.492687	1.508487582	3.8374368E-02
1025.010559	1.506230593	3.6993962E-02
1024.528430	1.504849315	3.5692424E-02
1024.046301	1.502713442	3.4463398E-02
1023.564172	1.503082871	3.3266947E-02
1023.082044	1.500977039	2.8282497E-02
1022.599915	1.496496439	2.7301721E-02
1022.117786	1.494567871	2.6338680E-02
1021.635657	1.491854429	2.5424585E-02
1021.153529	1.490020037	2.4556447E-02
1020.671400	1.487732291	2.3733249E-02
1020.189271	1.485993981	2.2949984E-02
1019.707142	1.483942151	2.2204671E-02
1019.225014	1.482291579	2.1494290E-02
1018.742885	1.480405927	2.0814873E-02
1018.260756	1.478839040	2.0166421E-02
1017.778627	1.477082849	1.9545935E-02
1017.296499	1.475589275	1.8952435E-02
1016.814370	1.473941684	1.8385895E-02
1016.332241	1.472522259	1.7842304E-02
1015.850112	1.470968246	1.7319692E-02
1015.367984	1.469614267	1.6818060E-02
1014.885855	1.468145132	1.6335400E-02
1014.403726	1.466851354	1.5870737E-02
1013.921597	1.465452790	1.5425064E-02
1013.439468	1.464216590	1.4996363E-02
1012.957340	1.462886214	1.4583644E-02
1012.475211	1.461704135	1.4185897E-02
1011.993082	1.460436344	1.3801134E-02
1011.510953	1.459303379	1.3429360E-02
1011.028825	1.458090782	1.3069592E-02
1010.546696	1.457000375	1.2723815E-02
1010.064567	1.455840349	1.2389019E-02
1009.582438	1.454792976	1.2066214E-02
1009.100310	1.453681350	1.1753392E-02
1008.618181	1.452674270	1.1450568E-02
1008.136052	1.451606512	1.1157734E-02
1007.653923	1.450637102	1.0873893E-02
1007.171795	1.449610591	1.0599042E-02
1006.689666	1.448677063	1.0332182E-02
1006.207537	1.447687387	1.0073318E-02
1005.725408	1.446786404	9.8220529E-03
1005.243280	1.445831418	9.5786871E-03
1004.761151	1.444960356	9.3431203E-03
1004.279022	1.444038749	9.1155516E-03
1003.796893	1.443196416	8.8956738E-03
1003.314765	1.442308068	8.6828833E-03
1002.832636	1.441496849	8.4758755E-03
1002.350507	1.440640092	8.2737599E-03
1001.868378	1.439854383	8.0764461E-03
1001.386249	1.439025044	7.8842333E-03
1000.904121	1.438262582	7.6973261E-03
1000.421992	1.437458277	7.5163203E-03
999.939863	1.436718941	7.3411115E-03
999.457734	1.435939431	7.1714949E-03
998.975606	1.435223818	7.0065684E-03
998.493477	1.434470296	6.8458333E-03
998.011348	1.433776855	6.6886968E-03
997.529219	1.433045149	6.5355618E-03
997.047091	1.432371974	6.3864239E-03
996.564962	1.431662321	6.2408797E-03
996.082833	1.431008101	6.0985312E-03
995.600704	1.430318594	5.9591825E-03
995.118576	1.429682612	5.8230339E-03
994.636447	1.429011703	5.6899837E-03
994.154318	1.428391576	5.5599329E-03
993.672189	1.427737951	5.4330840E-03
993.190061	1.427133083	5.3095375E-03
992.707932	1.426495910	5.1896903E-03
992.225803	1.425907135	5.0732377E-03
991.743674	1.425286770	4.9595786E-03
991.261546	1.424713731	4.8483149E-03
990.779417	1.424110174	4.7391481E-03
990.297288	1.423551321	4.6319803E-03
989.815159	1.422961712	4.5267120E-03
989.333030	1.422415257	4.4234470E-03
988.850902	1.421838403	4.3226858E-03
988.368773	1.421302557	4.2247279E-03
987.886644	1.420738935	4.1299690E-03
987.404515	1.420215726	4.0379046E-03
986.922387	1.419665456	3.9480324E-03
986.440258	1.419155002	3.8596571E-03
985.958129	1.418616891	3.7728858E-03
985.476000	1.418116808	3.6884157E-03
984.993872	1.417590261	3.6058421E-03
984.511743	1.417100668	3.5249691E-03
984.029614	1.416584611	3.4461983E-03
983.547485	1.416104913	3.3696273E-03
983.065357	1.415599227	3.2951538E-03
982.583228	1.415129900	3.2224781E-03
982.101099	1.414634943	3.1515008E-03
981.618970	1.414175510	3.0821208E-03
981.136842	1.413690925	3.0139387E-03
980.654713	1.413240433	2.9469565E-03
980.172584	1.412765026	2.8811744E-03
979.690455	1.412322164	2.8166939E-03
979.208327	1.411855102	2.7538135E-03
978.726198	1.411420465	2.6922296E-03
978.244069	1.410961032	2.6316456E-03
977.761940	1.410532951	2.5723660E-03
977.279811	1.410079598	2.5150944E-03
976.797683	1.409657001	2.4608267E-03
976.315554	1.409211516	2.4096544E-03
975.833425	1.408797503	2.3605761E-03
975.351296	1.408362508	2.3132933E-03
974.869168	1.407957315	2.2672089E-03
974.387039	1.407531738	2.2225212E-03
973.904910	1.407136440	2.1784271E-03
973.422781	1.406720519	2.1341250E-03
972.940653	1.406333208	2.0886203E-03
972.458524	1.405923605	2.0422202E-03
971.976395	1.405539989	1.9957277E-03
971.494266	1.405133367	1.9501414E-03
971.012138	1.404752254	1.9060589E-03
970.530009	1.404349566	1.8638773E-03
970.047880	1.403972745	1.8234941E-03
969.565751	1.403575540	1.7847087E-03
969.083623	1.403203964	1.7472212E-03
968.601494	1.402811885	1.7108337E-03
968.119365	1.402444363	1.6758498E-03
967.637236	1.402056217	1.6429693E-03
967.155108	1.401692986	1.6124891E-03
966.672979	1.401311159	1.5843044E-03
966.190850	1.400954723	1.5574142E-03
965.708721	1.400579691	1.5313221E-03
965.226592	1.400229096	1.5060309E-03
964.744464	1.399859190	1.4818412E-03
964.262335	1.399513245	1.4589521E-03
963.780206	1.399148703	1.4373618E-03
963.298077	1.398807764	1.4168718E-03
962.815949	1.398448586	1.3977826E-03
962.333820	1.398112774	1.3800936E-03
961.851691	1.397759438	1.3640042E-03
961.369562	1.397429824	1.3492126E-03
960.887434	1.397083759	1.3354172E-03
960.405305	1.396761537	1.3217181E-03
959.923176	1.396422505	1.3078168E-03
959.441047	1.396106124	1.2933173E-03
958.958919	1.395771623	1.2791217E-03
958.476790	1.395459533	1.2657291E-03
957.994661	1.395130515	1.2537363E-03
957.512532	1.394826055	1.2425407E-03
957.030404	1.394505858	1.2317433E-03
956.548275	1.394215822	1.2211070E-03
956.066146	1.393912315	1.1961579E-03
955.584017	1.393619895	1.1657454E-03
955.101889	1.393307686	1.1348444E-03
954.619760	1.393011570	1.1029443E-03
954.137631	1.392696500	1.0708476E-03
953.655502	1.392398119	1.0391526E-03
953.173373	1.392082214	1.0079562E-03
952.691245	1.391784072	9.7661780E-04
952.209116	1.391468525	9.4486840E-04
951.726987	1.391169667	9.1257050E-04
951.244858	1.390853286	8.8046380E-04
950.762730	1.390553474	8.4834660E-04
950.280601	1.390236616	8.1621880E-04
949.798472	1.389935613	7.8376200E-04
949.316343	1.389616847	7.5174720E-04
948.834215	1.389314055	7.2051350E-04
948.352086	1.388994336	6.9031880E-04
947.869957	1.388691068	6.6050260E-04
947.387828	1.388371229	6.3092560E-04
946.905700	1.388067245	6.0131920E-04
946.423571	1.387745857	5.7224360E-04
945.941442	1.387439966	5.4371910E-04
945.459313	1.387117147	5.1642480E-04
944.977185	1.386810541	4.8997890E-04
944.495056	1.386487842	4.6374220E-04
944.012927	1.386180639	4.3794500E-04
943.530798	1.385857821	4.1203630E-04
943.048670	1.385549545	3.8550800E-04
942.566541	1.385225058	3.5912920E-04
942.084412	1.384914994	3.3174960E-04
941.602283	1.384587407	3.0374130E-04
941.120154	1.384272575	2.7577440E-04
940.638026	1.383939981	2.4824840E-04
940.155897	1.383619547	2.2161380E-04
939.673768	1.383281589	1.9683990E-04
939.191639	1.382956505	1.7381570E-04
938.709511	1.382615089	1.5270080E-04
938.227382	1.382286906	1.3290510E-04
937.745253	1.381942749	1.1452880E-04
937.263124	1.381611466	9.6960900E-05
936.780996	1.381263733	8.0405900E-05
936.298867	1.380928040	6.4727300E-05
935.816738	1.380575180	5.0842100E-05
935.334609	1.380234241	3.8853100E-05
934.852481	1.379876971	2.9274600E-05
934.370352	1.379532337	2.1472200E-05
933.888223	1.379171610	1.5166500E-05
933.406094	1.378822565	1.0679700E-05
932.923966	1.378457665	8.0834000E-06
932.441837	1.378104329	6.8027000E-06
931.959708	1.377734661	7.4050000E-06
931.477579	1.377375722	9.9372000E-06
930.995451	1.377000690	1.5058000E-05
930.513322	1.376636863	2.2229300E-05
930.031193	1.376257062	3.1737300E-05
929.549064	1.375887871	4.3407900E-05
929.066935	1.375502944	5.7926000E-05
928.584807	1.375129104	7.4644700E-05
928.102678	1.374739766	9.3364000E-05
927.620549	1.374360442	1.1364700E-04
927.138420	1.373964429	1.3658440E-04
926.656292	1.373578191	1.6247130E-04
926.174163	1.373176575	1.9166770E-04
925.692034	1.372785330	2.2306380E-04
925.209905	1.372378230	2.5681950E-04
924.727777	1.371980309	2.9295450E-04
924.245648	1.371566534	3.3244880E-04
923.763519	1.371162772	3.7461290E-04
923.281390	1.370743632	4.1924710E-04
922.799262	1.370333552	4.6558090E-04
922.317133	1.369907022	5.1439390E-04
921.835004	1.369488955	5.6560620E-04
921.352875	1.369054914	6.1965830E-04
920.870747	1.368629098	6.7580030E-04
920.388618	1.368186951	7.3436200E-04
919.906489	1.367752671	7.9471380E-04
919.424360	1.367301583	8.5698590E-04
918.942232	1.366857171	9.2023810E-04
918.460103	1.366394401	9.8503940E-04
917.977974	1.365936518	1.0514695E-03
917.495845	1.365458846	1.1204585E-03
917.013716	1.364985228	1.1919462E-03
916.531588	1.364491224	1.2665327E-03
916.049459	1.363999724	1.3444170E-03
915.567330	1.363487244	1.4267993E-03
915.085201	1.362977147	1.5134807E-03
914.603073	1.362445831	1.6048611E-03
914.120944	1.361915827	1.7006397E-03
913.638815	1.361362815	1.8019150E-03
913.156686	1.360809922	1.9092873E-03
912.674558	1.360234380	2.0236578E-03
912.192429	1.359658480	2.1445265E-03
911.710300	1.359058738	2.2725929E-03
911.228171	1.358457208	2.4082547E-03
910.746043	1.357831240	2.5529135E-03
910.263914	1.357203007	2.7059712E-03
909.781785	1.356549621	2.8679271E-03
909.299656	1.355892301	3.0384783E-03
908.817528	1.355206847	3.2195230E-03
908.335399	1.354515076	3.4119615E-03
907.853270	1.353795290	3.6170955E-03
907.371141	1.353068233	3.8349254E-03
906.889013	1.352311730	4.0664491E-03
906.406884	1.351545334	4.3122657E-03
905.924755	1.350747585	4.5743738E-03
905.442626	1.349938750	4.8533753E-03
904.960497	1.349096298	5.1504700E-03
904.478369	1.348240733	5.4661557E-03
903.996240	1.347348213	5.8026300E-03
903.514111	1.346439481	6.1609908E-03
903.031982	1.345490694	6.5442389E-03
902.549854	1.344522834	6.9533717E-03
902.067725	1.343511820	7.3914891E-03
901.585596	1.342476606	7.8600869E-03
901.103467	1.341394544	8.3630625E-03
900.621339	1.340284467	8.9034112E-03
900.139210	1.339122176	9.4860299E-03
899.657081	1.337926865	1.0114520E-02
899.174952	1.336675644	1.0793171E-02
898.692824	1.335384130	1.1528772E-02
898.210695	1.334029555	1.2329321E-02
897.728566	1.332633138	1.3201818E-02
897.246437	1.331171870	1.4153251E-02
896.764309	1.329660654	1.5193607E-02
896.282180	1.328077197	1.6334869E-02
895.800051	1.326442361	1.7590025E-02
895.317922	1.324732304	1.8975057E-02
894.835794	1.322971702	2.0507947E-02
894.353665	1.321143031	2.2207690E-02
893.871536	1.319268584	2.4093255E-02
893.389407	1.317339897	2.6191622E-02
892.907278	1.315391064	2.8525772E-02
892.425150	1.313407421	3.1126685E-02
891.943021	1.311451077	3.4020357E-02
891.460892	1.309510231	3.7237786E-02
890.978763	1.307665825	4.0803973E-02
890.496635	1.305920601	4.4744946E-02
890.014506	1.304362535	4.9076740E-02
889.532377	1.303030610	5.3815413E-02
889.050248	1.302010059	5.8959041E-02
888.568120	1.301346540	6.4500712E-02
888.085991	1.301146626	7.0418507E-02
887.603862	1.301445961	7.6680519E-02
887.121733	1.302349329	8.3244830E-02
886.639605	1.303890109	9.0060502E-02
886.157476	1.306146383	9.7070575E-02
885.675347	1.309176922	1.0422315E-01
885.193218	1.313087106	1.1143240E-01
884.711090	1.317880511	1.1861249E-01
884.228961	1.323723316	1.2564360E-01
883.746832	1.330588818	1.3239612E-01
883.264703	1.338665843	1.3867059E-01
882.782574	1.347865462	1.4421737E-01
882.300446	1.358244777	1.4876689E-01
881.818317	1.369662046	1.5197943E-01
881.336188	1.381881356	1.5354472E-01
880.854059	1.394542933	1.5320234E-01
880.371931	1.407230377	1.5076107E-01
879.889802	1.419328094	1.4623919E-01
879.407673	1.430407763	1.3983525E-01
878.925544	1.439959526	1.3187762E-01
878.443416	1.447750807	1.2291548E-01
877.961287	1.453762293	1.1341930E-01
877.479158	1.458089828	1.0380970E-01
876.997029	1.460887909	9.4407395E-02
876.514901	1.462396383	8.5456245E-02
876.032772	1.462862372	7.7086054E-02
875.550643	1.462491155	6.9363326E-02
875.068514	1.461471796	6.2308420E-02
874.586386	1.459959626	5.5914562E-02
874.104257	1.458074093	5.0154910E-02
873.622128	1.455942154	4.4992566E-02
873.139999	1.453628182	4.0382590E-02
872.657871	1.451223493	3.6277026E-02
872.175742	1.448761821	3.2627881E-02
871.693613	1.446307302	2.9384179E-02
871.211484	1.443866611	2.6498869E-02
870.729355	1.441480041	2.3931911E-02
870.247227	1.439143896	2.1646276E-02
869.765098	1.436882377	1.9608930E-02
869.282969	1.434689879	1.7790835E-02
868.800840	1.432580113	1.6167961E-02
868.318712	1.430545092	1.4717287E-02
867.836583	1.428595304	1.3419800E-02
867.354454	1.426721096	1.2256488E-02
866.872325	1.424928665	1.1210316E-02
866.390197	1.423203707	1.0270257E-02
865.908068	1.421555400	9.4238967E-03
865.425939	1.419966698	8.6636189E-03
864.943810	1.418452263	7.9800291E-03
864.461682	1.416993976	7.3651248E-03
863.979553	1.415605664	6.8103042E-03
863.497424	1.414268613	6.3082618E-03
863.015295	1.412993312	5.8515831E-03
862.533167	1.411761642	5.4357457E-03
862.051038	1.410583854	5.0571356E-03
861.568909	1.409442544	4.7138501E-03
861.086780	1.408350587	4.4025993E-03
860.604652	1.407293081	4.1203867E-03
860.122523	1.406281233	3.8631116E-03
859.640394	1.405299067	3.6282656E-03
859.158265	1.404357195	3.4130388E-03
858.676136	1.403439045	3.2167232E-03
858.194008	1.402557373	3.0377156E-03
857.711879	1.401696563	2.8759171E-03
857.229750	1.400870085	2.7295393E-03
856.747621	1.400062919	2.5967897E-03
856.265493	1.399287462	2.4748582E-03
855.783364	1.398526549	2.3635265E-03
855.301235	1.397792220	2.2626866E-03
854.819106	1.397070646	2.1734494E-03
854.336978	1.396376133	2.0939286E-03
853.854849	1.395692945	2.0234198E-03
853.372720	1.395033956	1.9606142E-03
852.890591	1.394384265	1.9062052E-03
852.408463	1.393757343	1.8597040E-03
851.926334	1.393139958	1.8203218E-03
851.444205	1.392544270	1.7859526E-03
850.962076	1.391954422	1.7567787E-03
850.479948	1.391382813	1.7330898E-03
849.997819	1.390815973	1.7165932E-03
849.515690	1.390267968	1.7064022E-03
849.033561	1.389724851	1.7025181E-03
848.551433	1.389200211	1.7038371E-03
848.069304	1.388680100	1.7109597E-03
847.587175	1.388177991	1.7225930E-03
847.105046	1.387680531	1.7385387E-03
846.622917	1.387199998	1.7571906E-03
846.140789	1.386721730	1.7793375E-03
845.658660	1.386258245	1.8046752E-03
845.176531	1.385796666	1.8347054E-03
844.694402	1.385350227	1.8687375E-03
844.212274	1.384906650	1.9071791E-03
843.730145	1.384479165	1.9482343E-03
843.248016	1.384053826	1.9919977E-03
842.765887	1.383643866	2.0371671E-03
842.283759	1.383235574	2.0843395E-03
841.801630	1.382841945	2.1324209E-03
841.319501	1.382449865	2.1814217E-03
840.837372	1.382072210	2.2288428E-03
840.355244	1.381693840	2.2747710E-03
839.873115	1.381326437	2.3181939E-03
839.390986	1.380955100	2.3609039E-03
838.908857	1.380592465	2.4026062E-03
838.426729	1.380225182	2.4446005E-03
837.944600	1.379864931	2.4864832E-03
837.462471	1.379498482	2.5301455E-03
836.980342	1.379138112	2.5759903E-03
836.498214	1.378771782	2.6257208E-03
836.016085	1.378412127	2.6791389E-03
835.533956	1.378047228	2.7379447E-03
835.051827	1.377690315	2.8016462E-03
834.569698	1.377329707	2.8712528E-03
834.087570	1.376979232	2.9449724E-03
833.605441	1.376625419	3.0230959E-03
833.123312	1.376281261	3.1047184E-03
832.641183	1.375933647	3.1908422E-03
832.159055	1.375596166	3.2801714E-03
831.676926	1.375255227	3.3734045E-03
831.194797	1.374923706	3.4692381E-03
830.712668	1.374588370	3.5689645E-03
830.230540	1.374261498	3.6718862E-03
829.748411	1.373931646	3.7793065E-03
829.266282	1.373610616	3.8898312E-03
828.784153	1.373287082	4.0044570E-03
828.302025	1.372972846	4.1218894E-03
827.819896	1.372655630	4.2427331E-03
827.337767	1.372348189	4.3649911E-03
826.855638	1.372037172	4.4892514E-03
826.373510	1.371733546	4.6145050E-03
825.891381	1.371424079	4.7425474E-03
825.409252	1.371121764	4.8725861E-03
824.927123	1.370813131	5.0059175E-03
824.444995	1.370510936	5.1418380E-03
823.962866	1.370201826	5.2822479E-03
823.480737	1.369898558	5.4260599E-03
822.998608	1.369589090	5.5742734E-03
822.516479	1.369285107	5.7255793E-03
822.034351	1.368971944	5.8820574E-03
821.552222	1.368661880	6.0443077E-03
821.070093	1.368344069	6.2144413E-03
820.587964	1.368030071	6.3918657E-03
820.105836	1.367707372	6.5780696E-03
819.623707	1.367388248	6.7733401E-03
819.141578	1.367061138	6.9806753E-03
818.659449	1.366738558	7.2001945E-03
818.177321	1.366409421	7.4333050E-03
817.695192	1.366087079	7.6791006E-03
817.213063	1.365757823	7.9398630E-03
816.730934	1.365435600	8.2160877E-03
816.248806	1.365108132	8.5108718E-03
815.766677	1.364788532	8.8245226E-03
815.284548	1.364467740	9.1597391E-03
814.802419	1.364159465	9.5166275E-03
814.320291	1.363852859	9.8975897E-03
813.838162	1.363561392	1.0302120E-02
813.356033	1.363276958	1.0733507E-02
812.873904	1.363012552	1.1191849E-02
812.391776	1.362759709	1.1681149E-02
811.909647	1.362538695	1.2200466E-02
811.427518	1.362340808	1.2748790E-02
810.945389	1.362181187	1.3326120E-02
810.463260	1.362052679	1.3931465E-02
809.981132	1.361975312	1.4563849E-02
809.499003	1.361941099	1.5220306E-02
809.016874	1.361969709	1.5896825E-02
808.534745	1.362053394	1.6591417E-02
808.052617	1.362212300	1.7299142E-02
807.570488	1.362447500	1.8013096E-02
807.088359	1.362780809	1.8719409E-02
806.606230	1.363204479	1.9400131E-02
806.124102	1.363728881	2.0037280E-02
805.641973	1.364347935	2.0611947E-02
805.159844	1.365060449	2.1098156E-02
804.677715	1.365845203	2.1475863E-02
804.195587	1.366689205	2.1722987E-02
803.713458	1.367550135	2.1827301E-02
803.231329	1.368411064	2.1786586E-02
802.749200	1.369226813	2.1607675E-02
802.267072	1.369985104	2.1302382E-02
801.784943	1.370648503	2.0893589E-02
801.302814	1.371219158	2.0402253E-02
800.820685	1.371671915	1.9855322E-02
800.338557	1.372022867	1.9276852E-02
799.856428	1.372262359	1.8688932E-02
799.374299	1.372410774	1.8107653E-02
798.892170	1.372469783	1.7547071E-02
798.410041	1.372458339	1.7018277E-02
797.927913	1.372383595	1.6527377E-02
797.445784	1.372262239	1.6076414E-02
796.963655	1.372098684	1.5668439E-02
796.481526	1.371908784	1.5300497E-02
795.999398	1.371692419	1.4972592E-02
795.517269	1.371463776	1.4680747E-02
795.035140	1.371216893	1.4423966E-02
794.553011	1.370969772	1.4197268E-02
794.070883	1.370709419	1.3998614E-02
793.588754	1.370451927	1.3825980E-02
793.106625	1.370185971	1.3679379E-02
792.624496	1.369927168	1.3555873E-02
792.142368	1.369666934	1.3450442E-02
791.660239	1.369414330	1.3362032E-02
791.178110	1.369158983	1.3289657E-02
790.695981	1.368910432	1.3231306E-02
790.213853	1.368661642	1.3186977E-02
789.731724	1.368420362	1.3154685E-02
789.249595	1.368179679	1.3133415E-02
788.767466	1.367945313	1.3122134E-02
788.285338	1.367709637	1.3122859E-02
787.803209	1.367485046	1.3132637E-02
787.321080	1.367263317	1.3150465E-02
786.838951	1.367046714	1.3173308E-02
786.356822	1.366833329	1.3203145E-02
785.874694	1.366623402	1.3237986E-02
785.392565	1.366416335	1.3279822E-02
784.910436	1.366213918	1.3326673E-02
784.428307	1.366011143	1.3379520E-02
783.946179	1.365817308	1.3437369E-02
783.464050	1.365620852	1.3501203E-02
782.981921	1.365432501	1.3571047E-02
782.499792	1.365246534	1.3645931E-02
782.017664	1.365068555	1.3723844E-02
781.535535	1.364892840	1.3804781E-02
781.053406	1.364723921	1.3886721E-02
780.571277	1.364553094	1.3971657E-02
780.089149	1.364389658	1.4057583E-02
779.607020	1.364226699	1.4147516E-02
779.124891	1.364066601	1.4237458E-02
778.642762	1.363908529	1.4331376E-02
778.160634	1.363752365	1.4426288E-02
777.678505	1.363598228	1.4526178E-02
777.196376	1.363448977	1.4628114E-02
776.714247	1.363300204	1.4732076E-02
776.232119	1.363159418	1.4836027E-02
775.749990	1.363014817	1.4942958E-02
775.267861	1.362876534	1.5050894E-02
774.785732	1.362737775	1.5161838E-02
774.303603	1.362605572	1.5272816E-02
773.821475	1.362471819	1.5384777E-02
773.339346	1.362342477	1.5497698E-02
772.857217	1.362209678	1.5614625E-02
772.375088	1.362085700	1.5731577E-02
771.892960	1.361959696	1.5851518E-02
771.410831	1.361840963	1.5971482E-02
770.928702	1.361717701	1.6093424E-02
770.446573	1.361603975	1.6216384E-02
769.964445	1.361487389	1.6340371E-02
769.482316	1.361375213	1.6463349E-02
769.000187	1.361263990	1.6588291E-02
768.518058	1.361154079	1.6714225E-02
768.035930	1.361045003	1.6843177E-02
767.553801	1.360941887	1.6971171E-02
767.071672	1.360837579	1.7100155E-02
766.589543	1.360738039	1.7228149E-02
766.107415	1.360635400	1.7357091E-02
765.625286	1.360536337	1.7488005E-02
765.143157	1.360437155	1.7621944E-02
764.661028	1.360345364	1.7755933E-02
764.178900	1.360250115	1.7889950E-02
763.696771	1.360162973	1.8021956E-02
763.214642	1.360068321	1.8154914E-02
762.732513	1.359981060	1.8288842E-02
762.250384	1.359888196	1.8425779E-02
761.768256	1.359804630	1.8562740E-02
761.286127	1.359715700	1.8701678E-02
760.803998	1.359632373	1.8841621E-02
760.321869	1.359547496	1.8983562E-02
759.839741	1.359470844	1.9126501E-02
759.357612	1.359391928	1.9271486E-02
758.875483	1.359320045	1.9414522E-02
758.393354	1.359246850	1.9556541E-02
757.911226	1.359176993	1.9697515E-02
757.429097	1.359101534	1.9840468E-02
756.946968	1.359033465	1.9983426E-02
756.464839	1.358962774	2.0128364E-02
755.982711	1.358897328	2.0274304E-02
755.500582	1.358828306	2.0422271E-02
755.018453	1.358769298	2.0569276E-02
754.536324	1.358705163	2.0716293E-02
754.054196	1.358648539	2.0861285E-02
753.572067	1.358585000	2.1008220E-02
753.089938	1.358525753	2.1156129E-02
752.607809	1.358464479	2.1308046E-02
752.125681	1.358415127	2.1460034E-02
751.643552	1.358356595	2.1612037E-02
751.161423	1.358312249	2.1763025E-02
750.679294	1.358257771	2.1915007E-02
750.197165	1.358211994	2.2065982E-02
749.715037	1.358164072	2.2218946E-02
749.232908	1.358120680	2.2370938E-02
748.750779	1.358076453	2.2523889E-02
748.268650	1.358031750	2.2677828E-02
747.786522	1.357991815	2.2833793E-02
747.304393	1.357957006	2.2988798E-02
746.822264	1.357918739	2.3143783E-02
746.340135	1.357884645	2.3298785E-02
745.858007	1.357855797	2.3452822E-02
745.375878	1.357825398	2.3604861E-02
744.893749	1.357794523	2.3755865E-02
744.411620	1.357764125	2.3906803E-02
743.929492	1.357731342	2.4060717E-02
743.447363	1.357708812	2.4215685E-02
742.965234	1.357678533	2.4370704E-02
742.483105	1.357657194	2.4523730E-02
742.000977	1.357632995	2.4676697E-02
741.518848	1.357611179	2.4830665E-02
741.036719	1.357591987	2.4984684E-02
740.554590	1.357569575	2.5136692E-02
740.072462	1.357550979	2.5289675E-02
739.590333	1.357533693	2.5441632E-02
739.108204	1.357509732	2.5596544E-02
738.626075	1.357496262	2.5752513E-02
738.143946	1.357478380	2.5908515E-02
737.661818	1.357464671	2.6063521E-02
737.179689	1.357447743	2.6218491E-02
736.697560	1.357438207	2.6374407E-02
736.215431	1.357417107	2.6533334E-02
735.733303	1.357412457	2.6692290E-02
735.251174	1.357393861	2.6853202E-02
734.769045	1.357392192	2.7016133E-02
734.286916	1.357381105	2.7180117E-02
733.804788	1.357380152	2.7343106E-02
733.322659	1.357378602	2.7507085E-02
732.840530	1.357381582	2.7670058E-02
732.358401	1.357380509	2.7835054E-02
731.876273	1.357391000	2.7997118E-02
731.394144	1.357393265	2.8158121E-02
730.912015	1.357403159	2.8319057E-02
730.429886	1.357406735	2.8482996E-02
729.947758	1.357421160	2.8645987E-02
729.465629	1.357431054	2.8809985E-02
728.983500	1.357445717	2.8971996E-02
728.501371	1.357459545	2.9134959E-02
728.019243	1.357476950	2.9297946E-02
727.537114	1.357495427	2.9460948E-02
727.054985	1.357517242	2.9622989E-02
726.572856	1.357539654	2.9783035E-02
726.090727	1.357563138	2.9942004E-02
725.608599	1.357581258	3.0102965E-02
725.126470	1.357606649	3.0262938E-02
724.644341	1.357631326	3.0424846E-02
724.162212	1.357653856	3.0588774E-02
723.680084	1.357682467	3.0753756E-02
723.197955	1.357717514	3.0917781E-02
722.715826	1.357749820	3.1080857E-02
722.233697	1.357788205	3.1239945E-02
721.751569	1.357821941	3.1397983E-02
721.269440	1.357858419	3.1553976E-02
720.787311	1.357889175	3.1711865E-02
720.305182	1.357918620	3.1872626E-02
719.823054	1.357949615	3.2042369E-02
719.340925	1.357989907	3.2215312E-02
718.858796	1.358037591	3.2387428E-02
718.376667	1.358092070	3.2553613E-02
717.894539	1.358142018	3.2715663E-02
717.412410	1.358195305	3.2878589E-02
716.930281	1.358249426	3.3043604E-02
716.448152	1.358309507	3.3204749E-02
715.966024	1.358369470	3.3361856E-02
715.483895	1.358428836	3.3516850E-02
715.001766	1.358482957	3.3673771E-02
714.519637	1.358547330	3.3831753E-02
714.037508	1.358606935	3.3988815E-02
713.555380	1.358673692	3.4142867E-02
713.073251	1.358731031	3.4296814E-02
712.591122	1.358797073	3.4452755E-02
712.108993	1.358862042	3.4608781E-02
711.626865	1.358929753	3.4762811E-02
711.144736	1.358992815	3.4916759E-02
710.662607	1.359062552	3.5072610E-02
710.180478	1.359129190	3.5233539E-02
709.698350	1.359208345	3.5391651E-02
709.216221	1.359281898	3.5546761E-02
708.734092	1.359362841	3.5698775E-02
708.251963	1.359439492	3.5852734E-02
707.769835	1.359521627	3.6005784E-02
707.287706	1.359601259	3.6156885E-02
706.805577	1.359688401	3.6303926E-02
706.323448	1.359763622	3.6452770E-02
705.841320	1.359846711	3.6606602E-02
705.359191	1.359927654	3.6762606E-02
704.877062	1.360021234	3.6915701E-02
704.394933	1.360111713	3.7066732E-02
703.912805	1.360203862	3.7217714E-02
703.430676	1.360300541	3.7368778E-02
702.948547	1.360400915	3.7515935E-02
702.466418	1.360498786	3.7659053E-02
701.984289	1.360596657	3.7799988E-02
701.502161	1.360691190	3.7945833E-02
701.020032	1.360790849	3.8092859E-02
700.537903	1.360895872	3.8236998E-02
700.055774	1.360998392	3.8377021E-02
699.573646	1.361100912	3.8519912E-02
699.091517	1.361206770	3.8663879E-02
698.609388	1.361314774	3.8807984E-02
698.127259	1.361429572	3.8946156E-02
697.645131	1.361537933	3.9082166E-02
697.163002	1.361649752	3.9219048E-02
696.680873	1.361756802	3.9360017E-02
696.198744	1.361878037	3.9497148E-02
695.716616	1.361990213	3.9632183E-02
695.234487	1.362107635	3.9767105E-02
694.752358	1.362222433	3.9905038E-02
694.270229	1.362348318	4.0042196E-02
693.788101	1.362473726	4.0172454E-02
693.305972	1.362597942	4.0297456E-02
692.823843	1.362715960	4.0427242E-02
692.341714	1.362838030	4.0561151E-02
691.859585	1.362969637	4.0694371E-02
691.377457	1.363103509	4.0817648E-02
690.895328	1.363228083	4.0938593E-02
690.413199	1.363354325	4.1063383E-02
689.931070	1.363480926	4.1193329E-02
689.448942	1.363619804	4.1319523E-02
688.966813	1.363750339	4.1440677E-02
688.484684	1.363886833	4.1559588E-02
688.002555	1.364013791	4.1684404E-02
687.520427	1.364153385	4.1810453E-02
687.038298	1.364291906	4.1932646E-02
686.556169	1.364439130	4.2049699E-02
686.074040	1.364571333	4.2169564E-02
685.591912	1.364717603	4.2291548E-02
685.109783	1.364866614	4.2411797E-02
684.627654	1.365017414	4.2522062E-02
684.145525	1.365161061	4.2630922E-02
683.663397	1.365303874	4.2746648E-02
683.181268	1.365451574	4.2866688E-02
682.699139	1.365612268	4.2980049E-02
682.217010	1.365767121	4.3084282E-02
681.734882	1.365918398	4.3187104E-02
681.252753	1.366065860	4.3298841E-02
680.770624	1.366223812	4.3412000E-02
680.288495	1.366387725	4.3516349E-02
679.806366	1.366545439	4.3614343E-02
679.324238	1.366693854	4.3718956E-02
678.842109	1.366853952	4.3832805E-02
678.359980	1.367023945	4.3943219E-02
677.877851	1.367201924	4.4038668E-02
677.395723	1.367360353	4.4130553E-02
676.913594	1.367525578	4.4230159E-02
676.431465	1.367689729	4.4338159E-02
675.949336	1.367879033	4.4436723E-02
675.467208	1.368053555	4.4521015E-02
674.985079	1.368225336	4.4607785E-02
674.502950	1.368394613	4.4700638E-02
674.020821	1.368576884	4.4792771E-02
673.538693	1.368752360	4.4879939E-02
673.056564	1.368938804	4.4965021E-02
672.574435	1.369116426	4.5048110E-02
672.092306	1.369305968	4.5129217E-02
671.610178	1.369488478	4.5207374E-02
671.128049	1.369676590	4.5281500E-02
670.645920	1.369859576	4.5354556E-02
670.163791	1.370049119	4.5425624E-02
669.681663	1.370229840	4.5495711E-02
669.199534	1.370422006	4.5562808E-02
668.717405	1.370601892	4.5628827E-02
668.235276	1.370792985	4.5694817E-02
667.753147	1.370975137	4.5760810E-02
667.271019	1.371164680	4.5826804E-02
666.788890	1.371351719	4.5892824E-02
666.306761	1.371546507	4.5957886E-02
665.824632	1.371740460	4.6020977E-02
665.342504	1.371936798	4.6082094E-02
664.860375	1.372136712	4.6140213E-02
664.378246	1.372337937	4.6196330E-02
663.896117	1.372538209	4.6249472E-02
663.413989	1.372745037	4.6299655E-02
662.931860	1.372948408	4.6344835E-02
662.449731	1.373155594	4.6387974E-02
661.967602	1.373361230	4.6427146E-02
661.485474	1.373564839	4.6463288E-02
661.003345	1.373770118	4.6496391E-02
660.521216	1.373971224	4.6528414E-02
660.039087	1.374175191	4.6560455E-02
659.556959	1.374380231	4.6590574E-02
659.074830	1.374582648	4.6617702E-02
658.592701	1.374790549	4.6642795E-02
658.110572	1.374988317	4.6665847E-02
657.628444	1.375197530	4.6688911E-02
657.146315	1.375396848	4.6709020E-02
656.664186	1.375607252	4.6728112E-02
656.182057	1.375808120	4.6744194E-02
655.699928	1.376014590	4.6760235E-02
655.217800	1.376216412	4.6774223E-02
654.735671	1.376424909	4.6791319E-02
654.253542	1.376635790	4.6800576E-02
653.771413	1.376839876	4.6808571E-02
653.289285	1.377050400	4.6817608E-02
652.807156	1.377260923	4.6823859E-02
652.325027	1.377477407	4.6823174E-02
651.842898	1.377686381	4.6817269E-02
651.360770	1.377891302	4.6813179E-02
650.878641	1.378102183	4.6810225E-02
650.396512	1.378310680	4.6804521E-02
649.914383	1.378526568	4.6789859E-02
649.432255	1.378733516	4.6771914E-02
648.950126	1.378934860	4.6754763E-02
648.467997	1.379133105	4.6742547E-02
647.985868	1.379338980	4.6733510E-02
647.503740	1.379548430	4.6722736E-02
647.021611	1.379763842	4.6705045E-02
646.539482	1.379975080	4.6683248E-02
646.057353	1.380190253	4.6657413E-02
645.575225	1.380394697	4.6629492E-02
645.093096	1.380608082	4.6600547E-02
644.610967	1.380812645	4.6570581E-02
644.128838	1.381021023	4.6540536E-02
643.646709	1.381228805	4.6512544E-02
643.164581	1.381445169	4.6481762E-02
642.682452	1.381662369	4.6446148E-02
642.200323	1.381885648	4.6400596E-02
641.718194	1.382095098	4.6348844E-02
641.236066	1.382310152	4.6293955E-02
640.753937	1.382511973	4.6237961E-02
640.271808	1.382715702	4.6182912E-02
639.789679	1.382914662	4.6128865E-02
639.307551	1.383115768	4.6075743E-02
638.825422	1.383314252	4.6026576E-02
638.343293	1.383522511	4.5979548E-02
637.861164	1.383730769	4.5931805E-02
637.379036	1.383956790	4.5875352E-02
636.896907	1.384176135	4.5807980E-02
636.414778	1.384397745	4.5728542E-02
635.932649	1.384607077	4.5640830E-02
635.450521	1.384809852	4.5550793E-02
634.968392	1.385001898	4.5464575E-02
634.486263	1.385197997	4.5382436E-02
634.004134	1.385388017	4.5301516E-02
633.522006	1.385589838	4.5216773E-02
633.039877	1.385780811	4.5126986E-02
632.557748	1.385970473	4.5034953E-02
632.075619	1.386152029	4.4946730E-02
631.593490	1.386337519	4.4862568E-02
631.111362	1.386524081	4.4780638E-02
630.629233	1.386719584	4.4693906E-02
630.147104	1.386905313	4.4603109E-02
629.664975	1.387098789	4.4509210E-02
629.182847	1.387279987	4.4415142E-02
628.700718	1.387465358	4.4324003E-02
628.218589	1.387649417	4.4234924E-02
627.736460	1.387841702	4.4146977E-02
627.254332	1.388038993	4.4056356E-02
626.772203	1.388245583	4.3955017E-02
626.290074	1.388448477	4.3841649E-02
625.807945	1.388644099	4.3718044E-02
625.325817	1.388825297	4.3591064E-02
624.843688	1.389006853	4.3466874E-02
624.361559	1.389177442	4.3346684E-02
623.879430	1.389352560	4.3229576E-02
623.397302	1.389528751	4.3113656E-02
622.915173	1.389706254	4.2993926E-02
622.433044	1.389885545	4.2869173E-02
621.950915	1.390058756	4.2741329E-02
621.468787	1.390231252	4.2611349E-02
620.986658	1.390397668	4.2483214E-02
620.504529	1.390563607	4.2358156E-02
620.022400	1.390735745	4.2232305E-02
619.540271	1.390908718	4.2102680E-02
619.058143	1.391086221	4.1964162E-02
618.576014	1.391249657	4.1818470E-02
618.093885	1.391412854	4.1669451E-02
617.611756	1.391556978	4.1525058E-02
617.129628	1.391707778	4.1389596E-02
616.647499	1.391855240	4.1261386E-02
616.165370	1.392015576	4.1133564E-02
615.683241	1.392179251	4.0999930E-02
615.201113	1.392341137	4.0860213E-02
614.718984	1.392502904	4.0717345E-02
614.236855	1.392667174	4.0573463E-02
613.754726	1.392828465	4.0426783E-02
613.272598	1.392994642	4.0272251E-02
612.790469	1.393154740	4.0110644E-02
612.308340	1.393311381	3.9942879E-02
611.826211	1.393458128	3.9773919E-02
611.344083	1.393602252	3.9604880E-02
610.861954	1.393741369	3.9437827E-02
610.379825	1.393875957	3.9270766E-02
609.897696	1.394011974	3.9106704E-02
609.415568	1.394147754	3.8941808E-02
608.933439	1.394281387	3.8774971E-02
608.451310	1.394415736	3.8605087E-02
607.969181	1.394544244	3.8435124E-02
607.487052	1.394674063	3.8264148E-02
607.004924	1.394800067	3.8094152E-02
606.522795	1.394926071	3.7923280E-02
606.040666	1.395053506	3.7749484E-02
605.558537	1.395178080	3.7572678E-02
605.076409	1.395296812	3.7392791E-02
604.594280	1.395413280	3.7212726E-02
604.112151	1.395523071	3.7035555E-02
603.630022	1.395637631	3.6861472E-02
603.147894	1.395747423	3.6687598E-02
602.665765	1.395868659	3.6509942E-02
602.183636	1.395979643	3.6325306E-02
601.701507	1.396092057	3.6136400E-02
601.219379	1.396190047	3.5949230E-02
600.737250	1.396289468	3.5766028E-02
600.255121	1.396386147	3.5585944E-02
599.772992	1.396488309	3.5406046E-02
599.290864	1.396589279	3.5223223E-02
598.808735	1.396687746	3.5038360E-02
598.326606	1.396787524	3.4851499E-02
597.844477	1.396884799	3.4662694E-02
597.362349	1.396978736	3.4469932E-02
596.880220	1.397069931	3.4274023E-02
596.398091	1.397152662	3.4078918E-02
595.915962	1.397234559	3.3886746E-02
595.433833	1.397314548	3.3697661E-02
594.951705	1.397395134	3.3508763E-02
594.469576	1.397478342	3.3316974E-02
593.987447	1.397558331	3.3122174E-02
593.505318	1.397633195	3.2924298E-02
593.023190	1.397704482	3.2726228E-02
592.541061	1.397769451	3.2531053E-02
592.058932	1.397835135	3.2338910E-02
591.576803	1.397900581	3.2148913E-02
591.094675	1.397964835	3.1957038E-02
590.612546	1.398028970	3.1764086E-02
590.130417	1.398086190	3.1570911E-02
589.648288	1.398140073	3.1384338E-02
589.166160	1.398196220	3.1209782E-02
588.684031	1.398267865	3.1040965E-02
588.201902	1.398357153	3.0861128E-02
587.719773	1.398453355	3.0656692E-02
587.237645	1.398538351	3.0428691E-02
586.755516	1.398592114	3.0193616E-02
586.273387	1.398633718	2.9967861E-02
585.791258	1.398663759	2.9756207E-02
585.309130	1.398699999	2.9550998E-02
584.827001	1.398734570	2.9346990E-02
584.344872	1.398769617	2.9142899E-02
583.862743	1.398799658	2.8942652E-02
583.380614	1.398830891	2.8746529E-02
582.898486	1.398866057	2.8550580E-02
582.416357	1.398902297	2.8353721E-02
581.934228	1.398936391	2.8153906E-02
581.452099	1.398975492	2.7952107E-02
580.969971	1.399009109	2.7746415E-02
580.487842	1.399037957	2.7535617E-02
580.005713	1.399058938	2.7324457E-02
579.523584	1.399076581	2.7119076E-02
579.041456	1.399089336	2.6919847E-02
578.559327	1.399112821	2.6721951E-02
578.077198	1.399133563	2.6520295E-02
577.595069	1.399155259	2.6312593E-02
577.112941	1.399168611	2.6102679E-02
576.630812	1.399178863	2.5892608E-02
576.148683	1.399180532	2.5685338E-02
575.666554	1.399182677	2.5483988E-02
575.184426	1.399181366	2.5287794E-02
574.702297	1.399190664	2.5092868E-02
574.220168	1.399199128	2.4895234E-02
573.738039	1.399210811	2.4689674E-02
573.255911	1.399214506	2.4479890E-02
572.773782	1.399214625	2.4267921E-02
572.291653	1.399206996	2.4057800E-02
571.809524	1.399195433	2.3849659E-02
571.327395	1.399181962	2.3644477E-02
570.845267	1.399166584	2.3442354E-02
570.363138	1.399153352	2.3241397E-02
569.881009	1.399140358	2.3038583E-02
569.398880	1.399122000	2.2832656E-02
568.916752	1.399100542	2.2628503E-02
568.434623	1.399075627	2.2427348E-02
567.952494	1.399049520	2.2228291E-02
567.470365	1.399024725	2.2029314E-02
566.988237	1.398995519	2.1830216E-02
566.506108	1.398965716	2.1634985E-02
566.023979	1.398937345	2.1442920E-02
565.541850	1.398913145	2.1250248E-02
565.059722	1.398892522	2.1048801E-02
564.577593	1.398862958	2.0841010E-02
564.095464	1.398823023	2.0633770E-02
563.613335	1.398779154	2.0433420E-02
563.131207	1.398735523	2.0236332E-02
562.649078	1.398691773	2.0039327E-02
562.166949	1.398644805	1.9843156E-02
561.684820	1.398594141	1.9651884E-02
561.202692	1.398550034	1.9463908E-02
560.720563	1.398507953	1.9272272E-02
560.238434	1.398464680	1.9074643E-02
559.756305	1.398414731	1.8872695E-02
559.274176	1.398356318	1.8674390E-02
558.792048	1.398297310	1.8481182E-02
558.309919	1.398238301	1.8289140E-02
557.827790	1.398175955	1.8098058E-02
557.345661	1.398115277	1.7908996E-02
556.863533	1.398052573	1.7720046E-02
556.381404	1.397992373	1.7530195E-02
555.899275	1.397925735	1.7337363E-02
555.417146	1.397856712	1.7143207E-02
554.935018	1.397776842	1.6955720E-02
554.452889	1.397701621	1.6775431E-02
553.970760	1.397627234	1.6596422E-02
553.488631	1.397556305	1.6417440E-02
553.006503	1.397483706	1.6238455E-02
552.524374	1.397415161	1.6059594E-02
552.042245	1.397347212	1.5876988E-02
551.560116	1.397278666	1.5687469E-02
551.077988	1.397198796	1.5491571E-02
550.595859	1.397111297	1.5300122E-02
550.113730	1.397016168	1.5116602E-02
549.631601	1.396924019	1.4940281E-02
549.149473	1.396835208	1.4766289E-02
548.667344	1.396747231	1.4590393E-02
548.185215	1.396659255	1.4414466E-02
547.703086	1.396572828	1.4236627E-02
547.220957	1.396481752	1.4056815E-02
546.738829	1.396388888	1.3873892E-02
546.256700	1.396287203	1.3692695E-02
545.774571	1.396185160	1.3515484E-02
545.292442	1.396079898	1.3340392E-02
544.810314	1.395974994	1.3166308E-02
544.328185	1.395864844	1.2994057E-02
543.846056	1.395753503	1.2827666E-02
543.363927	1.395644665	1.2666603E-02
542.881799	1.395546436	1.2502078E-02
542.399670	1.395441890	1.2328502E-02
541.917541	1.395330548	1.2153385E-02
541.435412	1.395210028	1.1982935E-02
540.953284	1.395091534	1.1820615E-02
540.471155	1.394973516	1.1658681E-02
539.989026	1.394857526	1.1495708E-02
539.506897	1.394736409	1.1333583E-02
539.024769	1.394615889	1.1174469E-02
538.542640	1.394498706	1.1015677E-02
538.060511	1.394381762	1.0851109E-02
537.578382	1.394257545	1.0681266E-02
537.096254	1.394121885	1.0512869E-02
536.614125	1.393979907	1.0354200E-02
536.131996	1.393841267	1.0203824E-02
535.649867	1.393704176	1.0055795E-02
535.167738	1.393569112	9.9069923E-03
534.685610	1.393430948	9.7598331E-03
534.203481	1.393293977	9.6155731E-03
533.721352	1.393157721	9.4730593E-03
533.239223	1.393023729	9.3294354E-03
532.757095	1.392888188	9.1855694E-03
532.274966	1.392752767	9.0412609E-03
531.792837	1.392617822	8.8952854E-03
531.310708	1.392480016	8.7450938E-03
530.828580	1.392334104	8.5941534E-03
530.346451	1.392182708	8.4479693E-03
529.864322	1.392029524	8.3103254E-03
529.382193	1.391883492	8.1759570E-03
528.900065	1.391741037	8.0380710E-03
528.417936	1.391597390	7.8932820E-03
527.935807	1.391447306	7.7451197E-03
527.453678	1.391290545	7.5966567E-03
526.971550	1.391126156	7.4503571E-03
526.489421	1.390956640	7.3072896E-03
526.007292	1.390779495	7.1712583E-03
525.525163	1.390601635	7.0452467E-03
525.043035	1.390426874	6.9283904E-03
524.560906	1.390261173	6.8147895E-03
524.078777	1.390100241	6.6986475E-03
523.596648	1.389941931	6.5761073E-03
523.114519	1.389779687	6.4483872E-03
522.632391	1.389610529	6.3185459E-03
522.150262	1.389433265	6.1921566E-03
521.668133	1.389252782	6.0725743E-03
521.186004	1.389074206	5.9590531E-03
520.703876	1.388900280	5.8454117E-03
520.221747	1.388723493	5.7283770E-03
519.739618	1.388541818	5.6109163E-03
519.257489	1.388352871	5.5011548E-03
518.775361	1.388168573	5.4008192E-03
518.293232	1.387994051	5.3025591E-03
517.811103	1.387827635	5.1936205E-03
517.328974	1.387653589	5.0713574E-03
516.846846	1.387464643	4.9436474E-03
516.364717	1.387258530	4.8243171E-03
515.882588	1.387045979	4.7201812E-03
515.400459	1.386836052	4.6302909E-03
514.918331	1.386635423	4.5468449E-03
514.436202	1.386441112	4.4642789E-03
513.954073	1.386251688	4.3777977E-03
513.471944	1.386060119	4.2875893E-03
512.989815	1.385865092	4.1962741E-03
512.507687	1.385665059	4.1093128E-03
512.025558	1.385467649	4.0271264E-03
511.543429	1.385275126	3.9451267E-03
511.061300	1.385085344	3.8553497E-03
510.579172	1.384886622	3.7581217E-03
510.097043	1.384674549	3.6616107E-03
509.614914	1.384451747	3.5775283E-03
509.132785	1.384231210	3.5081652E-03
508.650657	1.384020686	3.4461666E-03
508.168528	1.383819818	3.3796886E-03
507.686399	1.383617878	3.3054666E-03
507.204270	1.383409381	3.2271743E-03
506.722142	1.383192301	3.1529269E-03
506.240013	1.382972956	3.0855064E-03
505.757884	1.382754445	3.0245667E-03
505.275755	1.382540464	2.9658154E-03
504.793627	1.382328629	2.9067567E-03
504.311498	1.382117987	2.8445914E-03
503.829369	1.381904006	2.7800086E-03
503.347240	1.381685257	2.7148819E-03
502.865112	1.381461263	2.6537301E-03
502.382983	1.381236792	2.5972412E-03
501.900854	1.381013870	2.5435088E-03
501.418725	1.380791783	2.4878529E-03
500.936596	1.380565763	2.4311214E-03
500.454468	1.380335093	2.3763184E-03
499.972339	1.380102038	2.3273753E-03
499.490210	1.379872322	2.2807769E-03
499.008081	1.379643798	2.2321644E-03
498.525953	1.379411697	2.1785439E-03
498.043824	1.379170179	2.1261319E-03
497.561695	1.378923297	2.0799523E-03
497.079566	1.378676295	2.0419657E-03
496.597438	1.378434062	2.0050001E-03
496.115309	1.378191471	1.9643528E-03
495.633180	1.377943516	1.9188938E-03
495.151051	1.377683878	1.8752568E-03
494.668923	1.377417326	1.8376672E-03
494.186794	1.377141237	1.8081868E-03
493.704665	1.376863837	1.7957258E-03
493.222536	1.376596212	1.7911461E-03
492.740408	1.376332164	1.7862429E-03
492.258279	1.376068711	1.7827902E-03
491.776150	1.375804305	1.7813335E-03
491.294021	1.375541091	1.7844592E-03
490.811893	1.375280619	1.7893356E-03
490.329764	1.375023961	1.7933936E-03
489.847635	1.374766350	1.7917694E-03
489.365506	1.374502659	1.7872342E-03
488.883377	1.374229193	1.7836711E-03
488.401249	1.373948812	1.7880491E-03
487.919120	1.373664737	1.8013768E-03
487.436991	1.373382926	1.8248097E-03
486.954862	1.373106241	1.8540954E-03
486.472734	1.372838736	1.8858071E-03
485.990605	1.372577906	1.9096719E-03
485.508476	1.372316360	1.9211847E-03
485.026347	1.372040153	1.9203499E-03
484.544219	1.371741891	1.9210221E-03
484.062090	1.371423483	1.9367397E-03
483.579961	1.371099949	1.9775580E-03
483.097832	1.370784044	2.0375880E-03
482.615704	1.370483398	2.1072216E-03
482.133575	1.370194316	2.1739600E-03
481.651446	1.369911313	2.2342338E-03
481.169317	1.369625688	2.2845182E-03
480.687189	1.369332194	2.3287619E-03
480.205060	1.369022965	2.3699400E-03
479.722931	1.368697643	2.4197067E-03
479.240802	1.368359566	2.4844289E-03
478.758674	1.368019462	2.5693933E-03
478.276545	1.367683172	2.6699977E-03
477.794416	1.367358327	2.7817399E-03
477.312287	1.367039800	2.8926220E-03
476.830158	1.366721630	3.0062506E-03
476.348030	1.366401792	3.1252115E-03
475.865901	1.366087437	3.2541696E-03
475.383772	1.365782857	3.3848882E-03
474.901643	1.365488887	3.5092523E-03
474.419515	1.365192413	3.6167663E-03
473.937386	1.364880085	3.7133722E-03
473.455257	1.364540458	3.8102693E-03
472.973128	1.364179254	3.9279377E-03
472.491000	1.363808513	4.0730000E-03
472.008871	1.363445997	4.2455299E-03
471.526742	1.363097668	4.4313828E-03
471.044613	1.362764120	4.6227658E-03
470.562485	1.362437367	4.8111808E-03
470.080356	1.362114310	4.9983766E-03
469.598227	1.361787796	5.1810583E-03
469.116098	1.361455560	5.3643384E-03
468.633970	1.361109614	5.5508534E-03
468.151841	1.360755324	5.7527022E-03
467.669712	1.360396385	5.9713461E-03
467.187583	1.360045552	6.2072328E-03
466.705455	1.359700561	6.4482014E-03
466.223326	1.359359741	6.6928826E-03
465.741197	1.359011889	6.9403616E-03
465.259068	1.358659506	7.2023096E-03
464.776939	1.358306050	7.4791051E-03
464.294811	1.357960343	7.7737812E-03
463.812682	1.357622981	8.0773728E-03
463.330553	1.357297778	8.3894012E-03
462.848424	1.356979251	8.7001957E-03
462.366296	1.356664419	9.0108439E-03
461.884167	1.356341481	9.3189552E-03
461.402038	1.356010199	9.6391756E-03
460.919909	1.355672956	9.9767158E-03
460.437781	1.355346680	1.0337411E-02
459.955652	1.355035543	1.0702403E-02
459.473523	1.354735255	1.1064906E-02
458.991394	1.354428053	1.1417151E-02
458.509266	1.354104519	1.1775125E-02
458.027137	1.353761315	1.2148012E-02
457.545008	1.353408098	1.2553911E-02
457.062879	1.353055954	1.2994739E-02
456.580751	1.352723718	1.3473146E-02
456.098622	1.352419734	1.3970922E-02
455.616493	1.352148294	1.4478812E-02
455.134364	1.351899028	1.4977638E-02
454.652236	1.351658583	1.5468179E-02
454.170107	1.351412892	1.5953016E-02
453.687978	1.351162672	1.6446967E-02
453.205849	1.350904465	1.6952308E-02
452.723720	1.350645185	1.7483901E-02
452.241592	1.350394249	1.8040508E-02
451.759463	1.350163698	1.8626651E-02
451.277334	1.349964261	1.9222369E-02
450.795205	1.349792480	1.9816024E-02
450.313077	1.349624038	2.0395517E-02
449.830948	1.349450231	2.0979455E-02
449.348819	1.349264622	2.1579227E-02
448.866690	1.349087715	2.2212420E-02
448.384562	1.348926783	2.2871317E-02
447.902433	1.348796844	2.3552068E-02
447.420304	1.348693013	2.4236839E-02
446.938175	1.348610163	2.4923716E-02
446.456047	1.348532319	2.5609013E-02
445.973918	1.348461270	2.6312143E-02
445.491789	1.348400354	2.7035100E-02
445.009660	1.348365664	2.7783556E-02
444.527532	1.348358989	2.8537020E-02
444.045403	1.348370671	2.9298978E-02
443.563274	1.348388314	3.0073019E-02
443.081145	1.348433495	3.0878594E-02
442.599017	1.348510861	3.1701401E-02
442.116888	1.348630667	3.2534067E-02
441.634759	1.348772645	3.3361558E-02
441.152630	1.348929048	3.4207288E-02
440.670501	1.349111795	3.5080425E-02
440.188373	1.349347115	3.5988480E-02
439.706244	1.349640250	3.6899656E-02
439.224115	1.349992752	3.7806388E-02
438.741986	1.350378275	3.8698863E-02
438.259858	1.350802779	3.9596349E-02
437.777729	1.351265669	4.0494707E-02
437.295600	1.351776719	4.1406792E-02
436.813471	1.352346063	4.2320292E-02
436.331343	1.352982879	4.3245111E-02
435.849214	1.353702545	4.4157744E-02
435.367085	1.354509473	4.5048814E-02
434.884956	1.355396390	4.5891263E-02
434.402828	1.356360316	4.6688106E-02
433.920699	1.357393861	4.7421031E-02
433.438570	1.358500838	4.8090741E-02
432.956441	1.359665394	4.8673712E-02
432.474313	1.360887527	4.9173281E-02
431.992184	1.362153053	4.9566001E-02
431.510055	1.363442183	4.9857438E-02
431.027926	1.364744902	5.0042488E-02
430.545798	1.366053104	5.0140001E-02
430.063669	1.367375374	5.0136898E-02
429.581540	1.368711114	5.0022725E-02
429.099411	1.370038390	4.9762044E-02
428.617282	1.371315837	4.9366128E-02
428.135154	1.372508049	4.8842445E-02
427.653025	1.373618126	4.8226904E-02
427.170896	1.374625444	4.7515892E-02
426.688767	1.375526547	4.6731740E-02
426.206639	1.376284122	4.5892663E-02
425.724510	1.376922369	4.5048382E-02
425.242381	1.377448320	4.4210196E-02
424.760252	1.377895713	4.3393925E-02
424.278124	1.378267407	4.2580467E-02
423.795995	1.378568530	4.1779552E-02
423.313866	1.378786206	4.0984165E-02
422.831737	1.378928542	4.0217172E-02
422.349609	1.378995419	3.9483380E-02
421.867480	1.379018068	3.8800821E-02
421.385351	1.379002690	3.8139723E-02
420.903222	1.378950238	3.7485696E-02
420.421094	1.378808618	3.6824603E-02
419.938965	1.378558517	3.6221530E-02
419.456836	1.378217101	3.5725877E-02
418.974707	1.377872348	3.5369057E-02
418.492579	1.377558351	3.5096254E-02
418.010450	1.377295852	3.4869514E-02
417.528321	1.377039790	3.4656454E-02
417.046192	1.376800656	3.4480777E-02
416.564063	1.376571774	3.4318838E-02
416.081935	1.376351357	3.4167260E-02
415.599806	1.376107812	3.4015309E-02
415.117677	1.375838637	3.3910360E-02
414.635548	1.375568509	3.3855997E-02
414.153420	1.375334620	3.3844255E-02
413.671291	1.375118256	3.3822641E-02
413.189162	1.374887943	3.3811517E-02
412.707033	1.374627829	3.3830989E-02
412.224905	1.374386430	3.3916410E-02
411.742776	1.374171615	3.4022994E-02
411.260647	1.373986125	3.4144912E-02
410.778518	1.373791337	3.4271557E-02
410.296390	1.373615384	3.4448892E-02
409.814261	1.373471498	3.4642413E-02
409.332132	1.373376966	3.4834895E-02
408.850003	1.373268723	3.4994602E-02
408.367875	1.373140335	3.5181176E-02
407.885746	1.373007417	3.5402488E-02
407.403617	1.372911930	3.5667274E-02
406.921488	1.372829556	3.5927333E-02
406.439360	1.372759819	3.6221471E-02
405.957231	1.372698426	3.6554381E-02
405.475102	1.372724652	3.6936499E-02
404.992973	1.372814417	3.7278354E-02
404.510844	1.372933388	3.7572067E-02
404.028716	1.373002529	3.7834756E-02
403.546587	1.373069525	3.8161177E-02
403.064458	1.373165965	3.8522080E-02
402.582329	1.373348832	3.8896926E-02
402.100201	1.373527408	3.9235428E-02
401.618072	1.373747468	3.9613117E-02
401.135943	1.373991370	4.0027335E-02
400.653814	1.374396801	4.0463936E-02
400.171686	1.374860048	4.0864628E-02
399.689557	1.375682473	4.1167747E-02
